path,bytes,sha256
.gitattributes,58,dbe8957a344a6bff1415c8c9b5c24c492df52226f4f14d17a3f16eba5cd01428
.github/workflows/ci.yml,939,9d40cc74bc63497c837e24308acc8dc6e7a0f6b5b9acf4fe851e14bd12b10704
.gitignore,100,98fbd813190e4f481841881ef55325dc97eb9dbb00a1bc4eff8dff786c7525ec
.zenodo.json,616,49966178a0eab3b46a42019d0159dcd369fcc05d49124467af34543a0336216e
artifact/case-studies/coq/V60_AssocLookup.v,930,7c8069f9ab6f26cf8429e0870958c104e86d1d2276dabe35c5a8871fb110cf8e
artifact/case-studies/coq/V60_BoolNatEncoding.v,625,6226fb597442f60511f64ece4238091de8b44ad3cbba272acdc0c79e04aefeb9
artifact/case-studies/coq/V60_ExprSimplifier.v,1270,1be44b0f4fe86d8af96f00bc55b21060e13a0075a283e075a667de9b2cb5bd9a
artifact/case-studies/coq/V60_ListMapIdentity.v,761,a8cf0790d90a79706ce115d5e8561ee7a1448e96d81d05e39aa217582776163b
artifact/case-studies/coq/V60_OptionSentinel.v,754,0f4c935398f03c70ba76de36ac883a43f281ee2f8b91beaca180cc14cdf96dbd
artifact/case-studies/coq/V60_PairAccumulator.v,1115,6936e319c55b80d554ac4c244d3f6f647d7a716a08d8364d7f2a80c9bf504832
artifact/case-studies/coq/V60_ProductSwap.v,605,10d5e72dbfb1776ab66c61738134deb0fa540013c5f19551a41abacb181659a9
artifact/case-studies/coq/V60_RecordTuple.v,803,677abf43d51d794ec57c5886b9fe455bd744a6b75021e6dd4f8e8cba1f83b741
artifact/case-studies/coq/V60_SetLikeList.v,1039,de4b16a8cad02de9f16f9cf74363c4ae630e1652d93af8e5bddf3b54c31ae613
artifact/case-studies/coq/V60_SigmaPackage.v,683,0931cc1f4a476ee9aca603a5003bf996bb4fbf43bd3b9ce91d4bd5c362a1fdc5
artifact/case-studies/coq/V60_StackWrapper.v,790,e768b36e2a8aabd938b2f02ac52defbe71d52058f5d0640d90fbdc3c069cd4b7
artifact/case-studies/coq/V60_TreeMirror.v,906,a44968c5f42862dffcc54aa36e0d4a9cb1dc4d6587c89a294d7664847e502d86
artifact/case-studies/logs/case_study_overview.csv,898,6ea97c951784f0000acca819ededaa45b7791a4b8f500e6f4b0f36c6fec2fe9a
artifact/case-studies/logs/case_study_results.csv,1536,b4f7b89cfb5e5b408b9388c40cc963744de62e867f45ffa27a7b0446fade0237
artifact/case-studies/logs/case_study_summary.txt,306,7229c00b6dab5f00d2df057037b5249baec614983ea4c853a3ec6da946e58cd9
artifact/large-generated/generated_coq/V58_EQ_01.v,184,9db19feca43987c82e7787d46d2856abe02a4cdb26e960f19ec74931b3f738d3
artifact/large-generated/generated_coq/V58_EQ_06.v,184,91be840ae3b64f897ef5657c67811017fdda13f640f2d27f9a24e633c6fe3e68
artifact/large-generated/generated_coq/V58_EQ_11.v,185,57b9165922ba8c550456e844f66c5bdd05a3b6a228978829ca0d9f388aa81177
artifact/large-generated/generated_coq/V58_EQ_16.v,185,7d0303c481393795c1a72125ddefadc98f61d46202ac1d9bc253ec154baab51c
artifact/large-generated/generated_coq/V58_EQ_21.v,185,45c317b9ebc8f9e44e7cf8138f8025d8ed674fc170a3ab7b773c767c32c9a51b
artifact/large-generated/generated_coq/V58_EQ_26.v,185,30db2949623339aa2ffe363550a67560040b467baabcd1dc91f504a0c2784270
artifact/large-generated/generated_coq/V58_EQ_31.v,185,56df36bc86b445362cd2476a34df847f16ed6be89e206447e9d7925bb6dd88f6
artifact/large-generated/generated_coq/V58_EQ_36.v,185,3d9436bcffa86285097ccb8a8b834c310c224039cce5d480e94c23b248f4f62c
artifact/large-generated/generated_coq/V58_EQ_41.v,185,04bfbccaaa04be9b81a419b78e22a46fd8c003c4ddd210a98f8e30d5c86a9d8f
artifact/large-generated/generated_coq/V58_EQ_46.v,185,1f4d2add44052d07af0be0be11b65e7d3997492520b8ff24e2bed56e3adb6094
artifact/large-generated/generated_coq/V58_EQ_51.v,185,62fc7ced9a15b48c75407f2c34abe1b60a6e6b76b392ef234baa13b79384178b
artifact/large-generated/generated_coq/V58_EQ_56.v,185,9ca1b60ac9b1c999135bb5ff643d1bab8e05cbd073c1c569eac5de78c60dad3b
artifact/large-generated/generated_coq/V58_LOGICAL_04.v,301,0195c09ef27a84de66df6073dcb347f50e3b974f74b3ba92f0648f9f8fc74eac
artifact/large-generated/generated_coq/V58_LOGICAL_09.v,301,468c6e26c16d3d382a815ab5109ba92811a8ee51dadbb06cce23cf816fb8264e
artifact/large-generated/generated_coq/V58_LOGICAL_14.v,306,9e09dcdc128748882b743c3793e944a365abae955956bdbb6cb5028a883c387e
artifact/large-generated/generated_coq/V58_LOGICAL_19.v,306,0afcf591bd1314afe553a5e74068817f053578b39e3c2fba984e97d2db709fc3
artifact/large-generated/generated_coq/V58_LOGICAL_24.v,306,72fc64112f51a46f7cf318988d428f3d4fb30cf45e93055309cf5a13b5fb3771
artifact/large-generated/generated_coq/V58_LOGICAL_29.v,306,b44d8fa04a0d34912af3766b4bb4476c9594c1f8e703b987e9fd1074c5c2ab6a
artifact/large-generated/generated_coq/V58_LOGICAL_34.v,306,76984d29773abae6eab940eb459cc8b881b87e551777e539ab9a3b722f0e6320
artifact/large-generated/generated_coq/V58_LOGICAL_39.v,306,ca3d653032a779483610cf898b7603a63c22adcebd0e0c39669476ba4d79843b
artifact/large-generated/generated_coq/V58_LOGICAL_44.v,306,19702d7bbb27db78537cd746b3fc21f000a8a8137765809d238cab4023bbcbc1
artifact/large-generated/generated_coq/V58_LOGICAL_49.v,306,972de65899fd23905f38b6b217e04d15ae33f3bba3baeae12c6750caa15bbd8b
artifact/large-generated/generated_coq/V58_LOGICAL_54.v,306,3dc126e2158a208de77989de01b84d883ef0b1d4a0d13e8906fa2db27397389a
artifact/large-generated/generated_coq/V58_LOGICAL_59.v,306,670a74e8ac3cc4fd9082c4c7ebf146ff3168948f0c4021d33b0e7d7039ddcc0f
artifact/large-generated/generated_coq/V58_PRODUCT_05.v,311,358d3c02ed19e557b5ff81818617252d976ee8ec19d25187b6226ddd0885b8ff
artifact/large-generated/generated_coq/V58_PRODUCT_10.v,315,1832a9260b595cbd52a13744edbba5476d294af10e9199f5db95a809265ff050
artifact/large-generated/generated_coq/V58_PRODUCT_15.v,315,167bf46b5969b23afda2d6af91e8de44b7f84ba8c167a3a2794d6c2a41b27c9f
artifact/large-generated/generated_coq/V58_PRODUCT_20.v,315,4f8892e05b72eee09b1e940fdaeffd8c2303fb4a3f2e475d7f62d4fc562c9ed8
artifact/large-generated/generated_coq/V58_PRODUCT_25.v,315,cc1b94ba741f1efe871231dc10016a4a23be32dc35a59e757d2ddc618f5a479d
artifact/large-generated/generated_coq/V58_PRODUCT_30.v,315,8f4f9fc7b1c493eb04a2297480fce10772f6092989ed57a1206cb5f75e66b2a5
artifact/large-generated/generated_coq/V58_PRODUCT_35.v,315,118ab5a02e18d751f4fc32e7d67580c5a4ef811c73a2c2f8e1511a1fe40b8f18
artifact/large-generated/generated_coq/V58_PRODUCT_40.v,315,dbc213741c5b7ced19ea22e1ea072a448d3962a9f73b31a2f1637495371d4e29
artifact/large-generated/generated_coq/V58_PRODUCT_45.v,315,4a8b57fe3ecad42772277c03bd4296f5e6e0c559e27d83ae046cc7413edc47e7
artifact/large-generated/generated_coq/V58_PRODUCT_50.v,315,bb6a11f4403cfd6c938cf224a1b6f6de2e87e86cbcd06cebecb58a305002f263
artifact/large-generated/generated_coq/V58_PRODUCT_55.v,315,6a23b144b7e51ed6d272bd7b934b44bbf5c15896f2b9a8622dcf2d82366e3b2a
artifact/large-generated/generated_coq/V58_PRODUCT_60.v,315,d646c044a64fa30ec0505177c5c07800ce4f261986f157273b527406642ba3a4
artifact/large-generated/generated_coq/V58_RETRACTION_03.v,284,a83fa048f7322a5184163cd8be7a5f9049f4ada8457f957654244d904c2de8af
artifact/large-generated/generated_coq/V58_RETRACTION_08.v,284,cfee9c354a146f97dabc9daf5e7960c4301284976a04aad3ca18ad7a912cadf0
artifact/large-generated/generated_coq/V58_RETRACTION_13.v,289,e0d8641d54fce8067e4a9a129a904a6c4b85bc279165014aada1e2eca3d9890f
artifact/large-generated/generated_coq/V58_RETRACTION_18.v,289,774b16cad4e490cdff5a39b259dbf64a7ec57c2aaa6ab32625e2a5d854e34254
artifact/large-generated/generated_coq/V58_RETRACTION_23.v,289,ad6aba4845104421fcdd113821b609fc1285a15f1d6bc87bd846af0411c11905
artifact/large-generated/generated_coq/V58_RETRACTION_28.v,289,0be37ee3eb21dd754caad08a63aeac78b1248355cceaec9d783507e754e19cb1
artifact/large-generated/generated_coq/V58_RETRACTION_33.v,289,bc5c6b21100d658c61653e84dfe1b81748f2d3aa29b3dbf13e95b34635c2cf62
artifact/large-generated/generated_coq/V58_RETRACTION_38.v,289,470b79d237718840b81589cf22e2caa2bf88c5df435cdf789c6ed4ce06474eec
artifact/large-generated/generated_coq/V58_RETRACTION_43.v,289,6073a29e1ae9cf987f8341deaa00ee4937a0360cb417ee325aec23810a30a667
artifact/large-generated/generated_coq/V58_RETRACTION_48.v,289,b3f3bd2a9acca0e869fb040a8e16039d6bc700c64de46529770866a4245807b6
artifact/large-generated/generated_coq/V58_RETRACTION_53.v,289,b12bf3882b4cc2b52cee09afd2523d6594e4637f6383ca876906879b41e9b4b5
artifact/large-generated/generated_coq/V58_RETRACTION_58.v,289,9a217f70715fc266d6f8859ecfee1640e1c7f8c4e3d903828b45ad797ea9c9bc
artifact/large-generated/generated_coq/V58_SECTION_02.v,355,2c2fcba14ef8d442a874af11779c4b7af4bfe654fc37846ea66765047557609f
artifact/large-generated/generated_coq/V58_SECTION_07.v,355,f167a61f01c2fc102c1818b01f2070ce288c7461eda9ae015579461acbddd8be
artifact/large-generated/generated_coq/V58_SECTION_12.v,360,43e4f92b02cdf87b99672d693505146dd73aede625c040c54cc15d4c298b9e92
artifact/large-generated/generated_coq/V58_SECTION_17.v,360,deb731368b49eeb456a115e740f877b3e1963c63ac38e80c496274698e91238a
artifact/large-generated/generated_coq/V58_SECTION_22.v,360,9b1fd15b4e263d5f6a0b37e1bb27b1ff2f8eede5d5f1bef5dd530ab9dddb2c60
artifact/large-generated/generated_coq/V58_SECTION_27.v,360,da237d06c708a1878486c54a7897d80bd43bb171cd0c2216b72038e4301964fc
artifact/large-generated/generated_coq/V58_SECTION_32.v,360,1aef3de9bace1d33c27adba54504b9922e881b7455da3e564c62fd572f7b9660
artifact/large-generated/generated_coq/V58_SECTION_37.v,360,baf3ee05bdc5cc7d971a3a1955994fc989f505eee65177482426668768508a69
artifact/large-generated/generated_coq/V58_SECTION_42.v,360,d2a6e1e65fa4079770dcf35418606028138dc878e0b79dadf673cb8690921bd5
artifact/large-generated/generated_coq/V58_SECTION_47.v,360,91ed68b10b12336369265f3052c63f97dc6a68b611271a7b43646d260a22c332
artifact/large-generated/generated_coq/V58_SECTION_52.v,360,65c41712773d770b2517b5d98b0d90936cf0ae1937607c37ec13dd52ca52cab7
artifact/large-generated/generated_coq/V58_SECTION_57.v,360,07bf1d7c344ed1e6bdf71cc2a3ab443678de229a2cc5b6c67265c4400bfe87b5
artifact/large-generated/logs/large_generated_suite_results.csv,6068,d951a49ba0b71ab9a7e3091d9e75f1b503a193a2777ff3d443513e1a1643271b
artifact/large-generated/logs/large_generated_suite_summary.txt,258,87288665903ebff26884b131a52c1f45775d0400bc55de791130f0ba4e31488a
artifact/policy-stress/coq/P0_CONSTRUCTIVE_RELATION.v,350,5559f6ef22086d3592ba29628b2a83684f0b5d0c7ef293c0f665c35e57aea903
artifact/policy-stress/coq/P1_PROOF_IRRELEVANCE_ALLOWED.v,317,249a057541b529a7c1d184b6a112b8938fe9a248209571d87f0472a31f79cbfd
artifact/policy-stress/coq/P2_FUNCTIONAL_EXT_REJECT.v,432,268855a0e69b687c8cc75156d2e42e32d20526c152445263ae98b1ae539ce387
artifact/policy-stress/coq/P3_CHOICE_REJECT.v,466,c7fc1b29e8c9de032c7997ba00bc48b784268e728b9b9858a60073f2e041d0c8
artifact/policy-stress/coq/P4_CLASSICAL_REJECT.v,263,1b527e29fb0e24ea0ad047d34b98b261af8426941e3b6952ddf2af1c6f5850d2
artifact/policy-stress/logs/axiom_policy_stress_results.csv,1446,61667c41f1fc8b27adcf8e5ddee8aa7b0065a07ea0dad830a9361434523d3329
artifact/policy-stress/logs/axiom_policy_stress_summary.txt,128,8bd77fbe2ef240f83a79f8266030602c51e49ff782892f339562c68e37622ba3
artifact/relation-strength/coq/S0_PLAIN_RELATION.v,309,ec4cd32d679e342dddc64e4f6c26d76ac79ebe312bf0704038b7919a80582ca2
artifact/relation-strength/coq/S1_SECTION_WITNESS.v,304,57ff9ad869037d86cac2e5c483142650579724843abdec04411db7af40e1848f
artifact/relation-strength/coq/S2_RETRACTION_WITNESS.v,259,eed6f6bcfd947a53e409046454c458a57a52a7aff539ac0cd296237671e7ba51
artifact/relation-strength/coq/S3_EQUIVALENCE_WITNESS.v,381,973af5e5ff0a0681b84bafecc1335bc945cb16bf027d0460e814ece494454e85
artifact/relation-strength/coq/S4_LOGICAL_RELATION.v,269,2178fc3ea84e906e4a80aa29dc7196be82c503fca761abdc7adee92370666cd3
artifact/relation-strength/logs/relation_strength_results.csv,1428,73d293d41cf80e8d241f9fb4483ad9cffa7bf4fb5ea945596a2c2f177af25d71
artifact/relation-strength/logs/relation_strength_summary.txt,148,9adaf0eb53bb02e6e6099946cff6ee36c8cd8f4da31a2d59751e6dbde55974e3
artifact/scaling/generated_coq/n120/V59_N120_EQ_001.v,220,192ca86360c1271566e05a93c48ccee6b8647a05a2d5dc8a8e6f9f26b0291d8d
artifact/scaling/generated_coq/n120/V59_N120_EQ_006.v,220,80b7d5ab8ee1aa465cf52c16cbbbf1c192cef1c824a065a700bbfcfe6a455a95
artifact/scaling/generated_coq/n120/V59_N120_EQ_011.v,221,f9597557fe0833f2601d1460789c6d7a5129ec74498df399e881dd41317b1c18
artifact/scaling/generated_coq/n120/V59_N120_EQ_016.v,221,7253917f1046cc784953a25c4382f71f0f17ec2c9b51d28b22cada80acf7a02d
artifact/scaling/generated_coq/n120/V59_N120_EQ_021.v,221,56445347cf0e58b24f68e661c2db28653a31ef87dfd3f9a6d312dfada4a7250e
artifact/scaling/generated_coq/n120/V59_N120_EQ_026.v,221,aa65952f73bd8ae4231ad3b772a727c7aaf16ecda6e746031000dd3f115d8310
artifact/scaling/generated_coq/n120/V59_N120_EQ_031.v,221,8e68e4332151c387899c1f92eb64853856d33f4dc88a691a48913fd11daf7fcc
artifact/scaling/generated_coq/n120/V59_N120_EQ_036.v,221,265e495367088c8bd177259439cbaf440f5b9aaa3a6af2eaf65ab5a4d47bfe1d
artifact/scaling/generated_coq/n120/V59_N120_EQ_041.v,221,33d72c2bdc1884f34c176bd3f7d5d3c4419f00d1b60e41e1ad6ab6ac426d197b
artifact/scaling/generated_coq/n120/V59_N120_EQ_046.v,221,b548ed3069ea2a2abd88346e552437195fa5812934ed3eca758f080b5ad5fb01
artifact/scaling/generated_coq/n120/V59_N120_EQ_051.v,221,d51859d570a690eefc434358f3b01f52aa04063c50c1acae40a9bc35d71763fc
artifact/scaling/generated_coq/n120/V59_N120_EQ_056.v,221,7bf7ce8ee23cd3972224682ba0c97eba5aa05b5fd021a7b7b06ce7485af0ea9a
artifact/scaling/generated_coq/n120/V59_N120_EQ_061.v,221,c268369d93c6476db0703a0d85314d6ce7b1ff6c4d14de6ef666ec3bcac9cd6f
artifact/scaling/generated_coq/n120/V59_N120_EQ_066.v,221,f6e974996e870f0a0744e8f1b90ad9c1d8a9a64786a65ec8c747f88774df9dbe
artifact/scaling/generated_coq/n120/V59_N120_EQ_071.v,221,fc6c3ab7f04d3bd08f14b1b29c7e6ba1a5d78d4806ca7d310f8b11ac73a870c0
artifact/scaling/generated_coq/n120/V59_N120_EQ_076.v,221,93ac414106ccaee9c9896693fcf6bae8b6957c965ac6e902db4da9cb9f64baf8
artifact/scaling/generated_coq/n120/V59_N120_EQ_081.v,221,abc94bc987e7f5150bd0831dfd91d86d10421a29ea2c6815576e6e038e9bbba4
artifact/scaling/generated_coq/n120/V59_N120_EQ_086.v,221,4476ad306e7f47c6b3fda9976358090a0339eace2f92d32e15a95422b9015de8
artifact/scaling/generated_coq/n120/V59_N120_EQ_091.v,221,9d70cea097ab38cb87b99442c62e7c1b709fa6fa339a76e6ab3270f4c5ca7641
artifact/scaling/generated_coq/n120/V59_N120_EQ_096.v,221,117434b283a1442bf94379bee696cec2ba2e399d067cc32f6678825ac91e6dcc
artifact/scaling/generated_coq/n120/V59_N120_EQ_101.v,222,5966f0c113a5b1947ad0890f158011e30a19c53ba05a5db991fee5a2185d085b
artifact/scaling/generated_coq/n120/V59_N120_EQ_106.v,222,ae9b2d9fdbe90915b79ae42b8edd06826da1608509f7fc0bf54dde3f2eef7ef9
artifact/scaling/generated_coq/n120/V59_N120_EQ_111.v,222,76cee197fd5ac358db604c5db13b859482b6b8a7b05db64f16028ea22c77e57f
artifact/scaling/generated_coq/n120/V59_N120_EQ_116.v,222,9cdc085959b4a842a2872ef15c19f12c27d989afff8c3a0ede5b1768547cfc23
artifact/scaling/generated_coq/n120/V59_N120_LOGICAL_004.v,337,fbc72d53f9513d062792e4492124be47dba2b20375e745dd0d68ed1915ffb306
artifact/scaling/generated_coq/n120/V59_N120_LOGICAL_009.v,337,47f6faa38981b6a6727a59e346daa5d9b0978d354c785b279559b6417a620331
artifact/scaling/generated_coq/n120/V59_N120_LOGICAL_014.v,342,1254f5a262bdbf106fc932b7a1e8aa3f759e520bcd5203cf0d706b50662423bc
artifact/scaling/generated_coq/n120/V59_N120_LOGICAL_019.v,342,1fe29b9fff7c4815b79127d2ff1f06e0a55225f136769990082a62a0f3d6b36a
artifact/scaling/generated_coq/n120/V59_N120_LOGICAL_024.v,342,bdc6bf8cc9643371d7781256f2f4b493828e89fb7ffc215bbe803322655271c5
artifact/scaling/generated_coq/n120/V59_N120_LOGICAL_029.v,342,e68f0ca8cc4f538210d0275ab017059cafa1102bb92420a2c293c81e3a405ec4
artifact/scaling/generated_coq/n120/V59_N120_LOGICAL_034.v,342,9e8c60d73b62f93225db0be8be8b84840a87b5c4d786bb8890b9205a2b701ee0
artifact/scaling/generated_coq/n120/V59_N120_LOGICAL_039.v,342,a90b1cb2200bbe8eb0d512e61e94435dcb1d028ff9583443d1c54f0f1524c05d
artifact/scaling/generated_coq/n120/V59_N120_LOGICAL_044.v,342,a0fd14dd7db98221869757fac7e4d0904c2ed498fc8f9ac34446bcd410a48341
artifact/scaling/generated_coq/n120/V59_N120_LOGICAL_049.v,342,a8cd564d8babd24b26666317280c56edb87883dfcabc4bbcca2ef006c516b095
artifact/scaling/generated_coq/n120/V59_N120_LOGICAL_054.v,342,af288d02ad85510a6597a70366122bb0265f6f44a8c6e2652582f3da356962f3
artifact/scaling/generated_coq/n120/V59_N120_LOGICAL_059.v,342,11e589dfd4a5059095f92432375c24a44b0d6f24f538639048703bf2d2eae8ce
artifact/scaling/generated_coq/n120/V59_N120_LOGICAL_064.v,342,a15dfcf8819ae856af746ab41ad7f872f884c27d65cc8a3559a3361e04490628
artifact/scaling/generated_coq/n120/V59_N120_LOGICAL_069.v,342,11bfb3fe6c264b56dd1d82301286b70351b14a912aba8d3af4e61923bbaf3d5f
artifact/scaling/generated_coq/n120/V59_N120_LOGICAL_074.v,342,692f65da544fbb49aa564dc988afb892d00604c3baf10ae81958fea243117c7f
artifact/scaling/generated_coq/n120/V59_N120_LOGICAL_079.v,342,c7b39265716dc6609129e4b4aab9e3b89541280307375c37a933c0a719914bfd
artifact/scaling/generated_coq/n120/V59_N120_LOGICAL_084.v,342,dcca1ab782fff419adcdb691021a9ed7348c2e8470f5c142a40042a636c957b5
artifact/scaling/generated_coq/n120/V59_N120_LOGICAL_089.v,342,3c42136e4b7880573121b1a07312bb7c4899cada755d63057cd854b343c9cb86
artifact/scaling/generated_coq/n120/V59_N120_LOGICAL_094.v,342,4e4a089bab2ed1240130767dd08ae1f056078becd977fa7127d925bc3ae4c542
artifact/scaling/generated_coq/n120/V59_N120_LOGICAL_099.v,342,576618dcc96012ce5167572ac89b38dcf97688d45e30d0a1316f6e7d0b7f0223
artifact/scaling/generated_coq/n120/V59_N120_LOGICAL_104.v,347,e9e44dcd0e948b127250fb1ff6b5d805f4126405603bed5d9b5f00b612184f27
artifact/scaling/generated_coq/n120/V59_N120_LOGICAL_109.v,347,21947a95b1dd673769dfe612f415d5abda843ea386e52b1c7d2b3f158321391c
artifact/scaling/generated_coq/n120/V59_N120_LOGICAL_114.v,347,12b588b45c42d8da43f62b3f707033d672b03638d096067a01a7e7cc367fe2a7
artifact/scaling/generated_coq/n120/V59_N120_LOGICAL_119.v,347,109bd129ca04b4c6992c9e5509c923b5703e579beff0558f95d057f13b823804
artifact/scaling/generated_coq/n120/V59_N120_PRODUCT_005.v,347,9e8ec58743dbca679b25aa10739634c0b477de3de083b40948b6d3fb56fecd08
artifact/scaling/generated_coq/n120/V59_N120_PRODUCT_010.v,351,d758af4b63a13600e7c16454c7e3939ae65f37a057563730b2625b239878f213
artifact/scaling/generated_coq/n120/V59_N120_PRODUCT_015.v,351,c668ccc8dd400eefc2b7c2ea09a8c68ec38258c6e50bdec45647d5d58c335b97
artifact/scaling/generated_coq/n120/V59_N120_PRODUCT_020.v,351,cb4e3c4ccdb848b6c86c6e0f3757119cc0b51bf21481fec27c6b3aa7581c8da8
artifact/scaling/generated_coq/n120/V59_N120_PRODUCT_025.v,351,c679c4831aa0feab3449be37835663dac21e8b2c868f5ca8442f47477c5b39b6
artifact/scaling/generated_coq/n120/V59_N120_PRODUCT_030.v,351,cb259ffbcf1b28e80b5c2ed510a6015f2df5fb0e1b6a2ce49e5f08940f405603
artifact/scaling/generated_coq/n120/V59_N120_PRODUCT_035.v,351,4ac466dc28842b1f05a24ba02b44acbc90c14d9cc10a48d9168ce796497e7b14
artifact/scaling/generated_coq/n120/V59_N120_PRODUCT_040.v,351,5bf7164125b5d76e69c7fca3e8b21a02a5ccfaad404f276737dc10007144e86e
artifact/scaling/generated_coq/n120/V59_N120_PRODUCT_045.v,351,d1f183c06b1525cb60b9c563c6975ec3fc0d5c60b57f324ca14ff35aabf02fc0
artifact/scaling/generated_coq/n120/V59_N120_PRODUCT_050.v,351,fea523ff01bcfa987c73f9ae87d15be9090dbe275c0bc9c0e85eddfe469359d5
artifact/scaling/generated_coq/n120/V59_N120_PRODUCT_055.v,351,40ca1b15df21bc1f3213b6cc129604d7f6ae6cbf22d8856c08d9aa22735f0760
artifact/scaling/generated_coq/n120/V59_N120_PRODUCT_060.v,351,e1cc0c128871135b588dd0da83c1ecb64eb9bb42096f21b20209b4ecd28eff2b
artifact/scaling/generated_coq/n120/V59_N120_PRODUCT_065.v,351,c981b1c5820f9d81f0fd7fa73d26458ab61f3b2dd4be1100dd33193e355b3747
artifact/scaling/generated_coq/n120/V59_N120_PRODUCT_070.v,351,11a101c6c1ecb67868eaca4d0ab4f05f97c00ba01255124ccbad9165a2766267
artifact/scaling/generated_coq/n120/V59_N120_PRODUCT_075.v,351,3afc254f79365a5226e1f362a72a90c7e4f554d06f99ed867f63f3b2ad0ff381
artifact/scaling/generated_coq/n120/V59_N120_PRODUCT_080.v,351,8c8a8245538df3bd1ca24e550671948a25d59e401d972a6d68a2915800cd4478
artifact/scaling/generated_coq/n120/V59_N120_PRODUCT_085.v,351,85d263675a35f6426af85ba8409eff8050147a0a670ed14d0bf811a58ac78fae
artifact/scaling/generated_coq/n120/V59_N120_PRODUCT_090.v,351,82607438b39c2edb100494143a7e9d47ac6de4a77aa73f02d2304b42860bbea6
artifact/scaling/generated_coq/n120/V59_N120_PRODUCT_095.v,351,df74067f23110aef21e375d1fbd380d460ee474dcef2da9563c241cb0145dcf0
artifact/scaling/generated_coq/n120/V59_N120_PRODUCT_100.v,355,1cf6bf4166584831ddd5bc8727c9d0c30df6ac29fe6b704e86a4b53839945280
artifact/scaling/generated_coq/n120/V59_N120_PRODUCT_105.v,355,04e883452890aad7fd7568161e990b52dfc84bc6341f68600bc3ac6c0ae0cc2a
artifact/scaling/generated_coq/n120/V59_N120_PRODUCT_110.v,355,2fd4df269165fefb49754d5b4dbdf8e83f3176ca1eee9dd11d8eb4d61ef56c4a
artifact/scaling/generated_coq/n120/V59_N120_PRODUCT_115.v,355,fe562278ba78ead7f08d8e7c051fef8cb8d7b7294a02f83743f3afd882c3aa9b
artifact/scaling/generated_coq/n120/V59_N120_PRODUCT_120.v,355,f12aa9b59d8cfdf3f6ccbf4c05a3730d6017be2bb23db89e9508f25843adb05f
artifact/scaling/generated_coq/n120/V59_N120_RETRACTION_003.v,320,af5cb3c71d39d9bbda3d35a420b6820940bad454a25b27657c277428f454ef3c
artifact/scaling/generated_coq/n120/V59_N120_RETRACTION_008.v,320,2b52bf64fb16a767870b4d76bdeb585c1ff7f9e86859ab7b5becdd807218a74f
artifact/scaling/generated_coq/n120/V59_N120_RETRACTION_013.v,325,32c6f332c0a2afb7ef1a85443c47981966c8bddf00cea39d0edb8a1832a35b06
artifact/scaling/generated_coq/n120/V59_N120_RETRACTION_018.v,325,01316062f27053b52fba5efa87da175ceda1d6c0a5e04736cfa829e8c42c5678
artifact/scaling/generated_coq/n120/V59_N120_RETRACTION_023.v,325,487b3fe752876e5718d314a102fcfeffda428d7f98675e2e737d691bc0a64e36
artifact/scaling/generated_coq/n120/V59_N120_RETRACTION_028.v,325,bec907646c7410038a99ab3eff29f637238318f8190c3fe4a7b063d19a8bfe18
artifact/scaling/generated_coq/n120/V59_N120_RETRACTION_033.v,325,8fa76c1005f34d94204475d35e145f62ae657c993ed2bcc6091ce627073f3ec3
artifact/scaling/generated_coq/n120/V59_N120_RETRACTION_038.v,325,c83158582f19c84d00caaf73f2be4bcebc5d0d9cbab09fa70188ccda6aefb929
artifact/scaling/generated_coq/n120/V59_N120_RETRACTION_043.v,325,7a7bbaa0e5b198f51b40bc66adfe5fc3cbe89450445362db235700c6f299246b
artifact/scaling/generated_coq/n120/V59_N120_RETRACTION_048.v,325,4bf59810468cec5bd0527ad16d7de53ed9eac36bb5ba30d93662851fe5562a6e
artifact/scaling/generated_coq/n120/V59_N120_RETRACTION_053.v,325,647ddbaef711a89873a1b299ee88874d47e8e79d7a7c43a706363ecc34b9c745
artifact/scaling/generated_coq/n120/V59_N120_RETRACTION_058.v,325,d848678d1be2d45d0334a7feefeee4f377f582125a9c46303fc726d762e103a9
artifact/scaling/generated_coq/n120/V59_N120_RETRACTION_063.v,325,df94a8d8556bc8a3b685a63dc9141790ab87beab7bf5c1cab857a1644a726bc7
artifact/scaling/generated_coq/n120/V59_N120_RETRACTION_068.v,325,6eb597c91c0512c506937b5a75dbabae9bda4b59a21d74c93b9c18c25b176152
artifact/scaling/generated_coq/n120/V59_N120_RETRACTION_073.v,325,8f146ad437b4436fb45a5025cb3be93d3319ecb31e50f798e96a4f7c02f81684
artifact/scaling/generated_coq/n120/V59_N120_RETRACTION_078.v,325,9ccc8c7a9947dbe1a483831435ebce8169334972893f814187a0b49a2f31f82c
artifact/scaling/generated_coq/n120/V59_N120_RETRACTION_083.v,325,687e7635dd7919e554ac15b198ddddd5193e23e0aaaceb69425e1e62360e306b
artifact/scaling/generated_coq/n120/V59_N120_RETRACTION_088.v,325,0557cb32f63530986dc0831beb6d424c977394ae3bc41f791e28f64cdbe19d06
artifact/scaling/generated_coq/n120/V59_N120_RETRACTION_093.v,325,e386e5409e38c7fa35a23ddc0c361c3cf302116a073f57eeefc8da11b4683cc1
artifact/scaling/generated_coq/n120/V59_N120_RETRACTION_098.v,325,2519e07d7d03ebc86835f3ff9cd0ff920d7855777f06ba621f0e08a3fbf9ce6f
artifact/scaling/generated_coq/n120/V59_N120_RETRACTION_103.v,330,d6699785a9997e305345f429236b5c43244bf952875853be1d5fc8d31a014a3e
artifact/scaling/generated_coq/n120/V59_N120_RETRACTION_108.v,330,33a16cd0310b5058a52311244cd4b65ac206908f7962e95a365a157e26dcd3d8
artifact/scaling/generated_coq/n120/V59_N120_RETRACTION_113.v,330,1591887f7d3bbf11b924f4b414871a77a323a6dba070ded3f71e4635768b3a65
artifact/scaling/generated_coq/n120/V59_N120_RETRACTION_118.v,330,a102583a135dd8e4ba855b850d1b05501ad44450bdbdf75a94744581243bf1ae
artifact/scaling/generated_coq/n120/V59_N120_SECTION_002.v,391,614755f3113364ea85717cca7422638dbd7b1bdcbc773a20440425636e4b874a
artifact/scaling/generated_coq/n120/V59_N120_SECTION_007.v,391,0fe5139168feb4bb1f2d6ddf773a14709608f3f4b29fe7b31ad97fa572341445
artifact/scaling/generated_coq/n120/V59_N120_SECTION_012.v,396,c98d1627654a1b0b315231d08672d51d57f61aa00f687928ab09f07c3be68ba9
artifact/scaling/generated_coq/n120/V59_N120_SECTION_017.v,396,07df89e39700863a403e96efafe129a70fdf3e2f9959d11244efc5873a52f048
artifact/scaling/generated_coq/n120/V59_N120_SECTION_022.v,396,7640e7b5725f2e3b609ecfb8a24c791524dcd270125acab449c36bb480d658cc
artifact/scaling/generated_coq/n120/V59_N120_SECTION_027.v,396,bb884d46326a33db6c831d07f24429bddf51bb58e7af6e341509bfc6096bfc5d
artifact/scaling/generated_coq/n120/V59_N120_SECTION_032.v,396,374a66593707553766883c16e78bbeee34c6ac16129713f0382ab84ec54ab37c
artifact/scaling/generated_coq/n120/V59_N120_SECTION_037.v,396,3e6087c86495432fae8310c452a6a0cb9491e00305e9c723b9a52d6a9066d53b
artifact/scaling/generated_coq/n120/V59_N120_SECTION_042.v,396,ae729479c24e9a03ccfd04174184d6fbd8a7455b8e04d9028f7751709f6d4fcf
artifact/scaling/generated_coq/n120/V59_N120_SECTION_047.v,396,5c0cea2f85db539d88e6da43b05ea07dec0f62ef33deb56bff16faa30fb3c271
artifact/scaling/generated_coq/n120/V59_N120_SECTION_052.v,396,c4f4502a837c6871a6524e1b9aa705587cc0ab7bc1c74c58c3fb322b2b580be2
artifact/scaling/generated_coq/n120/V59_N120_SECTION_057.v,396,aacbec3ffcf3987a47eabcceaa652950bdba0af4fea01a491aa42874aefd08b0
artifact/scaling/generated_coq/n120/V59_N120_SECTION_062.v,396,0e72bd54383bde96b5c7630c120d48cbca76c051d2bbb458c12c590aa64f7523
artifact/scaling/generated_coq/n120/V59_N120_SECTION_067.v,396,7f7a7579c8e9ea35dab3c2a412604b22c7e317cfebeb66c3cc9045769942bc36
artifact/scaling/generated_coq/n120/V59_N120_SECTION_072.v,396,5ff4b3efa2015278d694de032b7bdb05800533946e052cfdf084c7cdcb659b62
artifact/scaling/generated_coq/n120/V59_N120_SECTION_077.v,396,6d8049df3ee99c63fca55673e4c7163d3356de0c231f8a4c600f3b1d1c3ea022
artifact/scaling/generated_coq/n120/V59_N120_SECTION_082.v,396,95fbb55ae6ab07e29296bb9df9b9521d4a5c7df0ae7a64744485bc954197bb62
artifact/scaling/generated_coq/n120/V59_N120_SECTION_087.v,396,0a0c3e796728e9f139c20d36c172dbca1485c31fc2df9c822760e0c37ce6cd8b
artifact/scaling/generated_coq/n120/V59_N120_SECTION_092.v,396,ad0e3a2e9ebe9e9bdbb4800cf957f09040d84dad04d802499aafe531744bf69b
artifact/scaling/generated_coq/n120/V59_N120_SECTION_097.v,396,4f67b9babb6aa0b314c23fe1232e90ff04cee2eccd6924c0e945f397f44ba363
artifact/scaling/generated_coq/n120/V59_N120_SECTION_102.v,401,fbab464345ca0a2dbed9c6cf86e326516fea7b7eb30e54f674f914d5738f3219
artifact/scaling/generated_coq/n120/V59_N120_SECTION_107.v,401,1301a0ba6bc842e86c1e79b8e3dc39cceaf20d8905aea1fa9e149c3c2101a318
artifact/scaling/generated_coq/n120/V59_N120_SECTION_112.v,401,6078f6e9726ed82f75a249466b788f29d60bdc7e2251409649f8f85a61fd94c1
artifact/scaling/generated_coq/n120/V59_N120_SECTION_117.v,401,8e972fed88cd5c31aabea54becf0bbed3698a458da19646ad286c5ce869b557e
artifact/scaling/generated_coq/n240/V59_N240_EQ_001.v,220,0a1202e9ac7945c19dd6e9138f605e3d5fa74c0c5724054d27f399109f101187
artifact/scaling/generated_coq/n240/V59_N240_EQ_006.v,220,31e5730b719e08a4707951e711fa2dbdd8e4ba26b601ef935ff5435268bb3ea1
artifact/scaling/generated_coq/n240/V59_N240_EQ_011.v,221,186bde7689db9696064c1106d77e0fd6bbb8968d633ceb2d5f3a6dc42cc49abf
artifact/scaling/generated_coq/n240/V59_N240_EQ_016.v,221,d101513ff6b9f8e0da2a244670affc9c97db381e941f29ed351ebe77b8911490
artifact/scaling/generated_coq/n240/V59_N240_EQ_021.v,221,266371280aa293fe1ace6bd51e11580569ed99b737c9487f41f5f38721ea577d
artifact/scaling/generated_coq/n240/V59_N240_EQ_026.v,221,11b1f77f243646b045bf1e47f166f93c5f8ad1b35871c4126e2119ac2861fd7c
artifact/scaling/generated_coq/n240/V59_N240_EQ_031.v,221,ce35bf4520dbd19e269509901e21f3c3cdd63a67497fe4ca2d4bbe8af76407e1
artifact/scaling/generated_coq/n240/V59_N240_EQ_036.v,221,d3f06b96ff6ae13577e598cfc6c5ccb4c3812901e3bdc1a03519aaec5c8b306f
artifact/scaling/generated_coq/n240/V59_N240_EQ_041.v,221,83b1f10306cf3afe0ee5313b040385d22f92dbb77559ccccfe0a4859c03c800d
artifact/scaling/generated_coq/n240/V59_N240_EQ_046.v,221,330303aeb8e72ab384baf7426e0f76f864413a88995bc2e127e048a42dcf34c0
artifact/scaling/generated_coq/n240/V59_N240_EQ_051.v,221,bbbeef0dd36edf336aebb0c8f2a05265f26d19ff85c65952662a1715929b8c56
artifact/scaling/generated_coq/n240/V59_N240_EQ_056.v,221,62ffc3817dd4789193204658cc1c55cbd4ce0869fcba34c855e5a5755f72837c
artifact/scaling/generated_coq/n240/V59_N240_EQ_061.v,221,6a42e000f77d543c2361c930399022bd54ff175c99eb321fa7b4e640ac8b94e1
artifact/scaling/generated_coq/n240/V59_N240_EQ_066.v,221,cafa9b0c270a2c1647162d6304221c251903c566971a4d92833c3f752f88a7fb
artifact/scaling/generated_coq/n240/V59_N240_EQ_071.v,221,8b0a8c6b1b53d4afe149874ea58d8f360dfdbf6840ebf7c2767906bd78ae6e50
artifact/scaling/generated_coq/n240/V59_N240_EQ_076.v,221,f29d6b83cffd198fd0768335070dff1d60e81e357b23c17af20dbe6e75be977c
artifact/scaling/generated_coq/n240/V59_N240_EQ_081.v,221,1b485dcb986817b747f092eedbf1dc67b8db71d6e8399a518c52c8de80d4ab58
artifact/scaling/generated_coq/n240/V59_N240_EQ_086.v,221,74aa073da1864888f2f9ff99e728e1abf778829c155cae7a0c193948c463f727
artifact/scaling/generated_coq/n240/V59_N240_EQ_091.v,221,470e7d430d5cda95e9661fb6daabc7adea1d0f1d28f660828720e7a18d889d03
artifact/scaling/generated_coq/n240/V59_N240_EQ_096.v,221,d89f5f7906d7a7305b2fbe23098cc51b37a69ec04be2c9810ff286edf578fd84
artifact/scaling/generated_coq/n240/V59_N240_EQ_101.v,222,169bbc79cec56740070c90faafc87083d4de829d8c970c34181aa0f0f382fc11
artifact/scaling/generated_coq/n240/V59_N240_EQ_106.v,222,c71f57cb09fbd425d3c55a221f1ef63e9336b03ed286e592a46108ad06cda5f5
artifact/scaling/generated_coq/n240/V59_N240_EQ_111.v,222,efa26549844cf3b94c3ad7a53e5d1a9e336402536c2c9c2647bc51fd691e88c2
artifact/scaling/generated_coq/n240/V59_N240_EQ_116.v,222,4c16d6ec4fc1799b4f927540f749c9ee645902eae1a749d4f8dc700c81c6eebb
artifact/scaling/generated_coq/n240/V59_N240_EQ_121.v,222,c40b5f6ea5c2b4ff920456432a145fe08679e751cf5989ed4bf17889d8b81f2e
artifact/scaling/generated_coq/n240/V59_N240_EQ_126.v,222,589b8cb06d94fd1f7640eab50005f93537bba88a999becc263cc90536563a431
artifact/scaling/generated_coq/n240/V59_N240_EQ_131.v,222,e0b7c098525990ff2c511d9d50e85e34bf1a0f512bad34eab32e9075e3dbdbc0
artifact/scaling/generated_coq/n240/V59_N240_EQ_136.v,222,2ba9329a0d528806d6e2b827bcfea0535ef59a37def1086baa54aa3b3f185920
artifact/scaling/generated_coq/n240/V59_N240_EQ_141.v,222,5c3ae24bb1d8ef07e14e9f857d8ed096d2026871373ab235b0296eb80227f302
artifact/scaling/generated_coq/n240/V59_N240_EQ_146.v,222,1db3f1de3c9f99dd37c97802af94c9e4eda920a8a94ccc4bab6199b9f3cfa152
artifact/scaling/generated_coq/n240/V59_N240_EQ_151.v,222,7544d79fae5832a8dc26fb2d980ffdc6bf66b2c4bb9622bbd2712c8297792d38
artifact/scaling/generated_coq/n240/V59_N240_EQ_156.v,222,0ce59524266cbff0e987e6a739c2c51cc111b91401502fda302b0cce57d0ad4d
artifact/scaling/generated_coq/n240/V59_N240_EQ_161.v,222,63487a83bab0f62f13ce8cbe2c6439fffe64517279e668038a048706333861c9
artifact/scaling/generated_coq/n240/V59_N240_EQ_166.v,222,5bf90114ddb992c668f4a727bbb64e1c1e20381f8da762368528e88c68ec4d8f
artifact/scaling/generated_coq/n240/V59_N240_EQ_171.v,222,40679843070193a270254c1d51c95befdc0cdf1d4fed7b99994331a9442cfe8c
artifact/scaling/generated_coq/n240/V59_N240_EQ_176.v,222,4b923b799c1fc32044f1aa7ba39112634e0b48312a21e654c9a4ea9c0a069166
artifact/scaling/generated_coq/n240/V59_N240_EQ_181.v,222,fcfeaa1ac3491d4be4e8c286279d17253a0038c5bd8a7e4f4d82696d1fec83a0
artifact/scaling/generated_coq/n240/V59_N240_EQ_186.v,222,e6cc58494f5886227de2788eb9ea76497d96284071e4f79e6415d5bde0662157
artifact/scaling/generated_coq/n240/V59_N240_EQ_191.v,222,92d44c27c678d4a81856f0843cbd3f8d651aa4cda2a8da317d971c597ebe4c31
artifact/scaling/generated_coq/n240/V59_N240_EQ_196.v,222,3058f286bbd69f9bd27cb603a769844570294f3fe9960e976928d104b0235a05
artifact/scaling/generated_coq/n240/V59_N240_EQ_201.v,222,0f63838a7338192a065077724367d5b1d8a2bd51661f43f54723fd78e729e242
artifact/scaling/generated_coq/n240/V59_N240_EQ_206.v,222,73de2c14728dd2e961da210b02721c1e5b8a3aeda6b300779cf1301c6cb7c0db
artifact/scaling/generated_coq/n240/V59_N240_EQ_211.v,222,56395c1ad40655e93f40cb7c34509ad6a6ec118d00e2ee57b8d3830baf410a6f
artifact/scaling/generated_coq/n240/V59_N240_EQ_216.v,222,2fb62af7ce7f9e2b8528084afdc7f625985457f79625b765e51871a4b0fe41e2
artifact/scaling/generated_coq/n240/V59_N240_EQ_221.v,222,ea88dd88e53e600785732a47baa310ff34e4fd9a2216068c4d9d6b6d189f35f3
artifact/scaling/generated_coq/n240/V59_N240_EQ_226.v,222,c8012142634d97f649934dce74a14974c02cb5a36c3dd443fdda9fb2b2991377
artifact/scaling/generated_coq/n240/V59_N240_EQ_231.v,222,196159d645e6103fa915797d8dfce95db653d773d01d9ca3085f7dcc7f054bd3
artifact/scaling/generated_coq/n240/V59_N240_EQ_236.v,222,8273f7f8df02a60c33125be063cc83ad2c6ccc8a000934f729db85b530e12451
artifact/scaling/generated_coq/n240/V59_N240_LOGICAL_004.v,337,0c9c864ddc56834f67db07b632a3fa0f61347cc8d57703cc74c67fe47cd8662b
artifact/scaling/generated_coq/n240/V59_N240_LOGICAL_009.v,337,0de82fc8181e684824f8bfc063168d0ff2f06da56bc79db5aa2b4756762f2a50
artifact/scaling/generated_coq/n240/V59_N240_LOGICAL_014.v,342,2738570b58773d2bda70ead125029bcfb36024faf6b41d4e339faa377ed6983a
artifact/scaling/generated_coq/n240/V59_N240_LOGICAL_019.v,342,c22cbc81a73e92bcc4bca5d7f445f7cdb1a316916cd3100f0062f0285fb667cb
artifact/scaling/generated_coq/n240/V59_N240_LOGICAL_024.v,342,febb8490681e3d3110cf7aef875267669a28db316c8a282ec214c3e8569bd6a3
artifact/scaling/generated_coq/n240/V59_N240_LOGICAL_029.v,342,0145f18ef6d63ff2d7cf59b656ee562828df5924ef6569138546a72e4710b4e3
artifact/scaling/generated_coq/n240/V59_N240_LOGICAL_034.v,342,4b4f8ad1e00b90125cbfa1c255e9345f5b50b29c7547afea4247b8bd983663de
artifact/scaling/generated_coq/n240/V59_N240_LOGICAL_039.v,342,9d69309aded224e5204300858ef48e3c7a5ed3cefcfa1215dbd8a3184e80a841
artifact/scaling/generated_coq/n240/V59_N240_LOGICAL_044.v,342,b3c6afad33c92f784069ee13c6777d1286b3ee8314595ec612a28536c9db1701
artifact/scaling/generated_coq/n240/V59_N240_LOGICAL_049.v,342,6b25d8e012cdaa37cda44dfefb87951fef36d3eed41e0bb374cd9c57f46a7ced
artifact/scaling/generated_coq/n240/V59_N240_LOGICAL_054.v,342,f5e80f3d5ae55c9db0898ef87d5fc77509a008358141001e9b196c8131640174
artifact/scaling/generated_coq/n240/V59_N240_LOGICAL_059.v,342,caa480df7e07080ac945d989bc3c823de200d4d51768fcdacdf9f6c4614a7d29
artifact/scaling/generated_coq/n240/V59_N240_LOGICAL_064.v,342,63d543ab6177d42e9cd7551c2bc5632007bd4f1779426ed5883fbe6fcec69065
artifact/scaling/generated_coq/n240/V59_N240_LOGICAL_069.v,342,5c1a2ec79c454217153560f44dfd69d79a5201511c80e1cc3419affa3ac57fb1
artifact/scaling/generated_coq/n240/V59_N240_LOGICAL_074.v,342,ebcc63853a215e1060167e0c803ff673cece0b7e02e18eab221d5b7d815c741e
artifact/scaling/generated_coq/n240/V59_N240_LOGICAL_079.v,342,c1d929363f3aaed6e1b2885fb6dfc5885ecb7c452acd2d09dd44a4d4fae1d3eb
artifact/scaling/generated_coq/n240/V59_N240_LOGICAL_084.v,342,78513de06bdc9f80716134616c10be592a7f73b7bd573b03bf0da278f7b79e00
artifact/scaling/generated_coq/n240/V59_N240_LOGICAL_089.v,342,f8b4441b8bfb4dcd8bad724bbe4e831fc2ebf2aa5a08110ed2494f004f5f8535
artifact/scaling/generated_coq/n240/V59_N240_LOGICAL_094.v,342,f50208933e520053aece6d97ba67494c3642b8bcd18c56bd70162123d1f74939
artifact/scaling/generated_coq/n240/V59_N240_LOGICAL_099.v,342,75f3d79fdef7bd7454474fec8be72322878d6c650a2c13349d9ad495359c5a91
artifact/scaling/generated_coq/n240/V59_N240_LOGICAL_104.v,347,57c575d7508fec28a7219100570046b727b07fd6c3f64ec835529bdbe96f2d22
artifact/scaling/generated_coq/n240/V59_N240_LOGICAL_109.v,347,35d393a02a591e351d59559db70c65b826706c5b1ce1f9394e54734a6da4a152
artifact/scaling/generated_coq/n240/V59_N240_LOGICAL_114.v,347,1bdc414110f6c95144843e411d8ad5532b0f4675b617e668f998180cffb41ba0
artifact/scaling/generated_coq/n240/V59_N240_LOGICAL_119.v,347,f2425a4ac42e98d12c4cb0934a10c753635e77a0d95b80899a5c15df7d8232b4
artifact/scaling/generated_coq/n240/V59_N240_LOGICAL_124.v,347,7027d38a6cb9de5cacb9a49b31528222a356957930776c352a721fb083572ce6
artifact/scaling/generated_coq/n240/V59_N240_LOGICAL_129.v,347,11ae44ddc43369ca6b5e771093ab6123f5535c47d5ac4877f06e20e0f382a567
artifact/scaling/generated_coq/n240/V59_N240_LOGICAL_134.v,347,4a64c4b87359934fe34017799907c88787fe5851e6dfed43fc8e8c4dc2db8095
artifact/scaling/generated_coq/n240/V59_N240_LOGICAL_139.v,347,f92447cd4a97870d84c7ff1efbe45035d6c1a2d47b2a7d2be562b81888131341
artifact/scaling/generated_coq/n240/V59_N240_LOGICAL_144.v,347,91f0e6a7e8856cc9d3c11ce581c93f0412a79fcedfc9213306ec942920e6f6ca
artifact/scaling/generated_coq/n240/V59_N240_LOGICAL_149.v,347,b9728734a423ada5a74e304806d1af32ee7d60d95c4339462f90983f0a0c918f
artifact/scaling/generated_coq/n240/V59_N240_LOGICAL_154.v,347,62089cb3c755275f377a4f56ab66bd063106e0c6ff1bec99dfeb798aab06521b
artifact/scaling/generated_coq/n240/V59_N240_LOGICAL_159.v,347,3a428cc454c2bc8471cc19eb0c71dbf0020441254fd0604074f0a6ff16e38a23
artifact/scaling/generated_coq/n240/V59_N240_LOGICAL_164.v,347,99fa1e464c208595b19373a74262fcbb8d9c690eef0f8d7f5582d00aa138158f
artifact/scaling/generated_coq/n240/V59_N240_LOGICAL_169.v,347,bb8d4f03a3f064cb0670890dfaf144fb7de6f3cdd2a20dde5ff52ad60bd13235
artifact/scaling/generated_coq/n240/V59_N240_LOGICAL_174.v,347,68855b52fa63cb755b53cffe3edac81f107223aa3ccc6562612757c0c717147d
artifact/scaling/generated_coq/n240/V59_N240_LOGICAL_179.v,347,2da52bd5cebe8755a61c3d003adebda36a1b389bbba435626da2263a0d2be6f9
artifact/scaling/generated_coq/n240/V59_N240_LOGICAL_184.v,347,84566ba8197f197e3f7169ad25bba2dd147d87a681570668508b7d7998324a4e
artifact/scaling/generated_coq/n240/V59_N240_LOGICAL_189.v,347,3f126177cfe14547155b77a1e34792f531b8eba61c7bed54b713cc44480939ec
artifact/scaling/generated_coq/n240/V59_N240_LOGICAL_194.v,347,0d8b438bee1f4879f1a4afd47734d18117c959134eb71917e350fa3e0b25e4ea
artifact/scaling/generated_coq/n240/V59_N240_LOGICAL_199.v,347,68b1a8bf6fea7563bf4968a8ada274f1e570cc3981434e08265147d0b3ae2c8d
artifact/scaling/generated_coq/n240/V59_N240_LOGICAL_204.v,347,31ad342e5fcc5902891838cc6517ad751437efe8c849cde10786e82b5b7e7352
artifact/scaling/generated_coq/n240/V59_N240_LOGICAL_209.v,347,f9c76375f31beaae02136e49c07af0afd1c159acb2cd368c19ac60f8bc5ef627
artifact/scaling/generated_coq/n240/V59_N240_LOGICAL_214.v,347,b1d0682ecbb7e3ed616e3d649ad4e185655646a10d893261f34fdf9525fc79bf
artifact/scaling/generated_coq/n240/V59_N240_LOGICAL_219.v,347,90fe122c48b8d9eedf06739d12855fc0731990ccc40a7f95c02d733cc4c6ad91
artifact/scaling/generated_coq/n240/V59_N240_LOGICAL_224.v,347,5cb64a14f5cc13196cbee8c1c777cbbc8e8dfcb3579a89b31791ca068816d5d0
artifact/scaling/generated_coq/n240/V59_N240_LOGICAL_229.v,347,f053d17e683647049cdd3a83d73a0839d1d0c416d30c09193e427fc9327fd789
artifact/scaling/generated_coq/n240/V59_N240_LOGICAL_234.v,347,80a708a13aadaa5bba5dc5b5abf65b08cb2045b6d9b7bfa4d7f38a1e68b749e1
artifact/scaling/generated_coq/n240/V59_N240_LOGICAL_239.v,347,9d4a45615fca2cc5f34d958983a0ca5694738000ec3ad1fde7c32fa2cd5a6460
artifact/scaling/generated_coq/n240/V59_N240_PRODUCT_005.v,347,d95054849340583f0fb9156e7b1aa7f3496b695f332cae3eb83f5df991d8cb59
artifact/scaling/generated_coq/n240/V59_N240_PRODUCT_010.v,351,82a7cd4c074f17f6918b0652d713c1895ff272dbd051ae2c27cddbb2a29ba581
artifact/scaling/generated_coq/n240/V59_N240_PRODUCT_015.v,351,25c533f5b06c1990e24985797eca1f52d3f6c76d1756772461570fd15f5ed5f7
artifact/scaling/generated_coq/n240/V59_N240_PRODUCT_020.v,351,0b2e7ad84872d16b16fa7483ac31537601b8aad3ec4f49610356fb3bf77d2c37
artifact/scaling/generated_coq/n240/V59_N240_PRODUCT_025.v,351,51504a8b030d6a3150d3d80214d9b02e039fa4dce05bd7884ad94bf7bd52dca3
artifact/scaling/generated_coq/n240/V59_N240_PRODUCT_030.v,351,dff53d47befcfa4894f46f29f53433b06f7f5c69078cbb004e3b9683dfe56444
artifact/scaling/generated_coq/n240/V59_N240_PRODUCT_035.v,351,3232099c900369ab86f722262f02cf956b400fa7276a8f6af033a005053c5000
artifact/scaling/generated_coq/n240/V59_N240_PRODUCT_040.v,351,9158ead9bd7ece4e3c90308b1f83ff9772e15b915500f606982ff4de71fd092f
artifact/scaling/generated_coq/n240/V59_N240_PRODUCT_045.v,351,7d34bb98007dca37f37db26e31dc883ad2f0352b24b428c8254906f1ed11d156
artifact/scaling/generated_coq/n240/V59_N240_PRODUCT_050.v,351,03b658124310823cfd165fb20ec6447168b6288c47de902c684c9dba65be1a8b
artifact/scaling/generated_coq/n240/V59_N240_PRODUCT_055.v,351,b68d22b41618b4944ccd9291699bdd1ba93d0c4d282a2dd1980fb867955fa3fc
artifact/scaling/generated_coq/n240/V59_N240_PRODUCT_060.v,351,d58656ac3e20d88c232b94ee1c47fdb97b45f8d926fc036edd5c81753a8c0922
artifact/scaling/generated_coq/n240/V59_N240_PRODUCT_065.v,351,4066e643fb52c3053ef90c011e155661fb4cbb525b0ae797a537c5639d77f100
artifact/scaling/generated_coq/n240/V59_N240_PRODUCT_070.v,351,6deefdc9109074821834125a89478fbd230db200f01c52c3e6bceff97c9f62ba
artifact/scaling/generated_coq/n240/V59_N240_PRODUCT_075.v,351,0e1ded1702938a4fc3660e2cd7b09d016fe9c6c07c9448b7f981ee0ad99291d4
artifact/scaling/generated_coq/n240/V59_N240_PRODUCT_080.v,351,de809401416e56b78f0f8cee7931f43adbd818d0c5e1f3b601d694559fc5c1f1
artifact/scaling/generated_coq/n240/V59_N240_PRODUCT_085.v,351,75f12d04996fd8c3401765ea4f601c95600bc3b584d73b64e4fdbe046d210313
artifact/scaling/generated_coq/n240/V59_N240_PRODUCT_090.v,351,61cc64fcd778936a79bcf24b653731dbe8fa254382ea734af2d9733fec1dd4b7
artifact/scaling/generated_coq/n240/V59_N240_PRODUCT_095.v,351,867f5664a4475b4b4214dc0f713dd0b3f0b4429a978ca91d3481d9a387813cca
artifact/scaling/generated_coq/n240/V59_N240_PRODUCT_100.v,355,7a1858a472c7000a4e03d7f373f51872af9f699c046288c434a2b70321990888
artifact/scaling/generated_coq/n240/V59_N240_PRODUCT_105.v,355,2c3e1b0724a6b4e64c22f798519921747d88d0affd99371bc1c68332924d847b
artifact/scaling/generated_coq/n240/V59_N240_PRODUCT_110.v,355,7ccd77a803332a0092798ec5d1c576a1b8be2dfece67a6ed1797577c8dd68fa1
artifact/scaling/generated_coq/n240/V59_N240_PRODUCT_115.v,355,bde531ab29b122edfbf88caa70f9a48bfcdf80e759e25728b0a93aaf88c3dc92
artifact/scaling/generated_coq/n240/V59_N240_PRODUCT_120.v,355,830ae37e4d7adb505cf33ce0d5d0ec97ec2fbec5dd6e74040c32e1e9f9d3f573
artifact/scaling/generated_coq/n240/V59_N240_PRODUCT_125.v,355,6cf911fbc3bbc046cbd0777940f7c6fe0c25986f092300dec859fd35f8cfe287
artifact/scaling/generated_coq/n240/V59_N240_PRODUCT_130.v,355,c3c3a50eb7f6068e31fa205120a7a63b74f5b742279344db17764c8e937e889d
artifact/scaling/generated_coq/n240/V59_N240_PRODUCT_135.v,355,86ff856174a149c297a77220eabfe93eded9cc59a86db44dc6b061b20e81ff61
artifact/scaling/generated_coq/n240/V59_N240_PRODUCT_140.v,355,6d6e47d20ee81a7ac5bcdf88c9f8dc397e1f9ca8c79e363441b41656e49424f6
artifact/scaling/generated_coq/n240/V59_N240_PRODUCT_145.v,355,97f0cc2ced93d7767a647be9ebb49e5d9af165d33f20df0307599d656b9fb4ac
artifact/scaling/generated_coq/n240/V59_N240_PRODUCT_150.v,355,b576f5eac953e4ff11b879d678a6c9d0f49eea13d424296cde170c78b0a0c44c
artifact/scaling/generated_coq/n240/V59_N240_PRODUCT_155.v,355,03e1254cf1846937e2e4e89dc020fb06a7f5d1b0935616d3093a9903db93a315
artifact/scaling/generated_coq/n240/V59_N240_PRODUCT_160.v,355,6d2482b564b04640726fd8253fa3384d7cb346d150f798b1334bef9e36f36bb7
artifact/scaling/generated_coq/n240/V59_N240_PRODUCT_165.v,355,8755777191f7129534a469567d6f25d3c38dfb8937cd94da267a1d6e70f3c932
artifact/scaling/generated_coq/n240/V59_N240_PRODUCT_170.v,355,7e53e8d9b2234d19d0af7b90614b0584f8444b6dc30879915e0edb4840ea8d79
artifact/scaling/generated_coq/n240/V59_N240_PRODUCT_175.v,355,bf0bd98c3cf78c17647a0ee6c68fc0092afdedee2fd08e49c1b09bd15a078ba8
artifact/scaling/generated_coq/n240/V59_N240_PRODUCT_180.v,355,ca15cfbe661d41e1833be90a2ffaea4daa6b94c06856348098d91a6c36f070b7
artifact/scaling/generated_coq/n240/V59_N240_PRODUCT_185.v,355,5ea0461e40de489bd716e3181cd1bd13ce33559ced1f9d54ee675526567595c6
artifact/scaling/generated_coq/n240/V59_N240_PRODUCT_190.v,355,6087a75c015a7c4c230c843191d055ccfa53ede01785de8e8151f38cd7d81e29
artifact/scaling/generated_coq/n240/V59_N240_PRODUCT_195.v,355,0db2a06887efaad364c42a203f840c4951b42e51e0f9fc6168eb1ebe0c0b1833
artifact/scaling/generated_coq/n240/V59_N240_PRODUCT_200.v,355,14fb10fd4ef282f7273ff42e7aff7ea82ccd17325abcb20e301bd03b817b7659
artifact/scaling/generated_coq/n240/V59_N240_PRODUCT_205.v,355,b484d081f7b3a0e18f0540266088a385ab9b8b6de97e85db139b1b3196d5e84e
artifact/scaling/generated_coq/n240/V59_N240_PRODUCT_210.v,355,af30938a0aafffc9df13ecefc22373c0a53d264a8a7c93cbaaaabe67ca2db980
artifact/scaling/generated_coq/n240/V59_N240_PRODUCT_215.v,355,ea3edc4d2e00118d397acea3054e0e0607dc32f0e80d3fa5269482a96866ccc3
artifact/scaling/generated_coq/n240/V59_N240_PRODUCT_220.v,355,aa049fca9d19e8c2d1e80152ed5c10fbaf32d50863bc17f45eaa0f5f2040ce61
artifact/scaling/generated_coq/n240/V59_N240_PRODUCT_225.v,355,83cbd24927f5bdaf803a127d74f77480847c76744443039293494d8814f5a5e5
artifact/scaling/generated_coq/n240/V59_N240_PRODUCT_230.v,355,2315a7bce1d5305ade8b4fd6698fa2c6f01af325a1e8542cbf5be02ae22f79a9
artifact/scaling/generated_coq/n240/V59_N240_PRODUCT_235.v,355,f0f109fa03386c4d14f2cf6d75f8a57c95a55c66f7a42ea8873548c1c64d8aee
artifact/scaling/generated_coq/n240/V59_N240_PRODUCT_240.v,355,bd6e2437f8a2d0ba51c644adde63735f18c1cd944167b22c4c71cdfc9e3fe69d
artifact/scaling/generated_coq/n240/V59_N240_RETRACTION_003.v,320,c4bacb6d39a39395ebe58ef58c8bcbd6a2434b0546a261624ef60d2333b24ed8
artifact/scaling/generated_coq/n240/V59_N240_RETRACTION_008.v,320,952affbd325160fcd9662653830161624b2f23c7c29f0ebb074d9bbbcf22de47
artifact/scaling/generated_coq/n240/V59_N240_RETRACTION_013.v,325,27ab09e1f0f28793f16d2d9b8c605d71b6d10339297126217d11476619f7c4fe
artifact/scaling/generated_coq/n240/V59_N240_RETRACTION_018.v,325,5b81d62d402f4b7520ccc5e5752db62c342a8031d1264213da1925ca9633f88f
artifact/scaling/generated_coq/n240/V59_N240_RETRACTION_023.v,325,4a5a0fe649e6d2a6ef012ac40df035ec92255beb288fb7dd1bc5ad0ebccc4949
artifact/scaling/generated_coq/n240/V59_N240_RETRACTION_028.v,325,f63ff6363d86b4298ca0fd527707746b6d962bbf5d10be61b1234add56b1cd9e
artifact/scaling/generated_coq/n240/V59_N240_RETRACTION_033.v,325,78c65853b8292e8043f38a59fe488aa19b79d7610a149f7d097496cf70777514
artifact/scaling/generated_coq/n240/V59_N240_RETRACTION_038.v,325,da3109394e5fa2b5ebc412621050c3f126b857595db8bd73d04e35929f3f448e
artifact/scaling/generated_coq/n240/V59_N240_RETRACTION_043.v,325,e32adf4c186b47add5fe3fbe1fabaaabe8b30c6bb30d2fe43f95e2fa5a4a5d1c
artifact/scaling/generated_coq/n240/V59_N240_RETRACTION_048.v,325,c9c6a1c9183eda126302b517dfa2675171b679e2ea3fc964b75fdde15e8a0d91
artifact/scaling/generated_coq/n240/V59_N240_RETRACTION_053.v,325,9aa8d3327fc81781df00f46373292988ee975058bc0539293bbb2d5823b99aa8
artifact/scaling/generated_coq/n240/V59_N240_RETRACTION_058.v,325,2463c25c12e341dfb05b15a04a33d8f597a16239596e5139599b085724706980
artifact/scaling/generated_coq/n240/V59_N240_RETRACTION_063.v,325,064dfc9b4c04826a0453a96699058b4ed7d009a039db74a847dc880fff56ab09
artifact/scaling/generated_coq/n240/V59_N240_RETRACTION_068.v,325,7be53280a0f49a0c2712bf747291c70af000ce7a7e59da8092e12b03619b3a27
artifact/scaling/generated_coq/n240/V59_N240_RETRACTION_073.v,325,f697029fdd2eb1196506c3e881993ec3584c674b78b4a9309772ad4973248adb
artifact/scaling/generated_coq/n240/V59_N240_RETRACTION_078.v,325,9cea660fb62acd2b7aca1b8e8ab42397717433fc26c4d162e8133765ade2ffc5
artifact/scaling/generated_coq/n240/V59_N240_RETRACTION_083.v,325,c955c30844d6158be21bdbd6cb550b11b3e79c35b1bbbc3ffd84a5ec91dcfc96
artifact/scaling/generated_coq/n240/V59_N240_RETRACTION_088.v,325,f9107b84159da9712d6374773343dde2d04023da5e8b90a5f985d2311e7ee513
artifact/scaling/generated_coq/n240/V59_N240_RETRACTION_093.v,325,a0a493185b439567a227bb9ffb8157e2e4dd9dc0c8e26d5e337ae64a38431ff6
artifact/scaling/generated_coq/n240/V59_N240_RETRACTION_098.v,325,9e1ea26fb0d6c20d40946ec4990308dcccb5ff783e06e983ec3b80dae4760989
artifact/scaling/generated_coq/n240/V59_N240_RETRACTION_103.v,330,9287a22cdab6496ba3be003c95c71b4c08d09c75ed969fd1aebbff0906b80138
artifact/scaling/generated_coq/n240/V59_N240_RETRACTION_108.v,330,159634cf1cfaf25d7ea89b61065e8b46e673005a873662bda8df40f29eaaeeeb
artifact/scaling/generated_coq/n240/V59_N240_RETRACTION_113.v,330,34bba790a6d822ee9b67cf33999174281ec368b1d0152fd42041daab52872329
artifact/scaling/generated_coq/n240/V59_N240_RETRACTION_118.v,330,4fc3fdbd488789ae4440e14ca34c69841c07aaee3ca0ecef3b72d3a0ee081b33
artifact/scaling/generated_coq/n240/V59_N240_RETRACTION_123.v,330,5c605dd70d9e9b2f6ed88c472ebeed4b6535648b22ee540a54a172465fe28ef2
artifact/scaling/generated_coq/n240/V59_N240_RETRACTION_128.v,330,bc39c3a8598e7c80b135c0fe2993e94796e7c33dc806592d12fb33f72f5647ae
artifact/scaling/generated_coq/n240/V59_N240_RETRACTION_133.v,330,2926e354c318601820a96de0442ace7af81e170e232ba4fd1c368870c1d7420b
artifact/scaling/generated_coq/n240/V59_N240_RETRACTION_138.v,330,bd9c433450b72082825eb234e1f8c5a3dc80611f41b2d2400bf5472a0ab99855
artifact/scaling/generated_coq/n240/V59_N240_RETRACTION_143.v,330,11cf103077afb9a51295a2fbdbf731cd5fef25e696f2fee5617eefe5aa3d49fd
artifact/scaling/generated_coq/n240/V59_N240_RETRACTION_148.v,330,bb20f10d21659498edd14726596c54ad1c715627dbc29dea8c6f2fbb09ab47ed
artifact/scaling/generated_coq/n240/V59_N240_RETRACTION_153.v,330,b6a24cd1fe77922582a0dfdff71d47769d7a920cee9623c100e9bd7b2a42916d
artifact/scaling/generated_coq/n240/V59_N240_RETRACTION_158.v,330,2b5c8285100206baa7820e6c2dcb9b688aabf82c557296abf5b3ec3552fbca35
artifact/scaling/generated_coq/n240/V59_N240_RETRACTION_163.v,330,283d3022fb49ad325d4b0eaef705b047caf1aee881b0466bd984271c77933150
artifact/scaling/generated_coq/n240/V59_N240_RETRACTION_168.v,330,b6a28464f7489a7cc824bdd3c36af4110c09379fa0c9d802d07fdf089c6f396f
artifact/scaling/generated_coq/n240/V59_N240_RETRACTION_173.v,330,f22c71e4b04b48b43daefb0010e074281dc72e803450719bf27de8e3fcad1ebc
artifact/scaling/generated_coq/n240/V59_N240_RETRACTION_178.v,330,f0d553349f0739eaf19b6da6dd73bb77c968f582fc175a2d8c2fb47c2827a128
artifact/scaling/generated_coq/n240/V59_N240_RETRACTION_183.v,330,77e88cc5290f276d51427a20224b27d972bbac0374ea03f7268d14f5ee89c188
artifact/scaling/generated_coq/n240/V59_N240_RETRACTION_188.v,330,f2e5a57978410d12b4cbd66ed96113510c8dd378a4f454d3097c8aa19649ed71
artifact/scaling/generated_coq/n240/V59_N240_RETRACTION_193.v,330,37ad4478fcb61137f5ce26180dd43a203f09142ac3c4d3391a3a8c32900add0f
artifact/scaling/generated_coq/n240/V59_N240_RETRACTION_198.v,330,5bcf3d9f706d020bed6a593e1728611cc5cafaac7340bb5fd099af8b2ec352b7
artifact/scaling/generated_coq/n240/V59_N240_RETRACTION_203.v,330,e8d4cafad779b606ebff554251c3fa74e79a59164758db2bba8fae068da52933
artifact/scaling/generated_coq/n240/V59_N240_RETRACTION_208.v,330,3ce5ba407a397dfa9012c28110860cd922a1e6517b0efd4185e7ec784bc7ad66
artifact/scaling/generated_coq/n240/V59_N240_RETRACTION_213.v,330,7d1bbafc0eac0286c668600c2eea688d997aa6fa61ce2e378dac7175263785d5
artifact/scaling/generated_coq/n240/V59_N240_RETRACTION_218.v,330,e10d86df2d89102089d683f82403901f3ac831ece0cc40082db6a228de17d734
artifact/scaling/generated_coq/n240/V59_N240_RETRACTION_223.v,330,49afdbe1140a1b63c48d5ca6db6ec047711f5bab4071c4760e693dc643936b5e
artifact/scaling/generated_coq/n240/V59_N240_RETRACTION_228.v,330,e10e69390775381860247f4a191f0e5b49f90892c937f8d93053f875a8a33dd1
artifact/scaling/generated_coq/n240/V59_N240_RETRACTION_233.v,330,b0b48562064367bfca34e53e52582b42068dbcf3ef63bfbfc4007e0736aa5808
artifact/scaling/generated_coq/n240/V59_N240_RETRACTION_238.v,330,1bd1e8ac8da33e99f66cf38f0ae367c65ffc1129a6783b31b8c2bc4ad6d90054
artifact/scaling/generated_coq/n240/V59_N240_SECTION_002.v,391,71b952062715b2d494001ce520cffa6df6c45b8166419e18eada408a0227d29f
artifact/scaling/generated_coq/n240/V59_N240_SECTION_007.v,391,335633a77e38b955d5f1a2d1a44a20a5533dc4663e3c32badb9fc995e8aa9470
artifact/scaling/generated_coq/n240/V59_N240_SECTION_012.v,396,d4cb1f089b382c53fbb8a2b5ddc5a66c4e8fc780dd5595f2e9a5a6dffe606845
artifact/scaling/generated_coq/n240/V59_N240_SECTION_017.v,396,0718c4be173394abdda201e0a5dbdb67d49dc8a29c484d66941730a8675d2cf5
artifact/scaling/generated_coq/n240/V59_N240_SECTION_022.v,396,b73842392db230d08c23ece204049a1e31d926b7aa98216beb7bb448ec7a66c2
artifact/scaling/generated_coq/n240/V59_N240_SECTION_027.v,396,da6d7dba26f7cc519561feb118ca971338a5d95d8c483e8106fe9e0420ef5388
artifact/scaling/generated_coq/n240/V59_N240_SECTION_032.v,396,5fe635929a67a00c9a918d505bab07f30f4677366683c7563827b2636f1eb756
artifact/scaling/generated_coq/n240/V59_N240_SECTION_037.v,396,0a021fd63d124bbd6d3013306d090bf47d85fde734e4cfb2a6d3c18fce1e1baf
artifact/scaling/generated_coq/n240/V59_N240_SECTION_042.v,396,07e727afe2d72d9597c694de57eca9392481822b03597a6db2368afd8dc156f7
artifact/scaling/generated_coq/n240/V59_N240_SECTION_047.v,396,b36ea9499b9bbe18245d54e709775eb97457c06d48782fc9a28f4bd56f1c1b35
artifact/scaling/generated_coq/n240/V59_N240_SECTION_052.v,396,ac25e31483bc0718bb29f26bf8a6d02afa72b48a09a8026bd5e4574af1b8630e
artifact/scaling/generated_coq/n240/V59_N240_SECTION_057.v,396,2c66aa7ed92b73f046f1e76b5bdd85869a986402d6389cc7b3629e408361e4e6
artifact/scaling/generated_coq/n240/V59_N240_SECTION_062.v,396,58ca9e7b3b1e9d52102b1668466fda2ca8ac52522de0854f5b8fb929a7b22520
artifact/scaling/generated_coq/n240/V59_N240_SECTION_067.v,396,31e662e95b302d5e3801e87da87a77ba59c32cf413320f05fcef2fd27c4c288b
artifact/scaling/generated_coq/n240/V59_N240_SECTION_072.v,396,62334c43819912129c469d76d455cc931091acf7286e6794c718e43fe76386a0
artifact/scaling/generated_coq/n240/V59_N240_SECTION_077.v,396,7dd5a17dc063cd038b2bfc31cca5df254f04b129d939b7e61768b53069dd013d
artifact/scaling/generated_coq/n240/V59_N240_SECTION_082.v,396,f4b0f1c5a1206bf9703bed5943fb218ab28a7c91783b351d5f590a1e057e7688
artifact/scaling/generated_coq/n240/V59_N240_SECTION_087.v,396,3d029fb9e96ad07e1a1dbf3a83bc28432f430ded0d6462486f3f6f031faa3d93
artifact/scaling/generated_coq/n240/V59_N240_SECTION_092.v,396,542673d6ce7f0d2d75307456e6d356c6f23a7b90322f6854bd77f276c66ae164
artifact/scaling/generated_coq/n240/V59_N240_SECTION_097.v,396,6c413bd2bc9ba3d1aa2864000beda23af40aa1ba6b097604611df668d39486dc
artifact/scaling/generated_coq/n240/V59_N240_SECTION_102.v,401,cba96b4682d57cf82595bed0499b5c88a9e765167dd0ee21243ec5a77386b552
artifact/scaling/generated_coq/n240/V59_N240_SECTION_107.v,401,e3d7495a87c2c39cbd8b710b29eab0ca93d58dd24f596c31125680782505da03
artifact/scaling/generated_coq/n240/V59_N240_SECTION_112.v,401,4749b13fb1b743425c17a6dfd1f1329e57493c0fe72457ab30e2364babfd2e73
artifact/scaling/generated_coq/n240/V59_N240_SECTION_117.v,401,bc46ca47cbfe022d5a002779cbd560f19591744f2e8488c64a528a4bb87f7d16
artifact/scaling/generated_coq/n240/V59_N240_SECTION_122.v,401,904852c54627743266c212a92b269f293f09dc7c7e00e57413d4207a739ba773
artifact/scaling/generated_coq/n240/V59_N240_SECTION_127.v,401,0dee93d2669c868108d9ec41ecdbea6d706d2037ca7f5756b98b625c19d24744
artifact/scaling/generated_coq/n240/V59_N240_SECTION_132.v,401,4c49444f151e5138820b751ca22148e66b2bacb395a4f8947cc3dfbdce6914af
artifact/scaling/generated_coq/n240/V59_N240_SECTION_137.v,401,f907dc852f7e9356e64ab9d90d3ba9c0a281c698303a8ae239dd9098b43edafc
artifact/scaling/generated_coq/n240/V59_N240_SECTION_142.v,401,8e7c192f4ce146a596a61415320f2d4c7b8124eb1d824f3d0125178b701ce4a6
artifact/scaling/generated_coq/n240/V59_N240_SECTION_147.v,401,f417aef0ed89c028caa5bc89c5064f9a91b30c523165d024bb12fac86a5da1aa
artifact/scaling/generated_coq/n240/V59_N240_SECTION_152.v,401,a7820bb92df58bf2aa14cd8088e30d9cbcab7452dbd788fa66bdd7d6dd82472f
artifact/scaling/generated_coq/n240/V59_N240_SECTION_157.v,401,ea7565dc984e23f2671ef2bd79aef5b5582a9a6a8d87e49cee05244af3c5a995
artifact/scaling/generated_coq/n240/V59_N240_SECTION_162.v,401,7d3bd7f12060c620cceb1e20469676fb0d021e01919907447f8587cc4604f5c9
artifact/scaling/generated_coq/n240/V59_N240_SECTION_167.v,401,7e6811e61312edb756e7853f54ee37cb33dd83aba32f11aae59d640f77bef25b
artifact/scaling/generated_coq/n240/V59_N240_SECTION_172.v,401,2b07b0034fde5bc5e6e932ce8317801488b1804fc842cb4f4e1a93673e5e05ca
artifact/scaling/generated_coq/n240/V59_N240_SECTION_177.v,401,9b38580daec58680946bf4451628f24645b119a16b0cfc1eca75b02b173ee2d5
artifact/scaling/generated_coq/n240/V59_N240_SECTION_182.v,401,649a872cdaf1045b5d06bd1744cd52174c00de159ec4568d0de8b825d890a3fd
artifact/scaling/generated_coq/n240/V59_N240_SECTION_187.v,401,4e5f2a92efb6831e5c20748b53171eea34008874f9de6c6e16b99a05a7f1e6f0
artifact/scaling/generated_coq/n240/V59_N240_SECTION_192.v,401,7cb8bddd08790f5fb309377b4fb856c56094788c9a27d3d57170ea7a41db402d
artifact/scaling/generated_coq/n240/V59_N240_SECTION_197.v,401,2a7da639f906f1430bf31ca52ba3f37723fe665e57336890b742160f3fd02a13
artifact/scaling/generated_coq/n240/V59_N240_SECTION_202.v,401,069da6fac8c84b34e520cc6514e2fbef4fe3fcb3452f12a8c1138ee27293b712
artifact/scaling/generated_coq/n240/V59_N240_SECTION_207.v,401,e8b4b533cadedc99102d0e874c48dd92f40abacba3dfebac89a90cbb5c1dfede
artifact/scaling/generated_coq/n240/V59_N240_SECTION_212.v,401,f62e286d902de907c38a8a002dd982926e1e39d18cc34c67de142f03ca7ae8a6
artifact/scaling/generated_coq/n240/V59_N240_SECTION_217.v,401,8ef69f404d6e541b5fd2a4b4fc1146faa8e21de4d3d4c282331262335be1819e
artifact/scaling/generated_coq/n240/V59_N240_SECTION_222.v,401,9568490d54a464a69e544bb8923391e35b4008d3a67a060e252e933ba88662dc
artifact/scaling/generated_coq/n240/V59_N240_SECTION_227.v,401,e4fa4d5d7c3879b8d5dd84f7301e5550adaf3c2611ec4e1cbf5277a0ae915d19
artifact/scaling/generated_coq/n240/V59_N240_SECTION_232.v,401,7020cbe0ac4ce6d31453bb785d249f4fb1f0b34e9bfe11d19ab67fd3e497f216
artifact/scaling/generated_coq/n240/V59_N240_SECTION_237.v,401,d47468f48d83b1aa30c9550c4cead4c9899eb83abe5d5abd2032dd1c62ca3887
artifact/scaling/generated_coq/n480/V59_N480_EQ_001.v,220,9fc8c86ede2a9f69aef3676db77f0fc40e3aa1dab0302cdb2dac2c7c91c0dc4b
artifact/scaling/generated_coq/n480/V59_N480_EQ_006.v,220,1f244864e3f9dee6edb098927a333e37967cd72fe11bbf72430439273a7d33c5
artifact/scaling/generated_coq/n480/V59_N480_EQ_011.v,221,0f7211497b481650b6590aa87e17b7840932fafdd2cfd4a27a8cadce9a298e98
artifact/scaling/generated_coq/n480/V59_N480_EQ_016.v,221,43deb1cd74fb7d1646e4da9cf98bd40512732d3af90d9f63a810d89697e4471f
artifact/scaling/generated_coq/n480/V59_N480_EQ_021.v,221,a82c311dec12e4948b77c92aa08382863b16d259a983c00b38ecf30919464297
artifact/scaling/generated_coq/n480/V59_N480_EQ_026.v,221,133f4828ed66e3f2f2d0f66efbafca21f93d57e47ec998ac59fcee46cf2e7e4f
artifact/scaling/generated_coq/n480/V59_N480_EQ_031.v,221,12530b6965889c48c8870b9d706c373ef5932a7ea028688f86a06cc962cdd48b
artifact/scaling/generated_coq/n480/V59_N480_EQ_036.v,221,38512381935e1bc87ee841b3430880f455c06c61f3e2c39fc1a9781ec661820e
artifact/scaling/generated_coq/n480/V59_N480_EQ_041.v,221,e1fdf3bc76e64c4ac0e840880fb24569d606fab80730edd5c6e0e50d95752600
artifact/scaling/generated_coq/n480/V59_N480_EQ_046.v,221,b991212f3616f7126fa139145c57b628ad0b2362e4cbfc3488798211520a3037
artifact/scaling/generated_coq/n480/V59_N480_EQ_051.v,221,f2e70653f822cdb9625d120b9a81d887ea10dec695b009e245703ae1980561c9
artifact/scaling/generated_coq/n480/V59_N480_EQ_056.v,221,5527649c401cc1eeb3d9b458291c643a52bdeee64b6882c2d6b11b5c667a7c81
artifact/scaling/generated_coq/n480/V59_N480_EQ_061.v,221,a61948b7ca2b9d65460e8e27a1a353985c8ecbf414d6cc744003abb1e1d75b8e
artifact/scaling/generated_coq/n480/V59_N480_EQ_066.v,221,d58491cac96a4506b33d35939c1b9b507a7f26e3ecb4446f2f1ce8ee678660de
artifact/scaling/generated_coq/n480/V59_N480_EQ_071.v,221,c976d0a191a03255a2c2c6b3ae3ad32c697a16c1c30dd9d3a082b0207af46f6d
artifact/scaling/generated_coq/n480/V59_N480_EQ_076.v,221,d954e3d6e9c98a61b25ec1904973f6ff5b03720f726234639483f36ba4abc679
artifact/scaling/generated_coq/n480/V59_N480_EQ_081.v,221,b6aa185064fab6b7b174b70d54de5aada634bf5b5cb4e0cd6bcf21819b87e1df
artifact/scaling/generated_coq/n480/V59_N480_EQ_086.v,221,bba81406478c9bc6b1debcde7c3e542f55b862a4d9f67483c2a08628be9b5125
artifact/scaling/generated_coq/n480/V59_N480_EQ_091.v,221,0c5f3f6cd499a6477d16c768b79ceddfeac976ff605f2e0117a541a4031b98bb
artifact/scaling/generated_coq/n480/V59_N480_EQ_096.v,221,3eef18f6006e815128c164cc7192838596d3bdefd29c7acafb02630ec2c1bd56
artifact/scaling/generated_coq/n480/V59_N480_EQ_101.v,222,c099610e53761832e4914a898e8fc50cf6c0c6f32b096a6ac5cc4047c667fac2
artifact/scaling/generated_coq/n480/V59_N480_EQ_106.v,222,1c4873214825f17471e526575851d5f89ebebaf3d4ce65fd4af05f9cb0d6803c
artifact/scaling/generated_coq/n480/V59_N480_EQ_111.v,222,642f2b3793b1299df7ce03567092cc5bda6be038d3fe0bf50b604ccfb6dae8e4
artifact/scaling/generated_coq/n480/V59_N480_EQ_116.v,222,aaba93dbb783346f22627565a898c070d75e0a269715dcb342840ec255f12e04
artifact/scaling/generated_coq/n480/V59_N480_EQ_121.v,222,508284f94c3c84de414a01959c4f4a3bad52ec8fd9352338c935020fd3e8f154
artifact/scaling/generated_coq/n480/V59_N480_EQ_126.v,222,e1d90ba1d2ab4b98c2973e512d5fab5c729db71541daf2fe2400785f01607d75
artifact/scaling/generated_coq/n480/V59_N480_EQ_131.v,222,133838b5b6a7537290690f1526d85b5c4b3a0d04e9799a1614632b320bae3dca
artifact/scaling/generated_coq/n480/V59_N480_EQ_136.v,222,36caad7f83e63f89ef800de886f347d0420d0535df38e14a76dc6809c9878e31
artifact/scaling/generated_coq/n480/V59_N480_EQ_141.v,222,e90375b38a118988ac0d7193b0f29e0d7eda7857150565b71e15077cd05a4cd9
artifact/scaling/generated_coq/n480/V59_N480_EQ_146.v,222,8712ab2fb59756e88221d30c8d473ab489f3ebf9bbddff29dc846f56999ab477
artifact/scaling/generated_coq/n480/V59_N480_EQ_151.v,222,49b105d1dee95f256d1abfdc3f184c3ffc3fb5bd8108e253d42a61f07c483bc1
artifact/scaling/generated_coq/n480/V59_N480_EQ_156.v,222,b077bad0cb9c5c226da96c4e892c6d7cdb418ff5af869d88817e08adbf2678a2
artifact/scaling/generated_coq/n480/V59_N480_EQ_161.v,222,e6251e9856b95a12d035d5cf27f6e40815032980fc66815ba6679eab509058f0
artifact/scaling/generated_coq/n480/V59_N480_EQ_166.v,222,70c8a193c62f460d0031cf33cafd12bb5da8dafac2c4bf1e9b5f1fbe4819d84e
artifact/scaling/generated_coq/n480/V59_N480_EQ_171.v,222,b027824dfff5fe7d5ba75180d5fa907577b43b112b51211fc8f22d7d114ba9dc
artifact/scaling/generated_coq/n480/V59_N480_EQ_176.v,222,e5f7a426487ca6d721549381f0e92028c5dcbb326cda2cdf2efea410bedc256e
artifact/scaling/generated_coq/n480/V59_N480_EQ_181.v,222,bd1cf55cab59a771af823ba1ff45d36be6a80a5707f6b59748e9ba0eca9b68a7
artifact/scaling/generated_coq/n480/V59_N480_EQ_186.v,222,c21e9ba639eb9479b020fd705741caeaffac2f92faff427d7cf982ae04f06a0e
artifact/scaling/generated_coq/n480/V59_N480_EQ_191.v,222,c14365edb3af27927fbd9915a8ede3cb3408fc869b59323b3929ae426dbe60b1
artifact/scaling/generated_coq/n480/V59_N480_EQ_196.v,222,0e867eaf706829912c8e8a2a5a04fcc3979215f4f7cf2745b49772c06c76b0bd
artifact/scaling/generated_coq/n480/V59_N480_EQ_201.v,222,ae4194c0fd6ab24cb298c0d78f38b70fb51b9ce46e4e7287033345384d57a311
artifact/scaling/generated_coq/n480/V59_N480_EQ_206.v,222,a2bace904c5c330ff1fc0862496fd1d89b2284a5f957e91ae7ba70da0fa69c50
artifact/scaling/generated_coq/n480/V59_N480_EQ_211.v,222,ab294151c3f5213bc042d67f3dfe7ee7606127f5b2a015ac387ae6a206462ce6
artifact/scaling/generated_coq/n480/V59_N480_EQ_216.v,222,0ac7e9f26a8dc9f53a1d9718e8c2417ac05b7cdb7dfe35b4bff4f572bbc7e091
artifact/scaling/generated_coq/n480/V59_N480_EQ_221.v,222,9d39b0a1cb0c425a9afe89d9fc40a9054b470f4f73d69871385c181cf3217e2b
artifact/scaling/generated_coq/n480/V59_N480_EQ_226.v,222,6e0e49a23e5b0b902b6cebdbc5d9d749c024c3aad42a0bcd82be914934e7906e
artifact/scaling/generated_coq/n480/V59_N480_EQ_231.v,222,6349c2a2319b6768a4e78c623a27a6a9e36b6d02fcffd2260185592939670583
artifact/scaling/generated_coq/n480/V59_N480_EQ_236.v,222,87992b6a66b30509a453d9a9a50e3f16d7ca8c6661ffa98780d4f481f89465d8
artifact/scaling/generated_coq/n480/V59_N480_EQ_241.v,222,c8a958fb3a5aa2a633ef46e940032a21ae9f35a748498303a0d9097e9f53f4fb
artifact/scaling/generated_coq/n480/V59_N480_EQ_246.v,222,936651cbac97bfa53752774a28c8bb0d39c18a0bd38d5555cd4dbac42f327081
artifact/scaling/generated_coq/n480/V59_N480_EQ_251.v,222,a327c8e7363ceba4a876e43ef3f799efa3592b87cc69311854713aa4e0e01ba8
artifact/scaling/generated_coq/n480/V59_N480_EQ_256.v,222,1ae8aab70c965d0f85097986dc0f1da870c9af65cbb861a80b95316c9454d2e6
artifact/scaling/generated_coq/n480/V59_N480_EQ_261.v,222,913f571eed14f3d7dc9aebbba70d3bbd1420afb548617940ae93d0906b9815c7
artifact/scaling/generated_coq/n480/V59_N480_EQ_266.v,222,09bb9a71ee12e3dfe3910e6cf1c2073b58370037f77f9b3e972261841e4af6b7
artifact/scaling/generated_coq/n480/V59_N480_EQ_271.v,222,5f4ecd0c92ed7a833ec0521c01446bfa8e020bfb5e346cb0b0860b4c7bf92219
artifact/scaling/generated_coq/n480/V59_N480_EQ_276.v,222,a4f86cb9a221e2cd19464b11bef5e3e3679bc8c67ea7964dcbfa3c0cccca9726
artifact/scaling/generated_coq/n480/V59_N480_EQ_281.v,222,a46bd51a08900d5a2a303f34874fd86ce94235c5e30690eac2baabf3494e387b
artifact/scaling/generated_coq/n480/V59_N480_EQ_286.v,222,7c30c683d02cb890b17b5398c20c78380e48996acaa380bb90b01d99e19f7ead
artifact/scaling/generated_coq/n480/V59_N480_EQ_291.v,222,3967e24cf219c82a0602ccb3a0074ed79eecf9dcf21b947b9e6312039ef02b1d
artifact/scaling/generated_coq/n480/V59_N480_EQ_296.v,222,813b35be24737d45165b031af2fecdff48242aef1eda90bb57cf4c7d9f0d5729
artifact/scaling/generated_coq/n480/V59_N480_EQ_301.v,222,58b2b1f0fd10ca2d0479aa46b3fd1ab96e683e009ae05d27c55887e1c3628349
artifact/scaling/generated_coq/n480/V59_N480_EQ_306.v,222,50b0c89cbfe19c31bf5e9d962198aab3267ce9fbc59c6ee3191d0ad12504d710
artifact/scaling/generated_coq/n480/V59_N480_EQ_311.v,222,1bef0647f210c23e759d0336cba997e241ea690cbb92be6af77e79037723ea5c
artifact/scaling/generated_coq/n480/V59_N480_EQ_316.v,222,6cab15b570b1105ffaefdb762fc8791d0ad18f5ed513acd2b6264321981ec172
artifact/scaling/generated_coq/n480/V59_N480_EQ_321.v,222,9ae1c905932eb020234065058359364c262cab228dc65e852d3c7e4243d3d677
artifact/scaling/generated_coq/n480/V59_N480_EQ_326.v,222,bb629f61f641965175821e4a53a4ea27c35936414809911ad4fa9f8666134da9
artifact/scaling/generated_coq/n480/V59_N480_EQ_331.v,222,d5397ebcc594cfd4783f99a2553b9c938de93850de6dae89253509cbc407350a
artifact/scaling/generated_coq/n480/V59_N480_EQ_336.v,222,32d180b98abe5604292bf4bccad41060bb667987808a44a3e88442bd360edd7d
artifact/scaling/generated_coq/n480/V59_N480_EQ_341.v,222,53c220dfa31f9da6a36de6b66d264d4bea6fa50ecb0afd533f0d70f8b5b7c0b3
artifact/scaling/generated_coq/n480/V59_N480_EQ_346.v,222,4770ca5555b4516a46ced450e72f7a2a066813b15b3bc88df19009a6fd808914
artifact/scaling/generated_coq/n480/V59_N480_EQ_351.v,222,e9471f7cd0403dbf7f995027cf0961653f0783c9b9161e683c5ee60210fe3b50
artifact/scaling/generated_coq/n480/V59_N480_EQ_356.v,222,4e92a544327aeced36919115ec6f338bdc847a1f2ba7cc89d55c133b9247a49b
artifact/scaling/generated_coq/n480/V59_N480_EQ_361.v,222,1e8214c97062156adc63fede8785c4684ab282d9bf29f988f8d76ad1dae74a95
artifact/scaling/generated_coq/n480/V59_N480_EQ_366.v,222,b80550ef5a9054473e91d1e96f7c60c37ea9b276cce2db5908c9fed499a6dc55
artifact/scaling/generated_coq/n480/V59_N480_EQ_371.v,222,b266ad34b21cb81c00e1b8683067970b7f21be738b0214d8bdfae0b70a275cfc
artifact/scaling/generated_coq/n480/V59_N480_EQ_376.v,222,6e32d71ad36c64d2c276a6b421d07add1c0102071113e67e8015c90ff3874645
artifact/scaling/generated_coq/n480/V59_N480_EQ_381.v,222,24e20b70a198ca34dc5ddd171a01454f11335a3119b35539057e833723ec88d8
artifact/scaling/generated_coq/n480/V59_N480_EQ_386.v,222,9fcf6db7835f20b7f4660add8984bd1772918005c4f2b53b8a320e021728139d
artifact/scaling/generated_coq/n480/V59_N480_EQ_391.v,222,fc217b2cd2775a1612293c28ea67c370cb2633c2e61d19be29366566d5b15d05
artifact/scaling/generated_coq/n480/V59_N480_EQ_396.v,222,cfde3043769ab805916721ac83898efd8fa4d5d704e423b6f99c49acd27921fc
artifact/scaling/generated_coq/n480/V59_N480_EQ_401.v,222,a511882693b065d2309d08280d92860a250e72289ce1025001bd4ca0cc8f05c8
artifact/scaling/generated_coq/n480/V59_N480_EQ_406.v,222,b4ae6104c887fd5f8fa3f3a2542c5bbf213a3123127c8945ce47fb0c2e06d41a
artifact/scaling/generated_coq/n480/V59_N480_EQ_411.v,222,71afb0352106a3986b3454ac7f695843e3cf430f9bb3128b002e52db8f21285d
artifact/scaling/generated_coq/n480/V59_N480_EQ_416.v,222,ec1d009b54aea0d2dc265603dc4426e9afb97cd0b0a0f4dbac4575b32c55f01e
artifact/scaling/generated_coq/n480/V59_N480_EQ_421.v,222,bbbc02d31c7589277e4d07e217c460bba2ce8f29ede0b3b163759fb6524af91e
artifact/scaling/generated_coq/n480/V59_N480_EQ_426.v,222,95b95c47c060a3117851ee702d60ec787704e9169665f8cfbb3432b322bc0b99
artifact/scaling/generated_coq/n480/V59_N480_EQ_431.v,222,41ce37060c6f7607e779c90a3a817a701ae6047c9bdfa1f5eb786d64acb13ad6
artifact/scaling/generated_coq/n480/V59_N480_EQ_436.v,222,fb53989f8840978580753458f11fcb4b387c228906c1d30da828232692989da4
artifact/scaling/generated_coq/n480/V59_N480_EQ_441.v,222,253a6791df949c4b676ea3b9819144c74c8325ac804af1104c487e5929971002
artifact/scaling/generated_coq/n480/V59_N480_EQ_446.v,222,4c1ac2fe86fb355d5cbf7be1ded2264219105a90fba68229a3320af88ef3ff89
artifact/scaling/generated_coq/n480/V59_N480_EQ_451.v,222,221e5125e73ea9a1f51260aeaa2270e7983d7f70c593fd454d7bb7d595a29470
artifact/scaling/generated_coq/n480/V59_N480_EQ_456.v,222,8a415c12ba8bafa0d153e1bbe87bbb45e1429f84f1135e4030249f1b673d65ae
artifact/scaling/generated_coq/n480/V59_N480_EQ_461.v,222,add3e0345645ace00229e38120bce0b3f1c5bdc0b3fb59c8840282247f0e1f7d
artifact/scaling/generated_coq/n480/V59_N480_EQ_466.v,222,90395b6ab599be3971d42563eb09c3c2b4bfe35637657b8bef4d816a69356ebb
artifact/scaling/generated_coq/n480/V59_N480_EQ_471.v,222,19b6a9b3079942de02579b0e59d8c12916889e68f84a86a7cdb54743aa5d9e68
artifact/scaling/generated_coq/n480/V59_N480_EQ_476.v,222,fb62ef9221bce3b8c236eac4823f5e1a2f7b6dc0faa7cd2ae33c21b09e8ce5eb
artifact/scaling/generated_coq/n480/V59_N480_LOGICAL_004.v,337,18aac49dfa9e0474659c9af2b57c55474a6ba5accd8063734ab830ac029c779c
artifact/scaling/generated_coq/n480/V59_N480_LOGICAL_009.v,337,ed74ff35e36ab739c8eb099b77bbbdfc83345948b4c739164b4117850b89fd7e
artifact/scaling/generated_coq/n480/V59_N480_LOGICAL_014.v,342,660fa591d1446e5d5c73bf7bb76f6767dd08ca8c2d6c37a8f8c3d61fd2d788ca
artifact/scaling/generated_coq/n480/V59_N480_LOGICAL_019.v,342,e1408c4d5454f5dd0873364636a6dfa81bc3d3916bd82ebed877388c69717ed6
artifact/scaling/generated_coq/n480/V59_N480_LOGICAL_024.v,342,a94b32ef3ca1824a5a2cb85a651f7ecca016906b41888bc0e2bcc3b14a97b800
artifact/scaling/generated_coq/n480/V59_N480_LOGICAL_029.v,342,8b9b9ced762f9f4d7cefbe456350608fd94dc31af48b4f2ea38a9be7162562d4
artifact/scaling/generated_coq/n480/V59_N480_LOGICAL_034.v,342,4be9aec90188b76ae1240bf9fc0a142dccd8f339a1fe945aeef5e6e0209850bd
artifact/scaling/generated_coq/n480/V59_N480_LOGICAL_039.v,342,36c260658ed39a867ab27a104680651f7ed140515b5168d4a0cd97809af4bb1d
artifact/scaling/generated_coq/n480/V59_N480_LOGICAL_044.v,342,409015595fa85677f012d6d10725f6493fa96c05f7ac267277694a062116caa5
artifact/scaling/generated_coq/n480/V59_N480_LOGICAL_049.v,342,9b3f872a6e74f4961ab8311b9fb01afaf9248ece10acabdb0b61f67826f808a1
artifact/scaling/generated_coq/n480/V59_N480_LOGICAL_054.v,342,ae556623c0c0d0720060407575fb7e1590c8a09c2df2a96984a30c674f2caeb4
artifact/scaling/generated_coq/n480/V59_N480_LOGICAL_059.v,342,fe11b66b96d77a1c2eaccbc1b82dfede0c1d4b04188bdfc64225969812a08257
artifact/scaling/generated_coq/n480/V59_N480_LOGICAL_064.v,342,bcaf09096253a47d1d456c9277460f5bf36738494beca21c6ae40480d406340b
artifact/scaling/generated_coq/n480/V59_N480_LOGICAL_069.v,342,6fafaa7d81897ef65d32cb3ddaefa9a6c5f57485335d87eb6af1236e636630a4
artifact/scaling/generated_coq/n480/V59_N480_LOGICAL_074.v,342,ac77828120e7800482bbaabd3b93640f92bfc77d1fd501dd2fc51a71ea6c5645
artifact/scaling/generated_coq/n480/V59_N480_LOGICAL_079.v,342,481b7890894693e115d8d353a7ddc1d60ad27ebaf4cd1ee4a44b32ae9d189d2b
artifact/scaling/generated_coq/n480/V59_N480_LOGICAL_084.v,342,b9cb3cfc820f4c6b39aafcd9ab4c6ff0a85d42e8deccc4de7114f92a1bcd0689
artifact/scaling/generated_coq/n480/V59_N480_LOGICAL_089.v,342,f3e181f8c096eb6e6570b61b020809409b0eb1f81514864c82ddacbd097b8e0f
artifact/scaling/generated_coq/n480/V59_N480_LOGICAL_094.v,342,af6944e8740b823eeee54b4b72e262cd89bd81241efec1ae1ed4fd5715abe7ec
artifact/scaling/generated_coq/n480/V59_N480_LOGICAL_099.v,342,1209946a4509db1676f46ccdbb2e520a1685a1b21b852474e83177603476881c
artifact/scaling/generated_coq/n480/V59_N480_LOGICAL_104.v,347,809dea68f235f2eed6fce6ae4209de12e2b10c4bee46e7edda81f4dd4b63038e
artifact/scaling/generated_coq/n480/V59_N480_LOGICAL_109.v,347,2b3edab20ee3fac952489612c3f5b16c5e8825a379da4b06b170be3bbc44b910
artifact/scaling/generated_coq/n480/V59_N480_LOGICAL_114.v,347,1f6812f221417176088e1f6dbbbc54de56e22a4b0d9b6c28b8cba4d31349bfff
artifact/scaling/generated_coq/n480/V59_N480_LOGICAL_119.v,347,c9193a9e2171fed75dec8cff337a976a929c08eb279bf0a2d010cd03f8620922
artifact/scaling/generated_coq/n480/V59_N480_LOGICAL_124.v,347,f7874e972ba4c51fc4843996ed2c2bb088cf237af8fffe7293dd4447dddfacff
artifact/scaling/generated_coq/n480/V59_N480_LOGICAL_129.v,347,fefdb6d3c1d94e25bc3699a0de2f73fcd8bb2f9671c739aaad764d3f982c8d50
artifact/scaling/generated_coq/n480/V59_N480_LOGICAL_134.v,347,821c8bac0b464131b9c5c16c224aa05bed3ca418b5c0904800d86a019c6870f7
artifact/scaling/generated_coq/n480/V59_N480_LOGICAL_139.v,347,e7f86094fb5b479466e50e991ecc3a3dac28aa4e603aec16c0dea41244a4db44
artifact/scaling/generated_coq/n480/V59_N480_LOGICAL_144.v,347,5248354464b7867564610ac38d8bff1892915d1df158a366c3060067c561fbee
artifact/scaling/generated_coq/n480/V59_N480_LOGICAL_149.v,347,1a54450f8a4ec629ef0cb42c6b432033f09cba48f249399d47ec8eefcb9a384c
artifact/scaling/generated_coq/n480/V59_N480_LOGICAL_154.v,347,ec8cfcf492028ad634997cfa9440b1741012a2868db79302475cfe7267e44200
artifact/scaling/generated_coq/n480/V59_N480_LOGICAL_159.v,347,6ff022902b8adcb0abfc3efbc9b8478a43495dbfdb7f44446d2bc5dfd427233a
artifact/scaling/generated_coq/n480/V59_N480_LOGICAL_164.v,347,fb09d2eeb63f796b373eede63e7f01e2f162d525811b2b3e73dcbf3e7d932b50
artifact/scaling/generated_coq/n480/V59_N480_LOGICAL_169.v,347,2ef8f5a51c72ef971eda1ace631d5ac05713d95696834bddaa2f80eecefa7db6
artifact/scaling/generated_coq/n480/V59_N480_LOGICAL_174.v,347,fdf493dc459e794be0abd0bca12bf34217db5216f379b25d021e8da100d3736a
artifact/scaling/generated_coq/n480/V59_N480_LOGICAL_179.v,347,0964904c2e749ea65f07b56d36d111edb425f08a7d23bb099ed395f88d87925f
artifact/scaling/generated_coq/n480/V59_N480_LOGICAL_184.v,347,bf5723954fdde4d3bbb8a50053e31a65af5d41ad23a007a21d71856d4e6f4493
artifact/scaling/generated_coq/n480/V59_N480_LOGICAL_189.v,347,7d1be5003798e2f33aebb7a0deeaf13d8e607b49357d6b66552399bc492dfb20
artifact/scaling/generated_coq/n480/V59_N480_LOGICAL_194.v,347,5f8fbd148ca99a8b47a8207a7f0e6df96b80417d3daf5ea1245cb4c40c20e477
artifact/scaling/generated_coq/n480/V59_N480_LOGICAL_199.v,347,d6e5c263723d29a4140d87ea95d9856e39d1e822cacf9dcaa48effc3b824a5b0
artifact/scaling/generated_coq/n480/V59_N480_LOGICAL_204.v,347,c87454ab31140b53c8b51fbbd2434d7a8ca1715ebf9cdc9c7e4e9cca902d2cc0
artifact/scaling/generated_coq/n480/V59_N480_LOGICAL_209.v,347,eb5f8dd11897741b39f9dd2e5fa7b186fc8ee20e6f8183913b538f6edec81264
artifact/scaling/generated_coq/n480/V59_N480_LOGICAL_214.v,347,2ceec1d06384cae2fcf418bb8f7fb06ec2c6e9dedee19d3174a7f256de3809bd
artifact/scaling/generated_coq/n480/V59_N480_LOGICAL_219.v,347,ccb154ce60b2559f6cff50e9461f56111092e24267df444cc144e8df2b109b82
artifact/scaling/generated_coq/n480/V59_N480_LOGICAL_224.v,347,e5baf1140fa94404faac2ea41323e38b0819fd94e4c812cc42aceed3924f080a
artifact/scaling/generated_coq/n480/V59_N480_LOGICAL_229.v,347,a6ec21759bbfba8a2b699d280ac58097d865599c88c3639e722846da208076f1
artifact/scaling/generated_coq/n480/V59_N480_LOGICAL_234.v,347,70edc845752ed04c6d4ddc7d26039d108144cc91b8de6345c3d9b3e530d36aa9
artifact/scaling/generated_coq/n480/V59_N480_LOGICAL_239.v,347,9fd620bcbceb8a1f6ce7f337bf10a3ba538753c54dea7bb07d040dd0378ada18
artifact/scaling/generated_coq/n480/V59_N480_LOGICAL_244.v,347,38ea292e24a79007340c1daf3f57798bfc3d12335f3dd83d515b74cd9d6d9c2a
artifact/scaling/generated_coq/n480/V59_N480_LOGICAL_249.v,347,013bedd93159a182d88051971f39a40af3ae31dbc8155907f65a89e0ccee7e0b
artifact/scaling/generated_coq/n480/V59_N480_LOGICAL_254.v,347,219a9edbf92fb6a38c78fee33db8380c382688fd56230595df67cc2ae41aaa45
artifact/scaling/generated_coq/n480/V59_N480_LOGICAL_259.v,347,acaacdd7ef9858594b293c61737e756bb04acfa9d69025bd5f8e9cdf66ed59a1
artifact/scaling/generated_coq/n480/V59_N480_LOGICAL_264.v,347,5c176d1ffd44d5d12bafbf4360616715b895f34d7c08a68ce548eb1ceee59d59
artifact/scaling/generated_coq/n480/V59_N480_LOGICAL_269.v,347,bf200365a5b056da213462ab3a2e4d3e987fc6f6441cec0e5d86708ba63bf8d8
artifact/scaling/generated_coq/n480/V59_N480_LOGICAL_274.v,347,41cafdf89ed0d7784bf4737809f5422ee959e821186d751c6b6746b6ab293821
artifact/scaling/generated_coq/n480/V59_N480_LOGICAL_279.v,347,425e8054719b4d2e65fe9a94c79334ca3ca86bbb1e86a81fa08af37b2c0f0e3e
artifact/scaling/generated_coq/n480/V59_N480_LOGICAL_284.v,347,1a5b3f490b990a0edffcfe0a58e1ba23b7da86d7af91244cacc1b944430e69a0
artifact/scaling/generated_coq/n480/V59_N480_LOGICAL_289.v,347,a07bfbabd595150fce8aba1047492155edae9d7a2d766e751637ac896b45c087
artifact/scaling/generated_coq/n480/V59_N480_LOGICAL_294.v,347,b5eddebc5d747ebd7902a50fa0fed66c128e801dc64d8d0cbe12f35df476ce3b
artifact/scaling/generated_coq/n480/V59_N480_LOGICAL_299.v,347,5e19868c26d5911b0a9c8578db9372a42e67fd94c56a82dcdaef88a025550987
artifact/scaling/generated_coq/n480/V59_N480_LOGICAL_304.v,347,1b88d63d5b984a75912665d25437511bf78165ef89db64ea314d83af5ec8ff54
artifact/scaling/generated_coq/n480/V59_N480_LOGICAL_309.v,347,c4867f8d48be89960f02bce42f514778f8c13278ad68744da0f8ebc6630c3d04
artifact/scaling/generated_coq/n480/V59_N480_LOGICAL_314.v,347,9ad303c1007184538335878e701cd9cc93c01d1bc3c05296729a95ed7bae9057
artifact/scaling/generated_coq/n480/V59_N480_LOGICAL_319.v,347,ff12a4f7eea571986372ad07c2d324db2a34734c1bfa9dd10385f7a874e3120c
artifact/scaling/generated_coq/n480/V59_N480_LOGICAL_324.v,347,24d16ef06d0ab4db5ffe69bf0727c7df170684c37ed03c2f968efae66ae2e6ea
artifact/scaling/generated_coq/n480/V59_N480_LOGICAL_329.v,347,b5ba9e02d7f115614dcef278c692409d6f03e4ad31bf5c85783886c70e46532f
artifact/scaling/generated_coq/n480/V59_N480_LOGICAL_334.v,347,2b6d0f2ea53a877e3e2a4c4cff086739be77e3fb1146a195368811105b0a8784
artifact/scaling/generated_coq/n480/V59_N480_LOGICAL_339.v,347,f8b78024e6659c150f4bec8ce5966c2d6a8d069ecab8588579c1146141651aad
artifact/scaling/generated_coq/n480/V59_N480_LOGICAL_344.v,347,b1f852a9d455a8440dcb7c0b78b3a116313ee2897995487a7fd009da4dd6d5b5
artifact/scaling/generated_coq/n480/V59_N480_LOGICAL_349.v,347,0b2e98a946c268d5b1978d03764f2632555e72a78ac07e5db0f0c276a4901db9
artifact/scaling/generated_coq/n480/V59_N480_LOGICAL_354.v,347,63796e3a08807c2aa14dbd6ca4c2e1091eec7303ff2168a17cdea55cd701bdd2
artifact/scaling/generated_coq/n480/V59_N480_LOGICAL_359.v,347,1089e8b97122dc60c9f38bf9d5804047f61ecff29d0b094e6719685dfc0abbc2
artifact/scaling/generated_coq/n480/V59_N480_LOGICAL_364.v,347,84782266f7138997b4cef38dffd3c97ad02e028f6df316a88d5a3becfdc22de6
artifact/scaling/generated_coq/n480/V59_N480_LOGICAL_369.v,347,e25483407beec69ef967340ff54037a4fac59633d515b980e575822357cd2ee8
artifact/scaling/generated_coq/n480/V59_N480_LOGICAL_374.v,347,50a7448aa3df6e8407080da5dac077684de8ae01d6fcafec7345d0bbb36dcc5f
artifact/scaling/generated_coq/n480/V59_N480_LOGICAL_379.v,347,ff358ca4bbbd2e0f4af89cc84e499365253e80525b6f47c38b338dec24ab4069
artifact/scaling/generated_coq/n480/V59_N480_LOGICAL_384.v,347,ab0865f044ac35981e6f8a4e4dd0f9a13284e71a7776f6808ebc92a924fe3b28
artifact/scaling/generated_coq/n480/V59_N480_LOGICAL_389.v,347,07661850f8d902ff65b7c5fe6865d75ecc3eb1e452f2b2d5f3301aa780484397
artifact/scaling/generated_coq/n480/V59_N480_LOGICAL_394.v,347,97588c541be35d11c4861db7d286a98d49f42ea5aea3d7daa7da1ca966e51e32
artifact/scaling/generated_coq/n480/V59_N480_LOGICAL_399.v,347,188fe8b4730b139e7f4fbfa8ca4791a57d55239d57743a1345740a552c9dfde2
artifact/scaling/generated_coq/n480/V59_N480_LOGICAL_404.v,347,ba2e0ea9ebfc7be3b344a96ffa2a1e9ac9d3ba94d1fa03cf694b00cf414e940a
artifact/scaling/generated_coq/n480/V59_N480_LOGICAL_409.v,347,a774e48a62e286135dfa64f4763a05242eeaf9fc0724e437a2fa36a19880b127
artifact/scaling/generated_coq/n480/V59_N480_LOGICAL_414.v,347,dd3404e1be154c4ee80a4d507badea79e0804c37fb01d12ba30be9658f9c15ce
artifact/scaling/generated_coq/n480/V59_N480_LOGICAL_419.v,347,5c0ba7c82b0f0aac19339566d652e678a2345ee33489de0ae9b6e9d11e6424c5
artifact/scaling/generated_coq/n480/V59_N480_LOGICAL_424.v,347,f5fa7448be12d0b9d2ffae4b19538f9f07545266745b6bce4cbe6f6eb6c5ffa7
artifact/scaling/generated_coq/n480/V59_N480_LOGICAL_429.v,347,a92b95ed24e701588a9402e09d3c6fe207086b43ad8cab6d313ae8bf5bd72ad1
artifact/scaling/generated_coq/n480/V59_N480_LOGICAL_434.v,347,ed843ef5cf153bf59b4d3189a28cc8486ae2b8ae5917c02a84148a34a3ea7e1c
artifact/scaling/generated_coq/n480/V59_N480_LOGICAL_439.v,347,c668b690c073f1c6865e415ff6250e55e86180d4fa30f5fdd46874973689de94
artifact/scaling/generated_coq/n480/V59_N480_LOGICAL_444.v,347,983004bc22256466407e4d71879adeab19e9f5e7a29c91415cbbf081b8e03c1e
artifact/scaling/generated_coq/n480/V59_N480_LOGICAL_449.v,347,cd060cf1cc1cd67ca078dfe8edd0d5d3c2c2184dea91679afc102240ba5d3668
artifact/scaling/generated_coq/n480/V59_N480_LOGICAL_454.v,347,193a3455220b2f968bb13f76a9b4ed814fd63b0c803a4b62a2e69cd353fe6b20
artifact/scaling/generated_coq/n480/V59_N480_LOGICAL_459.v,347,3b3a99a3069e75dc9364dfe19026fe5f64c2441027baac41be1de2ecb7e8bb2d
artifact/scaling/generated_coq/n480/V59_N480_LOGICAL_464.v,347,805dd9bf6d3ada4e18a844c12c1a16a5d13e16d98ada32070891de070e0dc9a8
artifact/scaling/generated_coq/n480/V59_N480_LOGICAL_469.v,347,cd5b9d48abafbc0ce51db3c7b24f9a01c6d6a49eaa193a754d29df4bd731b438
artifact/scaling/generated_coq/n480/V59_N480_LOGICAL_474.v,347,d1ef6995bc06215bb9991a73033a480cfb3588e9c36859ca8f1fcae71bd977c4
artifact/scaling/generated_coq/n480/V59_N480_LOGICAL_479.v,347,c6f93461dcb36e7d66b85b0df58610d00cb1c5f213a9ca9a71d18bfc1ba293df
artifact/scaling/generated_coq/n480/V59_N480_PRODUCT_005.v,347,a35d135228eed7da4d8985fdb5242c21e11843fadcbe65b3946eb548418ba414
artifact/scaling/generated_coq/n480/V59_N480_PRODUCT_010.v,351,448d0ca5c733fa5fb33afba835309d3038e5aaa30001da7f6ff89e0801579107
artifact/scaling/generated_coq/n480/V59_N480_PRODUCT_015.v,351,fee589714cf51c81880cb50dc9c3111c875e3674751e9f5c2d2e8801cf08c40d
artifact/scaling/generated_coq/n480/V59_N480_PRODUCT_020.v,351,e567469b2a8aed5623efb823acfe932f568e97f26e40d39b7cd62f5e6efcc637
artifact/scaling/generated_coq/n480/V59_N480_PRODUCT_025.v,351,a52ba61b8cd2e3dd5bddeb211ceffd20c7c3d443398785028bbbaa6b2e40522e
artifact/scaling/generated_coq/n480/V59_N480_PRODUCT_030.v,351,67de2ad74326433a8bc65cf27b79a1b4ecdcd0d0f1aa2708d3daa11df27dd041
artifact/scaling/generated_coq/n480/V59_N480_PRODUCT_035.v,351,f1b7aa5fe8719f629477a6bae8b48b4f1f6bb5ee5e6d224e0c8e889a5154ae65
artifact/scaling/generated_coq/n480/V59_N480_PRODUCT_040.v,351,ebc9296c3542c350a808ce1e2ef1777a89e1958412fa494fad229a79dfb62bf4
artifact/scaling/generated_coq/n480/V59_N480_PRODUCT_045.v,351,a14c4657db8fb8f73b82e30465ef05a458033a188c7fa94beb645464a490f1ef
artifact/scaling/generated_coq/n480/V59_N480_PRODUCT_050.v,351,43b0d1adbb12a74dc1dac89a7d795a773edd2ed717bed743f58cf407f252c23c
artifact/scaling/generated_coq/n480/V59_N480_PRODUCT_055.v,351,54adff759cbb7a7c5065ad3fe10a3310e5335db0bea4a89bfbf15145915b882f
artifact/scaling/generated_coq/n480/V59_N480_PRODUCT_060.v,351,87e4aa209ecfd4a9b11cc2e58d90cd8111692d0e7cf400d33cf6a3a8f0c064a5
artifact/scaling/generated_coq/n480/V59_N480_PRODUCT_065.v,351,d1c6f3cffba0e5c05cc1913ec3708f9185a085dc4fa78282a4a6786fcf19f51c
artifact/scaling/generated_coq/n480/V59_N480_PRODUCT_070.v,351,ded596e37caf5d585f0c08d2844a72ca0d4ddc7f53f424e49c247a2204961fcc
artifact/scaling/generated_coq/n480/V59_N480_PRODUCT_075.v,351,8545480c96555957962c5247932aa0fb69224a892a325f48ad44319d09a5f5a0
artifact/scaling/generated_coq/n480/V59_N480_PRODUCT_080.v,351,e85ba076299f7955ae06e5a82c46356a328a04ed5c2e86cce495fcc683905100
artifact/scaling/generated_coq/n480/V59_N480_PRODUCT_085.v,351,5a2be3ad7a50f9ce92b69d3558198ccd702b47dddf9c43d9917518386758629e
artifact/scaling/generated_coq/n480/V59_N480_PRODUCT_090.v,351,46223624aa4c2e2cf13ccaced46f0a02d0d3dadd398e8955066cbf4335843f7c
artifact/scaling/generated_coq/n480/V59_N480_PRODUCT_095.v,351,d82850020544893a3a187fac74e41d53bd28574432295a7e6b52d17f53b716d8
artifact/scaling/generated_coq/n480/V59_N480_PRODUCT_100.v,355,a4beb29ceda501181a4f91ee3b3963fbb57d3fffc632bd2d4e4a1f66c846c818
artifact/scaling/generated_coq/n480/V59_N480_PRODUCT_105.v,355,060be295890a65be6a66fd012603d050d4e8adc854bdeba83662a669f77454a5
artifact/scaling/generated_coq/n480/V59_N480_PRODUCT_110.v,355,f5ac8c9584bc052857643c073a1908254bfe33b73a4b0647dbe1b41df37983d9
artifact/scaling/generated_coq/n480/V59_N480_PRODUCT_115.v,355,a3341b969b6e925baf8da73a44cdfc33bcb68e51c7f8d268edd0ce07388bc31b
artifact/scaling/generated_coq/n480/V59_N480_PRODUCT_120.v,355,a56b9f02b17714c4d81c86b35549a3e11ebb287d8d0d0142ac37b88e51d36f68
artifact/scaling/generated_coq/n480/V59_N480_PRODUCT_125.v,355,d0babf671d82086549096136805bc9458d50f5ecd1027bebf03d2e8ab7b66d93
artifact/scaling/generated_coq/n480/V59_N480_PRODUCT_130.v,355,9deef04fe1970d15c70e431a46cfc07e49723973f3296c5807699e6363b98b73
artifact/scaling/generated_coq/n480/V59_N480_PRODUCT_135.v,355,b2efa5fd54f21f8f79f02c6a8730423f2927623c43ea4e0a94f66cacd90deeb4
artifact/scaling/generated_coq/n480/V59_N480_PRODUCT_140.v,355,786e4890b6bb5541bbc3602f43539ff0dc73af2dc2f76dc005456ccc8c719386
artifact/scaling/generated_coq/n480/V59_N480_PRODUCT_145.v,355,bf15bc7e71f42f9f2ed7b4270fe2a6230c34b99913fe5b0ee0d0b4826c54be35
artifact/scaling/generated_coq/n480/V59_N480_PRODUCT_150.v,355,1b73d874dc1a6f1ca7652f1ee3ac7280d0221e6b85afe996864f0b86994141cc
artifact/scaling/generated_coq/n480/V59_N480_PRODUCT_155.v,355,d63055b8714f628c4f10cfb57170a76f90b13a0cacce7417d313346a4503c206
artifact/scaling/generated_coq/n480/V59_N480_PRODUCT_160.v,355,611cab82d53cf0feb6ef1cc77a8e4289cec54cb7be621b8d59fa69ea908cb1a7
artifact/scaling/generated_coq/n480/V59_N480_PRODUCT_165.v,355,0732aed92c4bad20671981a936ace5eb090980238fcd88078994c540eb447f44
artifact/scaling/generated_coq/n480/V59_N480_PRODUCT_170.v,355,4cbc540585649725e386ed03006c91fd542f247ff0d77001bc99cbb7d785cbc3
artifact/scaling/generated_coq/n480/V59_N480_PRODUCT_175.v,355,bff9d63600b7cf68951461e86eb2da748808f1538d380089fb3232bb6a29d0f2
artifact/scaling/generated_coq/n480/V59_N480_PRODUCT_180.v,355,d367e111a099a5796d20f04586d668c31b4372f4a306c7f28e1cd262da5b27ab
artifact/scaling/generated_coq/n480/V59_N480_PRODUCT_185.v,355,2e123ddea184ce5a5b270427e0942a2e4595ac548c9218584e39e4265b7b71c0
artifact/scaling/generated_coq/n480/V59_N480_PRODUCT_190.v,355,76f13819012f70bdbb8bda2bf528217cc89a619ec24a6639e94da61daf8a57ba
artifact/scaling/generated_coq/n480/V59_N480_PRODUCT_195.v,355,aebd23b04366b84eb8627b59a1009c17da391c7d944cb7b5411372366c840b12
artifact/scaling/generated_coq/n480/V59_N480_PRODUCT_200.v,355,c996e165683310a11679ea8faa5586b1515d20cd57535f125ff8092f5aa91912
artifact/scaling/generated_coq/n480/V59_N480_PRODUCT_205.v,355,19b3baebf39dd6f7f8adbc5ad12adcf761062b0922d79e31a099137390ec5d63
artifact/scaling/generated_coq/n480/V59_N480_PRODUCT_210.v,355,4531676014f0100736f2435d6585de49a09f742c9e0204e34c5070978d1183ca
artifact/scaling/generated_coq/n480/V59_N480_PRODUCT_215.v,355,3348fd2f7a38ac4c69790c435bb3d1d79f22bd2a9bc9965ce1103ec1893dd2f2
artifact/scaling/generated_coq/n480/V59_N480_PRODUCT_220.v,355,6ae3c5b74b0aa65d7e3ba03c5b63710f45e89dd3b4fc51ad39c0ebaa73f29454
artifact/scaling/generated_coq/n480/V59_N480_PRODUCT_225.v,355,35adeefbd71cb064c55e5384146f5b58b3d4a57ecc944f982c8502b683833550
artifact/scaling/generated_coq/n480/V59_N480_PRODUCT_230.v,355,f17dc81174a5eae489879ec54fb9aab8734b91e3a022f9c2c1ecd5ebdb8605d1
artifact/scaling/generated_coq/n480/V59_N480_PRODUCT_235.v,355,9cadb72c7ff996a9a633f69ac7ea6344d3723e0bc85b0b58f71a6b8241041350
artifact/scaling/generated_coq/n480/V59_N480_PRODUCT_240.v,355,d84787a01e832f5514bac2593463e9937416c3470d5852f8f6152449c53281b2
artifact/scaling/generated_coq/n480/V59_N480_PRODUCT_245.v,355,8ef70ece9ec632b022fec472e03595c1429b339b2282d6a2048209b58a20e7e9
artifact/scaling/generated_coq/n480/V59_N480_PRODUCT_250.v,355,ec296c6d1af614411c993b53b8793fbcf9cd1061d597c7715a8ca1f6e7384f94
artifact/scaling/generated_coq/n480/V59_N480_PRODUCT_255.v,355,e2643c3cded6db559112b8827a3ac13e5c0240c8d146fecd24671cd3c12a3ab2
artifact/scaling/generated_coq/n480/V59_N480_PRODUCT_260.v,355,b19032754554cab6fde427e89f48e7f977e3cc3ec376421127d71bebb7c31a66
artifact/scaling/generated_coq/n480/V59_N480_PRODUCT_265.v,355,ed71ae09bfd3677cef1640598baa1a7c7d9c71b17236525b326236059bce73ee
artifact/scaling/generated_coq/n480/V59_N480_PRODUCT_270.v,355,e568b53b265f29a1fc326a39d0e5187250eb4629e240d904221c40f189e1707a
artifact/scaling/generated_coq/n480/V59_N480_PRODUCT_275.v,355,fbeb95fa422e571465658f0848f22a476714cb81c8614558c7c6e08bc6ec1bac
artifact/scaling/generated_coq/n480/V59_N480_PRODUCT_280.v,355,acdb7723a5552e73737ad7898c5a9effe6bfdeff1a85bee0671d5d564454797a
artifact/scaling/generated_coq/n480/V59_N480_PRODUCT_285.v,355,b2b6a8da4f1d8f3e8022140fb61ceb66444b1aca94ddf1ecb4391933ae6ba292
artifact/scaling/generated_coq/n480/V59_N480_PRODUCT_290.v,355,36856162346ff089025a071d09548600df6ab3b2207ee2bbc1d0c4944e67b5d7
artifact/scaling/generated_coq/n480/V59_N480_PRODUCT_295.v,355,d2a06e24a1523fd54707336c0f1280e53f6de28179a2dc5b8a6988c2bee08163
artifact/scaling/generated_coq/n480/V59_N480_PRODUCT_300.v,355,40b66a5d142dd14e95c6a11c4f74103dae124bc9d4aa9771e00fef04c5823775
artifact/scaling/generated_coq/n480/V59_N480_PRODUCT_305.v,355,2cd737a40791b872867aa18014a032ee001a72110ccc9562d83b030c0f518349
artifact/scaling/generated_coq/n480/V59_N480_PRODUCT_310.v,355,ff7d32c549eebe533817ca7e05eb79269231a596b8b4433a15ac27aed5080286
artifact/scaling/generated_coq/n480/V59_N480_PRODUCT_315.v,355,8bbd2717d4e3701aa824a9200f8de93b28894cfcd75be36c209e3d9e784e8d8e
artifact/scaling/generated_coq/n480/V59_N480_PRODUCT_320.v,355,e95af4c581b4d3751370c27fcf75f91d1435ebdefb04670eefcc0e621a43521a
artifact/scaling/generated_coq/n480/V59_N480_PRODUCT_325.v,355,79005a55ca4a39fe1110b89bfdc0e72da6b9f71a79ec2e4a91254d6db895cf4a
artifact/scaling/generated_coq/n480/V59_N480_PRODUCT_330.v,355,c3d7e60b50c90fcf2fa61292dba6e5208c1ef4d262e0e5a60aa5ef8a23695b2c
artifact/scaling/generated_coq/n480/V59_N480_PRODUCT_335.v,355,0302c0cd57bebb5259f9e81190c5a49689f07d2294caa3a12de44bdd7c307635
artifact/scaling/generated_coq/n480/V59_N480_PRODUCT_340.v,355,576a9b4ab1626dafbe017415c11f5416efeed0da7f472ae716895a78f82d5426
artifact/scaling/generated_coq/n480/V59_N480_PRODUCT_345.v,355,3933989e78e1cfaac6daa3fe5ab21611722b9cbbb28b9d91e6c94f87f0326dce
artifact/scaling/generated_coq/n480/V59_N480_PRODUCT_350.v,355,9acf4ed74ec5e3ba04980ae322b2ce3172630c41b32600496d4d8b2d7fbe21aa
artifact/scaling/generated_coq/n480/V59_N480_PRODUCT_355.v,355,57b5bf388c12c18fff9037f2aeb57f2a9998044aef88ee32352a75d26456072a
artifact/scaling/generated_coq/n480/V59_N480_PRODUCT_360.v,355,c2523f7a22932de201373ca5d7538b6554c51411ccd77ad07d7edb551ab7adc6
artifact/scaling/generated_coq/n480/V59_N480_PRODUCT_365.v,355,c02f8c0e628e8e6451caf80f07c04e245d5b829de592d076112d4d5ab082372a
artifact/scaling/generated_coq/n480/V59_N480_PRODUCT_370.v,355,25a4ae941e6dcc27a7569d177bd0785573fd02fd1e7d0aa0ec48cdf92b8410b7
artifact/scaling/generated_coq/n480/V59_N480_PRODUCT_375.v,355,f14175cc4d25bd673e68b633ca68e2bb863f6f31e1285581b13ee6d6853901c3
artifact/scaling/generated_coq/n480/V59_N480_PRODUCT_380.v,355,c72fdbb9a13610ef8a5101dde71c700c39cb9b01c10f3a8f00b1881d6a6db7a8
artifact/scaling/generated_coq/n480/V59_N480_PRODUCT_385.v,355,6f5a6e0c71e951e8d839b29343b15fe0b90798e08001961fc1324664665dceef
artifact/scaling/generated_coq/n480/V59_N480_PRODUCT_390.v,355,699fe000809a8d8d1596f5087f02949e4fcdfc050f16c14fcdb1142900e6972b
artifact/scaling/generated_coq/n480/V59_N480_PRODUCT_395.v,355,af781c24d2ccb245fa7e81ab62118f54815a3b64e093b841207b6c57ec7da0d2
artifact/scaling/generated_coq/n480/V59_N480_PRODUCT_400.v,355,478f65eb1555f6d6b00631d6a494f99f00fe5b806072a3ee2fb88710bb020bf1
artifact/scaling/generated_coq/n480/V59_N480_PRODUCT_405.v,355,cc1f9f559db07935cc34c17adae015563a798602aa57a3ed900e1a9ac2190971
artifact/scaling/generated_coq/n480/V59_N480_PRODUCT_410.v,355,f44555928d3a7ddddc8d7c63aa1f20586d2d5a18344203d1865fcdee3fe22099
artifact/scaling/generated_coq/n480/V59_N480_PRODUCT_415.v,355,7527bda9ddcd22f8bfee0590a4da4a07151ce30c8f2376dcf826a0914b65b3d4
artifact/scaling/generated_coq/n480/V59_N480_PRODUCT_420.v,355,0d5cc3b05fb1fb328a9762f39ca9663fd97506164b44f4fc8d6c5e53f9a07206
artifact/scaling/generated_coq/n480/V59_N480_PRODUCT_425.v,355,2ecd8fc066f6c8ac507f378bfc09a6d51f65fc80b7ec7a9ce38bac525290bbab
artifact/scaling/generated_coq/n480/V59_N480_PRODUCT_430.v,355,1f4d125fddc4501903ea0b434d2c1ae1559a99ebd39ca80619c975dbbac91e7f
artifact/scaling/generated_coq/n480/V59_N480_PRODUCT_435.v,355,d9dfd6788ce545d0b7193c377131b59f0ffb20e242e0b00b5884640fc14b17c5
artifact/scaling/generated_coq/n480/V59_N480_PRODUCT_440.v,355,2530f431596c5222b59bf0c5ca0e4a90bf12e70c644eae8e2a54edb51c157d44
artifact/scaling/generated_coq/n480/V59_N480_PRODUCT_445.v,355,50e872f6a1efd3ae4d05154824c178aae8ef2ca98ae1f223ebf3adda61d13fc6
artifact/scaling/generated_coq/n480/V59_N480_PRODUCT_450.v,355,a15767724d02a98932d63866d15a646a775c6d4be66e667454acf354bcda9231
artifact/scaling/generated_coq/n480/V59_N480_PRODUCT_455.v,355,805baef290d0322ed9947703e06c74ee7d61a6240153887cffdde19d371f96e7
artifact/scaling/generated_coq/n480/V59_N480_PRODUCT_460.v,355,212b258fc3a48782dacecf0ac1ede14d828e57fb141d3847598fca2c660ca982
artifact/scaling/generated_coq/n480/V59_N480_PRODUCT_465.v,355,5fede4ac6d62b73aba022a2599970032a922cde393b845e5350063f1b7803d3b
artifact/scaling/generated_coq/n480/V59_N480_PRODUCT_470.v,355,279878f7f2eb6f8c183590c63e4b9d7469b056f6a1fc721eeab2fd19cb764256
artifact/scaling/generated_coq/n480/V59_N480_PRODUCT_475.v,355,d530b0e80f3a2a2002f188ad8fb0176150f7eb5b4ad5365ffaa825f7f28418ac
artifact/scaling/generated_coq/n480/V59_N480_PRODUCT_480.v,355,ac26ea9433edb52c23a139af6ca7d460bedd6bed66f2225f6d0bd1cfa4ef5c9c
artifact/scaling/generated_coq/n480/V59_N480_RETRACTION_003.v,320,4a49633c4f2719f5e3c718c7f2c171850dfdfed47044b2da4b93df94150eee95
artifact/scaling/generated_coq/n480/V59_N480_RETRACTION_008.v,320,257c52daf5fe1e71f84e6489be6239f6a47c8114ee34ed4c33f3423e64eee4d4
artifact/scaling/generated_coq/n480/V59_N480_RETRACTION_013.v,325,bef3fb139209a43d45790760c9227ba8493a0ac9f753c6ed2fe35bba21560c99
artifact/scaling/generated_coq/n480/V59_N480_RETRACTION_018.v,325,73504786bb39e674511896e2cb69433cc668cceb616e8499d5f2cecc2cb565df
artifact/scaling/generated_coq/n480/V59_N480_RETRACTION_023.v,325,aa4cf68700ad2005dc4c7d67879b02d81403cc8d6b2ae4c038a3d65903fa024e
artifact/scaling/generated_coq/n480/V59_N480_RETRACTION_028.v,325,8a1c80163d00eb6030d30c15a669d66c072b86f844a61bdd5a3ceca439108d05
artifact/scaling/generated_coq/n480/V59_N480_RETRACTION_033.v,325,c14edbb13fd1c8a383258aca5cb0d7232467bdabcc5b2a18bfc83078f157a957
artifact/scaling/generated_coq/n480/V59_N480_RETRACTION_038.v,325,8122c3e870774d8e2ee365730d835f9b1beb2e84d79d35adfdec247a8b45168e
artifact/scaling/generated_coq/n480/V59_N480_RETRACTION_043.v,325,7b2211c49cdd9be1542eb4a56e81336129bc27298f24fce40e26f20ec55f3fd9
artifact/scaling/generated_coq/n480/V59_N480_RETRACTION_048.v,325,2ddf2cf15ec6ada9b0745c424672cdee813f01c108bb4b2f3599a32beff1981b
artifact/scaling/generated_coq/n480/V59_N480_RETRACTION_053.v,325,87a0da8269319ed52c3c98fa128c1d5102206d3871733dc6d0ee97081f9df2a7
artifact/scaling/generated_coq/n480/V59_N480_RETRACTION_058.v,325,be3258e52e36989ab82b321f7b9f65874c5540a781107ab25ffd83eb5e7b177f
artifact/scaling/generated_coq/n480/V59_N480_RETRACTION_063.v,325,b662e986606dda0df546487d698f2f1462b9b3414d5ccf58d2155b670cb646ea
artifact/scaling/generated_coq/n480/V59_N480_RETRACTION_068.v,325,712a44b814dfaf93f4ee0d3e786ada6e260c7d69dfb0faa78cddcc636c71cd37
artifact/scaling/generated_coq/n480/V59_N480_RETRACTION_073.v,325,5ae53f2b5e9c4dad68089b7f0d1f9399d8d34234deb1924e353d1c90082f1d61
artifact/scaling/generated_coq/n480/V59_N480_RETRACTION_078.v,325,d3f4f63c2104a82f576ec0450cac6ca8c5af2f6b138eafae52e31c364ad625ba
artifact/scaling/generated_coq/n480/V59_N480_RETRACTION_083.v,325,208d3e8d1683bf1221c10d29c1ddeb77d6b8ed9e71144f16aa50064bcc2fcce2
artifact/scaling/generated_coq/n480/V59_N480_RETRACTION_088.v,325,e215e690b9f99e7b9e47eaa1917d500c60bf707b3367975d7e1e0dc58495ce95
artifact/scaling/generated_coq/n480/V59_N480_RETRACTION_093.v,325,1798ed92caff6d2907efc2956dc68f8293899d3bf1a6032a16208ed6da631d85
artifact/scaling/generated_coq/n480/V59_N480_RETRACTION_098.v,325,1aea5ca8a1131322e2954824f02b612c6595db53acf6ef55885e38cc4f3732b7
artifact/scaling/generated_coq/n480/V59_N480_RETRACTION_103.v,330,e7f69475ccc5560faf07e5c81edfa01011a35feaf9a57dfcfa367ea8a0dd94f6
artifact/scaling/generated_coq/n480/V59_N480_RETRACTION_108.v,330,48f5986c892a2d155a2c86ad780389f1e76f1d72872e6be54adbadf7e26c1136
artifact/scaling/generated_coq/n480/V59_N480_RETRACTION_113.v,330,2f4bb26bea47f285385961c57c844d7be59f9ddf90421103a677441a699d001e
artifact/scaling/generated_coq/n480/V59_N480_RETRACTION_118.v,330,f713468a9621cc5c7a364037b668d944bc8978943ea0a88bb0560f6cd44d4de7
artifact/scaling/generated_coq/n480/V59_N480_RETRACTION_123.v,330,2ddf4b69d50dc5bc130d1abd1cc34b1cf3c03277ba3a6281606e19be2de50bf4
artifact/scaling/generated_coq/n480/V59_N480_RETRACTION_128.v,330,ad8d644555abb6c384ff04e591ac4a877e993ebb1b584392d8509dd5da978982
artifact/scaling/generated_coq/n480/V59_N480_RETRACTION_133.v,330,d74579f875e942b94c1ec804914828de22322954b6e103b92a4df48f470c3e61
artifact/scaling/generated_coq/n480/V59_N480_RETRACTION_138.v,330,f489a11d5c19822b0b18e5679a871c3ca56f99f3f3d02ce824e9e4b3b5653a1f
artifact/scaling/generated_coq/n480/V59_N480_RETRACTION_143.v,330,8b52d2ada581cbe08a9ab4a589b02c27b8645209b12004454bfeb7356c402351
artifact/scaling/generated_coq/n480/V59_N480_RETRACTION_148.v,330,86ec13248483412068937c0a57860741844e80ee28b6e53682911da7390ec958
artifact/scaling/generated_coq/n480/V59_N480_RETRACTION_153.v,330,4637ef8d0fe6fc3428b06f61b031972bba1a2058a04c008ba827fa22760dd68b
artifact/scaling/generated_coq/n480/V59_N480_RETRACTION_158.v,330,49d93562955251ecb2862544a8bcc253bd2fe7f382a80949cad5f67dca3f67ce
artifact/scaling/generated_coq/n480/V59_N480_RETRACTION_163.v,330,5b16442b28d9ede9f4dd417a7192bf8330b95e5b7c0452ad43b31c1af9ed5be7
artifact/scaling/generated_coq/n480/V59_N480_RETRACTION_168.v,330,175f83604ffc0a871f23ad953e1e69a735400e55d61402375077e6ba8c0b4a6d
artifact/scaling/generated_coq/n480/V59_N480_RETRACTION_173.v,330,8fce80bd95ff1d383e7354b60996b87f29499573a472d6931d72392bf70466db
artifact/scaling/generated_coq/n480/V59_N480_RETRACTION_178.v,330,b1b371ea6a31cf7a03d2f26bfcf35cea074a1fff37a21eb747d065e57f5790e8
artifact/scaling/generated_coq/n480/V59_N480_RETRACTION_183.v,330,732ee7240aaec199684f3cb51f20265ff80b3d0d0df74af082c8930c2860efa2
artifact/scaling/generated_coq/n480/V59_N480_RETRACTION_188.v,330,27b22a93b5357cfffd6a86f6bed1b86e70bada3fed0d2b7dbb018908ce25b235
artifact/scaling/generated_coq/n480/V59_N480_RETRACTION_193.v,330,5717bdeb58f29149c83c88d4e5e075ccc2bcba7aafbf3da680be629308a7f192
artifact/scaling/generated_coq/n480/V59_N480_RETRACTION_198.v,330,81376e270e2b69f2ea609a79ee5bd2160fd9954cde97cf8a9005113438db9e0a
artifact/scaling/generated_coq/n480/V59_N480_RETRACTION_203.v,330,ab4487299ba1258d62846a05ba25ee4bf86316b79b65ad75de0d5762825756ef
artifact/scaling/generated_coq/n480/V59_N480_RETRACTION_208.v,330,b7935257015c9096f90dc71b137aa08d5cc719744e7a932c5919473eed01640e
artifact/scaling/generated_coq/n480/V59_N480_RETRACTION_213.v,330,72c76c050dd4db0635691112ddfe68080df0f81622ad4f1a326f36db3d7c6cad
artifact/scaling/generated_coq/n480/V59_N480_RETRACTION_218.v,330,f24c6eb671a456d9f986956110d67ba5b55d5596c6db7ed10fcaacd4f51373b9
artifact/scaling/generated_coq/n480/V59_N480_RETRACTION_223.v,330,e4f7e713f5c749b97a08764667c1f9f12a17b28e3b5d325d2d8014108b350c52
artifact/scaling/generated_coq/n480/V59_N480_RETRACTION_228.v,330,ad992502446737e34dcbf46b991a6f44e7acc6fca87c67d4f3c13d5446315235
artifact/scaling/generated_coq/n480/V59_N480_RETRACTION_233.v,330,81b24f49f0155ec1122f8213b14cb4e30dd64436bd04c60867a9fe6a08973719
artifact/scaling/generated_coq/n480/V59_N480_RETRACTION_238.v,330,2bea75a680ddcf04d04eba68dd63cb4e6872cd0eaf0decd737a83d3a08e6a9f9
artifact/scaling/generated_coq/n480/V59_N480_RETRACTION_243.v,330,707d9c00dedaebcf6968894412635206b604d3b47b56c6728f65d7f4e6542b20
artifact/scaling/generated_coq/n480/V59_N480_RETRACTION_248.v,330,0646732e6057d26b4b26fd70041ce1fb252e585d65fcdfc4ef8b2a76da061e8e
artifact/scaling/generated_coq/n480/V59_N480_RETRACTION_253.v,330,b234f12a7d77ea6adcd2f8188eeee1e7976014af979c5389c0cea9bb3c6ec06c
artifact/scaling/generated_coq/n480/V59_N480_RETRACTION_258.v,330,f75442af8e247aae68c81f9fec3bac8bb65315fd2ee761ec33a23fbf90c9bb0a
artifact/scaling/generated_coq/n480/V59_N480_RETRACTION_263.v,330,6105f5f0653824ee915b168104ad5e7da4d1821afa51795470ec30e114e8d105
artifact/scaling/generated_coq/n480/V59_N480_RETRACTION_268.v,330,59d96e18d6126cb8182e3a739d5ceef3993808f08c12cb975b8ce3874d142556
artifact/scaling/generated_coq/n480/V59_N480_RETRACTION_273.v,330,4e1f63baf41d90a78a693732ddb5d2ab0205835b5a9c5d28fac17005fecd0fbd
artifact/scaling/generated_coq/n480/V59_N480_RETRACTION_278.v,330,ce1da889beff13acb0bab1c6c60fa7bc09fecbfbf9dfd98ae1206e7d12eff4bd
artifact/scaling/generated_coq/n480/V59_N480_RETRACTION_283.v,330,76af293ee66560d9d112fa0211bb6f29d19161cdabe6886714c0c2749509d082
artifact/scaling/generated_coq/n480/V59_N480_RETRACTION_288.v,330,3482ab461962de45455a6036270fc9d9e193b6c101dc3657abdfec1d4a411ad4
artifact/scaling/generated_coq/n480/V59_N480_RETRACTION_293.v,330,dbfb0be678c95de52fdbbae374653f3298d666ac94a8276e3beea733cde4c6f1
artifact/scaling/generated_coq/n480/V59_N480_RETRACTION_298.v,330,44d99171b0d6600924d82faa89f22f6298551ac4703b222ee5667e8f18bbb068
artifact/scaling/generated_coq/n480/V59_N480_RETRACTION_303.v,330,d30f9e504f37fe7544fb1293517fcb300a52027f5e3a08cd28fdc2ae90c4eb5a
artifact/scaling/generated_coq/n480/V59_N480_RETRACTION_308.v,330,affdceb5dd3ac8e5207a04ff7bb7ae1e27ddc9407a62df59e0e33b782411ae2c
artifact/scaling/generated_coq/n480/V59_N480_RETRACTION_313.v,330,4fa2f6b4ee1e6b6b0770a95050de6a7d420ba0c7b669a8f6852732fc6166f95b
artifact/scaling/generated_coq/n480/V59_N480_RETRACTION_318.v,330,c63a4b60990bd3f3d4e59988e87f37a0e8287e4313c0d9aedbe929e707af0295
artifact/scaling/generated_coq/n480/V59_N480_RETRACTION_323.v,330,4d36df42e8703c4ff9019edd40c2b6484601172710b22dff874e6661a6d8a79f
artifact/scaling/generated_coq/n480/V59_N480_RETRACTION_328.v,330,d28732dfa24af80054c592b9fe1dbcbdeb4d8718f65d7698f2b3624a44782f3f
artifact/scaling/generated_coq/n480/V59_N480_RETRACTION_333.v,330,6117c7f3e9c7d082197b77c2f1f34e979c0233bcc0f9b7848ea7d6d49e102b0e
artifact/scaling/generated_coq/n480/V59_N480_RETRACTION_338.v,330,f49b885a70d555e6065d000994a0b66c2cf711a292c9a28d0405c1a83e8e26a2
artifact/scaling/generated_coq/n480/V59_N480_RETRACTION_343.v,330,606456f57a327adcc35d91d53c195c9d0b0e4d7802159a007a1941d52d032730
artifact/scaling/generated_coq/n480/V59_N480_RETRACTION_348.v,330,659c70b2daea1bb80e990f27a0db609046fd12057db546db10f6cee26dcde5bd
artifact/scaling/generated_coq/n480/V59_N480_RETRACTION_353.v,330,4a9097c326cc2cc19cfac2c59b3e286e58d48e0796f91683be5975c99f583713
artifact/scaling/generated_coq/n480/V59_N480_RETRACTION_358.v,330,85a0a4c8dece539f4011de6ab0cf94833db0824126b7f5fc15dcf79aa9f38497
artifact/scaling/generated_coq/n480/V59_N480_RETRACTION_363.v,330,6a19ca9ef99769fcec208fedd36a398ba43286e8c07a4591c97b5d3292d73a7d
artifact/scaling/generated_coq/n480/V59_N480_RETRACTION_368.v,330,f50c84fd2d1dc248f9bc65b6e36c0604e5374fedf7832f33825248b9cca20647
artifact/scaling/generated_coq/n480/V59_N480_RETRACTION_373.v,330,38d4c646068f8861cc5f67f84be1072ca36a5669812f9e053306839f33a10836
artifact/scaling/generated_coq/n480/V59_N480_RETRACTION_378.v,330,920540bc84e9d174e25d23706399897da0c57e5628996f2be29427966c33641d
artifact/scaling/generated_coq/n480/V59_N480_RETRACTION_383.v,330,069a7165c403f4f594be75dfabfc7c8e27edb3b43e9de4b58272131689891e67
artifact/scaling/generated_coq/n480/V59_N480_RETRACTION_388.v,330,17102457e98a8caf2809487109c905af4aeae07d3287a40a497cfa5d87915bcc
artifact/scaling/generated_coq/n480/V59_N480_RETRACTION_393.v,330,a485705810ed5150a220a5ae025055814ac2f59d5faaeeb04a679e0cdab8d3c2
artifact/scaling/generated_coq/n480/V59_N480_RETRACTION_398.v,330,0feeb860444b0128ef1cd89911afc30884eed095b2e7edcaa3a2214e4924a5fd
artifact/scaling/generated_coq/n480/V59_N480_RETRACTION_403.v,330,96787ad5aa24cb05b5939a1fe5da98eeda8f748e3b85cd406e25db6843c1e332
artifact/scaling/generated_coq/n480/V59_N480_RETRACTION_408.v,330,7e5d1d9487dc8e9b9bf3a2dc79c19942bf98a78d3d0c0359f96ccff68fc45645
artifact/scaling/generated_coq/n480/V59_N480_RETRACTION_413.v,330,7c5f110296156110a84ec6b3bbd7153244b613c9dd49cc35bd72f12dc0a876ea
artifact/scaling/generated_coq/n480/V59_N480_RETRACTION_418.v,330,d607bddefd31caed2f236fc04ddf3e9dfafb1bf829a2acdd96879ad9d4288fec
artifact/scaling/generated_coq/n480/V59_N480_RETRACTION_423.v,330,333418de2b2dbf2392abc4e641a6d0e950ca15dca32669db6c9d7c545b249e45
artifact/scaling/generated_coq/n480/V59_N480_RETRACTION_428.v,330,8bf544f67f3d18e220c3b00af0b2f5528ad8e171589f74e068f31d009b684919
artifact/scaling/generated_coq/n480/V59_N480_RETRACTION_433.v,330,21d5f70875500606c14875bc162b5e618435c4cbfdc81cdd360f3bb998e05abe
artifact/scaling/generated_coq/n480/V59_N480_RETRACTION_438.v,330,10695578c3a64c1098510d65e3ee55c07939ccf41b70394ba6fbc2a0a6750ef2
artifact/scaling/generated_coq/n480/V59_N480_RETRACTION_443.v,330,7d0d145b2ea5ed10154a7d315233b8c90ce94cac408ad01f312a0f518af4b8eb
artifact/scaling/generated_coq/n480/V59_N480_RETRACTION_448.v,330,1b084cb8866931fecc1318d8cbdee03c715717c81e15564b74c7ec4851e5f4b8
artifact/scaling/generated_coq/n480/V59_N480_RETRACTION_453.v,330,9fbeb0e36197663fc467295fdab783f43c58b3e9c3d09f577c41ddf9a45af2a1
artifact/scaling/generated_coq/n480/V59_N480_RETRACTION_458.v,330,97c9ef39d874c65cb4da8ab75eed328a7b6a956a85e29b7def7ac567612860d5
artifact/scaling/generated_coq/n480/V59_N480_RETRACTION_463.v,330,40867ceafc774c5b729f3ca93ecd7136326e439e483c606e7c7138833145c718
artifact/scaling/generated_coq/n480/V59_N480_RETRACTION_468.v,330,8a3ae10d4d5be3e5e568de526e0f06b280bd47e5201cb2172055e60c894b080d
artifact/scaling/generated_coq/n480/V59_N480_RETRACTION_473.v,330,26880e226e0ccc02cb4e0669f0b5800c51ec941e64669386dc68cde6748cb313
artifact/scaling/generated_coq/n480/V59_N480_RETRACTION_478.v,330,8fdf63c43c1293ec27b65df9cfd7d9e0961ff0e9aaa4d5a7aab6af0e2ce0d323
artifact/scaling/generated_coq/n480/V59_N480_SECTION_002.v,391,6a7c23b9b93f41f4a72927574e6d244b02668b98857a0b0ebca49ef8cbd41913
artifact/scaling/generated_coq/n480/V59_N480_SECTION_007.v,391,3c59f2bc5c5c3622762428966e20db11911c2bd9b9d68a15421316aa83dbc1ff
artifact/scaling/generated_coq/n480/V59_N480_SECTION_012.v,396,33408b9480a8fd69bd8f794821578db97bc8dbd7b5d0ac34785f1fb01af80dd9
artifact/scaling/generated_coq/n480/V59_N480_SECTION_017.v,396,453738215912b123f16ec170b8d823448094ec7c1a5a405d004658aa9186ea18
artifact/scaling/generated_coq/n480/V59_N480_SECTION_022.v,396,f1bfe8d80a4495f3e57454017190491798406648d359a7ff04e0e4964064cc75
artifact/scaling/generated_coq/n480/V59_N480_SECTION_027.v,396,b70367c5304acde4dd51a364296927d47cdb18d2697c11f4b14c4589bc7190db
artifact/scaling/generated_coq/n480/V59_N480_SECTION_032.v,396,1c7b4003d99fdfaec1f25ff707a6146b921d91aa887d681bb8ba05ac29121271
artifact/scaling/generated_coq/n480/V59_N480_SECTION_037.v,396,eb312596068873fc3c7c03fa88180f6ca50b10fa31859c959dcc80a299eb7b6d
artifact/scaling/generated_coq/n480/V59_N480_SECTION_042.v,396,625f837774876adcf491064f2fed2825bc2e5efd71236feb2bc6b4bc0e746d78
artifact/scaling/generated_coq/n480/V59_N480_SECTION_047.v,396,4081ebe8418053e4b329f24a1673eeb7e604de5ad64d2b9e3fc5d2ab7a2f6b72
artifact/scaling/generated_coq/n480/V59_N480_SECTION_052.v,396,28dbcd044c81c9d4511d277e52096c90b9e97a5fe9c2f70ad798963b94bdbc61
artifact/scaling/generated_coq/n480/V59_N480_SECTION_057.v,396,19e7a42e2604f8f20c67c420f9d52ad098fca032e27cacbd8b07bdcde22753ca
artifact/scaling/generated_coq/n480/V59_N480_SECTION_062.v,396,20228e0f40f8a4fcf95c0fbb7e5e4d25a656bd232c1b365359b321d43026b2a9
artifact/scaling/generated_coq/n480/V59_N480_SECTION_067.v,396,6ebbbc0a3ab1b23032b9100a1ec5416e34401bea24a62953d6fd6e10bea5388c
artifact/scaling/generated_coq/n480/V59_N480_SECTION_072.v,396,ebc3b4d4f39da73583b41c1adddb7d375ffd8ccd1cfade9bc3a3901bc2bee9b5
artifact/scaling/generated_coq/n480/V59_N480_SECTION_077.v,396,64b2fcf7a1cb499f06879e238e12aaddc48f49d93dcc9821858b2cd8e353fce1
artifact/scaling/generated_coq/n480/V59_N480_SECTION_082.v,396,4abdba043bbef335bca7402906e001a69638a2ed78e7b2634a0b0ce28646e971
artifact/scaling/generated_coq/n480/V59_N480_SECTION_087.v,396,76ae43a6d38dfb14eca0efe1a0eb6c7f9aa76768f143d72d75e6951997fd8082
artifact/scaling/generated_coq/n480/V59_N480_SECTION_092.v,396,90ee1dc3b25b7e7c740a451123a0551820671c0ffdb40403e5ffff12b0aa99ab
artifact/scaling/generated_coq/n480/V59_N480_SECTION_097.v,396,bc672777e288a0d0b9f2513f86f1780861d628ca2b7d4655d7b32dca89ef454f
artifact/scaling/generated_coq/n480/V59_N480_SECTION_102.v,401,1760ec9d410aba3fec6bbc67fd918a9c151629f5cb1e156615c7c004a586e260
artifact/scaling/generated_coq/n480/V59_N480_SECTION_107.v,401,43a6fe904c6d235e936773d8393e2bcc499dbc6fdf9209fd136f5d529b5e6ec2
artifact/scaling/generated_coq/n480/V59_N480_SECTION_112.v,401,4d1b498fb2e5ecece6ad360b6359a2e44044b4baf3c75a0cdfbea5181b59a00e
artifact/scaling/generated_coq/n480/V59_N480_SECTION_117.v,401,066a5e823f7ec32eb83b811de1e13fbeac2a31b2aebca1c151c5264b04ca3b75
artifact/scaling/generated_coq/n480/V59_N480_SECTION_122.v,401,0fd128d388c73ca8d082a6f19b2b64dedd5222c020d3758fef60e5c4fe21e38c
artifact/scaling/generated_coq/n480/V59_N480_SECTION_127.v,401,893ff78057c4fae64ddbcd890e1a68046e3fb921dcb9bc80deb397a8dad2aa0b
artifact/scaling/generated_coq/n480/V59_N480_SECTION_132.v,401,78ea343b91557cf30f2dbeb281197fddcde897cd431df9548e51424246dce86d
artifact/scaling/generated_coq/n480/V59_N480_SECTION_137.v,401,6123a6100fdf34e3a45733628850d4c5011ab977aa84023a688278858cec57a2
artifact/scaling/generated_coq/n480/V59_N480_SECTION_142.v,401,ebc2a9f6c299b8b8bc7761d39efe2ff26782a56894d99ec6ebf4b36dd5fa6866
artifact/scaling/generated_coq/n480/V59_N480_SECTION_147.v,401,1ee66e2e8c33ee1840727d42aff937b7a3b338a515b0b913f33b5b8e0681cb1b
artifact/scaling/generated_coq/n480/V59_N480_SECTION_152.v,401,d7abfda0936a0ccc751c80cb567ceb11a6d5d780a33aa6fbbb9767a6d7f7f10a
artifact/scaling/generated_coq/n480/V59_N480_SECTION_157.v,401,3e93b539077c741d5d8ea5056106d3c0b66a14f9c24261975c3682b0b83feacf
artifact/scaling/generated_coq/n480/V59_N480_SECTION_162.v,401,208b6b84c449286b4b809ff209ac9324643a077a01c61d4416bfcb82602667b4
artifact/scaling/generated_coq/n480/V59_N480_SECTION_167.v,401,509f46b7500ea9788a0f87a9027a1c5a30fbaa02cc6f6ef2fdcee9b5f6dfbccb
artifact/scaling/generated_coq/n480/V59_N480_SECTION_172.v,401,76571a741b74097ca1766e981193b3977156578175dad3a6ad8efabead1abb28
artifact/scaling/generated_coq/n480/V59_N480_SECTION_177.v,401,86da06078b163d1ec00102b705c3981506cfe410748efcd7f533f143cef34c68
artifact/scaling/generated_coq/n480/V59_N480_SECTION_182.v,401,2e8d7a3c07f50d1dcae07b61897243a1db220e412d3fca0977c3dd0069ce60b7
artifact/scaling/generated_coq/n480/V59_N480_SECTION_187.v,401,744e8e54e8e890cc42ac2239fc927527e6d6b0d74d36aab7756b5489a145978a
artifact/scaling/generated_coq/n480/V59_N480_SECTION_192.v,401,c6d9c387ec0a1a0bf4feabecd206c401fbb4c201d082f4e1ad27da3f6dd3b1b5
artifact/scaling/generated_coq/n480/V59_N480_SECTION_197.v,401,108d45a49e9e512291b4d4b1dbb76f902cf043effd178075fb8b2ed9be56e84f
artifact/scaling/generated_coq/n480/V59_N480_SECTION_202.v,401,fa6b37f24c39a70fa8bc2e74622bcb3c01dd12296852922cb808b731224e911e
artifact/scaling/generated_coq/n480/V59_N480_SECTION_207.v,401,bb55d53bc14970ab7127a8dc354042444f9c2509e327ec1dace83c4e0e91767b
artifact/scaling/generated_coq/n480/V59_N480_SECTION_212.v,401,090b2dbc64b778a5599d8f92c613b1553936d09af5f9916ee36b69a149c55161
artifact/scaling/generated_coq/n480/V59_N480_SECTION_217.v,401,f1a9161f442960d5946508a4bdaf344dfabe506b6fc9c261b07ad99f15b598e2
artifact/scaling/generated_coq/n480/V59_N480_SECTION_222.v,401,eb00b0d69ff2709c12a1320c326db2587ecb7230def5206e829a3dbfe81b0f11
artifact/scaling/generated_coq/n480/V59_N480_SECTION_227.v,401,bbcfc8c1329e6cff69cb473839f03a40b0566988d4ed4df64f45b26f28ad31b3
artifact/scaling/generated_coq/n480/V59_N480_SECTION_232.v,401,cd167302b3a7dfe915250efb3ad87fcd2281c8173d370fd45542ff90fb1ad816
artifact/scaling/generated_coq/n480/V59_N480_SECTION_237.v,401,55a6c39cf5a3a03351ffcf1417f394f446fb4384ae41a058c9cc093a95c4d2ef
artifact/scaling/generated_coq/n480/V59_N480_SECTION_242.v,401,e0fc78d850f0f92d4c834ce4b97d19d499653daf8c992d0d95423e3cb0441f28
artifact/scaling/generated_coq/n480/V59_N480_SECTION_247.v,401,727199ee275ffa0ad55f16e651f967556688699403be96a46fb91028720ad319
artifact/scaling/generated_coq/n480/V59_N480_SECTION_252.v,401,415a403b47afd5d4de34b161383167a06d4b0d554b5ac7e4420207979a9a06c0
artifact/scaling/generated_coq/n480/V59_N480_SECTION_257.v,401,21590bcf91aa9484dd68d348fe5ca60fbf56b917198aae6f2c501026f57378a0
artifact/scaling/generated_coq/n480/V59_N480_SECTION_262.v,401,c383122d9053b4fca4d9434084f753ae885616fcfc8502726efea5029cbfe12b
artifact/scaling/generated_coq/n480/V59_N480_SECTION_267.v,401,3ab2016e7bbb83bacbe6c83f8b37bb2df0a1dd3f10a6e1292ee595ced956deb4
artifact/scaling/generated_coq/n480/V59_N480_SECTION_272.v,401,e89ada6a45eca675be5ad5eeaedcb487aefc1afa54d7cd3e466c4a063c1de3ee
artifact/scaling/generated_coq/n480/V59_N480_SECTION_277.v,401,a0a9bfafd2f92953c494947307f322e6a124eac3a00c7f1ba6d9c9295b95c6c9
artifact/scaling/generated_coq/n480/V59_N480_SECTION_282.v,401,7ca7489d222333c3c4f00647a67cd9a98cdb1070c192d6403a45b1202ea85f27
artifact/scaling/generated_coq/n480/V59_N480_SECTION_287.v,401,8af724876d4cacc70b8c0435e3f03a502a12db54c8303ccd0bd26f1976cc82a4
artifact/scaling/generated_coq/n480/V59_N480_SECTION_292.v,401,e4802ca1445d6cb9e958ca4665409afc2bcec04b27d3456b330b9f7a01fa72b9
artifact/scaling/generated_coq/n480/V59_N480_SECTION_297.v,401,e82b0d37fbdc8cb01e00df7ed11981b0572e5423d468f6c9ea608053730c594e
artifact/scaling/generated_coq/n480/V59_N480_SECTION_302.v,401,48d541f10e24ebefd125fbc79e0e05ddcc7cd132bd25094c0cf0dadd8021885a
artifact/scaling/generated_coq/n480/V59_N480_SECTION_307.v,401,9177b75d114d0d01a23903ea965b23731a6669b1bde75c4bb963abc44f1db96b
artifact/scaling/generated_coq/n480/V59_N480_SECTION_312.v,401,1e4ab39eff819ae8fddd3be6dea3264b7b86147800eb625d7fd6a23ad80f0b22
artifact/scaling/generated_coq/n480/V59_N480_SECTION_317.v,401,e41793a7d2aae54e5468d4c309bea23d9d318f06f8fb2fd490d40ce082c1997d
artifact/scaling/generated_coq/n480/V59_N480_SECTION_322.v,401,ff4330d058eec593a0550f7fb7bdef871f6e7453764a2655332e969055d43b44
artifact/scaling/generated_coq/n480/V59_N480_SECTION_327.v,401,a835b114f0a14d2cf8b9e060ca72b63b5117b2f30b5a2002fcd3e86e13bbcd4c
artifact/scaling/generated_coq/n480/V59_N480_SECTION_332.v,401,2b4aad6c2b9ec6e07a0f28bd27f6fffe9e9a03d7a770b420de9bea030cbaad33
artifact/scaling/generated_coq/n480/V59_N480_SECTION_337.v,401,6b47c846fc86102706579d07a0d479f5deef5aa0f515f969922424c65afa0a95
artifact/scaling/generated_coq/n480/V59_N480_SECTION_342.v,401,c9b0a786e286409ce5da6e61c4fd3e4379667756befed0b2419e3af460d8ea40
artifact/scaling/generated_coq/n480/V59_N480_SECTION_347.v,401,e7cc1a9e9c442fe58dc8537f473b00ccb48579dafb69c3c45bd5af14b06eeead
artifact/scaling/generated_coq/n480/V59_N480_SECTION_352.v,401,4f681028e638ec257275a5092eab3cd15377eec456cd700bf1851df881e6a3aa
artifact/scaling/generated_coq/n480/V59_N480_SECTION_357.v,401,283f7df1dfe43dfd5d0b73badbff684d882f85e95079fde2be722e3e6fe584e9
artifact/scaling/generated_coq/n480/V59_N480_SECTION_362.v,401,4f21c26c317b0fde6dfcbc7e2f1e3076aaf7bc933f656b27a8ac6c47379801b3
artifact/scaling/generated_coq/n480/V59_N480_SECTION_367.v,401,664d2d6708f5dc09e9c10810209c444a9c4369f1bada910f3da7f3e798e3c339
artifact/scaling/generated_coq/n480/V59_N480_SECTION_372.v,401,840588787bb160c2594c9d0d40c8c7636c1e9a21f786179ad9ddaa6725de1c28
artifact/scaling/generated_coq/n480/V59_N480_SECTION_377.v,401,6ddda3f5c7f28efd2051af2d2944cb81d052f73f1f6b005b0cf675c2455824c5
artifact/scaling/generated_coq/n480/V59_N480_SECTION_382.v,401,522cabfac5269f4fc2be99bf881eb9edcb55d382ddcd5c5225029fdb149f0a98
artifact/scaling/generated_coq/n480/V59_N480_SECTION_387.v,401,52603f5c623d35c05a929f49fa36d44b3230431462166d396c66cdd4a70f439f
artifact/scaling/generated_coq/n480/V59_N480_SECTION_392.v,401,48d772f6a4278db87ce9dbc349ef8452b1aac2700568a824f77c2d079e6697fb
artifact/scaling/generated_coq/n480/V59_N480_SECTION_397.v,401,4841128ee810888865ea23fa30c00b88ad4505b4f04c279c87153ab01a787eae
artifact/scaling/generated_coq/n480/V59_N480_SECTION_402.v,401,2e80862c7d61963255507434a6a9ea4ad6c3586be7fa4f752aaf865d03bc0fd2
artifact/scaling/generated_coq/n480/V59_N480_SECTION_407.v,401,1b8f8b6feb5c93cd0839dce580a7a3598fa8f01f102e8f16e058f9f1a68c6693
artifact/scaling/generated_coq/n480/V59_N480_SECTION_412.v,401,ee058c04891d61f7b1822e062cf5115baaf2022d1f7f24b28f56e31aa784214a
artifact/scaling/generated_coq/n480/V59_N480_SECTION_417.v,401,b0bd03fa2b2c12c0f13ae1a2d621b669ed7277806234fc43f4feb8d2966cfe8c
artifact/scaling/generated_coq/n480/V59_N480_SECTION_422.v,401,4d91c1897e436e9cd73f78cd11044992ee26a3eb91d6c67d950d775afb7761f6
artifact/scaling/generated_coq/n480/V59_N480_SECTION_427.v,401,cea4d2e641f33dbface1af66dd6458a29780e0844cf78bbe05f633c4ec63a3b0
artifact/scaling/generated_coq/n480/V59_N480_SECTION_432.v,401,3b1c43c1100f8411e628dd32ffc5e505e6fd0ec7c736864f8a9c8f4187681057
artifact/scaling/generated_coq/n480/V59_N480_SECTION_437.v,401,119a5fd3b9aa5f71e81d269e48cd56cab627361e3727cedf325aeb688adbe55c
artifact/scaling/generated_coq/n480/V59_N480_SECTION_442.v,401,67fead7a19b332b224b4d5300221087740ba257e45d1c26913b6dc0d980cdf1b
artifact/scaling/generated_coq/n480/V59_N480_SECTION_447.v,401,3c2bb4753753d4002368cd3fddfb80d6adfa642181a12f4d4b8dcfcdbfcee6c7
artifact/scaling/generated_coq/n480/V59_N480_SECTION_452.v,401,ee1616639d89707383f1f264ab04284e19f1011e6455aa4557d71f3de77b09d2
artifact/scaling/generated_coq/n480/V59_N480_SECTION_457.v,401,0c67915cd1c7355505662b9c7788c35a24d9a13ac7efed3dcee8dbfe3f89f88c
artifact/scaling/generated_coq/n480/V59_N480_SECTION_462.v,401,1b7ff12b3e8a031227c131aa6713bf43ce9140ffb39ba0d5048fb9c807efbf85
artifact/scaling/generated_coq/n480/V59_N480_SECTION_467.v,401,4131a9e3d301f4f8057bac36197057ed65291ef844d48af85fd0aa2af2dcdca1
artifact/scaling/generated_coq/n480/V59_N480_SECTION_472.v,401,180d30975373a65a9990f84516f665d177c204e807f5db2ee7c874702dd466b3
artifact/scaling/generated_coq/n480/V59_N480_SECTION_477.v,401,64573ce561eaf626d5aedd92943b28c634546f888c5c84f6bb1b2750ee0162bf
artifact/scaling/logs/scaling_curve_results.csv,120389,6ae60a3621f9e622ee429cef1be50ca834f0719c4dc8acee2ed8964466626346
artifact/scaling/logs/scaling_curve_summary.csv,519,9be2e40e45b576cb25232ba8721e14bf963ebf949b4d6de0385eda207cf1f37e
artifact/scaling/logs/scaling_curve_summary.txt,660,28cdf8224f50ac08049041c675697a2cf2d391223a19db4b6ec692a513923717
ARTIFACT.md,2405,6a70a324d5d2ba0d41ddeaf3ab590e125157ffe294a6792f7be19a9699ca971d
CHANGELOG.md,437,2dea38ae8d36f031c4ab2c984bebb1dc14e4613e72edd91538f513ba5b8b3c8c
CITATION.cff,373,90e3494c39ba69acf306d13dd2029466d582a23210c7f5f16435dc3772be6afb
docs/SPECIFICATION.md,1704,e20aa9baeca911c331656a5b73d8512b09e8fe44dcffd6a4c6d50b9cfc435609
examples/blocked_axiom.json,274,4bb4c945692a446e6542d89a9eb067e03cfe741e6f50cebee04e59c0c56e759d
examples/bool_nat_section.json,826,41f34bd1625df493c13c5d36a8509577bf6e45bc76955fec52793e2e399d0543
LICENSE,1097,6c3ee8f99140873a5ff11909ba1ba1be9fdc17b05120dcc0a85a09cc809e6f62
pyproject.toml,783,51c4f1bf5428f5cc8814758e60236b90ac47f97e5544de5d4d26cadcd9112890
README.md,4449,685a9615464fdd761bf9239e9398e58af0e0109577559e5982eda5e6bd2d3d19
scripts/build_manifest.py,1652,94dff94baf62f8970bdb8dbdd8c4bc9087a15e0c36cc23240356b0717fadb658
scripts/replay_artifact.py,5896,d83424451d5581ddb01b6db3175f9e186b04c821ee13627aae7b0e1cfd689642
scripts/reproduce_quickstart.ps1,524,2565b64f83270f7dbc5d285a4081a82fb5b8f4cbf55c92b11938ab0f89316ae9
scripts/reproduce_quickstart.sh,499,aa088caff510b8eadcb9c55f27268801a26c0a70ca5f413745f376c272ec387b
src/autotrocq/__init__.py,60,9b5b698e6e2e76b21c140336d146d774bebaa040396d389d94cc5eb5e8361929
src/autotrocq/cli.py,2390,98b7ef71e639466ae49608f7ca3201c9012966b070195562225237656b26c004
src/autotrocq/core.py,8347,caca60a1d005fd4d9775ab8c88e32157d2a4e8a13b6ddcddd7f51d7cfe3ca0eb
tests/test_core.py,2811,07228feb2c1663a255012c4f5e738ec7be439681aa9e5dc7ccd45d39b397d2dc
