"module","family","obligations","coqc_status","coqc_ms","coqc_log","relpath","coqchk_status","coqchk_log"
"V66_LIST_MAP_REGRESSION_001","list-map-regression","2","kernel_success","1029.4","logs/V66_LIST_MAP_REGRESSION_001.coqc.log","experiments/kernel_replay_v66_regression_maintenance/coq/V66_LIST_MAP_REGRESSION_001.v","coqchk_success","logs/V66_BATCH.coqchk.log"
"V66_LIST_MAP_REGRESSION_002","list-map-regression","2","kernel_success","702.5","logs/V66_LIST_MAP_REGRESSION_002.coqc.log","experiments/kernel_replay_v66_regression_maintenance/coq/V66_LIST_MAP_REGRESSION_002.v","coqchk_success","logs/V66_BATCH.coqchk.log"
"V66_LIST_MAP_REGRESSION_003","list-map-regression","2","kernel_success","676.9","logs/V66_LIST_MAP_REGRESSION_003.coqc.log","experiments/kernel_replay_v66_regression_maintenance/coq/V66_LIST_MAP_REGRESSION_003.v","coqchk_success","logs/V66_BATCH.coqchk.log"
"V66_LIST_MAP_REGRESSION_004","list-map-regression","2","kernel_success","544.8","logs/V66_LIST_MAP_REGRESSION_004.coqc.log","experiments/kernel_replay_v66_regression_maintenance/coq/V66_LIST_MAP_REGRESSION_004.v","coqchk_success","logs/V66_BATCH.coqchk.log"
"V66_LIST_MAP_REGRESSION_005","list-map-regression","2","kernel_success","532","logs/V66_LIST_MAP_REGRESSION_005.coqc.log","experiments/kernel_replay_v66_regression_maintenance/coq/V66_LIST_MAP_REGRESSION_005.v","coqchk_success","logs/V66_BATCH.coqchk.log"
"V66_LIST_MAP_REGRESSION_006","list-map-regression","2","kernel_success","765.3","logs/V66_LIST_MAP_REGRESSION_006.coqc.log","experiments/kernel_replay_v66_regression_maintenance/coq/V66_LIST_MAP_REGRESSION_006.v","coqchk_success","logs/V66_BATCH.coqchk.log"
"V66_LIST_MAP_REGRESSION_007","list-map-regression","2","kernel_success","679.9","logs/V66_LIST_MAP_REGRESSION_007.coqc.log","experiments/kernel_replay_v66_regression_maintenance/coq/V66_LIST_MAP_REGRESSION_007.v","coqchk_success","logs/V66_BATCH.coqchk.log"
"V66_LIST_MAP_REGRESSION_008","list-map-regression","2","kernel_success","874.5","logs/V66_LIST_MAP_REGRESSION_008.coqc.log","experiments/kernel_replay_v66_regression_maintenance/coq/V66_LIST_MAP_REGRESSION_008.v","coqchk_success","logs/V66_BATCH.coqchk.log"
"V66_LIST_MAP_REGRESSION_009","list-map-regression","2","kernel_success","615.5","logs/V66_LIST_MAP_REGRESSION_009.coqc.log","experiments/kernel_replay_v66_regression_maintenance/coq/V66_LIST_MAP_REGRESSION_009.v","coqchk_success","logs/V66_BATCH.coqchk.log"
"V66_LIST_MAP_REGRESSION_010","list-map-regression","2","kernel_success","445.2","logs/V66_LIST_MAP_REGRESSION_010.coqc.log","experiments/kernel_replay_v66_regression_maintenance/coq/V66_LIST_MAP_REGRESSION_010.v","coqchk_success","logs/V66_BATCH.coqchk.log"
"V66_LIST_MAP_REGRESSION_011","list-map-regression","2","kernel_success","456.4","logs/V66_LIST_MAP_REGRESSION_011.coqc.log","experiments/kernel_replay_v66_regression_maintenance/coq/V66_LIST_MAP_REGRESSION_011.v","coqchk_success","logs/V66_BATCH.coqchk.log"
"V66_LIST_MAP_REGRESSION_012","list-map-regression","2","kernel_success","406.1","logs/V66_LIST_MAP_REGRESSION_012.coqc.log","experiments/kernel_replay_v66_regression_maintenance/coq/V66_LIST_MAP_REGRESSION_012.v","coqchk_success","logs/V66_BATCH.coqchk.log"
"V66_LIST_MAP_REGRESSION_013","list-map-regression","2","kernel_success","454.5","logs/V66_LIST_MAP_REGRESSION_013.coqc.log","experiments/kernel_replay_v66_regression_maintenance/coq/V66_LIST_MAP_REGRESSION_013.v","coqchk_success","logs/V66_BATCH.coqchk.log"
"V66_LIST_MAP_REGRESSION_014","list-map-regression","2","kernel_success","588.6","logs/V66_LIST_MAP_REGRESSION_014.coqc.log","experiments/kernel_replay_v66_regression_maintenance/coq/V66_LIST_MAP_REGRESSION_014.v","coqchk_success","logs/V66_BATCH.coqchk.log"
"V66_LIST_MAP_REGRESSION_015","list-map-regression","2","kernel_success","624.9","logs/V66_LIST_MAP_REGRESSION_015.coqc.log","experiments/kernel_replay_v66_regression_maintenance/coq/V66_LIST_MAP_REGRESSION_015.v","coqchk_success","logs/V66_BATCH.coqchk.log"
"V66_LIST_MAP_REGRESSION_016","list-map-regression","2","kernel_success","773","logs/V66_LIST_MAP_REGRESSION_016.coqc.log","experiments/kernel_replay_v66_regression_maintenance/coq/V66_LIST_MAP_REGRESSION_016.v","coqchk_success","logs/V66_BATCH.coqchk.log"
"V66_LIST_MAP_REGRESSION_017","list-map-regression","2","kernel_success","685.8","logs/V66_LIST_MAP_REGRESSION_017.coqc.log","experiments/kernel_replay_v66_regression_maintenance/coq/V66_LIST_MAP_REGRESSION_017.v","coqchk_success","logs/V66_BATCH.coqchk.log"
"V66_LIST_MAP_REGRESSION_018","list-map-regression","2","kernel_success","569","logs/V66_LIST_MAP_REGRESSION_018.coqc.log","experiments/kernel_replay_v66_regression_maintenance/coq/V66_LIST_MAP_REGRESSION_018.v","coqchk_success","logs/V66_BATCH.coqchk.log"
"V66_LIST_MAP_REGRESSION_019","list-map-regression","2","kernel_success","502.3","logs/V66_LIST_MAP_REGRESSION_019.coqc.log","experiments/kernel_replay_v66_regression_maintenance/coq/V66_LIST_MAP_REGRESSION_019.v","coqchk_success","logs/V66_BATCH.coqchk.log"
"V66_LIST_MAP_REGRESSION_020","list-map-regression","2","kernel_success","422","logs/V66_LIST_MAP_REGRESSION_020.coqc.log","experiments/kernel_replay_v66_regression_maintenance/coq/V66_LIST_MAP_REGRESSION_020.v","coqchk_success","logs/V66_BATCH.coqchk.log"
"V66_LIST_MAP_REGRESSION_021","list-map-regression","2","kernel_success","426","logs/V66_LIST_MAP_REGRESSION_021.coqc.log","experiments/kernel_replay_v66_regression_maintenance/coq/V66_LIST_MAP_REGRESSION_021.v","coqchk_success","logs/V66_BATCH.coqchk.log"
"V66_LIST_MAP_REGRESSION_022","list-map-regression","2","kernel_success","462.1","logs/V66_LIST_MAP_REGRESSION_022.coqc.log","experiments/kernel_replay_v66_regression_maintenance/coq/V66_LIST_MAP_REGRESSION_022.v","coqchk_success","logs/V66_BATCH.coqchk.log"
"V66_LIST_MAP_REGRESSION_023","list-map-regression","2","kernel_success","553","logs/V66_LIST_MAP_REGRESSION_023.coqc.log","experiments/kernel_replay_v66_regression_maintenance/coq/V66_LIST_MAP_REGRESSION_023.v","coqchk_success","logs/V66_BATCH.coqchk.log"
"V66_LIST_MAP_REGRESSION_024","list-map-regression","2","kernel_success","654.6","logs/V66_LIST_MAP_REGRESSION_024.coqc.log","experiments/kernel_replay_v66_regression_maintenance/coq/V66_LIST_MAP_REGRESSION_024.v","coqchk_success","logs/V66_BATCH.coqchk.log"
"V66_LIST_MAP_REGRESSION_025","list-map-regression","2","kernel_success","674.3","logs/V66_LIST_MAP_REGRESSION_025.coqc.log","experiments/kernel_replay_v66_regression_maintenance/coq/V66_LIST_MAP_REGRESSION_025.v","coqchk_success","logs/V66_BATCH.coqchk.log"
"V66_LIST_MAP_REGRESSION_026","list-map-regression","2","kernel_success","753.4","logs/V66_LIST_MAP_REGRESSION_026.coqc.log","experiments/kernel_replay_v66_regression_maintenance/coq/V66_LIST_MAP_REGRESSION_026.v","coqchk_success","logs/V66_BATCH.coqchk.log"
"V66_LIST_MAP_REGRESSION_027","list-map-regression","2","kernel_success","648.7","logs/V66_LIST_MAP_REGRESSION_027.coqc.log","experiments/kernel_replay_v66_regression_maintenance/coq/V66_LIST_MAP_REGRESSION_027.v","coqchk_success","logs/V66_BATCH.coqchk.log"
"V66_LIST_MAP_REGRESSION_028","list-map-regression","2","kernel_success","505.5","logs/V66_LIST_MAP_REGRESSION_028.coqc.log","experiments/kernel_replay_v66_regression_maintenance/coq/V66_LIST_MAP_REGRESSION_028.v","coqchk_success","logs/V66_BATCH.coqchk.log"
"V66_LIST_MAP_REGRESSION_029","list-map-regression","2","kernel_success","455","logs/V66_LIST_MAP_REGRESSION_029.coqc.log","experiments/kernel_replay_v66_regression_maintenance/coq/V66_LIST_MAP_REGRESSION_029.v","coqchk_success","logs/V66_BATCH.coqchk.log"
"V66_LIST_MAP_REGRESSION_030","list-map-regression","2","kernel_success","468","logs/V66_LIST_MAP_REGRESSION_030.coqc.log","experiments/kernel_replay_v66_regression_maintenance/coq/V66_LIST_MAP_REGRESSION_030.v","coqchk_success","logs/V66_BATCH.coqchk.log"
"V66_LIST_MAP_REGRESSION_031","list-map-regression","2","kernel_success","429.8","logs/V66_LIST_MAP_REGRESSION_031.coqc.log","experiments/kernel_replay_v66_regression_maintenance/coq/V66_LIST_MAP_REGRESSION_031.v","coqchk_success","logs/V66_BATCH.coqchk.log"
"V66_LIST_MAP_REGRESSION_032","list-map-regression","2","kernel_success","546.6","logs/V66_LIST_MAP_REGRESSION_032.coqc.log","experiments/kernel_replay_v66_regression_maintenance/coq/V66_LIST_MAP_REGRESSION_032.v","coqchk_success","logs/V66_BATCH.coqchk.log"
"V66_LIST_MAP_REGRESSION_033","list-map-regression","2","kernel_success","558.7","logs/V66_LIST_MAP_REGRESSION_033.coqc.log","experiments/kernel_replay_v66_regression_maintenance/coq/V66_LIST_MAP_REGRESSION_033.v","coqchk_success","logs/V66_BATCH.coqchk.log"
"V66_LIST_MAP_REGRESSION_034","list-map-regression","2","kernel_success","634.2","logs/V66_LIST_MAP_REGRESSION_034.coqc.log","experiments/kernel_replay_v66_regression_maintenance/coq/V66_LIST_MAP_REGRESSION_034.v","coqchk_success","logs/V66_BATCH.coqchk.log"
"V66_LIST_MAP_REGRESSION_035","list-map-regression","2","kernel_success","682.8","logs/V66_LIST_MAP_REGRESSION_035.coqc.log","experiments/kernel_replay_v66_regression_maintenance/coq/V66_LIST_MAP_REGRESSION_035.v","coqchk_success","logs/V66_BATCH.coqchk.log"
"V66_LIST_MAP_REGRESSION_036","list-map-regression","2","kernel_success","587.6","logs/V66_LIST_MAP_REGRESSION_036.coqc.log","experiments/kernel_replay_v66_regression_maintenance/coq/V66_LIST_MAP_REGRESSION_036.v","coqchk_success","logs/V66_BATCH.coqchk.log"
"V66_LIST_MAP_REGRESSION_037","list-map-regression","2","kernel_success","517","logs/V66_LIST_MAP_REGRESSION_037.coqc.log","experiments/kernel_replay_v66_regression_maintenance/coq/V66_LIST_MAP_REGRESSION_037.v","coqchk_success","logs/V66_BATCH.coqchk.log"
"V66_LIST_MAP_REGRESSION_038","list-map-regression","2","kernel_success","437.7","logs/V66_LIST_MAP_REGRESSION_038.coqc.log","experiments/kernel_replay_v66_regression_maintenance/coq/V66_LIST_MAP_REGRESSION_038.v","coqchk_success","logs/V66_BATCH.coqchk.log"
"V66_LIST_MAP_REGRESSION_039","list-map-regression","2","kernel_success","409.2","logs/V66_LIST_MAP_REGRESSION_039.coqc.log","experiments/kernel_replay_v66_regression_maintenance/coq/V66_LIST_MAP_REGRESSION_039.v","coqchk_success","logs/V66_BATCH.coqchk.log"
"V66_LIST_MAP_REGRESSION_040","list-map-regression","2","kernel_success","472.2","logs/V66_LIST_MAP_REGRESSION_040.coqc.log","experiments/kernel_replay_v66_regression_maintenance/coq/V66_LIST_MAP_REGRESSION_040.v","coqchk_success","logs/V66_BATCH.coqchk.log"
"V66_LIST_MAP_REGRESSION_041","list-map-regression","2","kernel_success","515.2","logs/V66_LIST_MAP_REGRESSION_041.coqc.log","experiments/kernel_replay_v66_regression_maintenance/coq/V66_LIST_MAP_REGRESSION_041.v","coqchk_success","logs/V66_BATCH.coqchk.log"
"V66_LIST_MAP_REGRESSION_042","list-map-regression","2","kernel_success","637.5","logs/V66_LIST_MAP_REGRESSION_042.coqc.log","experiments/kernel_replay_v66_regression_maintenance/coq/V66_LIST_MAP_REGRESSION_042.v","coqchk_success","logs/V66_BATCH.coqchk.log"
"V66_LIST_MAP_REGRESSION_043","list-map-regression","2","kernel_success","633.2","logs/V66_LIST_MAP_REGRESSION_043.coqc.log","experiments/kernel_replay_v66_regression_maintenance/coq/V66_LIST_MAP_REGRESSION_043.v","coqchk_success","logs/V66_BATCH.coqchk.log"
"V66_LIST_MAP_REGRESSION_044","list-map-regression","2","kernel_success","634.7","logs/V66_LIST_MAP_REGRESSION_044.coqc.log","experiments/kernel_replay_v66_regression_maintenance/coq/V66_LIST_MAP_REGRESSION_044.v","coqchk_success","logs/V66_BATCH.coqchk.log"
"V66_LIST_MAP_REGRESSION_045","list-map-regression","2","kernel_success","562.3","logs/V66_LIST_MAP_REGRESSION_045.coqc.log","experiments/kernel_replay_v66_regression_maintenance/coq/V66_LIST_MAP_REGRESSION_045.v","coqchk_success","logs/V66_BATCH.coqchk.log"
"V66_LIST_MAP_REGRESSION_046","list-map-regression","2","kernel_success","505.5","logs/V66_LIST_MAP_REGRESSION_046.coqc.log","experiments/kernel_replay_v66_regression_maintenance/coq/V66_LIST_MAP_REGRESSION_046.v","coqchk_success","logs/V66_BATCH.coqchk.log"
"V66_LIST_MAP_REGRESSION_047","list-map-regression","2","kernel_success","464.3","logs/V66_LIST_MAP_REGRESSION_047.coqc.log","experiments/kernel_replay_v66_regression_maintenance/coq/V66_LIST_MAP_REGRESSION_047.v","coqchk_success","logs/V66_BATCH.coqchk.log"
"V66_LIST_MAP_REGRESSION_048","list-map-regression","2","kernel_success","483.1","logs/V66_LIST_MAP_REGRESSION_048.coqc.log","experiments/kernel_replay_v66_regression_maintenance/coq/V66_LIST_MAP_REGRESSION_048.v","coqchk_success","logs/V66_BATCH.coqchk.log"
"V66_LIST_MAP_REGRESSION_049","list-map-regression","2","kernel_success","469.7","logs/V66_LIST_MAP_REGRESSION_049.coqc.log","experiments/kernel_replay_v66_regression_maintenance/coq/V66_LIST_MAP_REGRESSION_049.v","coqchk_success","logs/V66_BATCH.coqchk.log"
"V66_LIST_MAP_REGRESSION_050","list-map-regression","2","kernel_success","626.8","logs/V66_LIST_MAP_REGRESSION_050.coqc.log","experiments/kernel_replay_v66_regression_maintenance/coq/V66_LIST_MAP_REGRESSION_050.v","coqchk_success","logs/V66_BATCH.coqchk.log"
"V66_LIST_MAP_REGRESSION_051","list-map-regression","2","kernel_success","655","logs/V66_LIST_MAP_REGRESSION_051.coqc.log","experiments/kernel_replay_v66_regression_maintenance/coq/V66_LIST_MAP_REGRESSION_051.v","coqchk_success","logs/V66_BATCH.coqchk.log"
"V66_LIST_MAP_REGRESSION_052","list-map-regression","2","kernel_success","672","logs/V66_LIST_MAP_REGRESSION_052.coqc.log","experiments/kernel_replay_v66_regression_maintenance/coq/V66_LIST_MAP_REGRESSION_052.v","coqchk_success","logs/V66_BATCH.coqchk.log"
"V66_LIST_MAP_REGRESSION_053","list-map-regression","2","kernel_success","678.4","logs/V66_LIST_MAP_REGRESSION_053.coqc.log","experiments/kernel_replay_v66_regression_maintenance/coq/V66_LIST_MAP_REGRESSION_053.v","coqchk_success","logs/V66_BATCH.coqchk.log"
"V66_LIST_MAP_REGRESSION_054","list-map-regression","2","kernel_success","594.4","logs/V66_LIST_MAP_REGRESSION_054.coqc.log","experiments/kernel_replay_v66_regression_maintenance/coq/V66_LIST_MAP_REGRESSION_054.v","coqchk_success","logs/V66_BATCH.coqchk.log"
"V66_LIST_MAP_REGRESSION_055","list-map-regression","2","kernel_success","520.4","logs/V66_LIST_MAP_REGRESSION_055.coqc.log","experiments/kernel_replay_v66_regression_maintenance/coq/V66_LIST_MAP_REGRESSION_055.v","coqchk_success","logs/V66_BATCH.coqchk.log"
"V66_LIST_MAP_REGRESSION_056","list-map-regression","2","kernel_success","554","logs/V66_LIST_MAP_REGRESSION_056.coqc.log","experiments/kernel_replay_v66_regression_maintenance/coq/V66_LIST_MAP_REGRESSION_056.v","coqchk_success","logs/V66_BATCH.coqchk.log"
"V66_LIST_MAP_REGRESSION_057","list-map-regression","2","kernel_success","510","logs/V66_LIST_MAP_REGRESSION_057.coqc.log","experiments/kernel_replay_v66_regression_maintenance/coq/V66_LIST_MAP_REGRESSION_057.v","coqchk_success","logs/V66_BATCH.coqchk.log"
"V66_LIST_MAP_REGRESSION_058","list-map-regression","2","kernel_success","490.7","logs/V66_LIST_MAP_REGRESSION_058.coqc.log","experiments/kernel_replay_v66_regression_maintenance/coq/V66_LIST_MAP_REGRESSION_058.v","coqchk_success","logs/V66_BATCH.coqchk.log"
"V66_LIST_MAP_REGRESSION_059","list-map-regression","2","kernel_success","494.9","logs/V66_LIST_MAP_REGRESSION_059.coqc.log","experiments/kernel_replay_v66_regression_maintenance/coq/V66_LIST_MAP_REGRESSION_059.v","coqchk_success","logs/V66_BATCH.coqchk.log"
"V66_LIST_MAP_REGRESSION_060","list-map-regression","2","kernel_success","497.8","logs/V66_LIST_MAP_REGRESSION_060.coqc.log","experiments/kernel_replay_v66_regression_maintenance/coq/V66_LIST_MAP_REGRESSION_060.v","coqchk_success","logs/V66_BATCH.coqchk.log"
"V66_LIST_FILTER_REGRESSION_001","list-filter-regression","2","kernel_success","497.8","logs/V66_LIST_FILTER_REGRESSION_001.coqc.log","experiments/kernel_replay_v66_regression_maintenance/coq/V66_LIST_FILTER_REGRESSION_001.v","coqchk_success","logs/V66_BATCH.coqchk.log"
"V66_LIST_FILTER_REGRESSION_002","list-filter-regression","2","kernel_success","525.2","logs/V66_LIST_FILTER_REGRESSION_002.coqc.log","experiments/kernel_replay_v66_regression_maintenance/coq/V66_LIST_FILTER_REGRESSION_002.v","coqchk_success","logs/V66_BATCH.coqchk.log"
"V66_LIST_FILTER_REGRESSION_003","list-filter-regression","2","kernel_success","623.9","logs/V66_LIST_FILTER_REGRESSION_003.coqc.log","experiments/kernel_replay_v66_regression_maintenance/coq/V66_LIST_FILTER_REGRESSION_003.v","coqchk_success","logs/V66_BATCH.coqchk.log"
"V66_LIST_FILTER_REGRESSION_004","list-filter-regression","2","kernel_success","561.8","logs/V66_LIST_FILTER_REGRESSION_004.coqc.log","experiments/kernel_replay_v66_regression_maintenance/coq/V66_LIST_FILTER_REGRESSION_004.v","coqchk_success","logs/V66_BATCH.coqchk.log"
"V66_LIST_FILTER_REGRESSION_005","list-filter-regression","2","kernel_success","569.7","logs/V66_LIST_FILTER_REGRESSION_005.coqc.log","experiments/kernel_replay_v66_regression_maintenance/coq/V66_LIST_FILTER_REGRESSION_005.v","coqchk_success","logs/V66_BATCH.coqchk.log"
"V66_LIST_FILTER_REGRESSION_006","list-filter-regression","2","kernel_success","521.2","logs/V66_LIST_FILTER_REGRESSION_006.coqc.log","experiments/kernel_replay_v66_regression_maintenance/coq/V66_LIST_FILTER_REGRESSION_006.v","coqchk_success","logs/V66_BATCH.coqchk.log"
"V66_LIST_FILTER_REGRESSION_007","list-filter-regression","2","kernel_success","503.1","logs/V66_LIST_FILTER_REGRESSION_007.coqc.log","experiments/kernel_replay_v66_regression_maintenance/coq/V66_LIST_FILTER_REGRESSION_007.v","coqchk_success","logs/V66_BATCH.coqchk.log"
"V66_LIST_FILTER_REGRESSION_008","list-filter-regression","2","kernel_success","570.8","logs/V66_LIST_FILTER_REGRESSION_008.coqc.log","experiments/kernel_replay_v66_regression_maintenance/coq/V66_LIST_FILTER_REGRESSION_008.v","coqchk_success","logs/V66_BATCH.coqchk.log"
"V66_LIST_FILTER_REGRESSION_009","list-filter-regression","2","kernel_success","532.5","logs/V66_LIST_FILTER_REGRESSION_009.coqc.log","experiments/kernel_replay_v66_regression_maintenance/coq/V66_LIST_FILTER_REGRESSION_009.v","coqchk_success","logs/V66_BATCH.coqchk.log"
"V66_LIST_FILTER_REGRESSION_010","list-filter-regression","2","kernel_success","557.9","logs/V66_LIST_FILTER_REGRESSION_010.coqc.log","experiments/kernel_replay_v66_regression_maintenance/coq/V66_LIST_FILTER_REGRESSION_010.v","coqchk_success","logs/V66_BATCH.coqchk.log"
"V66_LIST_FILTER_REGRESSION_011","list-filter-regression","2","kernel_success","575.2","logs/V66_LIST_FILTER_REGRESSION_011.coqc.log","experiments/kernel_replay_v66_regression_maintenance/coq/V66_LIST_FILTER_REGRESSION_011.v","coqchk_success","logs/V66_BATCH.coqchk.log"
"V66_LIST_FILTER_REGRESSION_012","list-filter-regression","2","kernel_success","583.6","logs/V66_LIST_FILTER_REGRESSION_012.coqc.log","experiments/kernel_replay_v66_regression_maintenance/coq/V66_LIST_FILTER_REGRESSION_012.v","coqchk_success","logs/V66_BATCH.coqchk.log"
"V66_LIST_FILTER_REGRESSION_013","list-filter-regression","2","kernel_success","637","logs/V66_LIST_FILTER_REGRESSION_013.coqc.log","experiments/kernel_replay_v66_regression_maintenance/coq/V66_LIST_FILTER_REGRESSION_013.v","coqchk_success","logs/V66_BATCH.coqchk.log"
"V66_LIST_FILTER_REGRESSION_014","list-filter-regression","2","kernel_success","714.8","logs/V66_LIST_FILTER_REGRESSION_014.coqc.log","experiments/kernel_replay_v66_regression_maintenance/coq/V66_LIST_FILTER_REGRESSION_014.v","coqchk_success","logs/V66_BATCH.coqchk.log"
"V66_LIST_FILTER_REGRESSION_015","list-filter-regression","2","kernel_success","833.2","logs/V66_LIST_FILTER_REGRESSION_015.coqc.log","experiments/kernel_replay_v66_regression_maintenance/coq/V66_LIST_FILTER_REGRESSION_015.v","coqchk_success","logs/V66_BATCH.coqchk.log"
"V66_LIST_FILTER_REGRESSION_016","list-filter-regression","2","kernel_success","850.3","logs/V66_LIST_FILTER_REGRESSION_016.coqc.log","experiments/kernel_replay_v66_regression_maintenance/coq/V66_LIST_FILTER_REGRESSION_016.v","coqchk_success","logs/V66_BATCH.coqchk.log"
"V66_LIST_FILTER_REGRESSION_017","list-filter-regression","2","kernel_success","719.4","logs/V66_LIST_FILTER_REGRESSION_017.coqc.log","experiments/kernel_replay_v66_regression_maintenance/coq/V66_LIST_FILTER_REGRESSION_017.v","coqchk_success","logs/V66_BATCH.coqchk.log"
"V66_LIST_FILTER_REGRESSION_018","list-filter-regression","2","kernel_success","543.6","logs/V66_LIST_FILTER_REGRESSION_018.coqc.log","experiments/kernel_replay_v66_regression_maintenance/coq/V66_LIST_FILTER_REGRESSION_018.v","coqchk_success","logs/V66_BATCH.coqchk.log"
"V66_LIST_FILTER_REGRESSION_019","list-filter-regression","2","kernel_success","484.5","logs/V66_LIST_FILTER_REGRESSION_019.coqc.log","experiments/kernel_replay_v66_regression_maintenance/coq/V66_LIST_FILTER_REGRESSION_019.v","coqchk_success","logs/V66_BATCH.coqchk.log"
"V66_LIST_FILTER_REGRESSION_020","list-filter-regression","2","kernel_success","541.3","logs/V66_LIST_FILTER_REGRESSION_020.coqc.log","experiments/kernel_replay_v66_regression_maintenance/coq/V66_LIST_FILTER_REGRESSION_020.v","coqchk_success","logs/V66_BATCH.coqchk.log"
"V66_LIST_FILTER_REGRESSION_021","list-filter-regression","2","kernel_success","615.1","logs/V66_LIST_FILTER_REGRESSION_021.coqc.log","experiments/kernel_replay_v66_regression_maintenance/coq/V66_LIST_FILTER_REGRESSION_021.v","coqchk_success","logs/V66_BATCH.coqchk.log"
"V66_LIST_FILTER_REGRESSION_022","list-filter-regression","2","kernel_success","587.2","logs/V66_LIST_FILTER_REGRESSION_022.coqc.log","experiments/kernel_replay_v66_regression_maintenance/coq/V66_LIST_FILTER_REGRESSION_022.v","coqchk_success","logs/V66_BATCH.coqchk.log"
"V66_LIST_FILTER_REGRESSION_023","list-filter-regression","2","kernel_success","600.2","logs/V66_LIST_FILTER_REGRESSION_023.coqc.log","experiments/kernel_replay_v66_regression_maintenance/coq/V66_LIST_FILTER_REGRESSION_023.v","coqchk_success","logs/V66_BATCH.coqchk.log"
"V66_LIST_FILTER_REGRESSION_024","list-filter-regression","2","kernel_success","562.6","logs/V66_LIST_FILTER_REGRESSION_024.coqc.log","experiments/kernel_replay_v66_regression_maintenance/coq/V66_LIST_FILTER_REGRESSION_024.v","coqchk_success","logs/V66_BATCH.coqchk.log"
"V66_LIST_FILTER_REGRESSION_025","list-filter-regression","2","kernel_success","536.2","logs/V66_LIST_FILTER_REGRESSION_025.coqc.log","experiments/kernel_replay_v66_regression_maintenance/coq/V66_LIST_FILTER_REGRESSION_025.v","coqchk_success","logs/V66_BATCH.coqchk.log"
"V66_LIST_FILTER_REGRESSION_026","list-filter-regression","2","kernel_success","503.2","logs/V66_LIST_FILTER_REGRESSION_026.coqc.log","experiments/kernel_replay_v66_regression_maintenance/coq/V66_LIST_FILTER_REGRESSION_026.v","coqchk_success","logs/V66_BATCH.coqchk.log"
"V66_LIST_FILTER_REGRESSION_027","list-filter-regression","2","kernel_success","485.9","logs/V66_LIST_FILTER_REGRESSION_027.coqc.log","experiments/kernel_replay_v66_regression_maintenance/coq/V66_LIST_FILTER_REGRESSION_027.v","coqchk_success","logs/V66_BATCH.coqchk.log"
"V66_LIST_FILTER_REGRESSION_028","list-filter-regression","2","kernel_success","472.9","logs/V66_LIST_FILTER_REGRESSION_028.coqc.log","experiments/kernel_replay_v66_regression_maintenance/coq/V66_LIST_FILTER_REGRESSION_028.v","coqchk_success","logs/V66_BATCH.coqchk.log"
"V66_LIST_FILTER_REGRESSION_029","list-filter-regression","2","kernel_success","539.9","logs/V66_LIST_FILTER_REGRESSION_029.coqc.log","experiments/kernel_replay_v66_regression_maintenance/coq/V66_LIST_FILTER_REGRESSION_029.v","coqchk_success","logs/V66_BATCH.coqchk.log"
"V66_LIST_FILTER_REGRESSION_030","list-filter-regression","2","kernel_success","579.1","logs/V66_LIST_FILTER_REGRESSION_030.coqc.log","experiments/kernel_replay_v66_regression_maintenance/coq/V66_LIST_FILTER_REGRESSION_030.v","coqchk_success","logs/V66_BATCH.coqchk.log"
"V66_LIST_FILTER_REGRESSION_031","list-filter-regression","2","kernel_success","618.5","logs/V66_LIST_FILTER_REGRESSION_031.coqc.log","experiments/kernel_replay_v66_regression_maintenance/coq/V66_LIST_FILTER_REGRESSION_031.v","coqchk_success","logs/V66_BATCH.coqchk.log"
"V66_LIST_FILTER_REGRESSION_032","list-filter-regression","2","kernel_success","666.8","logs/V66_LIST_FILTER_REGRESSION_032.coqc.log","experiments/kernel_replay_v66_regression_maintenance/coq/V66_LIST_FILTER_REGRESSION_032.v","coqchk_success","logs/V66_BATCH.coqchk.log"
"V66_LIST_FILTER_REGRESSION_033","list-filter-regression","2","kernel_success","675.5","logs/V66_LIST_FILTER_REGRESSION_033.coqc.log","experiments/kernel_replay_v66_regression_maintenance/coq/V66_LIST_FILTER_REGRESSION_033.v","coqchk_success","logs/V66_BATCH.coqchk.log"
"V66_LIST_FILTER_REGRESSION_034","list-filter-regression","2","kernel_success","656","logs/V66_LIST_FILTER_REGRESSION_034.coqc.log","experiments/kernel_replay_v66_regression_maintenance/coq/V66_LIST_FILTER_REGRESSION_034.v","coqchk_success","logs/V66_BATCH.coqchk.log"
"V66_LIST_FILTER_REGRESSION_035","list-filter-regression","2","kernel_success","616.9","logs/V66_LIST_FILTER_REGRESSION_035.coqc.log","experiments/kernel_replay_v66_regression_maintenance/coq/V66_LIST_FILTER_REGRESSION_035.v","coqchk_success","logs/V66_BATCH.coqchk.log"
"V66_LIST_FILTER_REGRESSION_036","list-filter-regression","2","kernel_success","561.6","logs/V66_LIST_FILTER_REGRESSION_036.coqc.log","experiments/kernel_replay_v66_regression_maintenance/coq/V66_LIST_FILTER_REGRESSION_036.v","coqchk_success","logs/V66_BATCH.coqchk.log"
"V66_LIST_FILTER_REGRESSION_037","list-filter-regression","2","kernel_success","475.9","logs/V66_LIST_FILTER_REGRESSION_037.coqc.log","experiments/kernel_replay_v66_regression_maintenance/coq/V66_LIST_FILTER_REGRESSION_037.v","coqchk_success","logs/V66_BATCH.coqchk.log"
"V66_LIST_FILTER_REGRESSION_038","list-filter-regression","2","kernel_success","626.2","logs/V66_LIST_FILTER_REGRESSION_038.coqc.log","experiments/kernel_replay_v66_regression_maintenance/coq/V66_LIST_FILTER_REGRESSION_038.v","coqchk_success","logs/V66_BATCH.coqchk.log"
"V66_LIST_FILTER_REGRESSION_039","list-filter-regression","2","kernel_success","591.2","logs/V66_LIST_FILTER_REGRESSION_039.coqc.log","experiments/kernel_replay_v66_regression_maintenance/coq/V66_LIST_FILTER_REGRESSION_039.v","coqchk_success","logs/V66_BATCH.coqchk.log"
"V66_LIST_FILTER_REGRESSION_040","list-filter-regression","2","kernel_success","722","logs/V66_LIST_FILTER_REGRESSION_040.coqc.log","experiments/kernel_replay_v66_regression_maintenance/coq/V66_LIST_FILTER_REGRESSION_040.v","coqchk_success","logs/V66_BATCH.coqchk.log"
"V66_LIST_FILTER_REGRESSION_041","list-filter-regression","2","kernel_success","765.9","logs/V66_LIST_FILTER_REGRESSION_041.coqc.log","experiments/kernel_replay_v66_regression_maintenance/coq/V66_LIST_FILTER_REGRESSION_041.v","coqchk_success","logs/V66_BATCH.coqchk.log"
"V66_LIST_FILTER_REGRESSION_042","list-filter-regression","2","kernel_success","603.2","logs/V66_LIST_FILTER_REGRESSION_042.coqc.log","experiments/kernel_replay_v66_regression_maintenance/coq/V66_LIST_FILTER_REGRESSION_042.v","coqchk_success","logs/V66_BATCH.coqchk.log"
"V66_LIST_FILTER_REGRESSION_043","list-filter-regression","2","kernel_success","539.7","logs/V66_LIST_FILTER_REGRESSION_043.coqc.log","experiments/kernel_replay_v66_regression_maintenance/coq/V66_LIST_FILTER_REGRESSION_043.v","coqchk_success","logs/V66_BATCH.coqchk.log"
"V66_LIST_FILTER_REGRESSION_044","list-filter-regression","2","kernel_success","536","logs/V66_LIST_FILTER_REGRESSION_044.coqc.log","experiments/kernel_replay_v66_regression_maintenance/coq/V66_LIST_FILTER_REGRESSION_044.v","coqchk_success","logs/V66_BATCH.coqchk.log"
"V66_LIST_FILTER_REGRESSION_045","list-filter-regression","2","kernel_success","459.6","logs/V66_LIST_FILTER_REGRESSION_045.coqc.log","experiments/kernel_replay_v66_regression_maintenance/coq/V66_LIST_FILTER_REGRESSION_045.v","coqchk_success","logs/V66_BATCH.coqchk.log"
"V66_LIST_FILTER_REGRESSION_046","list-filter-regression","2","kernel_success","456.5","logs/V66_LIST_FILTER_REGRESSION_046.coqc.log","experiments/kernel_replay_v66_regression_maintenance/coq/V66_LIST_FILTER_REGRESSION_046.v","coqchk_success","logs/V66_BATCH.coqchk.log"
"V66_LIST_FILTER_REGRESSION_047","list-filter-regression","2","kernel_success","517.4","logs/V66_LIST_FILTER_REGRESSION_047.coqc.log","experiments/kernel_replay_v66_regression_maintenance/coq/V66_LIST_FILTER_REGRESSION_047.v","coqchk_success","logs/V66_BATCH.coqchk.log"
"V66_LIST_FILTER_REGRESSION_048","list-filter-regression","2","kernel_success","555.2","logs/V66_LIST_FILTER_REGRESSION_048.coqc.log","experiments/kernel_replay_v66_regression_maintenance/coq/V66_LIST_FILTER_REGRESSION_048.v","coqchk_success","logs/V66_BATCH.coqchk.log"
"V66_LIST_FILTER_REGRESSION_049","list-filter-regression","2","kernel_success","626.6","logs/V66_LIST_FILTER_REGRESSION_049.coqc.log","experiments/kernel_replay_v66_regression_maintenance/coq/V66_LIST_FILTER_REGRESSION_049.v","coqchk_success","logs/V66_BATCH.coqchk.log"
"V66_LIST_FILTER_REGRESSION_050","list-filter-regression","2","kernel_success","670.1","logs/V66_LIST_FILTER_REGRESSION_050.coqc.log","experiments/kernel_replay_v66_regression_maintenance/coq/V66_LIST_FILTER_REGRESSION_050.v","coqchk_success","logs/V66_BATCH.coqchk.log"
"V66_LIST_FILTER_REGRESSION_051","list-filter-regression","2","kernel_success","562.5","logs/V66_LIST_FILTER_REGRESSION_051.coqc.log","experiments/kernel_replay_v66_regression_maintenance/coq/V66_LIST_FILTER_REGRESSION_051.v","coqchk_success","logs/V66_BATCH.coqchk.log"
"V66_LIST_FILTER_REGRESSION_052","list-filter-regression","2","kernel_success","512.9","logs/V66_LIST_FILTER_REGRESSION_052.coqc.log","experiments/kernel_replay_v66_regression_maintenance/coq/V66_LIST_FILTER_REGRESSION_052.v","coqchk_success","logs/V66_BATCH.coqchk.log"
"V66_LIST_FILTER_REGRESSION_053","list-filter-regression","2","kernel_success","530","logs/V66_LIST_FILTER_REGRESSION_053.coqc.log","experiments/kernel_replay_v66_regression_maintenance/coq/V66_LIST_FILTER_REGRESSION_053.v","coqchk_success","logs/V66_BATCH.coqchk.log"
"V66_LIST_FILTER_REGRESSION_054","list-filter-regression","2","kernel_success","502.4","logs/V66_LIST_FILTER_REGRESSION_054.coqc.log","experiments/kernel_replay_v66_regression_maintenance/coq/V66_LIST_FILTER_REGRESSION_054.v","coqchk_success","logs/V66_BATCH.coqchk.log"
"V66_LIST_FILTER_REGRESSION_055","list-filter-regression","2","kernel_success","515.5","logs/V66_LIST_FILTER_REGRESSION_055.coqc.log","experiments/kernel_replay_v66_regression_maintenance/coq/V66_LIST_FILTER_REGRESSION_055.v","coqchk_success","logs/V66_BATCH.coqchk.log"
"V66_LIST_FILTER_REGRESSION_056","list-filter-regression","2","kernel_success","566.8","logs/V66_LIST_FILTER_REGRESSION_056.coqc.log","experiments/kernel_replay_v66_regression_maintenance/coq/V66_LIST_FILTER_REGRESSION_056.v","coqchk_success","logs/V66_BATCH.coqchk.log"
"V66_LIST_FILTER_REGRESSION_057","list-filter-regression","2","kernel_success","647","logs/V66_LIST_FILTER_REGRESSION_057.coqc.log","experiments/kernel_replay_v66_regression_maintenance/coq/V66_LIST_FILTER_REGRESSION_057.v","coqchk_success","logs/V66_BATCH.coqchk.log"
"V66_LIST_FILTER_REGRESSION_058","list-filter-regression","2","kernel_success","685.5","logs/V66_LIST_FILTER_REGRESSION_058.coqc.log","experiments/kernel_replay_v66_regression_maintenance/coq/V66_LIST_FILTER_REGRESSION_058.v","coqchk_success","logs/V66_BATCH.coqchk.log"
"V66_LIST_FILTER_REGRESSION_059","list-filter-regression","2","kernel_success","668.8","logs/V66_LIST_FILTER_REGRESSION_059.coqc.log","experiments/kernel_replay_v66_regression_maintenance/coq/V66_LIST_FILTER_REGRESSION_059.v","coqchk_success","logs/V66_BATCH.coqchk.log"
"V66_LIST_FILTER_REGRESSION_060","list-filter-regression","2","kernel_success","611.1","logs/V66_LIST_FILTER_REGRESSION_060.coqc.log","experiments/kernel_replay_v66_regression_maintenance/coq/V66_LIST_FILTER_REGRESSION_060.v","coqchk_success","logs/V66_BATCH.coqchk.log"
"V66_OPTION_MAINTENANCE_001","option-maintenance","2","kernel_success","564.7","logs/V66_OPTION_MAINTENANCE_001.coqc.log","experiments/kernel_replay_v66_regression_maintenance/coq/V66_OPTION_MAINTENANCE_001.v","coqchk_success","logs/V66_BATCH.coqchk.log"
"V66_OPTION_MAINTENANCE_002","option-maintenance","2","kernel_success","470","logs/V66_OPTION_MAINTENANCE_002.coqc.log","experiments/kernel_replay_v66_regression_maintenance/coq/V66_OPTION_MAINTENANCE_002.v","coqchk_success","logs/V66_BATCH.coqchk.log"
"V66_OPTION_MAINTENANCE_003","option-maintenance","2","kernel_success","474.7","logs/V66_OPTION_MAINTENANCE_003.coqc.log","experiments/kernel_replay_v66_regression_maintenance/coq/V66_OPTION_MAINTENANCE_003.v","coqchk_success","logs/V66_BATCH.coqchk.log"
"V66_OPTION_MAINTENANCE_004","option-maintenance","2","kernel_success","453.8","logs/V66_OPTION_MAINTENANCE_004.coqc.log","experiments/kernel_replay_v66_regression_maintenance/coq/V66_OPTION_MAINTENANCE_004.v","coqchk_success","logs/V66_BATCH.coqchk.log"
"V66_OPTION_MAINTENANCE_005","option-maintenance","2","kernel_success","468","logs/V66_OPTION_MAINTENANCE_005.coqc.log","experiments/kernel_replay_v66_regression_maintenance/coq/V66_OPTION_MAINTENANCE_005.v","coqchk_success","logs/V66_BATCH.coqchk.log"
"V66_OPTION_MAINTENANCE_006","option-maintenance","2","kernel_success","606.3","logs/V66_OPTION_MAINTENANCE_006.coqc.log","experiments/kernel_replay_v66_regression_maintenance/coq/V66_OPTION_MAINTENANCE_006.v","coqchk_success","logs/V66_BATCH.coqchk.log"
"V66_OPTION_MAINTENANCE_007","option-maintenance","2","kernel_success","646.8","logs/V66_OPTION_MAINTENANCE_007.coqc.log","experiments/kernel_replay_v66_regression_maintenance/coq/V66_OPTION_MAINTENANCE_007.v","coqchk_success","logs/V66_BATCH.coqchk.log"
"V66_OPTION_MAINTENANCE_008","option-maintenance","2","kernel_success","720.1","logs/V66_OPTION_MAINTENANCE_008.coqc.log","experiments/kernel_replay_v66_regression_maintenance/coq/V66_OPTION_MAINTENANCE_008.v","coqchk_success","logs/V66_BATCH.coqchk.log"
"V66_OPTION_MAINTENANCE_009","option-maintenance","2","kernel_success","769.5","logs/V66_OPTION_MAINTENANCE_009.coqc.log","experiments/kernel_replay_v66_regression_maintenance/coq/V66_OPTION_MAINTENANCE_009.v","coqchk_success","logs/V66_BATCH.coqchk.log"
"V66_OPTION_MAINTENANCE_010","option-maintenance","2","kernel_success","589.4","logs/V66_OPTION_MAINTENANCE_010.coqc.log","experiments/kernel_replay_v66_regression_maintenance/coq/V66_OPTION_MAINTENANCE_010.v","coqchk_success","logs/V66_BATCH.coqchk.log"
"V66_OPTION_MAINTENANCE_011","option-maintenance","2","kernel_success","464.7","logs/V66_OPTION_MAINTENANCE_011.coqc.log","experiments/kernel_replay_v66_regression_maintenance/coq/V66_OPTION_MAINTENANCE_011.v","coqchk_success","logs/V66_BATCH.coqchk.log"
"V66_OPTION_MAINTENANCE_012","option-maintenance","2","kernel_success","512.4","logs/V66_OPTION_MAINTENANCE_012.coqc.log","experiments/kernel_replay_v66_regression_maintenance/coq/V66_OPTION_MAINTENANCE_012.v","coqchk_success","logs/V66_BATCH.coqchk.log"
"V66_OPTION_MAINTENANCE_013","option-maintenance","2","kernel_success","496.3","logs/V66_OPTION_MAINTENANCE_013.coqc.log","experiments/kernel_replay_v66_regression_maintenance/coq/V66_OPTION_MAINTENANCE_013.v","coqchk_success","logs/V66_BATCH.coqchk.log"
"V66_OPTION_MAINTENANCE_014","option-maintenance","2","kernel_success","561.3","logs/V66_OPTION_MAINTENANCE_014.coqc.log","experiments/kernel_replay_v66_regression_maintenance/coq/V66_OPTION_MAINTENANCE_014.v","coqchk_success","logs/V66_BATCH.coqchk.log"
"V66_OPTION_MAINTENANCE_015","option-maintenance","2","kernel_success","769.3","logs/V66_OPTION_MAINTENANCE_015.coqc.log","experiments/kernel_replay_v66_regression_maintenance/coq/V66_OPTION_MAINTENANCE_015.v","coqchk_success","logs/V66_BATCH.coqchk.log"
"V66_OPTION_MAINTENANCE_016","option-maintenance","2","kernel_success","1003.7","logs/V66_OPTION_MAINTENANCE_016.coqc.log","experiments/kernel_replay_v66_regression_maintenance/coq/V66_OPTION_MAINTENANCE_016.v","coqchk_success","logs/V66_BATCH.coqchk.log"
"V66_OPTION_MAINTENANCE_017","option-maintenance","2","kernel_success","1095.6","logs/V66_OPTION_MAINTENANCE_017.coqc.log","experiments/kernel_replay_v66_regression_maintenance/coq/V66_OPTION_MAINTENANCE_017.v","coqchk_success","logs/V66_BATCH.coqchk.log"
"V66_OPTION_MAINTENANCE_018","option-maintenance","2","kernel_success","962.9","logs/V66_OPTION_MAINTENANCE_018.coqc.log","experiments/kernel_replay_v66_regression_maintenance/coq/V66_OPTION_MAINTENANCE_018.v","coqchk_success","logs/V66_BATCH.coqchk.log"
"V66_OPTION_MAINTENANCE_019","option-maintenance","2","kernel_success","742.3","logs/V66_OPTION_MAINTENANCE_019.coqc.log","experiments/kernel_replay_v66_regression_maintenance/coq/V66_OPTION_MAINTENANCE_019.v","coqchk_success","logs/V66_BATCH.coqchk.log"
"V66_OPTION_MAINTENANCE_020","option-maintenance","2","kernel_success","631.9","logs/V66_OPTION_MAINTENANCE_020.coqc.log","experiments/kernel_replay_v66_regression_maintenance/coq/V66_OPTION_MAINTENANCE_020.v","coqchk_success","logs/V66_BATCH.coqchk.log"
"V66_OPTION_MAINTENANCE_021","option-maintenance","2","kernel_success","602.3","logs/V66_OPTION_MAINTENANCE_021.coqc.log","experiments/kernel_replay_v66_regression_maintenance/coq/V66_OPTION_MAINTENANCE_021.v","coqchk_success","logs/V66_BATCH.coqchk.log"
"V66_OPTION_MAINTENANCE_022","option-maintenance","2","kernel_success","602.6","logs/V66_OPTION_MAINTENANCE_022.coqc.log","experiments/kernel_replay_v66_regression_maintenance/coq/V66_OPTION_MAINTENANCE_022.v","coqchk_success","logs/V66_BATCH.coqchk.log"
"V66_OPTION_MAINTENANCE_023","option-maintenance","2","kernel_success","592.6","logs/V66_OPTION_MAINTENANCE_023.coqc.log","experiments/kernel_replay_v66_regression_maintenance/coq/V66_OPTION_MAINTENANCE_023.v","coqchk_success","logs/V66_BATCH.coqchk.log"
"V66_OPTION_MAINTENANCE_024","option-maintenance","2","kernel_success","613.9","logs/V66_OPTION_MAINTENANCE_024.coqc.log","experiments/kernel_replay_v66_regression_maintenance/coq/V66_OPTION_MAINTENANCE_024.v","coqchk_success","logs/V66_BATCH.coqchk.log"
"V66_OPTION_MAINTENANCE_025","option-maintenance","2","kernel_success","657.9","logs/V66_OPTION_MAINTENANCE_025.coqc.log","experiments/kernel_replay_v66_regression_maintenance/coq/V66_OPTION_MAINTENANCE_025.v","coqchk_success","logs/V66_BATCH.coqchk.log"
"V66_OPTION_MAINTENANCE_026","option-maintenance","2","kernel_success","514.7","logs/V66_OPTION_MAINTENANCE_026.coqc.log","experiments/kernel_replay_v66_regression_maintenance/coq/V66_OPTION_MAINTENANCE_026.v","coqchk_success","logs/V66_BATCH.coqchk.log"
"V66_OPTION_MAINTENANCE_027","option-maintenance","2","kernel_success","475.9","logs/V66_OPTION_MAINTENANCE_027.coqc.log","experiments/kernel_replay_v66_regression_maintenance/coq/V66_OPTION_MAINTENANCE_027.v","coqchk_success","logs/V66_BATCH.coqchk.log"
"V66_OPTION_MAINTENANCE_028","option-maintenance","2","kernel_success","446.2","logs/V66_OPTION_MAINTENANCE_028.coqc.log","experiments/kernel_replay_v66_regression_maintenance/coq/V66_OPTION_MAINTENANCE_028.v","coqchk_success","logs/V66_BATCH.coqchk.log"
"V66_OPTION_MAINTENANCE_029","option-maintenance","2","kernel_success","428.2","logs/V66_OPTION_MAINTENANCE_029.coqc.log","experiments/kernel_replay_v66_regression_maintenance/coq/V66_OPTION_MAINTENANCE_029.v","coqchk_success","logs/V66_BATCH.coqchk.log"
"V66_OPTION_MAINTENANCE_030","option-maintenance","2","kernel_success","388.4","logs/V66_OPTION_MAINTENANCE_030.coqc.log","experiments/kernel_replay_v66_regression_maintenance/coq/V66_OPTION_MAINTENANCE_030.v","coqchk_success","logs/V66_BATCH.coqchk.log"
"V66_OPTION_MAINTENANCE_031","option-maintenance","2","kernel_success","487.8","logs/V66_OPTION_MAINTENANCE_031.coqc.log","experiments/kernel_replay_v66_regression_maintenance/coq/V66_OPTION_MAINTENANCE_031.v","coqchk_success","logs/V66_BATCH.coqchk.log"
"V66_OPTION_MAINTENANCE_032","option-maintenance","2","kernel_success","541","logs/V66_OPTION_MAINTENANCE_032.coqc.log","experiments/kernel_replay_v66_regression_maintenance/coq/V66_OPTION_MAINTENANCE_032.v","coqchk_success","logs/V66_BATCH.coqchk.log"
"V66_OPTION_MAINTENANCE_033","option-maintenance","2","kernel_success","620.6","logs/V66_OPTION_MAINTENANCE_033.coqc.log","experiments/kernel_replay_v66_regression_maintenance/coq/V66_OPTION_MAINTENANCE_033.v","coqchk_success","logs/V66_BATCH.coqchk.log"
"V66_OPTION_MAINTENANCE_034","option-maintenance","2","kernel_success","742","logs/V66_OPTION_MAINTENANCE_034.coqc.log","experiments/kernel_replay_v66_regression_maintenance/coq/V66_OPTION_MAINTENANCE_034.v","coqchk_success","logs/V66_BATCH.coqchk.log"
"V66_OPTION_MAINTENANCE_035","option-maintenance","2","kernel_success","742.4","logs/V66_OPTION_MAINTENANCE_035.coqc.log","experiments/kernel_replay_v66_regression_maintenance/coq/V66_OPTION_MAINTENANCE_035.v","coqchk_success","logs/V66_BATCH.coqchk.log"
"V66_OPTION_MAINTENANCE_036","option-maintenance","2","kernel_success","606.2","logs/V66_OPTION_MAINTENANCE_036.coqc.log","experiments/kernel_replay_v66_regression_maintenance/coq/V66_OPTION_MAINTENANCE_036.v","coqchk_success","logs/V66_BATCH.coqchk.log"
"V66_OPTION_MAINTENANCE_037","option-maintenance","2","kernel_success","453.6","logs/V66_OPTION_MAINTENANCE_037.coqc.log","experiments/kernel_replay_v66_regression_maintenance/coq/V66_OPTION_MAINTENANCE_037.v","coqchk_success","logs/V66_BATCH.coqchk.log"
"V66_OPTION_MAINTENANCE_038","option-maintenance","2","kernel_success","508.5","logs/V66_OPTION_MAINTENANCE_038.coqc.log","experiments/kernel_replay_v66_regression_maintenance/coq/V66_OPTION_MAINTENANCE_038.v","coqchk_success","logs/V66_BATCH.coqchk.log"
"V66_OPTION_MAINTENANCE_039","option-maintenance","2","kernel_success","474.3","logs/V66_OPTION_MAINTENANCE_039.coqc.log","experiments/kernel_replay_v66_regression_maintenance/coq/V66_OPTION_MAINTENANCE_039.v","coqchk_success","logs/V66_BATCH.coqchk.log"
"V66_OPTION_MAINTENANCE_040","option-maintenance","2","kernel_success","499.5","logs/V66_OPTION_MAINTENANCE_040.coqc.log","experiments/kernel_replay_v66_regression_maintenance/coq/V66_OPTION_MAINTENANCE_040.v","coqchk_success","logs/V66_BATCH.coqchk.log"
"V66_OPTION_MAINTENANCE_041","option-maintenance","2","kernel_success","557.8","logs/V66_OPTION_MAINTENANCE_041.coqc.log","experiments/kernel_replay_v66_regression_maintenance/coq/V66_OPTION_MAINTENANCE_041.v","coqchk_success","logs/V66_BATCH.coqchk.log"
"V66_OPTION_MAINTENANCE_042","option-maintenance","2","kernel_success","592.1","logs/V66_OPTION_MAINTENANCE_042.coqc.log","experiments/kernel_replay_v66_regression_maintenance/coq/V66_OPTION_MAINTENANCE_042.v","coqchk_success","logs/V66_BATCH.coqchk.log"
"V66_OPTION_MAINTENANCE_043","option-maintenance","2","kernel_success","720.7","logs/V66_OPTION_MAINTENANCE_043.coqc.log","experiments/kernel_replay_v66_regression_maintenance/coq/V66_OPTION_MAINTENANCE_043.v","coqchk_success","logs/V66_BATCH.coqchk.log"
"V66_OPTION_MAINTENANCE_044","option-maintenance","2","kernel_success","663.2","logs/V66_OPTION_MAINTENANCE_044.coqc.log","experiments/kernel_replay_v66_regression_maintenance/coq/V66_OPTION_MAINTENANCE_044.v","coqchk_success","logs/V66_BATCH.coqchk.log"
"V66_OPTION_MAINTENANCE_045","option-maintenance","2","kernel_success","518.7","logs/V66_OPTION_MAINTENANCE_045.coqc.log","experiments/kernel_replay_v66_regression_maintenance/coq/V66_OPTION_MAINTENANCE_045.v","coqchk_success","logs/V66_BATCH.coqchk.log"
"V66_OPTION_MAINTENANCE_046","option-maintenance","2","kernel_success","499.1","logs/V66_OPTION_MAINTENANCE_046.coqc.log","experiments/kernel_replay_v66_regression_maintenance/coq/V66_OPTION_MAINTENANCE_046.v","coqchk_success","logs/V66_BATCH.coqchk.log"
"V66_OPTION_MAINTENANCE_047","option-maintenance","2","kernel_success","462.2","logs/V66_OPTION_MAINTENANCE_047.coqc.log","experiments/kernel_replay_v66_regression_maintenance/coq/V66_OPTION_MAINTENANCE_047.v","coqchk_success","logs/V66_BATCH.coqchk.log"
"V66_OPTION_MAINTENANCE_048","option-maintenance","2","kernel_success","441.1","logs/V66_OPTION_MAINTENANCE_048.coqc.log","experiments/kernel_replay_v66_regression_maintenance/coq/V66_OPTION_MAINTENANCE_048.v","coqchk_success","logs/V66_BATCH.coqchk.log"
"V66_OPTION_MAINTENANCE_049","option-maintenance","2","kernel_success","490.4","logs/V66_OPTION_MAINTENANCE_049.coqc.log","experiments/kernel_replay_v66_regression_maintenance/coq/V66_OPTION_MAINTENANCE_049.v","coqchk_success","logs/V66_BATCH.coqchk.log"
"V66_OPTION_MAINTENANCE_050","option-maintenance","2","kernel_success","538.9","logs/V66_OPTION_MAINTENANCE_050.coqc.log","experiments/kernel_replay_v66_regression_maintenance/coq/V66_OPTION_MAINTENANCE_050.v","coqchk_success","logs/V66_BATCH.coqchk.log"
"V66_OPTION_MAINTENANCE_051","option-maintenance","2","kernel_success","578.8","logs/V66_OPTION_MAINTENANCE_051.coqc.log","experiments/kernel_replay_v66_regression_maintenance/coq/V66_OPTION_MAINTENANCE_051.v","coqchk_success","logs/V66_BATCH.coqchk.log"
"V66_OPTION_MAINTENANCE_052","option-maintenance","2","kernel_success","675.6","logs/V66_OPTION_MAINTENANCE_052.coqc.log","experiments/kernel_replay_v66_regression_maintenance/coq/V66_OPTION_MAINTENANCE_052.v","coqchk_success","logs/V66_BATCH.coqchk.log"
"V66_OPTION_MAINTENANCE_053","option-maintenance","2","kernel_success","732.5","logs/V66_OPTION_MAINTENANCE_053.coqc.log","experiments/kernel_replay_v66_regression_maintenance/coq/V66_OPTION_MAINTENANCE_053.v","coqchk_success","logs/V66_BATCH.coqchk.log"
"V66_OPTION_MAINTENANCE_054","option-maintenance","2","kernel_success","625.9","logs/V66_OPTION_MAINTENANCE_054.coqc.log","experiments/kernel_replay_v66_regression_maintenance/coq/V66_OPTION_MAINTENANCE_054.v","coqchk_success","logs/V66_BATCH.coqchk.log"
"V66_OPTION_MAINTENANCE_055","option-maintenance","2","kernel_success","614.4","logs/V66_OPTION_MAINTENANCE_055.coqc.log","experiments/kernel_replay_v66_regression_maintenance/coq/V66_OPTION_MAINTENANCE_055.v","coqchk_success","logs/V66_BATCH.coqchk.log"
"V66_OPTION_MAINTENANCE_056","option-maintenance","2","kernel_success","516.9","logs/V66_OPTION_MAINTENANCE_056.coqc.log","experiments/kernel_replay_v66_regression_maintenance/coq/V66_OPTION_MAINTENANCE_056.v","coqchk_success","logs/V66_BATCH.coqchk.log"
"V66_OPTION_MAINTENANCE_057","option-maintenance","2","kernel_success","454.5","logs/V66_OPTION_MAINTENANCE_057.coqc.log","experiments/kernel_replay_v66_regression_maintenance/coq/V66_OPTION_MAINTENANCE_057.v","coqchk_success","logs/V66_BATCH.coqchk.log"
"V66_OPTION_MAINTENANCE_058","option-maintenance","2","kernel_success","510.9","logs/V66_OPTION_MAINTENANCE_058.coqc.log","experiments/kernel_replay_v66_regression_maintenance/coq/V66_OPTION_MAINTENANCE_058.v","coqchk_success","logs/V66_BATCH.coqchk.log"
"V66_OPTION_MAINTENANCE_059","option-maintenance","2","kernel_success","557.8","logs/V66_OPTION_MAINTENANCE_059.coqc.log","experiments/kernel_replay_v66_regression_maintenance/coq/V66_OPTION_MAINTENANCE_059.v","coqchk_success","logs/V66_BATCH.coqchk.log"
"V66_OPTION_MAINTENANCE_060","option-maintenance","2","kernel_success","540.8","logs/V66_OPTION_MAINTENANCE_060.coqc.log","experiments/kernel_replay_v66_regression_maintenance/coq/V66_OPTION_MAINTENANCE_060.v","coqchk_success","logs/V66_BATCH.coqchk.log"
"V66_NAT_REWRITE_MAINTENANCE_001","nat-rewrite-maintenance","2","kernel_success","661.5","logs/V66_NAT_REWRITE_MAINTENANCE_001.coqc.log","experiments/kernel_replay_v66_regression_maintenance/coq/V66_NAT_REWRITE_MAINTENANCE_001.v","coqchk_success","logs/V66_BATCH.coqchk.log"
"V66_NAT_REWRITE_MAINTENANCE_002","nat-rewrite-maintenance","2","kernel_success","603.1","logs/V66_NAT_REWRITE_MAINTENANCE_002.coqc.log","experiments/kernel_replay_v66_regression_maintenance/coq/V66_NAT_REWRITE_MAINTENANCE_002.v","coqchk_success","logs/V66_BATCH.coqchk.log"
"V66_NAT_REWRITE_MAINTENANCE_003","nat-rewrite-maintenance","2","kernel_success","652.2","logs/V66_NAT_REWRITE_MAINTENANCE_003.coqc.log","experiments/kernel_replay_v66_regression_maintenance/coq/V66_NAT_REWRITE_MAINTENANCE_003.v","coqchk_success","logs/V66_BATCH.coqchk.log"
"V66_NAT_REWRITE_MAINTENANCE_004","nat-rewrite-maintenance","2","kernel_success","575.9","logs/V66_NAT_REWRITE_MAINTENANCE_004.coqc.log","experiments/kernel_replay_v66_regression_maintenance/coq/V66_NAT_REWRITE_MAINTENANCE_004.v","coqchk_success","logs/V66_BATCH.coqchk.log"
"V66_NAT_REWRITE_MAINTENANCE_005","nat-rewrite-maintenance","2","kernel_success","560.4","logs/V66_NAT_REWRITE_MAINTENANCE_005.coqc.log","experiments/kernel_replay_v66_regression_maintenance/coq/V66_NAT_REWRITE_MAINTENANCE_005.v","coqchk_success","logs/V66_BATCH.coqchk.log"
"V66_NAT_REWRITE_MAINTENANCE_006","nat-rewrite-maintenance","2","kernel_success","535.7","logs/V66_NAT_REWRITE_MAINTENANCE_006.coqc.log","experiments/kernel_replay_v66_regression_maintenance/coq/V66_NAT_REWRITE_MAINTENANCE_006.v","coqchk_success","logs/V66_BATCH.coqchk.log"
"V66_NAT_REWRITE_MAINTENANCE_007","nat-rewrite-maintenance","2","kernel_success","610.7","logs/V66_NAT_REWRITE_MAINTENANCE_007.coqc.log","experiments/kernel_replay_v66_regression_maintenance/coq/V66_NAT_REWRITE_MAINTENANCE_007.v","coqchk_success","logs/V66_BATCH.coqchk.log"
"V66_NAT_REWRITE_MAINTENANCE_008","nat-rewrite-maintenance","2","kernel_success","618.2","logs/V66_NAT_REWRITE_MAINTENANCE_008.coqc.log","experiments/kernel_replay_v66_regression_maintenance/coq/V66_NAT_REWRITE_MAINTENANCE_008.v","coqchk_success","logs/V66_BATCH.coqchk.log"
"V66_NAT_REWRITE_MAINTENANCE_009","nat-rewrite-maintenance","2","kernel_success","644.4","logs/V66_NAT_REWRITE_MAINTENANCE_009.coqc.log","experiments/kernel_replay_v66_regression_maintenance/coq/V66_NAT_REWRITE_MAINTENANCE_009.v","coqchk_success","logs/V66_BATCH.coqchk.log"
"V66_NAT_REWRITE_MAINTENANCE_010","nat-rewrite-maintenance","2","kernel_success","619.5","logs/V66_NAT_REWRITE_MAINTENANCE_010.coqc.log","experiments/kernel_replay_v66_regression_maintenance/coq/V66_NAT_REWRITE_MAINTENANCE_010.v","coqchk_success","logs/V66_BATCH.coqchk.log"
"V66_NAT_REWRITE_MAINTENANCE_011","nat-rewrite-maintenance","2","kernel_success","594.7","logs/V66_NAT_REWRITE_MAINTENANCE_011.coqc.log","experiments/kernel_replay_v66_regression_maintenance/coq/V66_NAT_REWRITE_MAINTENANCE_011.v","coqchk_success","logs/V66_BATCH.coqchk.log"
"V66_NAT_REWRITE_MAINTENANCE_012","nat-rewrite-maintenance","2","kernel_success","679.9","logs/V66_NAT_REWRITE_MAINTENANCE_012.coqc.log","experiments/kernel_replay_v66_regression_maintenance/coq/V66_NAT_REWRITE_MAINTENANCE_012.v","coqchk_success","logs/V66_BATCH.coqchk.log"
"V66_NAT_REWRITE_MAINTENANCE_013","nat-rewrite-maintenance","2","kernel_success","620","logs/V66_NAT_REWRITE_MAINTENANCE_013.coqc.log","experiments/kernel_replay_v66_regression_maintenance/coq/V66_NAT_REWRITE_MAINTENANCE_013.v","coqchk_success","logs/V66_BATCH.coqchk.log"
"V66_NAT_REWRITE_MAINTENANCE_014","nat-rewrite-maintenance","2","kernel_success","558.4","logs/V66_NAT_REWRITE_MAINTENANCE_014.coqc.log","experiments/kernel_replay_v66_regression_maintenance/coq/V66_NAT_REWRITE_MAINTENANCE_014.v","coqchk_success","logs/V66_BATCH.coqchk.log"
"V66_NAT_REWRITE_MAINTENANCE_015","nat-rewrite-maintenance","2","kernel_success","519.2","logs/V66_NAT_REWRITE_MAINTENANCE_015.coqc.log","experiments/kernel_replay_v66_regression_maintenance/coq/V66_NAT_REWRITE_MAINTENANCE_015.v","coqchk_success","logs/V66_BATCH.coqchk.log"
"V66_NAT_REWRITE_MAINTENANCE_016","nat-rewrite-maintenance","2","kernel_success","578","logs/V66_NAT_REWRITE_MAINTENANCE_016.coqc.log","experiments/kernel_replay_v66_regression_maintenance/coq/V66_NAT_REWRITE_MAINTENANCE_016.v","coqchk_success","logs/V66_BATCH.coqchk.log"
"V66_NAT_REWRITE_MAINTENANCE_017","nat-rewrite-maintenance","2","kernel_success","577.8","logs/V66_NAT_REWRITE_MAINTENANCE_017.coqc.log","experiments/kernel_replay_v66_regression_maintenance/coq/V66_NAT_REWRITE_MAINTENANCE_017.v","coqchk_success","logs/V66_BATCH.coqchk.log"
"V66_NAT_REWRITE_MAINTENANCE_018","nat-rewrite-maintenance","2","kernel_success","584.4","logs/V66_NAT_REWRITE_MAINTENANCE_018.coqc.log","experiments/kernel_replay_v66_regression_maintenance/coq/V66_NAT_REWRITE_MAINTENANCE_018.v","coqchk_success","logs/V66_BATCH.coqchk.log"
"V66_NAT_REWRITE_MAINTENANCE_019","nat-rewrite-maintenance","2","kernel_success","665.7","logs/V66_NAT_REWRITE_MAINTENANCE_019.coqc.log","experiments/kernel_replay_v66_regression_maintenance/coq/V66_NAT_REWRITE_MAINTENANCE_019.v","coqchk_success","logs/V66_BATCH.coqchk.log"
"V66_NAT_REWRITE_MAINTENANCE_020","nat-rewrite-maintenance","2","kernel_success","653.7","logs/V66_NAT_REWRITE_MAINTENANCE_020.coqc.log","experiments/kernel_replay_v66_regression_maintenance/coq/V66_NAT_REWRITE_MAINTENANCE_020.v","coqchk_success","logs/V66_BATCH.coqchk.log"
"V66_NAT_REWRITE_MAINTENANCE_021","nat-rewrite-maintenance","2","kernel_success","678.6","logs/V66_NAT_REWRITE_MAINTENANCE_021.coqc.log","experiments/kernel_replay_v66_regression_maintenance/coq/V66_NAT_REWRITE_MAINTENANCE_021.v","coqchk_success","logs/V66_BATCH.coqchk.log"
"V66_NAT_REWRITE_MAINTENANCE_022","nat-rewrite-maintenance","2","kernel_success","687.4","logs/V66_NAT_REWRITE_MAINTENANCE_022.coqc.log","experiments/kernel_replay_v66_regression_maintenance/coq/V66_NAT_REWRITE_MAINTENANCE_022.v","coqchk_success","logs/V66_BATCH.coqchk.log"
"V66_NAT_REWRITE_MAINTENANCE_023","nat-rewrite-maintenance","2","kernel_success","600.4","logs/V66_NAT_REWRITE_MAINTENANCE_023.coqc.log","experiments/kernel_replay_v66_regression_maintenance/coq/V66_NAT_REWRITE_MAINTENANCE_023.v","coqchk_success","logs/V66_BATCH.coqchk.log"
"V66_NAT_REWRITE_MAINTENANCE_024","nat-rewrite-maintenance","2","kernel_success","594.2","logs/V66_NAT_REWRITE_MAINTENANCE_024.coqc.log","experiments/kernel_replay_v66_regression_maintenance/coq/V66_NAT_REWRITE_MAINTENANCE_024.v","coqchk_success","logs/V66_BATCH.coqchk.log"
"V66_NAT_REWRITE_MAINTENANCE_025","nat-rewrite-maintenance","2","kernel_success","579.8","logs/V66_NAT_REWRITE_MAINTENANCE_025.coqc.log","experiments/kernel_replay_v66_regression_maintenance/coq/V66_NAT_REWRITE_MAINTENANCE_025.v","coqchk_success","logs/V66_BATCH.coqchk.log"
"V66_NAT_REWRITE_MAINTENANCE_026","nat-rewrite-maintenance","2","kernel_success","475.9","logs/V66_NAT_REWRITE_MAINTENANCE_026.coqc.log","experiments/kernel_replay_v66_regression_maintenance/coq/V66_NAT_REWRITE_MAINTENANCE_026.v","coqchk_success","logs/V66_BATCH.coqchk.log"
"V66_NAT_REWRITE_MAINTENANCE_027","nat-rewrite-maintenance","2","kernel_success","534.2","logs/V66_NAT_REWRITE_MAINTENANCE_027.coqc.log","experiments/kernel_replay_v66_regression_maintenance/coq/V66_NAT_REWRITE_MAINTENANCE_027.v","coqchk_success","logs/V66_BATCH.coqchk.log"
"V66_NAT_REWRITE_MAINTENANCE_028","nat-rewrite-maintenance","2","kernel_success","590.6","logs/V66_NAT_REWRITE_MAINTENANCE_028.coqc.log","experiments/kernel_replay_v66_regression_maintenance/coq/V66_NAT_REWRITE_MAINTENANCE_028.v","coqchk_success","logs/V66_BATCH.coqchk.log"
"V66_NAT_REWRITE_MAINTENANCE_029","nat-rewrite-maintenance","2","kernel_success","614.2","logs/V66_NAT_REWRITE_MAINTENANCE_029.coqc.log","experiments/kernel_replay_v66_regression_maintenance/coq/V66_NAT_REWRITE_MAINTENANCE_029.v","coqchk_success","logs/V66_BATCH.coqchk.log"
"V66_NAT_REWRITE_MAINTENANCE_030","nat-rewrite-maintenance","2","kernel_success","712.7","logs/V66_NAT_REWRITE_MAINTENANCE_030.coqc.log","experiments/kernel_replay_v66_regression_maintenance/coq/V66_NAT_REWRITE_MAINTENANCE_030.v","coqchk_success","logs/V66_BATCH.coqchk.log"
"V66_NAT_REWRITE_MAINTENANCE_031","nat-rewrite-maintenance","2","kernel_success","724.2","logs/V66_NAT_REWRITE_MAINTENANCE_031.coqc.log","experiments/kernel_replay_v66_regression_maintenance/coq/V66_NAT_REWRITE_MAINTENANCE_031.v","coqchk_success","logs/V66_BATCH.coqchk.log"
"V66_NAT_REWRITE_MAINTENANCE_032","nat-rewrite-maintenance","2","kernel_success","572","logs/V66_NAT_REWRITE_MAINTENANCE_032.coqc.log","experiments/kernel_replay_v66_regression_maintenance/coq/V66_NAT_REWRITE_MAINTENANCE_032.v","coqchk_success","logs/V66_BATCH.coqchk.log"
"V66_NAT_REWRITE_MAINTENANCE_033","nat-rewrite-maintenance","2","kernel_success","536.7","logs/V66_NAT_REWRITE_MAINTENANCE_033.coqc.log","experiments/kernel_replay_v66_regression_maintenance/coq/V66_NAT_REWRITE_MAINTENANCE_033.v","coqchk_success","logs/V66_BATCH.coqchk.log"
"V66_NAT_REWRITE_MAINTENANCE_034","nat-rewrite-maintenance","2","kernel_success","503.5","logs/V66_NAT_REWRITE_MAINTENANCE_034.coqc.log","experiments/kernel_replay_v66_regression_maintenance/coq/V66_NAT_REWRITE_MAINTENANCE_034.v","coqchk_success","logs/V66_BATCH.coqchk.log"
"V66_NAT_REWRITE_MAINTENANCE_035","nat-rewrite-maintenance","2","kernel_success","541.5","logs/V66_NAT_REWRITE_MAINTENANCE_035.coqc.log","experiments/kernel_replay_v66_regression_maintenance/coq/V66_NAT_REWRITE_MAINTENANCE_035.v","coqchk_success","logs/V66_BATCH.coqchk.log"
"V66_NAT_REWRITE_MAINTENANCE_036","nat-rewrite-maintenance","2","kernel_success","492","logs/V66_NAT_REWRITE_MAINTENANCE_036.coqc.log","experiments/kernel_replay_v66_regression_maintenance/coq/V66_NAT_REWRITE_MAINTENANCE_036.v","coqchk_success","logs/V66_BATCH.coqchk.log"
"V66_NAT_REWRITE_MAINTENANCE_037","nat-rewrite-maintenance","2","kernel_success","629.8","logs/V66_NAT_REWRITE_MAINTENANCE_037.coqc.log","experiments/kernel_replay_v66_regression_maintenance/coq/V66_NAT_REWRITE_MAINTENANCE_037.v","coqchk_success","logs/V66_BATCH.coqchk.log"
"V66_NAT_REWRITE_MAINTENANCE_038","nat-rewrite-maintenance","2","kernel_success","661.9","logs/V66_NAT_REWRITE_MAINTENANCE_038.coqc.log","experiments/kernel_replay_v66_regression_maintenance/coq/V66_NAT_REWRITE_MAINTENANCE_038.v","coqchk_success","logs/V66_BATCH.coqchk.log"
"V66_NAT_REWRITE_MAINTENANCE_039","nat-rewrite-maintenance","2","kernel_success","822.5","logs/V66_NAT_REWRITE_MAINTENANCE_039.coqc.log","experiments/kernel_replay_v66_regression_maintenance/coq/V66_NAT_REWRITE_MAINTENANCE_039.v","coqchk_success","logs/V66_BATCH.coqchk.log"
"V66_NAT_REWRITE_MAINTENANCE_040","nat-rewrite-maintenance","2","kernel_success","811.2","logs/V66_NAT_REWRITE_MAINTENANCE_040.coqc.log","experiments/kernel_replay_v66_regression_maintenance/coq/V66_NAT_REWRITE_MAINTENANCE_040.v","coqchk_success","logs/V66_BATCH.coqchk.log"
"V66_NAT_REWRITE_MAINTENANCE_041","nat-rewrite-maintenance","2","kernel_success","706.7","logs/V66_NAT_REWRITE_MAINTENANCE_041.coqc.log","experiments/kernel_replay_v66_regression_maintenance/coq/V66_NAT_REWRITE_MAINTENANCE_041.v","coqchk_success","logs/V66_BATCH.coqchk.log"
"V66_NAT_REWRITE_MAINTENANCE_042","nat-rewrite-maintenance","2","kernel_success","551","logs/V66_NAT_REWRITE_MAINTENANCE_042.coqc.log","experiments/kernel_replay_v66_regression_maintenance/coq/V66_NAT_REWRITE_MAINTENANCE_042.v","coqchk_success","logs/V66_BATCH.coqchk.log"
"V66_NAT_REWRITE_MAINTENANCE_043","nat-rewrite-maintenance","2","kernel_success","508","logs/V66_NAT_REWRITE_MAINTENANCE_043.coqc.log","experiments/kernel_replay_v66_regression_maintenance/coq/V66_NAT_REWRITE_MAINTENANCE_043.v","coqchk_success","logs/V66_BATCH.coqchk.log"
"V66_NAT_REWRITE_MAINTENANCE_044","nat-rewrite-maintenance","2","kernel_success","477.6","logs/V66_NAT_REWRITE_MAINTENANCE_044.coqc.log","experiments/kernel_replay_v66_regression_maintenance/coq/V66_NAT_REWRITE_MAINTENANCE_044.v","coqchk_success","logs/V66_BATCH.coqchk.log"
"V66_NAT_REWRITE_MAINTENANCE_045","nat-rewrite-maintenance","2","kernel_success","510.4","logs/V66_NAT_REWRITE_MAINTENANCE_045.coqc.log","experiments/kernel_replay_v66_regression_maintenance/coq/V66_NAT_REWRITE_MAINTENANCE_045.v","coqchk_success","logs/V66_BATCH.coqchk.log"
"V66_NAT_REWRITE_MAINTENANCE_046","nat-rewrite-maintenance","2","kernel_success","512.7","logs/V66_NAT_REWRITE_MAINTENANCE_046.coqc.log","experiments/kernel_replay_v66_regression_maintenance/coq/V66_NAT_REWRITE_MAINTENANCE_046.v","coqchk_success","logs/V66_BATCH.coqchk.log"
"V66_NAT_REWRITE_MAINTENANCE_047","nat-rewrite-maintenance","2","kernel_success","542.8","logs/V66_NAT_REWRITE_MAINTENANCE_047.coqc.log","experiments/kernel_replay_v66_regression_maintenance/coq/V66_NAT_REWRITE_MAINTENANCE_047.v","coqchk_success","logs/V66_BATCH.coqchk.log"
"V66_NAT_REWRITE_MAINTENANCE_048","nat-rewrite-maintenance","2","kernel_success","637.9","logs/V66_NAT_REWRITE_MAINTENANCE_048.coqc.log","experiments/kernel_replay_v66_regression_maintenance/coq/V66_NAT_REWRITE_MAINTENANCE_048.v","coqchk_success","logs/V66_BATCH.coqchk.log"
"V66_NAT_REWRITE_MAINTENANCE_049","nat-rewrite-maintenance","2","kernel_success","550.5","logs/V66_NAT_REWRITE_MAINTENANCE_049.coqc.log","experiments/kernel_replay_v66_regression_maintenance/coq/V66_NAT_REWRITE_MAINTENANCE_049.v","coqchk_success","logs/V66_BATCH.coqchk.log"
"V66_NAT_REWRITE_MAINTENANCE_050","nat-rewrite-maintenance","2","kernel_success","524.2","logs/V66_NAT_REWRITE_MAINTENANCE_050.coqc.log","experiments/kernel_replay_v66_regression_maintenance/coq/V66_NAT_REWRITE_MAINTENANCE_050.v","coqchk_success","logs/V66_BATCH.coqchk.log"
"V66_NAT_REWRITE_MAINTENANCE_051","nat-rewrite-maintenance","2","kernel_success","499","logs/V66_NAT_REWRITE_MAINTENANCE_051.coqc.log","experiments/kernel_replay_v66_regression_maintenance/coq/V66_NAT_REWRITE_MAINTENANCE_051.v","coqchk_success","logs/V66_BATCH.coqchk.log"
"V66_NAT_REWRITE_MAINTENANCE_052","nat-rewrite-maintenance","2","kernel_success","538.6","logs/V66_NAT_REWRITE_MAINTENANCE_052.coqc.log","experiments/kernel_replay_v66_regression_maintenance/coq/V66_NAT_REWRITE_MAINTENANCE_052.v","coqchk_success","logs/V66_BATCH.coqchk.log"
"V66_NAT_REWRITE_MAINTENANCE_053","nat-rewrite-maintenance","2","kernel_success","529.7","logs/V66_NAT_REWRITE_MAINTENANCE_053.coqc.log","experiments/kernel_replay_v66_regression_maintenance/coq/V66_NAT_REWRITE_MAINTENANCE_053.v","coqchk_success","logs/V66_BATCH.coqchk.log"
"V66_NAT_REWRITE_MAINTENANCE_054","nat-rewrite-maintenance","2","kernel_success","512.5","logs/V66_NAT_REWRITE_MAINTENANCE_054.coqc.log","experiments/kernel_replay_v66_regression_maintenance/coq/V66_NAT_REWRITE_MAINTENANCE_054.v","coqchk_success","logs/V66_BATCH.coqchk.log"
"V66_NAT_REWRITE_MAINTENANCE_055","nat-rewrite-maintenance","2","kernel_success","661.2","logs/V66_NAT_REWRITE_MAINTENANCE_055.coqc.log","experiments/kernel_replay_v66_regression_maintenance/coq/V66_NAT_REWRITE_MAINTENANCE_055.v","coqchk_success","logs/V66_BATCH.coqchk.log"
"V66_NAT_REWRITE_MAINTENANCE_056","nat-rewrite-maintenance","2","kernel_success","702.7","logs/V66_NAT_REWRITE_MAINTENANCE_056.coqc.log","experiments/kernel_replay_v66_regression_maintenance/coq/V66_NAT_REWRITE_MAINTENANCE_056.v","coqchk_success","logs/V66_BATCH.coqchk.log"
"V66_NAT_REWRITE_MAINTENANCE_057","nat-rewrite-maintenance","2","kernel_success","624.2","logs/V66_NAT_REWRITE_MAINTENANCE_057.coqc.log","experiments/kernel_replay_v66_regression_maintenance/coq/V66_NAT_REWRITE_MAINTENANCE_057.v","coqchk_success","logs/V66_BATCH.coqchk.log"
"V66_NAT_REWRITE_MAINTENANCE_058","nat-rewrite-maintenance","2","kernel_success","644.9","logs/V66_NAT_REWRITE_MAINTENANCE_058.coqc.log","experiments/kernel_replay_v66_regression_maintenance/coq/V66_NAT_REWRITE_MAINTENANCE_058.v","coqchk_success","logs/V66_BATCH.coqchk.log"
"V66_NAT_REWRITE_MAINTENANCE_059","nat-rewrite-maintenance","2","kernel_success","588.3","logs/V66_NAT_REWRITE_MAINTENANCE_059.coqc.log","experiments/kernel_replay_v66_regression_maintenance/coq/V66_NAT_REWRITE_MAINTENANCE_059.v","coqchk_success","logs/V66_BATCH.coqchk.log"
"V66_NAT_REWRITE_MAINTENANCE_060","nat-rewrite-maintenance","2","kernel_success","464.4","logs/V66_NAT_REWRITE_MAINTENANCE_060.coqc.log","experiments/kernel_replay_v66_regression_maintenance/coq/V66_NAT_REWRITE_MAINTENANCE_060.v","coqchk_success","logs/V66_BATCH.coqchk.log"
"V66_BOOL_REWRITE_MAINTENANCE_001","bool-rewrite-maintenance","2","kernel_success","480","logs/V66_BOOL_REWRITE_MAINTENANCE_001.coqc.log","experiments/kernel_replay_v66_regression_maintenance/coq/V66_BOOL_REWRITE_MAINTENANCE_001.v","coqchk_success","logs/V66_BATCH.coqchk.log"
"V66_BOOL_REWRITE_MAINTENANCE_002","bool-rewrite-maintenance","2","kernel_success","491.2","logs/V66_BOOL_REWRITE_MAINTENANCE_002.coqc.log","experiments/kernel_replay_v66_regression_maintenance/coq/V66_BOOL_REWRITE_MAINTENANCE_002.v","coqchk_success","logs/V66_BATCH.coqchk.log"
"V66_BOOL_REWRITE_MAINTENANCE_003","bool-rewrite-maintenance","2","kernel_success","491.2","logs/V66_BOOL_REWRITE_MAINTENANCE_003.coqc.log","experiments/kernel_replay_v66_regression_maintenance/coq/V66_BOOL_REWRITE_MAINTENANCE_003.v","coqchk_success","logs/V66_BATCH.coqchk.log"
"V66_BOOL_REWRITE_MAINTENANCE_004","bool-rewrite-maintenance","2","kernel_success","825.3","logs/V66_BOOL_REWRITE_MAINTENANCE_004.coqc.log","experiments/kernel_replay_v66_regression_maintenance/coq/V66_BOOL_REWRITE_MAINTENANCE_004.v","coqchk_success","logs/V66_BATCH.coqchk.log"
"V66_BOOL_REWRITE_MAINTENANCE_005","bool-rewrite-maintenance","2","kernel_success","726.7","logs/V66_BOOL_REWRITE_MAINTENANCE_005.coqc.log","experiments/kernel_replay_v66_regression_maintenance/coq/V66_BOOL_REWRITE_MAINTENANCE_005.v","coqchk_success","logs/V66_BATCH.coqchk.log"
"V66_BOOL_REWRITE_MAINTENANCE_006","bool-rewrite-maintenance","2","kernel_success","970.6","logs/V66_BOOL_REWRITE_MAINTENANCE_006.coqc.log","experiments/kernel_replay_v66_regression_maintenance/coq/V66_BOOL_REWRITE_MAINTENANCE_006.v","coqchk_success","logs/V66_BATCH.coqchk.log"
"V66_BOOL_REWRITE_MAINTENANCE_007","bool-rewrite-maintenance","2","kernel_success","894.5","logs/V66_BOOL_REWRITE_MAINTENANCE_007.coqc.log","experiments/kernel_replay_v66_regression_maintenance/coq/V66_BOOL_REWRITE_MAINTENANCE_007.v","coqchk_success","logs/V66_BATCH.coqchk.log"
"V66_BOOL_REWRITE_MAINTENANCE_008","bool-rewrite-maintenance","2","kernel_success","853.5","logs/V66_BOOL_REWRITE_MAINTENANCE_008.coqc.log","experiments/kernel_replay_v66_regression_maintenance/coq/V66_BOOL_REWRITE_MAINTENANCE_008.v","coqchk_success","logs/V66_BATCH.coqchk.log"
"V66_BOOL_REWRITE_MAINTENANCE_009","bool-rewrite-maintenance","2","kernel_success","700.8","logs/V66_BOOL_REWRITE_MAINTENANCE_009.coqc.log","experiments/kernel_replay_v66_regression_maintenance/coq/V66_BOOL_REWRITE_MAINTENANCE_009.v","coqchk_success","logs/V66_BATCH.coqchk.log"
"V66_BOOL_REWRITE_MAINTENANCE_010","bool-rewrite-maintenance","2","kernel_success","588.1","logs/V66_BOOL_REWRITE_MAINTENANCE_010.coqc.log","experiments/kernel_replay_v66_regression_maintenance/coq/V66_BOOL_REWRITE_MAINTENANCE_010.v","coqchk_success","logs/V66_BATCH.coqchk.log"
"V66_BOOL_REWRITE_MAINTENANCE_011","bool-rewrite-maintenance","2","kernel_success","802.6","logs/V66_BOOL_REWRITE_MAINTENANCE_011.coqc.log","experiments/kernel_replay_v66_regression_maintenance/coq/V66_BOOL_REWRITE_MAINTENANCE_011.v","coqchk_success","logs/V66_BATCH.coqchk.log"
"V66_BOOL_REWRITE_MAINTENANCE_012","bool-rewrite-maintenance","2","kernel_success","849.9","logs/V66_BOOL_REWRITE_MAINTENANCE_012.coqc.log","experiments/kernel_replay_v66_regression_maintenance/coq/V66_BOOL_REWRITE_MAINTENANCE_012.v","coqchk_success","logs/V66_BATCH.coqchk.log"
"V66_BOOL_REWRITE_MAINTENANCE_013","bool-rewrite-maintenance","2","kernel_success","889.5","logs/V66_BOOL_REWRITE_MAINTENANCE_013.coqc.log","experiments/kernel_replay_v66_regression_maintenance/coq/V66_BOOL_REWRITE_MAINTENANCE_013.v","coqchk_success","logs/V66_BATCH.coqchk.log"
"V66_BOOL_REWRITE_MAINTENANCE_014","bool-rewrite-maintenance","2","kernel_success","629.8","logs/V66_BOOL_REWRITE_MAINTENANCE_014.coqc.log","experiments/kernel_replay_v66_regression_maintenance/coq/V66_BOOL_REWRITE_MAINTENANCE_014.v","coqchk_success","logs/V66_BATCH.coqchk.log"
"V66_BOOL_REWRITE_MAINTENANCE_015","bool-rewrite-maintenance","2","kernel_success","505.3","logs/V66_BOOL_REWRITE_MAINTENANCE_015.coqc.log","experiments/kernel_replay_v66_regression_maintenance/coq/V66_BOOL_REWRITE_MAINTENANCE_015.v","coqchk_success","logs/V66_BATCH.coqchk.log"
"V66_BOOL_REWRITE_MAINTENANCE_016","bool-rewrite-maintenance","2","kernel_success","495.2","logs/V66_BOOL_REWRITE_MAINTENANCE_016.coqc.log","experiments/kernel_replay_v66_regression_maintenance/coq/V66_BOOL_REWRITE_MAINTENANCE_016.v","coqchk_success","logs/V66_BATCH.coqchk.log"
"V66_BOOL_REWRITE_MAINTENANCE_017","bool-rewrite-maintenance","2","kernel_success","568.1","logs/V66_BOOL_REWRITE_MAINTENANCE_017.coqc.log","experiments/kernel_replay_v66_regression_maintenance/coq/V66_BOOL_REWRITE_MAINTENANCE_017.v","coqchk_success","logs/V66_BATCH.coqchk.log"
"V66_BOOL_REWRITE_MAINTENANCE_018","bool-rewrite-maintenance","2","kernel_success","498.5","logs/V66_BOOL_REWRITE_MAINTENANCE_018.coqc.log","experiments/kernel_replay_v66_regression_maintenance/coq/V66_BOOL_REWRITE_MAINTENANCE_018.v","coqchk_success","logs/V66_BATCH.coqchk.log"
"V66_BOOL_REWRITE_MAINTENANCE_019","bool-rewrite-maintenance","2","kernel_success","577.6","logs/V66_BOOL_REWRITE_MAINTENANCE_019.coqc.log","experiments/kernel_replay_v66_regression_maintenance/coq/V66_BOOL_REWRITE_MAINTENANCE_019.v","coqchk_success","logs/V66_BATCH.coqchk.log"
"V66_BOOL_REWRITE_MAINTENANCE_020","bool-rewrite-maintenance","2","kernel_success","590.1","logs/V66_BOOL_REWRITE_MAINTENANCE_020.coqc.log","experiments/kernel_replay_v66_regression_maintenance/coq/V66_BOOL_REWRITE_MAINTENANCE_020.v","coqchk_success","logs/V66_BATCH.coqchk.log"
"V66_BOOL_REWRITE_MAINTENANCE_021","bool-rewrite-maintenance","2","kernel_success","627.7","logs/V66_BOOL_REWRITE_MAINTENANCE_021.coqc.log","experiments/kernel_replay_v66_regression_maintenance/coq/V66_BOOL_REWRITE_MAINTENANCE_021.v","coqchk_success","logs/V66_BATCH.coqchk.log"
"V66_BOOL_REWRITE_MAINTENANCE_022","bool-rewrite-maintenance","2","kernel_success","600.8","logs/V66_BOOL_REWRITE_MAINTENANCE_022.coqc.log","experiments/kernel_replay_v66_regression_maintenance/coq/V66_BOOL_REWRITE_MAINTENANCE_022.v","coqchk_success","logs/V66_BATCH.coqchk.log"
"V66_BOOL_REWRITE_MAINTENANCE_023","bool-rewrite-maintenance","2","kernel_success","522.1","logs/V66_BOOL_REWRITE_MAINTENANCE_023.coqc.log","experiments/kernel_replay_v66_regression_maintenance/coq/V66_BOOL_REWRITE_MAINTENANCE_023.v","coqchk_success","logs/V66_BATCH.coqchk.log"
"V66_BOOL_REWRITE_MAINTENANCE_024","bool-rewrite-maintenance","2","kernel_success","444","logs/V66_BOOL_REWRITE_MAINTENANCE_024.coqc.log","experiments/kernel_replay_v66_regression_maintenance/coq/V66_BOOL_REWRITE_MAINTENANCE_024.v","coqchk_success","logs/V66_BATCH.coqchk.log"
"V66_BOOL_REWRITE_MAINTENANCE_025","bool-rewrite-maintenance","2","kernel_success","440.3","logs/V66_BOOL_REWRITE_MAINTENANCE_025.coqc.log","experiments/kernel_replay_v66_regression_maintenance/coq/V66_BOOL_REWRITE_MAINTENANCE_025.v","coqchk_success","logs/V66_BATCH.coqchk.log"
"V66_BOOL_REWRITE_MAINTENANCE_026","bool-rewrite-maintenance","2","kernel_success","472.2","logs/V66_BOOL_REWRITE_MAINTENANCE_026.coqc.log","experiments/kernel_replay_v66_regression_maintenance/coq/V66_BOOL_REWRITE_MAINTENANCE_026.v","coqchk_success","logs/V66_BATCH.coqchk.log"
"V66_BOOL_REWRITE_MAINTENANCE_027","bool-rewrite-maintenance","2","kernel_success","454.3","logs/V66_BOOL_REWRITE_MAINTENANCE_027.coqc.log","experiments/kernel_replay_v66_regression_maintenance/coq/V66_BOOL_REWRITE_MAINTENANCE_027.v","coqchk_success","logs/V66_BATCH.coqchk.log"
"V66_BOOL_REWRITE_MAINTENANCE_028","bool-rewrite-maintenance","2","kernel_success","554.8","logs/V66_BOOL_REWRITE_MAINTENANCE_028.coqc.log","experiments/kernel_replay_v66_regression_maintenance/coq/V66_BOOL_REWRITE_MAINTENANCE_028.v","coqchk_success","logs/V66_BATCH.coqchk.log"
"V66_BOOL_REWRITE_MAINTENANCE_029","bool-rewrite-maintenance","2","kernel_success","746","logs/V66_BOOL_REWRITE_MAINTENANCE_029.coqc.log","experiments/kernel_replay_v66_regression_maintenance/coq/V66_BOOL_REWRITE_MAINTENANCE_029.v","coqchk_success","logs/V66_BATCH.coqchk.log"
"V66_BOOL_REWRITE_MAINTENANCE_030","bool-rewrite-maintenance","2","kernel_success","844.2","logs/V66_BOOL_REWRITE_MAINTENANCE_030.coqc.log","experiments/kernel_replay_v66_regression_maintenance/coq/V66_BOOL_REWRITE_MAINTENANCE_030.v","coqchk_success","logs/V66_BATCH.coqchk.log"
"V66_BOOL_REWRITE_MAINTENANCE_031","bool-rewrite-maintenance","2","kernel_success","1026.4","logs/V66_BOOL_REWRITE_MAINTENANCE_031.coqc.log","experiments/kernel_replay_v66_regression_maintenance/coq/V66_BOOL_REWRITE_MAINTENANCE_031.v","coqchk_success","logs/V66_BATCH.coqchk.log"
"V66_BOOL_REWRITE_MAINTENANCE_032","bool-rewrite-maintenance","2","kernel_success","621.9","logs/V66_BOOL_REWRITE_MAINTENANCE_032.coqc.log","experiments/kernel_replay_v66_regression_maintenance/coq/V66_BOOL_REWRITE_MAINTENANCE_032.v","coqchk_success","logs/V66_BATCH.coqchk.log"
"V66_BOOL_REWRITE_MAINTENANCE_033","bool-rewrite-maintenance","2","kernel_success","584","logs/V66_BOOL_REWRITE_MAINTENANCE_033.coqc.log","experiments/kernel_replay_v66_regression_maintenance/coq/V66_BOOL_REWRITE_MAINTENANCE_033.v","coqchk_success","logs/V66_BATCH.coqchk.log"
"V66_BOOL_REWRITE_MAINTENANCE_034","bool-rewrite-maintenance","2","kernel_success","500.5","logs/V66_BOOL_REWRITE_MAINTENANCE_034.coqc.log","experiments/kernel_replay_v66_regression_maintenance/coq/V66_BOOL_REWRITE_MAINTENANCE_034.v","coqchk_success","logs/V66_BATCH.coqchk.log"
"V66_BOOL_REWRITE_MAINTENANCE_035","bool-rewrite-maintenance","2","kernel_success","469.2","logs/V66_BOOL_REWRITE_MAINTENANCE_035.coqc.log","experiments/kernel_replay_v66_regression_maintenance/coq/V66_BOOL_REWRITE_MAINTENANCE_035.v","coqchk_success","logs/V66_BATCH.coqchk.log"
"V66_BOOL_REWRITE_MAINTENANCE_036","bool-rewrite-maintenance","2","kernel_success","553.8","logs/V66_BOOL_REWRITE_MAINTENANCE_036.coqc.log","experiments/kernel_replay_v66_regression_maintenance/coq/V66_BOOL_REWRITE_MAINTENANCE_036.v","coqchk_success","logs/V66_BATCH.coqchk.log"
"V66_BOOL_REWRITE_MAINTENANCE_037","bool-rewrite-maintenance","2","kernel_success","673.1","logs/V66_BOOL_REWRITE_MAINTENANCE_037.coqc.log","experiments/kernel_replay_v66_regression_maintenance/coq/V66_BOOL_REWRITE_MAINTENANCE_037.v","coqchk_success","logs/V66_BATCH.coqchk.log"
"V66_BOOL_REWRITE_MAINTENANCE_038","bool-rewrite-maintenance","2","kernel_success","720.4","logs/V66_BOOL_REWRITE_MAINTENANCE_038.coqc.log","experiments/kernel_replay_v66_regression_maintenance/coq/V66_BOOL_REWRITE_MAINTENANCE_038.v","coqchk_success","logs/V66_BATCH.coqchk.log"
"V66_BOOL_REWRITE_MAINTENANCE_039","bool-rewrite-maintenance","2","kernel_success","692.7","logs/V66_BOOL_REWRITE_MAINTENANCE_039.coqc.log","experiments/kernel_replay_v66_regression_maintenance/coq/V66_BOOL_REWRITE_MAINTENANCE_039.v","coqchk_success","logs/V66_BATCH.coqchk.log"
"V66_BOOL_REWRITE_MAINTENANCE_040","bool-rewrite-maintenance","2","kernel_success","691.9","logs/V66_BOOL_REWRITE_MAINTENANCE_040.coqc.log","experiments/kernel_replay_v66_regression_maintenance/coq/V66_BOOL_REWRITE_MAINTENANCE_040.v","coqchk_success","logs/V66_BATCH.coqchk.log"
"V66_BOOL_REWRITE_MAINTENANCE_041","bool-rewrite-maintenance","2","kernel_success","517.3","logs/V66_BOOL_REWRITE_MAINTENANCE_041.coqc.log","experiments/kernel_replay_v66_regression_maintenance/coq/V66_BOOL_REWRITE_MAINTENANCE_041.v","coqchk_success","logs/V66_BATCH.coqchk.log"
"V66_BOOL_REWRITE_MAINTENANCE_042","bool-rewrite-maintenance","2","kernel_success","488.6","logs/V66_BOOL_REWRITE_MAINTENANCE_042.coqc.log","experiments/kernel_replay_v66_regression_maintenance/coq/V66_BOOL_REWRITE_MAINTENANCE_042.v","coqchk_success","logs/V66_BATCH.coqchk.log"
"V66_BOOL_REWRITE_MAINTENANCE_043","bool-rewrite-maintenance","2","kernel_success","479.5","logs/V66_BOOL_REWRITE_MAINTENANCE_043.coqc.log","experiments/kernel_replay_v66_regression_maintenance/coq/V66_BOOL_REWRITE_MAINTENANCE_043.v","coqchk_success","logs/V66_BATCH.coqchk.log"
"V66_BOOL_REWRITE_MAINTENANCE_044","bool-rewrite-maintenance","2","kernel_success","529.2","logs/V66_BOOL_REWRITE_MAINTENANCE_044.coqc.log","experiments/kernel_replay_v66_regression_maintenance/coq/V66_BOOL_REWRITE_MAINTENANCE_044.v","coqchk_success","logs/V66_BATCH.coqchk.log"
"V66_BOOL_REWRITE_MAINTENANCE_045","bool-rewrite-maintenance","2","kernel_success","632.2","logs/V66_BOOL_REWRITE_MAINTENANCE_045.coqc.log","experiments/kernel_replay_v66_regression_maintenance/coq/V66_BOOL_REWRITE_MAINTENANCE_045.v","coqchk_success","logs/V66_BATCH.coqchk.log"
"V66_BOOL_REWRITE_MAINTENANCE_046","bool-rewrite-maintenance","2","kernel_success","759.9","logs/V66_BOOL_REWRITE_MAINTENANCE_046.coqc.log","experiments/kernel_replay_v66_regression_maintenance/coq/V66_BOOL_REWRITE_MAINTENANCE_046.v","coqchk_success","logs/V66_BATCH.coqchk.log"
"V66_BOOL_REWRITE_MAINTENANCE_047","bool-rewrite-maintenance","2","kernel_success","883.9","logs/V66_BOOL_REWRITE_MAINTENANCE_047.coqc.log","experiments/kernel_replay_v66_regression_maintenance/coq/V66_BOOL_REWRITE_MAINTENANCE_047.v","coqchk_success","logs/V66_BATCH.coqchk.log"
"V66_BOOL_REWRITE_MAINTENANCE_048","bool-rewrite-maintenance","2","kernel_success","744.4","logs/V66_BOOL_REWRITE_MAINTENANCE_048.coqc.log","experiments/kernel_replay_v66_regression_maintenance/coq/V66_BOOL_REWRITE_MAINTENANCE_048.v","coqchk_success","logs/V66_BATCH.coqchk.log"
"V66_BOOL_REWRITE_MAINTENANCE_049","bool-rewrite-maintenance","2","kernel_success","656.8","logs/V66_BOOL_REWRITE_MAINTENANCE_049.coqc.log","experiments/kernel_replay_v66_regression_maintenance/coq/V66_BOOL_REWRITE_MAINTENANCE_049.v","coqchk_success","logs/V66_BATCH.coqchk.log"
"V66_BOOL_REWRITE_MAINTENANCE_050","bool-rewrite-maintenance","2","kernel_success","529.4","logs/V66_BOOL_REWRITE_MAINTENANCE_050.coqc.log","experiments/kernel_replay_v66_regression_maintenance/coq/V66_BOOL_REWRITE_MAINTENANCE_050.v","coqchk_success","logs/V66_BATCH.coqchk.log"
"V66_BOOL_REWRITE_MAINTENANCE_051","bool-rewrite-maintenance","2","kernel_success","513.1","logs/V66_BOOL_REWRITE_MAINTENANCE_051.coqc.log","experiments/kernel_replay_v66_regression_maintenance/coq/V66_BOOL_REWRITE_MAINTENANCE_051.v","coqchk_success","logs/V66_BATCH.coqchk.log"
"V66_BOOL_REWRITE_MAINTENANCE_052","bool-rewrite-maintenance","2","kernel_success","591","logs/V66_BOOL_REWRITE_MAINTENANCE_052.coqc.log","experiments/kernel_replay_v66_regression_maintenance/coq/V66_BOOL_REWRITE_MAINTENANCE_052.v","coqchk_success","logs/V66_BATCH.coqchk.log"
"V66_BOOL_REWRITE_MAINTENANCE_053","bool-rewrite-maintenance","2","kernel_success","597.1","logs/V66_BOOL_REWRITE_MAINTENANCE_053.coqc.log","experiments/kernel_replay_v66_regression_maintenance/coq/V66_BOOL_REWRITE_MAINTENANCE_053.v","coqchk_success","logs/V66_BATCH.coqchk.log"
"V66_BOOL_REWRITE_MAINTENANCE_054","bool-rewrite-maintenance","2","kernel_success","706.9","logs/V66_BOOL_REWRITE_MAINTENANCE_054.coqc.log","experiments/kernel_replay_v66_regression_maintenance/coq/V66_BOOL_REWRITE_MAINTENANCE_054.v","coqchk_success","logs/V66_BATCH.coqchk.log"
"V66_BOOL_REWRITE_MAINTENANCE_055","bool-rewrite-maintenance","2","kernel_success","832","logs/V66_BOOL_REWRITE_MAINTENANCE_055.coqc.log","experiments/kernel_replay_v66_regression_maintenance/coq/V66_BOOL_REWRITE_MAINTENANCE_055.v","coqchk_success","logs/V66_BATCH.coqchk.log"
"V66_BOOL_REWRITE_MAINTENANCE_056","bool-rewrite-maintenance","2","kernel_success","739.6","logs/V66_BOOL_REWRITE_MAINTENANCE_056.coqc.log","experiments/kernel_replay_v66_regression_maintenance/coq/V66_BOOL_REWRITE_MAINTENANCE_056.v","coqchk_success","logs/V66_BATCH.coqchk.log"
"V66_BOOL_REWRITE_MAINTENANCE_057","bool-rewrite-maintenance","2","kernel_success","666.1","logs/V66_BOOL_REWRITE_MAINTENANCE_057.coqc.log","experiments/kernel_replay_v66_regression_maintenance/coq/V66_BOOL_REWRITE_MAINTENANCE_057.v","coqchk_success","logs/V66_BATCH.coqchk.log"
"V66_BOOL_REWRITE_MAINTENANCE_058","bool-rewrite-maintenance","2","kernel_success","590.4","logs/V66_BOOL_REWRITE_MAINTENANCE_058.coqc.log","experiments/kernel_replay_v66_regression_maintenance/coq/V66_BOOL_REWRITE_MAINTENANCE_058.v","coqchk_success","logs/V66_BATCH.coqchk.log"
"V66_BOOL_REWRITE_MAINTENANCE_059","bool-rewrite-maintenance","2","kernel_success","532.6","logs/V66_BOOL_REWRITE_MAINTENANCE_059.coqc.log","experiments/kernel_replay_v66_regression_maintenance/coq/V66_BOOL_REWRITE_MAINTENANCE_059.v","coqchk_success","logs/V66_BATCH.coqchk.log"
"V66_BOOL_REWRITE_MAINTENANCE_060","bool-rewrite-maintenance","2","kernel_success","552.3","logs/V66_BOOL_REWRITE_MAINTENANCE_060.coqc.log","experiments/kernel_replay_v66_regression_maintenance/coq/V66_BOOL_REWRITE_MAINTENANCE_060.v","coqchk_success","logs/V66_BATCH.coqchk.log"
"V66_PAIR_MIGRATION_001","pair-migration","2","kernel_success","600.3","logs/V66_PAIR_MIGRATION_001.coqc.log","experiments/kernel_replay_v66_regression_maintenance/coq/V66_PAIR_MIGRATION_001.v","coqchk_success","logs/V66_BATCH.coqchk.log"
"V66_PAIR_MIGRATION_002","pair-migration","2","kernel_success","666.6","logs/V66_PAIR_MIGRATION_002.coqc.log","experiments/kernel_replay_v66_regression_maintenance/coq/V66_PAIR_MIGRATION_002.v","coqchk_success","logs/V66_BATCH.coqchk.log"
"V66_PAIR_MIGRATION_003","pair-migration","2","kernel_success","731.3","logs/V66_PAIR_MIGRATION_003.coqc.log","experiments/kernel_replay_v66_regression_maintenance/coq/V66_PAIR_MIGRATION_003.v","coqchk_success","logs/V66_BATCH.coqchk.log"
"V66_PAIR_MIGRATION_004","pair-migration","2","kernel_success","686.7","logs/V66_PAIR_MIGRATION_004.coqc.log","experiments/kernel_replay_v66_regression_maintenance/coq/V66_PAIR_MIGRATION_004.v","coqchk_success","logs/V66_BATCH.coqchk.log"
"V66_PAIR_MIGRATION_005","pair-migration","2","kernel_success","632.6","logs/V66_PAIR_MIGRATION_005.coqc.log","experiments/kernel_replay_v66_regression_maintenance/coq/V66_PAIR_MIGRATION_005.v","coqchk_success","logs/V66_BATCH.coqchk.log"
"V66_PAIR_MIGRATION_006","pair-migration","2","kernel_success","514.2","logs/V66_PAIR_MIGRATION_006.coqc.log","experiments/kernel_replay_v66_regression_maintenance/coq/V66_PAIR_MIGRATION_006.v","coqchk_success","logs/V66_BATCH.coqchk.log"
"V66_PAIR_MIGRATION_007","pair-migration","2","kernel_success","515.2","logs/V66_PAIR_MIGRATION_007.coqc.log","experiments/kernel_replay_v66_regression_maintenance/coq/V66_PAIR_MIGRATION_007.v","coqchk_success","logs/V66_BATCH.coqchk.log"
"V66_PAIR_MIGRATION_008","pair-migration","2","kernel_success","553.5","logs/V66_PAIR_MIGRATION_008.coqc.log","experiments/kernel_replay_v66_regression_maintenance/coq/V66_PAIR_MIGRATION_008.v","coqchk_success","logs/V66_BATCH.coqchk.log"
"V66_PAIR_MIGRATION_009","pair-migration","2","kernel_success","558.7","logs/V66_PAIR_MIGRATION_009.coqc.log","experiments/kernel_replay_v66_regression_maintenance/coq/V66_PAIR_MIGRATION_009.v","coqchk_success","logs/V66_BATCH.coqchk.log"
"V66_PAIR_MIGRATION_010","pair-migration","2","kernel_success","582.3","logs/V66_PAIR_MIGRATION_010.coqc.log","experiments/kernel_replay_v66_regression_maintenance/coq/V66_PAIR_MIGRATION_010.v","coqchk_success","logs/V66_BATCH.coqchk.log"
"V66_PAIR_MIGRATION_011","pair-migration","2","kernel_success","631.1","logs/V66_PAIR_MIGRATION_011.coqc.log","experiments/kernel_replay_v66_regression_maintenance/coq/V66_PAIR_MIGRATION_011.v","coqchk_success","logs/V66_BATCH.coqchk.log"
"V66_PAIR_MIGRATION_012","pair-migration","2","kernel_success","610.8","logs/V66_PAIR_MIGRATION_012.coqc.log","experiments/kernel_replay_v66_regression_maintenance/coq/V66_PAIR_MIGRATION_012.v","coqchk_success","logs/V66_BATCH.coqchk.log"
"V66_PAIR_MIGRATION_013","pair-migration","2","kernel_success","627.8","logs/V66_PAIR_MIGRATION_013.coqc.log","experiments/kernel_replay_v66_regression_maintenance/coq/V66_PAIR_MIGRATION_013.v","coqchk_success","logs/V66_BATCH.coqchk.log"
"V66_PAIR_MIGRATION_014","pair-migration","2","kernel_success","522.6","logs/V66_PAIR_MIGRATION_014.coqc.log","experiments/kernel_replay_v66_regression_maintenance/coq/V66_PAIR_MIGRATION_014.v","coqchk_success","logs/V66_BATCH.coqchk.log"
"V66_PAIR_MIGRATION_015","pair-migration","2","kernel_success","490.6","logs/V66_PAIR_MIGRATION_015.coqc.log","experiments/kernel_replay_v66_regression_maintenance/coq/V66_PAIR_MIGRATION_015.v","coqchk_success","logs/V66_BATCH.coqchk.log"
"V66_PAIR_MIGRATION_016","pair-migration","2","kernel_success","448.2","logs/V66_PAIR_MIGRATION_016.coqc.log","experiments/kernel_replay_v66_regression_maintenance/coq/V66_PAIR_MIGRATION_016.v","coqchk_success","logs/V66_BATCH.coqchk.log"
"V66_PAIR_MIGRATION_017","pair-migration","2","kernel_success","423.9","logs/V66_PAIR_MIGRATION_017.coqc.log","experiments/kernel_replay_v66_regression_maintenance/coq/V66_PAIR_MIGRATION_017.v","coqchk_success","logs/V66_BATCH.coqchk.log"
"V66_PAIR_MIGRATION_018","pair-migration","2","kernel_success","449.5","logs/V66_PAIR_MIGRATION_018.coqc.log","experiments/kernel_replay_v66_regression_maintenance/coq/V66_PAIR_MIGRATION_018.v","coqchk_success","logs/V66_BATCH.coqchk.log"
"V66_PAIR_MIGRATION_019","pair-migration","2","kernel_success","519.6","logs/V66_PAIR_MIGRATION_019.coqc.log","experiments/kernel_replay_v66_regression_maintenance/coq/V66_PAIR_MIGRATION_019.v","coqchk_success","logs/V66_BATCH.coqchk.log"
"V66_PAIR_MIGRATION_020","pair-migration","2","kernel_success","575.3","logs/V66_PAIR_MIGRATION_020.coqc.log","experiments/kernel_replay_v66_regression_maintenance/coq/V66_PAIR_MIGRATION_020.v","coqchk_success","logs/V66_BATCH.coqchk.log"
"V66_PAIR_MIGRATION_021","pair-migration","2","kernel_success","633.2","logs/V66_PAIR_MIGRATION_021.coqc.log","experiments/kernel_replay_v66_regression_maintenance/coq/V66_PAIR_MIGRATION_021.v","coqchk_success","logs/V66_BATCH.coqchk.log"
"V66_PAIR_MIGRATION_022","pair-migration","2","kernel_success","685.1","logs/V66_PAIR_MIGRATION_022.coqc.log","experiments/kernel_replay_v66_regression_maintenance/coq/V66_PAIR_MIGRATION_022.v","coqchk_success","logs/V66_BATCH.coqchk.log"
"V66_PAIR_MIGRATION_023","pair-migration","2","kernel_success","610","logs/V66_PAIR_MIGRATION_023.coqc.log","experiments/kernel_replay_v66_regression_maintenance/coq/V66_PAIR_MIGRATION_023.v","coqchk_success","logs/V66_BATCH.coqchk.log"
"V66_PAIR_MIGRATION_024","pair-migration","2","kernel_success","552.2","logs/V66_PAIR_MIGRATION_024.coqc.log","experiments/kernel_replay_v66_regression_maintenance/coq/V66_PAIR_MIGRATION_024.v","coqchk_success","logs/V66_BATCH.coqchk.log"
"V66_PAIR_MIGRATION_025","pair-migration","2","kernel_success","467.5","logs/V66_PAIR_MIGRATION_025.coqc.log","experiments/kernel_replay_v66_regression_maintenance/coq/V66_PAIR_MIGRATION_025.v","coqchk_success","logs/V66_BATCH.coqchk.log"
"V66_PAIR_MIGRATION_026","pair-migration","2","kernel_success","465.1","logs/V66_PAIR_MIGRATION_026.coqc.log","experiments/kernel_replay_v66_regression_maintenance/coq/V66_PAIR_MIGRATION_026.v","coqchk_success","logs/V66_BATCH.coqchk.log"
"V66_PAIR_MIGRATION_027","pair-migration","2","kernel_success","511.7","logs/V66_PAIR_MIGRATION_027.coqc.log","experiments/kernel_replay_v66_regression_maintenance/coq/V66_PAIR_MIGRATION_027.v","coqchk_success","logs/V66_BATCH.coqchk.log"
"V66_PAIR_MIGRATION_028","pair-migration","2","kernel_success","594.4","logs/V66_PAIR_MIGRATION_028.coqc.log","experiments/kernel_replay_v66_regression_maintenance/coq/V66_PAIR_MIGRATION_028.v","coqchk_success","logs/V66_BATCH.coqchk.log"
"V66_PAIR_MIGRATION_029","pair-migration","2","kernel_success","709.3","logs/V66_PAIR_MIGRATION_029.coqc.log","experiments/kernel_replay_v66_regression_maintenance/coq/V66_PAIR_MIGRATION_029.v","coqchk_success","logs/V66_BATCH.coqchk.log"
"V66_PAIR_MIGRATION_030","pair-migration","2","kernel_success","949.6","logs/V66_PAIR_MIGRATION_030.coqc.log","experiments/kernel_replay_v66_regression_maintenance/coq/V66_PAIR_MIGRATION_030.v","coqchk_success","logs/V66_BATCH.coqchk.log"
"V66_PAIR_MIGRATION_031","pair-migration","2","kernel_success","1065.9","logs/V66_PAIR_MIGRATION_031.coqc.log","experiments/kernel_replay_v66_regression_maintenance/coq/V66_PAIR_MIGRATION_031.v","coqchk_success","logs/V66_BATCH.coqchk.log"
"V66_PAIR_MIGRATION_032","pair-migration","2","kernel_success","771.6","logs/V66_PAIR_MIGRATION_032.coqc.log","experiments/kernel_replay_v66_regression_maintenance/coq/V66_PAIR_MIGRATION_032.v","coqchk_success","logs/V66_BATCH.coqchk.log"
"V66_PAIR_MIGRATION_033","pair-migration","2","kernel_success","707.5","logs/V66_PAIR_MIGRATION_033.coqc.log","experiments/kernel_replay_v66_regression_maintenance/coq/V66_PAIR_MIGRATION_033.v","coqchk_success","logs/V66_BATCH.coqchk.log"
"V66_PAIR_MIGRATION_034","pair-migration","2","kernel_success","564.1","logs/V66_PAIR_MIGRATION_034.coqc.log","experiments/kernel_replay_v66_regression_maintenance/coq/V66_PAIR_MIGRATION_034.v","coqchk_success","logs/V66_BATCH.coqchk.log"
"V66_PAIR_MIGRATION_035","pair-migration","2","kernel_success","596.7","logs/V66_PAIR_MIGRATION_035.coqc.log","experiments/kernel_replay_v66_regression_maintenance/coq/V66_PAIR_MIGRATION_035.v","coqchk_success","logs/V66_BATCH.coqchk.log"
"V66_PAIR_MIGRATION_036","pair-migration","2","kernel_success","560.6","logs/V66_PAIR_MIGRATION_036.coqc.log","experiments/kernel_replay_v66_regression_maintenance/coq/V66_PAIR_MIGRATION_036.v","coqchk_success","logs/V66_BATCH.coqchk.log"
"V66_PAIR_MIGRATION_037","pair-migration","2","kernel_success","607.7","logs/V66_PAIR_MIGRATION_037.coqc.log","experiments/kernel_replay_v66_regression_maintenance/coq/V66_PAIR_MIGRATION_037.v","coqchk_success","logs/V66_BATCH.coqchk.log"
"V66_PAIR_MIGRATION_038","pair-migration","2","kernel_success","589.2","logs/V66_PAIR_MIGRATION_038.coqc.log","experiments/kernel_replay_v66_regression_maintenance/coq/V66_PAIR_MIGRATION_038.v","coqchk_success","logs/V66_BATCH.coqchk.log"
"V66_PAIR_MIGRATION_039","pair-migration","2","kernel_success","596.3","logs/V66_PAIR_MIGRATION_039.coqc.log","experiments/kernel_replay_v66_regression_maintenance/coq/V66_PAIR_MIGRATION_039.v","coqchk_success","logs/V66_BATCH.coqchk.log"
"V66_PAIR_MIGRATION_040","pair-migration","2","kernel_success","616","logs/V66_PAIR_MIGRATION_040.coqc.log","experiments/kernel_replay_v66_regression_maintenance/coq/V66_PAIR_MIGRATION_040.v","coqchk_success","logs/V66_BATCH.coqchk.log"
"V66_PAIR_MIGRATION_041","pair-migration","2","kernel_success","532.7","logs/V66_PAIR_MIGRATION_041.coqc.log","experiments/kernel_replay_v66_regression_maintenance/coq/V66_PAIR_MIGRATION_041.v","coqchk_success","logs/V66_BATCH.coqchk.log"
"V66_PAIR_MIGRATION_042","pair-migration","2","kernel_success","574.9","logs/V66_PAIR_MIGRATION_042.coqc.log","experiments/kernel_replay_v66_regression_maintenance/coq/V66_PAIR_MIGRATION_042.v","coqchk_success","logs/V66_BATCH.coqchk.log"
"V66_PAIR_MIGRATION_043","pair-migration","2","kernel_success","525.8","logs/V66_PAIR_MIGRATION_043.coqc.log","experiments/kernel_replay_v66_regression_maintenance/coq/V66_PAIR_MIGRATION_043.v","coqchk_success","logs/V66_BATCH.coqchk.log"
"V66_PAIR_MIGRATION_044","pair-migration","2","kernel_success","449.1","logs/V66_PAIR_MIGRATION_044.coqc.log","experiments/kernel_replay_v66_regression_maintenance/coq/V66_PAIR_MIGRATION_044.v","coqchk_success","logs/V66_BATCH.coqchk.log"
"V66_PAIR_MIGRATION_045","pair-migration","2","kernel_success","486.1","logs/V66_PAIR_MIGRATION_045.coqc.log","experiments/kernel_replay_v66_regression_maintenance/coq/V66_PAIR_MIGRATION_045.v","coqchk_success","logs/V66_BATCH.coqchk.log"
"V66_PAIR_MIGRATION_046","pair-migration","2","kernel_success","512.9","logs/V66_PAIR_MIGRATION_046.coqc.log","experiments/kernel_replay_v66_regression_maintenance/coq/V66_PAIR_MIGRATION_046.v","coqchk_success","logs/V66_BATCH.coqchk.log"
"V66_PAIR_MIGRATION_047","pair-migration","2","kernel_success","560.5","logs/V66_PAIR_MIGRATION_047.coqc.log","experiments/kernel_replay_v66_regression_maintenance/coq/V66_PAIR_MIGRATION_047.v","coqchk_success","logs/V66_BATCH.coqchk.log"
"V66_PAIR_MIGRATION_048","pair-migration","2","kernel_success","630.3","logs/V66_PAIR_MIGRATION_048.coqc.log","experiments/kernel_replay_v66_regression_maintenance/coq/V66_PAIR_MIGRATION_048.v","coqchk_success","logs/V66_BATCH.coqchk.log"
"V66_PAIR_MIGRATION_049","pair-migration","2","kernel_success","662.5","logs/V66_PAIR_MIGRATION_049.coqc.log","experiments/kernel_replay_v66_regression_maintenance/coq/V66_PAIR_MIGRATION_049.v","coqchk_success","logs/V66_BATCH.coqchk.log"
"V66_PAIR_MIGRATION_050","pair-migration","2","kernel_success","669.4","logs/V66_PAIR_MIGRATION_050.coqc.log","experiments/kernel_replay_v66_regression_maintenance/coq/V66_PAIR_MIGRATION_050.v","coqchk_success","logs/V66_BATCH.coqchk.log"
"V66_PAIR_MIGRATION_051","pair-migration","2","kernel_success","642.1","logs/V66_PAIR_MIGRATION_051.coqc.log","experiments/kernel_replay_v66_regression_maintenance/coq/V66_PAIR_MIGRATION_051.v","coqchk_success","logs/V66_BATCH.coqchk.log"
"V66_PAIR_MIGRATION_052","pair-migration","2","kernel_success","552.5","logs/V66_PAIR_MIGRATION_052.coqc.log","experiments/kernel_replay_v66_regression_maintenance/coq/V66_PAIR_MIGRATION_052.v","coqchk_success","logs/V66_BATCH.coqchk.log"
"V66_PAIR_MIGRATION_053","pair-migration","2","kernel_success","530.7","logs/V66_PAIR_MIGRATION_053.coqc.log","experiments/kernel_replay_v66_regression_maintenance/coq/V66_PAIR_MIGRATION_053.v","coqchk_success","logs/V66_BATCH.coqchk.log"
"V66_PAIR_MIGRATION_054","pair-migration","2","kernel_success","611.4","logs/V66_PAIR_MIGRATION_054.coqc.log","experiments/kernel_replay_v66_regression_maintenance/coq/V66_PAIR_MIGRATION_054.v","coqchk_success","logs/V66_BATCH.coqchk.log"
"V66_PAIR_MIGRATION_055","pair-migration","2","kernel_success","662.7","logs/V66_PAIR_MIGRATION_055.coqc.log","experiments/kernel_replay_v66_regression_maintenance/coq/V66_PAIR_MIGRATION_055.v","coqchk_success","logs/V66_BATCH.coqchk.log"
"V66_PAIR_MIGRATION_056","pair-migration","2","kernel_success","712.3","logs/V66_PAIR_MIGRATION_056.coqc.log","experiments/kernel_replay_v66_regression_maintenance/coq/V66_PAIR_MIGRATION_056.v","coqchk_success","logs/V66_BATCH.coqchk.log"
"V66_PAIR_MIGRATION_057","pair-migration","2","kernel_success","749.7","logs/V66_PAIR_MIGRATION_057.coqc.log","experiments/kernel_replay_v66_regression_maintenance/coq/V66_PAIR_MIGRATION_057.v","coqchk_success","logs/V66_BATCH.coqchk.log"
"V66_PAIR_MIGRATION_058","pair-migration","2","kernel_success","709.5","logs/V66_PAIR_MIGRATION_058.coqc.log","experiments/kernel_replay_v66_regression_maintenance/coq/V66_PAIR_MIGRATION_058.v","coqchk_success","logs/V66_BATCH.coqchk.log"
"V66_PAIR_MIGRATION_059","pair-migration","2","kernel_success","637.1","logs/V66_PAIR_MIGRATION_059.coqc.log","experiments/kernel_replay_v66_regression_maintenance/coq/V66_PAIR_MIGRATION_059.v","coqchk_success","logs/V66_BATCH.coqchk.log"
"V66_PAIR_MIGRATION_060","pair-migration","2","kernel_success","551.2","logs/V66_PAIR_MIGRATION_060.coqc.log","experiments/kernel_replay_v66_regression_maintenance/coq/V66_PAIR_MIGRATION_060.v","coqchk_success","logs/V66_BATCH.coqchk.log"
"V66_RECORD_MIGRATION_001","record-migration","2","kernel_success","527.7","logs/V66_RECORD_MIGRATION_001.coqc.log","experiments/kernel_replay_v66_regression_maintenance/coq/V66_RECORD_MIGRATION_001.v","coqchk_success","logs/V66_BATCH.coqchk.log"
"V66_RECORD_MIGRATION_002","record-migration","2","kernel_success","585.7","logs/V66_RECORD_MIGRATION_002.coqc.log","experiments/kernel_replay_v66_regression_maintenance/coq/V66_RECORD_MIGRATION_002.v","coqchk_success","logs/V66_BATCH.coqchk.log"
"V66_RECORD_MIGRATION_003","record-migration","2","kernel_success","602.7","logs/V66_RECORD_MIGRATION_003.coqc.log","experiments/kernel_replay_v66_regression_maintenance/coq/V66_RECORD_MIGRATION_003.v","coqchk_success","logs/V66_BATCH.coqchk.log"
"V66_RECORD_MIGRATION_004","record-migration","2","kernel_success","634.6","logs/V66_RECORD_MIGRATION_004.coqc.log","experiments/kernel_replay_v66_regression_maintenance/coq/V66_RECORD_MIGRATION_004.v","coqchk_success","logs/V66_BATCH.coqchk.log"
"V66_RECORD_MIGRATION_005","record-migration","2","kernel_success","625.7","logs/V66_RECORD_MIGRATION_005.coqc.log","experiments/kernel_replay_v66_regression_maintenance/coq/V66_RECORD_MIGRATION_005.v","coqchk_success","logs/V66_BATCH.coqchk.log"
"V66_RECORD_MIGRATION_006","record-migration","2","kernel_success","625.7","logs/V66_RECORD_MIGRATION_006.coqc.log","experiments/kernel_replay_v66_regression_maintenance/coq/V66_RECORD_MIGRATION_006.v","coqchk_success","logs/V66_BATCH.coqchk.log"
"V66_RECORD_MIGRATION_007","record-migration","2","kernel_success","559.3","logs/V66_RECORD_MIGRATION_007.coqc.log","experiments/kernel_replay_v66_regression_maintenance/coq/V66_RECORD_MIGRATION_007.v","coqchk_success","logs/V66_BATCH.coqchk.log"
"V66_RECORD_MIGRATION_008","record-migration","2","kernel_success","504.7","logs/V66_RECORD_MIGRATION_008.coqc.log","experiments/kernel_replay_v66_regression_maintenance/coq/V66_RECORD_MIGRATION_008.v","coqchk_success","logs/V66_BATCH.coqchk.log"
"V66_RECORD_MIGRATION_009","record-migration","2","kernel_success","469.7","logs/V66_RECORD_MIGRATION_009.coqc.log","experiments/kernel_replay_v66_regression_maintenance/coq/V66_RECORD_MIGRATION_009.v","coqchk_success","logs/V66_BATCH.coqchk.log"
"V66_RECORD_MIGRATION_010","record-migration","2","kernel_success","510.2","logs/V66_RECORD_MIGRATION_010.coqc.log","experiments/kernel_replay_v66_regression_maintenance/coq/V66_RECORD_MIGRATION_010.v","coqchk_success","logs/V66_BATCH.coqchk.log"
"V66_RECORD_MIGRATION_011","record-migration","2","kernel_success","552.8","logs/V66_RECORD_MIGRATION_011.coqc.log","experiments/kernel_replay_v66_regression_maintenance/coq/V66_RECORD_MIGRATION_011.v","coqchk_success","logs/V66_BATCH.coqchk.log"
"V66_RECORD_MIGRATION_012","record-migration","2","kernel_success","599.2","logs/V66_RECORD_MIGRATION_012.coqc.log","experiments/kernel_replay_v66_regression_maintenance/coq/V66_RECORD_MIGRATION_012.v","coqchk_success","logs/V66_BATCH.coqchk.log"
"V66_RECORD_MIGRATION_013","record-migration","2","kernel_success","625.5","logs/V66_RECORD_MIGRATION_013.coqc.log","experiments/kernel_replay_v66_regression_maintenance/coq/V66_RECORD_MIGRATION_013.v","coqchk_success","logs/V66_BATCH.coqchk.log"
"V66_RECORD_MIGRATION_014","record-migration","2","kernel_success","686.8","logs/V66_RECORD_MIGRATION_014.coqc.log","experiments/kernel_replay_v66_regression_maintenance/coq/V66_RECORD_MIGRATION_014.v","coqchk_success","logs/V66_BATCH.coqchk.log"
"V66_RECORD_MIGRATION_015","record-migration","2","kernel_success","640.3","logs/V66_RECORD_MIGRATION_015.coqc.log","experiments/kernel_replay_v66_regression_maintenance/coq/V66_RECORD_MIGRATION_015.v","coqchk_success","logs/V66_BATCH.coqchk.log"
"V66_RECORD_MIGRATION_016","record-migration","2","kernel_success","542.2","logs/V66_RECORD_MIGRATION_016.coqc.log","experiments/kernel_replay_v66_regression_maintenance/coq/V66_RECORD_MIGRATION_016.v","coqchk_success","logs/V66_BATCH.coqchk.log"
"V66_RECORD_MIGRATION_017","record-migration","2","kernel_success","526.3","logs/V66_RECORD_MIGRATION_017.coqc.log","experiments/kernel_replay_v66_regression_maintenance/coq/V66_RECORD_MIGRATION_017.v","coqchk_success","logs/V66_BATCH.coqchk.log"
"V66_RECORD_MIGRATION_018","record-migration","2","kernel_success","547.3","logs/V66_RECORD_MIGRATION_018.coqc.log","experiments/kernel_replay_v66_regression_maintenance/coq/V66_RECORD_MIGRATION_018.v","coqchk_success","logs/V66_BATCH.coqchk.log"
"V66_RECORD_MIGRATION_019","record-migration","2","kernel_success","529.7","logs/V66_RECORD_MIGRATION_019.coqc.log","experiments/kernel_replay_v66_regression_maintenance/coq/V66_RECORD_MIGRATION_019.v","coqchk_success","logs/V66_BATCH.coqchk.log"
"V66_RECORD_MIGRATION_020","record-migration","2","kernel_success","551.8","logs/V66_RECORD_MIGRATION_020.coqc.log","experiments/kernel_replay_v66_regression_maintenance/coq/V66_RECORD_MIGRATION_020.v","coqchk_success","logs/V66_BATCH.coqchk.log"
"V66_RECORD_MIGRATION_021","record-migration","2","kernel_success","586.1","logs/V66_RECORD_MIGRATION_021.coqc.log","experiments/kernel_replay_v66_regression_maintenance/coq/V66_RECORD_MIGRATION_021.v","coqchk_success","logs/V66_BATCH.coqchk.log"
"V66_RECORD_MIGRATION_022","record-migration","2","kernel_success","634","logs/V66_RECORD_MIGRATION_022.coqc.log","experiments/kernel_replay_v66_regression_maintenance/coq/V66_RECORD_MIGRATION_022.v","coqchk_success","logs/V66_BATCH.coqchk.log"
"V66_RECORD_MIGRATION_023","record-migration","2","kernel_success","651.4","logs/V66_RECORD_MIGRATION_023.coqc.log","experiments/kernel_replay_v66_regression_maintenance/coq/V66_RECORD_MIGRATION_023.v","coqchk_success","logs/V66_BATCH.coqchk.log"
"V66_RECORD_MIGRATION_024","record-migration","2","kernel_success","604.7","logs/V66_RECORD_MIGRATION_024.coqc.log","experiments/kernel_replay_v66_regression_maintenance/coq/V66_RECORD_MIGRATION_024.v","coqchk_success","logs/V66_BATCH.coqchk.log"
"V66_RECORD_MIGRATION_025","record-migration","2","kernel_success","589.6","logs/V66_RECORD_MIGRATION_025.coqc.log","experiments/kernel_replay_v66_regression_maintenance/coq/V66_RECORD_MIGRATION_025.v","coqchk_success","logs/V66_BATCH.coqchk.log"
"V66_RECORD_MIGRATION_026","record-migration","2","kernel_success","536.8","logs/V66_RECORD_MIGRATION_026.coqc.log","experiments/kernel_replay_v66_regression_maintenance/coq/V66_RECORD_MIGRATION_026.v","coqchk_success","logs/V66_BATCH.coqchk.log"
"V66_RECORD_MIGRATION_027","record-migration","2","kernel_success","521.1","logs/V66_RECORD_MIGRATION_027.coqc.log","experiments/kernel_replay_v66_regression_maintenance/coq/V66_RECORD_MIGRATION_027.v","coqchk_success","logs/V66_BATCH.coqchk.log"
"V66_RECORD_MIGRATION_028","record-migration","2","kernel_success","569.3","logs/V66_RECORD_MIGRATION_028.coqc.log","experiments/kernel_replay_v66_regression_maintenance/coq/V66_RECORD_MIGRATION_028.v","coqchk_success","logs/V66_BATCH.coqchk.log"
"V66_RECORD_MIGRATION_029","record-migration","2","kernel_success","568.1","logs/V66_RECORD_MIGRATION_029.coqc.log","experiments/kernel_replay_v66_regression_maintenance/coq/V66_RECORD_MIGRATION_029.v","coqchk_success","logs/V66_BATCH.coqchk.log"
"V66_RECORD_MIGRATION_030","record-migration","2","kernel_success","588.6","logs/V66_RECORD_MIGRATION_030.coqc.log","experiments/kernel_replay_v66_regression_maintenance/coq/V66_RECORD_MIGRATION_030.v","coqchk_success","logs/V66_BATCH.coqchk.log"
"V66_RECORD_MIGRATION_031","record-migration","2","kernel_success","634.9","logs/V66_RECORD_MIGRATION_031.coqc.log","experiments/kernel_replay_v66_regression_maintenance/coq/V66_RECORD_MIGRATION_031.v","coqchk_success","logs/V66_BATCH.coqchk.log"
"V66_RECORD_MIGRATION_032","record-migration","2","kernel_success","673","logs/V66_RECORD_MIGRATION_032.coqc.log","experiments/kernel_replay_v66_regression_maintenance/coq/V66_RECORD_MIGRATION_032.v","coqchk_success","logs/V66_BATCH.coqchk.log"
"V66_RECORD_MIGRATION_033","record-migration","2","kernel_success","681.3","logs/V66_RECORD_MIGRATION_033.coqc.log","experiments/kernel_replay_v66_regression_maintenance/coq/V66_RECORD_MIGRATION_033.v","coqchk_success","logs/V66_BATCH.coqchk.log"
"V66_RECORD_MIGRATION_034","record-migration","2","kernel_success","621.5","logs/V66_RECORD_MIGRATION_034.coqc.log","experiments/kernel_replay_v66_regression_maintenance/coq/V66_RECORD_MIGRATION_034.v","coqchk_success","logs/V66_BATCH.coqchk.log"
"V66_RECORD_MIGRATION_035","record-migration","2","kernel_success","594.7","logs/V66_RECORD_MIGRATION_035.coqc.log","experiments/kernel_replay_v66_regression_maintenance/coq/V66_RECORD_MIGRATION_035.v","coqchk_success","logs/V66_BATCH.coqchk.log"
"V66_RECORD_MIGRATION_036","record-migration","2","kernel_success","582.5","logs/V66_RECORD_MIGRATION_036.coqc.log","experiments/kernel_replay_v66_regression_maintenance/coq/V66_RECORD_MIGRATION_036.v","coqchk_success","logs/V66_BATCH.coqchk.log"
"V66_RECORD_MIGRATION_037","record-migration","2","kernel_success","640.5","logs/V66_RECORD_MIGRATION_037.coqc.log","experiments/kernel_replay_v66_regression_maintenance/coq/V66_RECORD_MIGRATION_037.v","coqchk_success","logs/V66_BATCH.coqchk.log"
"V66_RECORD_MIGRATION_038","record-migration","2","kernel_success","655.8","logs/V66_RECORD_MIGRATION_038.coqc.log","experiments/kernel_replay_v66_regression_maintenance/coq/V66_RECORD_MIGRATION_038.v","coqchk_success","logs/V66_BATCH.coqchk.log"
"V66_RECORD_MIGRATION_039","record-migration","2","kernel_success","631.4","logs/V66_RECORD_MIGRATION_039.coqc.log","experiments/kernel_replay_v66_regression_maintenance/coq/V66_RECORD_MIGRATION_039.v","coqchk_success","logs/V66_BATCH.coqchk.log"
"V66_RECORD_MIGRATION_040","record-migration","2","kernel_success","635.7","logs/V66_RECORD_MIGRATION_040.coqc.log","experiments/kernel_replay_v66_regression_maintenance/coq/V66_RECORD_MIGRATION_040.v","coqchk_success","logs/V66_BATCH.coqchk.log"
"V66_RECORD_MIGRATION_041","record-migration","2","kernel_success","742","logs/V66_RECORD_MIGRATION_041.coqc.log","experiments/kernel_replay_v66_regression_maintenance/coq/V66_RECORD_MIGRATION_041.v","coqchk_success","logs/V66_BATCH.coqchk.log"
"V66_RECORD_MIGRATION_042","record-migration","2","kernel_success","690.6","logs/V66_RECORD_MIGRATION_042.coqc.log","experiments/kernel_replay_v66_regression_maintenance/coq/V66_RECORD_MIGRATION_042.v","coqchk_success","logs/V66_BATCH.coqchk.log"
"V66_RECORD_MIGRATION_043","record-migration","2","kernel_success","592.4","logs/V66_RECORD_MIGRATION_043.coqc.log","experiments/kernel_replay_v66_regression_maintenance/coq/V66_RECORD_MIGRATION_043.v","coqchk_success","logs/V66_BATCH.coqchk.log"
"V66_RECORD_MIGRATION_044","record-migration","2","kernel_success","518.3","logs/V66_RECORD_MIGRATION_044.coqc.log","experiments/kernel_replay_v66_regression_maintenance/coq/V66_RECORD_MIGRATION_044.v","coqchk_success","logs/V66_BATCH.coqchk.log"
"V66_RECORD_MIGRATION_045","record-migration","2","kernel_success","567.8","logs/V66_RECORD_MIGRATION_045.coqc.log","experiments/kernel_replay_v66_regression_maintenance/coq/V66_RECORD_MIGRATION_045.v","coqchk_success","logs/V66_BATCH.coqchk.log"
"V66_RECORD_MIGRATION_046","record-migration","2","kernel_success","522.1","logs/V66_RECORD_MIGRATION_046.coqc.log","experiments/kernel_replay_v66_regression_maintenance/coq/V66_RECORD_MIGRATION_046.v","coqchk_success","logs/V66_BATCH.coqchk.log"
"V66_RECORD_MIGRATION_047","record-migration","2","kernel_success","511.9","logs/V66_RECORD_MIGRATION_047.coqc.log","experiments/kernel_replay_v66_regression_maintenance/coq/V66_RECORD_MIGRATION_047.v","coqchk_success","logs/V66_BATCH.coqchk.log"
"V66_RECORD_MIGRATION_048","record-migration","2","kernel_success","479","logs/V66_RECORD_MIGRATION_048.coqc.log","experiments/kernel_replay_v66_regression_maintenance/coq/V66_RECORD_MIGRATION_048.v","coqchk_success","logs/V66_BATCH.coqchk.log"
"V66_RECORD_MIGRATION_049","record-migration","2","kernel_success","512.1","logs/V66_RECORD_MIGRATION_049.coqc.log","experiments/kernel_replay_v66_regression_maintenance/coq/V66_RECORD_MIGRATION_049.v","coqchk_success","logs/V66_BATCH.coqchk.log"
"V66_RECORD_MIGRATION_050","record-migration","2","kernel_success","587.3","logs/V66_RECORD_MIGRATION_050.coqc.log","experiments/kernel_replay_v66_regression_maintenance/coq/V66_RECORD_MIGRATION_050.v","coqchk_success","logs/V66_BATCH.coqchk.log"
"V66_RECORD_MIGRATION_051","record-migration","2","kernel_success","579.8","logs/V66_RECORD_MIGRATION_051.coqc.log","experiments/kernel_replay_v66_regression_maintenance/coq/V66_RECORD_MIGRATION_051.v","coqchk_success","logs/V66_BATCH.coqchk.log"
"V66_RECORD_MIGRATION_052","record-migration","2","kernel_success","649.7","logs/V66_RECORD_MIGRATION_052.coqc.log","experiments/kernel_replay_v66_regression_maintenance/coq/V66_RECORD_MIGRATION_052.v","coqchk_success","logs/V66_BATCH.coqchk.log"
"V66_RECORD_MIGRATION_053","record-migration","2","kernel_success","564.8","logs/V66_RECORD_MIGRATION_053.coqc.log","experiments/kernel_replay_v66_regression_maintenance/coq/V66_RECORD_MIGRATION_053.v","coqchk_success","logs/V66_BATCH.coqchk.log"
"V66_RECORD_MIGRATION_054","record-migration","2","kernel_success","495.6","logs/V66_RECORD_MIGRATION_054.coqc.log","experiments/kernel_replay_v66_regression_maintenance/coq/V66_RECORD_MIGRATION_054.v","coqchk_success","logs/V66_BATCH.coqchk.log"
"V66_RECORD_MIGRATION_055","record-migration","2","kernel_success","481.4","logs/V66_RECORD_MIGRATION_055.coqc.log","experiments/kernel_replay_v66_regression_maintenance/coq/V66_RECORD_MIGRATION_055.v","coqchk_success","logs/V66_BATCH.coqchk.log"
"V66_RECORD_MIGRATION_056","record-migration","2","kernel_success","510.7","logs/V66_RECORD_MIGRATION_056.coqc.log","experiments/kernel_replay_v66_regression_maintenance/coq/V66_RECORD_MIGRATION_056.v","coqchk_success","logs/V66_BATCH.coqchk.log"
"V66_RECORD_MIGRATION_057","record-migration","2","kernel_success","534","logs/V66_RECORD_MIGRATION_057.coqc.log","experiments/kernel_replay_v66_regression_maintenance/coq/V66_RECORD_MIGRATION_057.v","coqchk_success","logs/V66_BATCH.coqchk.log"
"V66_RECORD_MIGRATION_058","record-migration","2","kernel_success","567.3","logs/V66_RECORD_MIGRATION_058.coqc.log","experiments/kernel_replay_v66_regression_maintenance/coq/V66_RECORD_MIGRATION_058.v","coqchk_success","logs/V66_BATCH.coqchk.log"
"V66_RECORD_MIGRATION_059","record-migration","2","kernel_success","627.5","logs/V66_RECORD_MIGRATION_059.coqc.log","experiments/kernel_replay_v66_regression_maintenance/coq/V66_RECORD_MIGRATION_059.v","coqchk_success","logs/V66_BATCH.coqchk.log"
"V66_RECORD_MIGRATION_060","record-migration","2","kernel_success","603","logs/V66_RECORD_MIGRATION_060.coqc.log","experiments/kernel_replay_v66_regression_maintenance/coq/V66_RECORD_MIGRATION_060.v","coqchk_success","logs/V66_BATCH.coqchk.log"
"V66_TREE_MAINTENANCE_001","tree-maintenance","2","kernel_success","618.3","logs/V66_TREE_MAINTENANCE_001.coqc.log","experiments/kernel_replay_v66_regression_maintenance/coq/V66_TREE_MAINTENANCE_001.v","coqchk_success","logs/V66_BATCH.coqchk.log"
"V66_TREE_MAINTENANCE_002","tree-maintenance","2","kernel_success","703.3","logs/V66_TREE_MAINTENANCE_002.coqc.log","experiments/kernel_replay_v66_regression_maintenance/coq/V66_TREE_MAINTENANCE_002.v","coqchk_success","logs/V66_BATCH.coqchk.log"
"V66_TREE_MAINTENANCE_003","tree-maintenance","2","kernel_success","560.7","logs/V66_TREE_MAINTENANCE_003.coqc.log","experiments/kernel_replay_v66_regression_maintenance/coq/V66_TREE_MAINTENANCE_003.v","coqchk_success","logs/V66_BATCH.coqchk.log"
"V66_TREE_MAINTENANCE_004","tree-maintenance","2","kernel_success","562.2","logs/V66_TREE_MAINTENANCE_004.coqc.log","experiments/kernel_replay_v66_regression_maintenance/coq/V66_TREE_MAINTENANCE_004.v","coqchk_success","logs/V66_BATCH.coqchk.log"
"V66_TREE_MAINTENANCE_005","tree-maintenance","2","kernel_success","504.3","logs/V66_TREE_MAINTENANCE_005.coqc.log","experiments/kernel_replay_v66_regression_maintenance/coq/V66_TREE_MAINTENANCE_005.v","coqchk_success","logs/V66_BATCH.coqchk.log"
"V66_TREE_MAINTENANCE_006","tree-maintenance","2","kernel_success","612.1","logs/V66_TREE_MAINTENANCE_006.coqc.log","experiments/kernel_replay_v66_regression_maintenance/coq/V66_TREE_MAINTENANCE_006.v","coqchk_success","logs/V66_BATCH.coqchk.log"
"V66_TREE_MAINTENANCE_007","tree-maintenance","2","kernel_success","651.2","logs/V66_TREE_MAINTENANCE_007.coqc.log","experiments/kernel_replay_v66_regression_maintenance/coq/V66_TREE_MAINTENANCE_007.v","coqchk_success","logs/V66_BATCH.coqchk.log"
"V66_TREE_MAINTENANCE_008","tree-maintenance","2","kernel_success","841.6","logs/V66_TREE_MAINTENANCE_008.coqc.log","experiments/kernel_replay_v66_regression_maintenance/coq/V66_TREE_MAINTENANCE_008.v","coqchk_success","logs/V66_BATCH.coqchk.log"
"V66_TREE_MAINTENANCE_009","tree-maintenance","2","kernel_success","739.3","logs/V66_TREE_MAINTENANCE_009.coqc.log","experiments/kernel_replay_v66_regression_maintenance/coq/V66_TREE_MAINTENANCE_009.v","coqchk_success","logs/V66_BATCH.coqchk.log"
"V66_TREE_MAINTENANCE_010","tree-maintenance","2","kernel_success","674.3","logs/V66_TREE_MAINTENANCE_010.coqc.log","experiments/kernel_replay_v66_regression_maintenance/coq/V66_TREE_MAINTENANCE_010.v","coqchk_success","logs/V66_BATCH.coqchk.log"
"V66_TREE_MAINTENANCE_011","tree-maintenance","2","kernel_success","608.4","logs/V66_TREE_MAINTENANCE_011.coqc.log","experiments/kernel_replay_v66_regression_maintenance/coq/V66_TREE_MAINTENANCE_011.v","coqchk_success","logs/V66_BATCH.coqchk.log"
"V66_TREE_MAINTENANCE_012","tree-maintenance","2","kernel_success","457.6","logs/V66_TREE_MAINTENANCE_012.coqc.log","experiments/kernel_replay_v66_regression_maintenance/coq/V66_TREE_MAINTENANCE_012.v","coqchk_success","logs/V66_BATCH.coqchk.log"
"V66_TREE_MAINTENANCE_013","tree-maintenance","2","kernel_success","481.4","logs/V66_TREE_MAINTENANCE_013.coqc.log","experiments/kernel_replay_v66_regression_maintenance/coq/V66_TREE_MAINTENANCE_013.v","coqchk_success","logs/V66_BATCH.coqchk.log"
"V66_TREE_MAINTENANCE_014","tree-maintenance","2","kernel_success","532.5","logs/V66_TREE_MAINTENANCE_014.coqc.log","experiments/kernel_replay_v66_regression_maintenance/coq/V66_TREE_MAINTENANCE_014.v","coqchk_success","logs/V66_BATCH.coqchk.log"
"V66_TREE_MAINTENANCE_015","tree-maintenance","2","kernel_success","585.8","logs/V66_TREE_MAINTENANCE_015.coqc.log","experiments/kernel_replay_v66_regression_maintenance/coq/V66_TREE_MAINTENANCE_015.v","coqchk_success","logs/V66_BATCH.coqchk.log"
"V66_TREE_MAINTENANCE_016","tree-maintenance","2","kernel_success","665.3","logs/V66_TREE_MAINTENANCE_016.coqc.log","experiments/kernel_replay_v66_regression_maintenance/coq/V66_TREE_MAINTENANCE_016.v","coqchk_success","logs/V66_BATCH.coqchk.log"
"V66_TREE_MAINTENANCE_017","tree-maintenance","2","kernel_success","745.8","logs/V66_TREE_MAINTENANCE_017.coqc.log","experiments/kernel_replay_v66_regression_maintenance/coq/V66_TREE_MAINTENANCE_017.v","coqchk_success","logs/V66_BATCH.coqchk.log"
"V66_TREE_MAINTENANCE_018","tree-maintenance","2","kernel_success","863.6","logs/V66_TREE_MAINTENANCE_018.coqc.log","experiments/kernel_replay_v66_regression_maintenance/coq/V66_TREE_MAINTENANCE_018.v","coqchk_success","logs/V66_BATCH.coqchk.log"
"V66_TREE_MAINTENANCE_019","tree-maintenance","2","kernel_success","573.9","logs/V66_TREE_MAINTENANCE_019.coqc.log","experiments/kernel_replay_v66_regression_maintenance/coq/V66_TREE_MAINTENANCE_019.v","coqchk_success","logs/V66_BATCH.coqchk.log"
"V66_TREE_MAINTENANCE_020","tree-maintenance","2","kernel_success","495.7","logs/V66_TREE_MAINTENANCE_020.coqc.log","experiments/kernel_replay_v66_regression_maintenance/coq/V66_TREE_MAINTENANCE_020.v","coqchk_success","logs/V66_BATCH.coqchk.log"
"V66_TREE_MAINTENANCE_021","tree-maintenance","2","kernel_success","476.3","logs/V66_TREE_MAINTENANCE_021.coqc.log","experiments/kernel_replay_v66_regression_maintenance/coq/V66_TREE_MAINTENANCE_021.v","coqchk_success","logs/V66_BATCH.coqchk.log"
"V66_TREE_MAINTENANCE_022","tree-maintenance","2","kernel_success","472.7","logs/V66_TREE_MAINTENANCE_022.coqc.log","experiments/kernel_replay_v66_regression_maintenance/coq/V66_TREE_MAINTENANCE_022.v","coqchk_success","logs/V66_BATCH.coqchk.log"
"V66_TREE_MAINTENANCE_023","tree-maintenance","2","kernel_success","479.8","logs/V66_TREE_MAINTENANCE_023.coqc.log","experiments/kernel_replay_v66_regression_maintenance/coq/V66_TREE_MAINTENANCE_023.v","coqchk_success","logs/V66_BATCH.coqchk.log"
"V66_TREE_MAINTENANCE_024","tree-maintenance","2","kernel_success","586.1","logs/V66_TREE_MAINTENANCE_024.coqc.log","experiments/kernel_replay_v66_regression_maintenance/coq/V66_TREE_MAINTENANCE_024.v","coqchk_success","logs/V66_BATCH.coqchk.log"
"V66_TREE_MAINTENANCE_025","tree-maintenance","2","kernel_success","652.2","logs/V66_TREE_MAINTENANCE_025.coqc.log","experiments/kernel_replay_v66_regression_maintenance/coq/V66_TREE_MAINTENANCE_025.v","coqchk_success","logs/V66_BATCH.coqchk.log"
"V66_TREE_MAINTENANCE_026","tree-maintenance","2","kernel_success","719.6","logs/V66_TREE_MAINTENANCE_026.coqc.log","experiments/kernel_replay_v66_regression_maintenance/coq/V66_TREE_MAINTENANCE_026.v","coqchk_success","logs/V66_BATCH.coqchk.log"
"V66_TREE_MAINTENANCE_027","tree-maintenance","2","kernel_success","649.1","logs/V66_TREE_MAINTENANCE_027.coqc.log","experiments/kernel_replay_v66_regression_maintenance/coq/V66_TREE_MAINTENANCE_027.v","coqchk_success","logs/V66_BATCH.coqchk.log"
"V66_TREE_MAINTENANCE_028","tree-maintenance","2","kernel_success","538.5","logs/V66_TREE_MAINTENANCE_028.coqc.log","experiments/kernel_replay_v66_regression_maintenance/coq/V66_TREE_MAINTENANCE_028.v","coqchk_success","logs/V66_BATCH.coqchk.log"
"V66_TREE_MAINTENANCE_029","tree-maintenance","2","kernel_success","423","logs/V66_TREE_MAINTENANCE_029.coqc.log","experiments/kernel_replay_v66_regression_maintenance/coq/V66_TREE_MAINTENANCE_029.v","coqchk_success","logs/V66_BATCH.coqchk.log"
"V66_TREE_MAINTENANCE_030","tree-maintenance","2","kernel_success","477.7","logs/V66_TREE_MAINTENANCE_030.coqc.log","experiments/kernel_replay_v66_regression_maintenance/coq/V66_TREE_MAINTENANCE_030.v","coqchk_success","logs/V66_BATCH.coqchk.log"
"V66_TREE_MAINTENANCE_031","tree-maintenance","2","kernel_success","466","logs/V66_TREE_MAINTENANCE_031.coqc.log","experiments/kernel_replay_v66_regression_maintenance/coq/V66_TREE_MAINTENANCE_031.v","coqchk_success","logs/V66_BATCH.coqchk.log"
"V66_TREE_MAINTENANCE_032","tree-maintenance","2","kernel_success","552","logs/V66_TREE_MAINTENANCE_032.coqc.log","experiments/kernel_replay_v66_regression_maintenance/coq/V66_TREE_MAINTENANCE_032.v","coqchk_success","logs/V66_BATCH.coqchk.log"
"V66_TREE_MAINTENANCE_033","tree-maintenance","2","kernel_success","714.8","logs/V66_TREE_MAINTENANCE_033.coqc.log","experiments/kernel_replay_v66_regression_maintenance/coq/V66_TREE_MAINTENANCE_033.v","coqchk_success","logs/V66_BATCH.coqchk.log"
"V66_TREE_MAINTENANCE_034","tree-maintenance","2","kernel_success","719.9","logs/V66_TREE_MAINTENANCE_034.coqc.log","experiments/kernel_replay_v66_regression_maintenance/coq/V66_TREE_MAINTENANCE_034.v","coqchk_success","logs/V66_BATCH.coqchk.log"
"V66_TREE_MAINTENANCE_035","tree-maintenance","2","kernel_success","761.2","logs/V66_TREE_MAINTENANCE_035.coqc.log","experiments/kernel_replay_v66_regression_maintenance/coq/V66_TREE_MAINTENANCE_035.v","coqchk_success","logs/V66_BATCH.coqchk.log"
"V66_TREE_MAINTENANCE_036","tree-maintenance","2","kernel_success","705.7","logs/V66_TREE_MAINTENANCE_036.coqc.log","experiments/kernel_replay_v66_regression_maintenance/coq/V66_TREE_MAINTENANCE_036.v","coqchk_success","logs/V66_BATCH.coqchk.log"
"V66_TREE_MAINTENANCE_037","tree-maintenance","2","kernel_success","587.3","logs/V66_TREE_MAINTENANCE_037.coqc.log","experiments/kernel_replay_v66_regression_maintenance/coq/V66_TREE_MAINTENANCE_037.v","coqchk_success","logs/V66_BATCH.coqchk.log"
"V66_TREE_MAINTENANCE_038","tree-maintenance","2","kernel_success","510.5","logs/V66_TREE_MAINTENANCE_038.coqc.log","experiments/kernel_replay_v66_regression_maintenance/coq/V66_TREE_MAINTENANCE_038.v","coqchk_success","logs/V66_BATCH.coqchk.log"
"V66_TREE_MAINTENANCE_039","tree-maintenance","2","kernel_success","504.5","logs/V66_TREE_MAINTENANCE_039.coqc.log","experiments/kernel_replay_v66_regression_maintenance/coq/V66_TREE_MAINTENANCE_039.v","coqchk_success","logs/V66_BATCH.coqchk.log"
"V66_TREE_MAINTENANCE_040","tree-maintenance","2","kernel_success","554.9","logs/V66_TREE_MAINTENANCE_040.coqc.log","experiments/kernel_replay_v66_regression_maintenance/coq/V66_TREE_MAINTENANCE_040.v","coqchk_success","logs/V66_BATCH.coqchk.log"
"V66_TREE_MAINTENANCE_041","tree-maintenance","2","kernel_success","597.7","logs/V66_TREE_MAINTENANCE_041.coqc.log","experiments/kernel_replay_v66_regression_maintenance/coq/V66_TREE_MAINTENANCE_041.v","coqchk_success","logs/V66_BATCH.coqchk.log"
"V66_TREE_MAINTENANCE_042","tree-maintenance","2","kernel_success","717.3","logs/V66_TREE_MAINTENANCE_042.coqc.log","experiments/kernel_replay_v66_regression_maintenance/coq/V66_TREE_MAINTENANCE_042.v","coqchk_success","logs/V66_BATCH.coqchk.log"
"V66_TREE_MAINTENANCE_043","tree-maintenance","2","kernel_success","819","logs/V66_TREE_MAINTENANCE_043.coqc.log","experiments/kernel_replay_v66_regression_maintenance/coq/V66_TREE_MAINTENANCE_043.v","coqchk_success","logs/V66_BATCH.coqchk.log"
"V66_TREE_MAINTENANCE_044","tree-maintenance","2","kernel_success","863.6","logs/V66_TREE_MAINTENANCE_044.coqc.log","experiments/kernel_replay_v66_regression_maintenance/coq/V66_TREE_MAINTENANCE_044.v","coqchk_success","logs/V66_BATCH.coqchk.log"
"V66_TREE_MAINTENANCE_045","tree-maintenance","2","kernel_success","695.9","logs/V66_TREE_MAINTENANCE_045.coqc.log","experiments/kernel_replay_v66_regression_maintenance/coq/V66_TREE_MAINTENANCE_045.v","coqchk_success","logs/V66_BATCH.coqchk.log"
"V66_TREE_MAINTENANCE_046","tree-maintenance","2","kernel_success","566.3","logs/V66_TREE_MAINTENANCE_046.coqc.log","experiments/kernel_replay_v66_regression_maintenance/coq/V66_TREE_MAINTENANCE_046.v","coqchk_success","logs/V66_BATCH.coqchk.log"
"V66_TREE_MAINTENANCE_047","tree-maintenance","2","kernel_success","576.8","logs/V66_TREE_MAINTENANCE_047.coqc.log","experiments/kernel_replay_v66_regression_maintenance/coq/V66_TREE_MAINTENANCE_047.v","coqchk_success","logs/V66_BATCH.coqchk.log"
"V66_TREE_MAINTENANCE_048","tree-maintenance","2","kernel_success","601.5","logs/V66_TREE_MAINTENANCE_048.coqc.log","experiments/kernel_replay_v66_regression_maintenance/coq/V66_TREE_MAINTENANCE_048.v","coqchk_success","logs/V66_BATCH.coqchk.log"
"V66_TREE_MAINTENANCE_049","tree-maintenance","2","kernel_success","595.7","logs/V66_TREE_MAINTENANCE_049.coqc.log","experiments/kernel_replay_v66_regression_maintenance/coq/V66_TREE_MAINTENANCE_049.v","coqchk_success","logs/V66_BATCH.coqchk.log"
"V66_TREE_MAINTENANCE_050","tree-maintenance","2","kernel_success","665.2","logs/V66_TREE_MAINTENANCE_050.coqc.log","experiments/kernel_replay_v66_regression_maintenance/coq/V66_TREE_MAINTENANCE_050.v","coqchk_success","logs/V66_BATCH.coqchk.log"
"V66_TREE_MAINTENANCE_051","tree-maintenance","2","kernel_success","676.3","logs/V66_TREE_MAINTENANCE_051.coqc.log","experiments/kernel_replay_v66_regression_maintenance/coq/V66_TREE_MAINTENANCE_051.v","coqchk_success","logs/V66_BATCH.coqchk.log"
"V66_TREE_MAINTENANCE_052","tree-maintenance","2","kernel_success","736.4","logs/V66_TREE_MAINTENANCE_052.coqc.log","experiments/kernel_replay_v66_regression_maintenance/coq/V66_TREE_MAINTENANCE_052.v","coqchk_success","logs/V66_BATCH.coqchk.log"
"V66_TREE_MAINTENANCE_053","tree-maintenance","2","kernel_success","705","logs/V66_TREE_MAINTENANCE_053.coqc.log","experiments/kernel_replay_v66_regression_maintenance/coq/V66_TREE_MAINTENANCE_053.v","coqchk_success","logs/V66_BATCH.coqchk.log"
"V66_TREE_MAINTENANCE_054","tree-maintenance","2","kernel_success","559.5","logs/V66_TREE_MAINTENANCE_054.coqc.log","experiments/kernel_replay_v66_regression_maintenance/coq/V66_TREE_MAINTENANCE_054.v","coqchk_success","logs/V66_BATCH.coqchk.log"
"V66_TREE_MAINTENANCE_055","tree-maintenance","2","kernel_success","579.9","logs/V66_TREE_MAINTENANCE_055.coqc.log","experiments/kernel_replay_v66_regression_maintenance/coq/V66_TREE_MAINTENANCE_055.v","coqchk_success","logs/V66_BATCH.coqchk.log"
"V66_TREE_MAINTENANCE_056","tree-maintenance","2","kernel_success","526.1","logs/V66_TREE_MAINTENANCE_056.coqc.log","experiments/kernel_replay_v66_regression_maintenance/coq/V66_TREE_MAINTENANCE_056.v","coqchk_success","logs/V66_BATCH.coqchk.log"
"V66_TREE_MAINTENANCE_057","tree-maintenance","2","kernel_success","660.3","logs/V66_TREE_MAINTENANCE_057.coqc.log","experiments/kernel_replay_v66_regression_maintenance/coq/V66_TREE_MAINTENANCE_057.v","coqchk_success","logs/V66_BATCH.coqchk.log"
"V66_TREE_MAINTENANCE_058","tree-maintenance","2","kernel_success","777.2","logs/V66_TREE_MAINTENANCE_058.coqc.log","experiments/kernel_replay_v66_regression_maintenance/coq/V66_TREE_MAINTENANCE_058.v","coqchk_success","logs/V66_BATCH.coqchk.log"
"V66_TREE_MAINTENANCE_059","tree-maintenance","2","kernel_success","731.9","logs/V66_TREE_MAINTENANCE_059.coqc.log","experiments/kernel_replay_v66_regression_maintenance/coq/V66_TREE_MAINTENANCE_059.v","coqchk_success","logs/V66_BATCH.coqchk.log"
"V66_TREE_MAINTENANCE_060","tree-maintenance","2","kernel_success","744.2","logs/V66_TREE_MAINTENANCE_060.coqc.log","experiments/kernel_replay_v66_regression_maintenance/coq/V66_TREE_MAINTENANCE_060.v","coqchk_success","logs/V66_BATCH.coqchk.log"
