"relative_path","sha256"
"experiments/kernel_replay_v66_regression_maintenance/coq/.V66_BOOL_REWRITE_MAINTENANCE_001.aux","8965b9be2e5dc5fbb80a95d9945909c87afc7a4c49d0684179a4dbfaa356c6de"
"experiments/kernel_replay_v66_regression_maintenance/coq/.V66_BOOL_REWRITE_MAINTENANCE_002.aux","1b30d29ae270e602c681df2b12a6aa82a863906fa61336ae7b55a7deeb59f5fa"
"experiments/kernel_replay_v66_regression_maintenance/coq/.V66_BOOL_REWRITE_MAINTENANCE_003.aux","1b3685e5e572dbddf1d5336d42cb5809bbd3edf95d8d5d2cdda090fdafcebfc3"
"experiments/kernel_replay_v66_regression_maintenance/coq/.V66_BOOL_REWRITE_MAINTENANCE_004.aux","488161e2c47dc9eddf037f8ada1b3d91aa260042972fa425b02fd54a337ed109"
"experiments/kernel_replay_v66_regression_maintenance/coq/.V66_BOOL_REWRITE_MAINTENANCE_005.aux","d52e517e984f06bc0d048e01c740f14ba2cce7ac083e983432ba1e5050e03f7b"
"experiments/kernel_replay_v66_regression_maintenance/coq/.V66_BOOL_REWRITE_MAINTENANCE_006.aux","9457112ec751dc5d5d5078df254742dc1db4d16678fa3751551daf19930651be"
"experiments/kernel_replay_v66_regression_maintenance/coq/.V66_BOOL_REWRITE_MAINTENANCE_007.aux","a90159337497b5066926c98d5ffb5c80177e90d7c7bc35b476f333f2bee364b5"
"experiments/kernel_replay_v66_regression_maintenance/coq/.V66_BOOL_REWRITE_MAINTENANCE_008.aux","8598547220ef3966a70c097e79e986ae5a3b1c53337f9c942aff1bbfcbdfc9b2"
"experiments/kernel_replay_v66_regression_maintenance/coq/.V66_BOOL_REWRITE_MAINTENANCE_009.aux","d654df571d53e065674a841ed0cf1d1ad267d409f4b4ed89b418b1c5f9fca1fa"
"experiments/kernel_replay_v66_regression_maintenance/coq/.V66_BOOL_REWRITE_MAINTENANCE_010.aux","1ab874898ed3550c1fa8aceb9d565942f2131767e43ad450890b1a3c4407958a"
"experiments/kernel_replay_v66_regression_maintenance/coq/.V66_BOOL_REWRITE_MAINTENANCE_011.aux","d9f359d93f9298c4bc7215d3726b2303d11cf152240ae911257a604145dfdb17"
"experiments/kernel_replay_v66_regression_maintenance/coq/.V66_BOOL_REWRITE_MAINTENANCE_012.aux","3d49b937a0718c77613462cb0ac5227aa1a8d249adc006ca6dd01972e90037e2"
"experiments/kernel_replay_v66_regression_maintenance/coq/.V66_BOOL_REWRITE_MAINTENANCE_013.aux","49019220e153f5b0f194f01b33e13c5db351baa667b6a1a52b4751e7c96eaec5"
"experiments/kernel_replay_v66_regression_maintenance/coq/.V66_BOOL_REWRITE_MAINTENANCE_014.aux","8e07152c8dfb073cb48bd164534ff5dcfbaea8b3c8c89019ccd1d77237392226"
"experiments/kernel_replay_v66_regression_maintenance/coq/.V66_BOOL_REWRITE_MAINTENANCE_015.aux","676dd76f985b119b66b07ffa6c2211ae1ac450fc1c0068ef2c98d38d49491690"
"experiments/kernel_replay_v66_regression_maintenance/coq/.V66_BOOL_REWRITE_MAINTENANCE_016.aux","e36a499cedcd5c0d6c00cafd7c2444f8cf1e896e3e6122e296b26091b3c0928d"
"experiments/kernel_replay_v66_regression_maintenance/coq/.V66_BOOL_REWRITE_MAINTENANCE_017.aux","e10c3cc626392bcb8e078cb9a93d04b92be95a207ad982ba92e4a8699a9830a4"
"experiments/kernel_replay_v66_regression_maintenance/coq/.V66_BOOL_REWRITE_MAINTENANCE_018.aux","eb2750370d4e687d5fbcc0575bf555f2f119d71a4e684564dcb6650f45483f1f"
"experiments/kernel_replay_v66_regression_maintenance/coq/.V66_BOOL_REWRITE_MAINTENANCE_019.aux","f07e9aeabdd4e849469e0a93f2d7a8970d2e4c4aaff15064c44801a9af73981b"
"experiments/kernel_replay_v66_regression_maintenance/coq/.V66_BOOL_REWRITE_MAINTENANCE_020.aux","89096af13d06e5c5f957bae9ad467c19673f76767ba0488b3cd7e3258eb28c53"
"experiments/kernel_replay_v66_regression_maintenance/coq/.V66_BOOL_REWRITE_MAINTENANCE_021.aux","a0271035189669350ea12295104ec9943fe96cabf06f0247ccfb0db8d45e5828"
"experiments/kernel_replay_v66_regression_maintenance/coq/.V66_BOOL_REWRITE_MAINTENANCE_022.aux","2da2cd1247f15bad7c90a0cb40f51d9c0eb0c5660dd77a9b426be0689e180908"
"experiments/kernel_replay_v66_regression_maintenance/coq/.V66_BOOL_REWRITE_MAINTENANCE_023.aux","355737dfa1106112505b9463bd55f456cf0c0b6449a4490679a12a7ad51b0de2"
"experiments/kernel_replay_v66_regression_maintenance/coq/.V66_BOOL_REWRITE_MAINTENANCE_024.aux","002669f2c48d19ee242e116ea9d375705c24af349c4c400d6d4baa41a28687e9"
"experiments/kernel_replay_v66_regression_maintenance/coq/.V66_BOOL_REWRITE_MAINTENANCE_025.aux","e644890722894a3917fafc5fcb47d7d52e209174755d59a03c6674452c5b1d99"
"experiments/kernel_replay_v66_regression_maintenance/coq/.V66_BOOL_REWRITE_MAINTENANCE_026.aux","4f706c4f7319bdb4683a2d917860790f405c07bd7ab6687a54a604ee8c75fcd1"
"experiments/kernel_replay_v66_regression_maintenance/coq/.V66_BOOL_REWRITE_MAINTENANCE_027.aux","d74e2a686121ea23c2b51e504734764b833baff4c5760e8d4cc2b486e7d78812"
"experiments/kernel_replay_v66_regression_maintenance/coq/.V66_BOOL_REWRITE_MAINTENANCE_028.aux","bb9d22d518c41016bfc4064f2d915dc8daeeebda9e7d8ceb590a332b6d66ae26"
"experiments/kernel_replay_v66_regression_maintenance/coq/.V66_BOOL_REWRITE_MAINTENANCE_029.aux","2fd427a4429aa94d27d9fc77dcf6858eb314ab6b133bc4cafefa15740dcd3232"
"experiments/kernel_replay_v66_regression_maintenance/coq/.V66_BOOL_REWRITE_MAINTENANCE_030.aux","00db647e26886d7c33056a5450a2259b4b6d5cb83a294a2507470c7099d457a7"
"experiments/kernel_replay_v66_regression_maintenance/coq/.V66_BOOL_REWRITE_MAINTENANCE_031.aux","83036bedd82e511e99d0da6154500790ef375b88e85f9091c8deb16b658c4cac"
"experiments/kernel_replay_v66_regression_maintenance/coq/.V66_BOOL_REWRITE_MAINTENANCE_032.aux","7886d110ecb87e6c695d8dda7d9dbfd85daa4016724465ac99ccaa9c3af36553"
"experiments/kernel_replay_v66_regression_maintenance/coq/.V66_BOOL_REWRITE_MAINTENANCE_033.aux","ab9f93f367dfc3d12ef705980cbdc1c25583e6ec56e5762bcb64962e5f72681b"
"experiments/kernel_replay_v66_regression_maintenance/coq/.V66_BOOL_REWRITE_MAINTENANCE_034.aux","e51d904d7596012577294a97ca0c8ce1f8a1f46f51bdd935cab9601771425838"
"experiments/kernel_replay_v66_regression_maintenance/coq/.V66_BOOL_REWRITE_MAINTENANCE_035.aux","24a22a2a2f457471a4d2a4e8897acd44be8995f0e10e4300fad3baaa4475173c"
"experiments/kernel_replay_v66_regression_maintenance/coq/.V66_BOOL_REWRITE_MAINTENANCE_036.aux","a95626af4de4eb3fa5b0f3743486b8a1455ffeb4df53e861fff2aa277790fa69"
"experiments/kernel_replay_v66_regression_maintenance/coq/.V66_BOOL_REWRITE_MAINTENANCE_037.aux","6dad436f4a73b2c6ae6a0c68eaa612564defc681b7345276f1594f8c653c372f"
"experiments/kernel_replay_v66_regression_maintenance/coq/.V66_BOOL_REWRITE_MAINTENANCE_038.aux","308780e438e4bee14c0ce8863564848da8ee2249122a0503451c390b9637dee2"
"experiments/kernel_replay_v66_regression_maintenance/coq/.V66_BOOL_REWRITE_MAINTENANCE_039.aux","53205b54f3e13e9b0daad652f0b3d5c6ce2c10d54f445e15036b3e776533c405"
"experiments/kernel_replay_v66_regression_maintenance/coq/.V66_BOOL_REWRITE_MAINTENANCE_040.aux","4aaf24bd8f6f88f64c700e5fa534619e95450cddd2e4f382d2b72619d7d4dcb4"
"experiments/kernel_replay_v66_regression_maintenance/coq/.V66_BOOL_REWRITE_MAINTENANCE_041.aux","aed8e7388309759b4b7f2d1266fae3d1b4fcf22899c58b77f31667544051eaac"
"experiments/kernel_replay_v66_regression_maintenance/coq/.V66_BOOL_REWRITE_MAINTENANCE_042.aux","12e6ee547e75515b8d782d604baeadee147a7b9feedebcaa55975cfdd538a5a7"
"experiments/kernel_replay_v66_regression_maintenance/coq/.V66_BOOL_REWRITE_MAINTENANCE_043.aux","ffcd6071943a1e2931cd94395deb6a2fd3e6860a3ec8c81de2082af871fd79e8"
"experiments/kernel_replay_v66_regression_maintenance/coq/.V66_BOOL_REWRITE_MAINTENANCE_044.aux","5695c2297469143a6a8e036353c6208681a66c86a57a687ae69b6c2119233473"
"experiments/kernel_replay_v66_regression_maintenance/coq/.V66_BOOL_REWRITE_MAINTENANCE_045.aux","b58f1bd9227156941b0897c67f8d8789964c559e17cae98eb1f730305cbbb71b"
"experiments/kernel_replay_v66_regression_maintenance/coq/.V66_BOOL_REWRITE_MAINTENANCE_046.aux","7f4ae7210ddf82919303459b60af4acd6d2eca881e2a4610e0dea2c64a81d2cb"
"experiments/kernel_replay_v66_regression_maintenance/coq/.V66_BOOL_REWRITE_MAINTENANCE_047.aux","c135d5763bfaf0317a0cfe92034176e768b37ad16fced1082acb3304718a9ee2"
"experiments/kernel_replay_v66_regression_maintenance/coq/.V66_BOOL_REWRITE_MAINTENANCE_048.aux","8598fd09c3975118dc72e24cfad0ad968967396a4318d89c8b6c9e3f4d7e6257"
"experiments/kernel_replay_v66_regression_maintenance/coq/.V66_BOOL_REWRITE_MAINTENANCE_049.aux","e18b36f8de1aad70c4199e3b0c42e75cdbcc1eca77c50d85bd0570313ac0af64"
"experiments/kernel_replay_v66_regression_maintenance/coq/.V66_BOOL_REWRITE_MAINTENANCE_050.aux","120d359cef8134e9df4e8152108cef01f77b39ffc21f791984a4542851d5a7b7"
"experiments/kernel_replay_v66_regression_maintenance/coq/.V66_BOOL_REWRITE_MAINTENANCE_051.aux","4005141bdd7c50c32b1f079ade51326b88c47fe9e9d7c115b12d2d9c917e9f83"
"experiments/kernel_replay_v66_regression_maintenance/coq/.V66_BOOL_REWRITE_MAINTENANCE_052.aux","4524dade315dd71e3dd05510a6c3053b355ae0bc4a845866f1407a0a5e54b46f"
"experiments/kernel_replay_v66_regression_maintenance/coq/.V66_BOOL_REWRITE_MAINTENANCE_053.aux","3907941644cbf3332aae5abe49fbd4f38787a0f558342c01134520a7571c2488"
"experiments/kernel_replay_v66_regression_maintenance/coq/.V66_BOOL_REWRITE_MAINTENANCE_054.aux","eb8e661418db9ad8613933c51cad6a36c3803e83276ef4ce74a57f8509b3128e"
"experiments/kernel_replay_v66_regression_maintenance/coq/.V66_BOOL_REWRITE_MAINTENANCE_055.aux","b4fcfaef791e028d844f752822520043d7c98d816c208533f0383df7ef95ff7b"
"experiments/kernel_replay_v66_regression_maintenance/coq/.V66_BOOL_REWRITE_MAINTENANCE_056.aux","19ceea88841e6e3e038e50dafe2d60ae45b0d1543ebb2c8cb5b326d3c6d50b25"
"experiments/kernel_replay_v66_regression_maintenance/coq/.V66_BOOL_REWRITE_MAINTENANCE_057.aux","83eaf117b7b691c92fcb423bcfaaf62f15c40f9506b7e4288ca8cc4b0cc56ae7"
"experiments/kernel_replay_v66_regression_maintenance/coq/.V66_BOOL_REWRITE_MAINTENANCE_058.aux","0093c86ab67fe39ee3869bf47a1ebb3c73e181e98fa0194ffc09862113bd6d99"
"experiments/kernel_replay_v66_regression_maintenance/coq/.V66_BOOL_REWRITE_MAINTENANCE_059.aux","d4a730ccfbe7a26f2394413e8f2d32fad61cd51677f89a5fb0576caa56ac1ca7"
"experiments/kernel_replay_v66_regression_maintenance/coq/.V66_BOOL_REWRITE_MAINTENANCE_060.aux","d01a4cecdd3f4d65ff574508081a8070787c0d1b402f04681f32631e13b91cb5"
"experiments/kernel_replay_v66_regression_maintenance/coq/.V66_LIST_FILTER_REGRESSION_001.aux","094c6fe764637708de7597e70599cb7ad5aec01a006df407523b89b01302e21a"
"experiments/kernel_replay_v66_regression_maintenance/coq/.V66_LIST_FILTER_REGRESSION_002.aux","57666e268d39a18fbbdb1d1937feba585c54ca5fb157ad89463f5da7bca3703d"
"experiments/kernel_replay_v66_regression_maintenance/coq/.V66_LIST_FILTER_REGRESSION_003.aux","22dfc4ed1389f003f3ab23f99c16d07b89904f4b3d30c02df415833aec2d1745"
"experiments/kernel_replay_v66_regression_maintenance/coq/.V66_LIST_FILTER_REGRESSION_004.aux","ea12923c46d0c63cab0f9574a39e3e9bb4726920a1d2ae6f11ac10f100f48a36"
"experiments/kernel_replay_v66_regression_maintenance/coq/.V66_LIST_FILTER_REGRESSION_005.aux","1c8a32c7d65caccc7b8f27b85b8bfd2dd96032b4c9d1e050ea274d8ab5fee201"
"experiments/kernel_replay_v66_regression_maintenance/coq/.V66_LIST_FILTER_REGRESSION_006.aux","7dbece18d1e39b49f08b10337d8964c16676610b097a2f1ba73f0481e7137b79"
"experiments/kernel_replay_v66_regression_maintenance/coq/.V66_LIST_FILTER_REGRESSION_007.aux","3c1f67b3182cb4acb98dbf48cefd3f1dd769491eecb05a00ef6939745e22db7c"
"experiments/kernel_replay_v66_regression_maintenance/coq/.V66_LIST_FILTER_REGRESSION_008.aux","1b75a3c7aa4700ba176435c437884c3d23ac5a2d9bddc5e5f8c7f07e13ae02ee"
"experiments/kernel_replay_v66_regression_maintenance/coq/.V66_LIST_FILTER_REGRESSION_009.aux","8fa27f6e94d4ecb8473f891bbd53c8bca334eb511f88f83595ffb84e9d071a85"
"experiments/kernel_replay_v66_regression_maintenance/coq/.V66_LIST_FILTER_REGRESSION_010.aux","72a46ae2b1e8161fed7847e204552234dbf6df8ab871e7c25aee7f80a3d3c7fb"
"experiments/kernel_replay_v66_regression_maintenance/coq/.V66_LIST_FILTER_REGRESSION_011.aux","d238965b81aa1f3cf8ef692026c1f59df1c99cb8663192a4aa26c6e5dde8614c"
"experiments/kernel_replay_v66_regression_maintenance/coq/.V66_LIST_FILTER_REGRESSION_012.aux","070b2410b8c715900ef6bc91e6aa51ee889b5c6be0c2aaa2212d8822d35c0435"
"experiments/kernel_replay_v66_regression_maintenance/coq/.V66_LIST_FILTER_REGRESSION_013.aux","1133ab968ca39c6bb49995ed3135a6f18e06793f7eb57763610f36564f4f390d"
"experiments/kernel_replay_v66_regression_maintenance/coq/.V66_LIST_FILTER_REGRESSION_014.aux","a09b49f478ae2bed439a91d2a81886174abb7af00c1b60613019925d94ddeeed"
"experiments/kernel_replay_v66_regression_maintenance/coq/.V66_LIST_FILTER_REGRESSION_015.aux","4fd99074d7ebdddd4b0270eed9391f826e31a3bd606e6ab14d19f303087ee416"
"experiments/kernel_replay_v66_regression_maintenance/coq/.V66_LIST_FILTER_REGRESSION_016.aux","5683a7cfb76b6aaeeaa7576fc00aba1ff53348ac4884681e05d93dde045a8431"
"experiments/kernel_replay_v66_regression_maintenance/coq/.V66_LIST_FILTER_REGRESSION_017.aux","76fdf52dc25b33b6dce68b34f7663caa207b73a1925328edc370fe0b3577b78f"
"experiments/kernel_replay_v66_regression_maintenance/coq/.V66_LIST_FILTER_REGRESSION_018.aux","f2b47d06e6fa77664f13597432bcec886683e7dd5d4c5654ffc83abbd8fac180"
"experiments/kernel_replay_v66_regression_maintenance/coq/.V66_LIST_FILTER_REGRESSION_019.aux","244000986c12b21d617c7fb34ff9d6263e43bb18b2014c9c90f59dd8221fa897"
"experiments/kernel_replay_v66_regression_maintenance/coq/.V66_LIST_FILTER_REGRESSION_020.aux","01a31576ba978d9ea8f8af9e953184d1c06bc3909c249354e0619225c108aa40"
"experiments/kernel_replay_v66_regression_maintenance/coq/.V66_LIST_FILTER_REGRESSION_021.aux","a6fc6b1b91ba2470ba78ef2e6f25431e75955abfcc261b4c462ea6a2eb5d786f"
"experiments/kernel_replay_v66_regression_maintenance/coq/.V66_LIST_FILTER_REGRESSION_022.aux","5165efd16dcb51a553534f28c02b89bca79c1e01892b95da92b48cd9e6e7e20a"
"experiments/kernel_replay_v66_regression_maintenance/coq/.V66_LIST_FILTER_REGRESSION_023.aux","27ea098457637f0fc99e3f6206a43cc9610cb1783bbf7ea48065b55fca510f94"
"experiments/kernel_replay_v66_regression_maintenance/coq/.V66_LIST_FILTER_REGRESSION_024.aux","301fad12a1aae35f073503429206bd1f43fd113b9a30eb4df961778313af08de"
"experiments/kernel_replay_v66_regression_maintenance/coq/.V66_LIST_FILTER_REGRESSION_025.aux","713c2a4ccdf0481fb61f74409839a8dd94466702e6f3f539411997e402073118"
"experiments/kernel_replay_v66_regression_maintenance/coq/.V66_LIST_FILTER_REGRESSION_026.aux","b30a642cb2ad9fab9c0ef96c0acb09516bc22a80fc619393e520b6de3121236c"
"experiments/kernel_replay_v66_regression_maintenance/coq/.V66_LIST_FILTER_REGRESSION_027.aux","da34719f018162e34fe7d081d0a2be682d0defaa781c146c7f32a8a0b0ece5dc"
"experiments/kernel_replay_v66_regression_maintenance/coq/.V66_LIST_FILTER_REGRESSION_028.aux","585839c2a503369db537a78321540819230c50e47654c9e28b93b485e256ac10"
"experiments/kernel_replay_v66_regression_maintenance/coq/.V66_LIST_FILTER_REGRESSION_029.aux","81a86ed894ab07cdedd007f18c494bdd4140782d6a98c18c62a6889d7819c71c"
"experiments/kernel_replay_v66_regression_maintenance/coq/.V66_LIST_FILTER_REGRESSION_030.aux","8ba70e1c68a498bc81f3f2d402c2166bc5420660c07eb6eeaf2bd0763a56aa96"
"experiments/kernel_replay_v66_regression_maintenance/coq/.V66_LIST_FILTER_REGRESSION_031.aux","52a0ab54771fc0e979af77f2b400b316c6140141c0613330f37ec22a0c82211b"
"experiments/kernel_replay_v66_regression_maintenance/coq/.V66_LIST_FILTER_REGRESSION_032.aux","b9855bf6135eae02179fbe91fb57bafdcf1203c5a667ec594ba27daddb2f8be3"
"experiments/kernel_replay_v66_regression_maintenance/coq/.V66_LIST_FILTER_REGRESSION_033.aux","908fe57ee6e82d8f832243c01ea16e82a08ffce70dc5fd65d8908794864d31c5"
"experiments/kernel_replay_v66_regression_maintenance/coq/.V66_LIST_FILTER_REGRESSION_034.aux","7acdb50a4af456171db10e7f781cedaaa5cd3b2162fc86cb525be16ee20cca96"
"experiments/kernel_replay_v66_regression_maintenance/coq/.V66_LIST_FILTER_REGRESSION_035.aux","1413a137fd920c05b0032880b03bb7b822f46681c044f2e860176bc2ce33fd95"
"experiments/kernel_replay_v66_regression_maintenance/coq/.V66_LIST_FILTER_REGRESSION_036.aux","bc98b5ed9eea43cc3b574bb3c98999020797e15b0dca348e3bd76aac214a9571"
"experiments/kernel_replay_v66_regression_maintenance/coq/.V66_LIST_FILTER_REGRESSION_037.aux","c295d7e9daf69aba9879a6845290adb64b8d638eb3d509605b23d507efed0edf"
"experiments/kernel_replay_v66_regression_maintenance/coq/.V66_LIST_FILTER_REGRESSION_038.aux","2d924e2153e5fa4b23314cb0c56f41cac6093c6b0cb294f9819528454a78efbd"
"experiments/kernel_replay_v66_regression_maintenance/coq/.V66_LIST_FILTER_REGRESSION_039.aux","3fcb9ecd9d64479eb75f42dfbde7ab1a3ae9d37b099a2a33b73e0922448e5c96"
"experiments/kernel_replay_v66_regression_maintenance/coq/.V66_LIST_FILTER_REGRESSION_040.aux","c4a8f460d4698fcb3e944147a985242b553c3fcb883004d4b1ff77cac0d9f25d"
"experiments/kernel_replay_v66_regression_maintenance/coq/.V66_LIST_FILTER_REGRESSION_041.aux","e9739e5211ef6f85e02fd2a3c82154cea53ee751a343f84ce7ae2e220d434b31"
"experiments/kernel_replay_v66_regression_maintenance/coq/.V66_LIST_FILTER_REGRESSION_042.aux","565345490a01c0434012649f09ac0cdae541ae57fd22c1f847a7af1f7c6d2167"
"experiments/kernel_replay_v66_regression_maintenance/coq/.V66_LIST_FILTER_REGRESSION_043.aux","2e254fd10c78f67b7d577b3b7435e67bd260684280b629e123554583d1b9ad00"
"experiments/kernel_replay_v66_regression_maintenance/coq/.V66_LIST_FILTER_REGRESSION_044.aux","bf39117e2869f61621f9259984e2565b67d98800063ea009f44a43eb5716f6a6"
"experiments/kernel_replay_v66_regression_maintenance/coq/.V66_LIST_FILTER_REGRESSION_045.aux","e18f592910051f5afc0eb501b331699971c034ec09933d5dfdf41d0a81707500"
"experiments/kernel_replay_v66_regression_maintenance/coq/.V66_LIST_FILTER_REGRESSION_046.aux","6d71d2ac44d95e741f8f874ddc1a614f48d32e54d5e0f8d93a0aabf4fa8af103"
"experiments/kernel_replay_v66_regression_maintenance/coq/.V66_LIST_FILTER_REGRESSION_047.aux","fb75dd336cbf7966515f0a80d2650fa997fe33ff8e3f96ed436f647088cc9ca5"
"experiments/kernel_replay_v66_regression_maintenance/coq/.V66_LIST_FILTER_REGRESSION_048.aux","149bb83e683d3a41f6efb1b1447dda8cd1194a35ceb8cb7a8ca4ae91971d50fc"
"experiments/kernel_replay_v66_regression_maintenance/coq/.V66_LIST_FILTER_REGRESSION_049.aux","87700e27279b015859f304a74b6e652433c32092538ed9ec17ad991613a0cced"
"experiments/kernel_replay_v66_regression_maintenance/coq/.V66_LIST_FILTER_REGRESSION_050.aux","f6bc297c3139032d38afca46f5efee46de85621e09d3d4fe1e9937bf0dcafd6a"
"experiments/kernel_replay_v66_regression_maintenance/coq/.V66_LIST_FILTER_REGRESSION_051.aux","c3087955f3cd749c3014b20c3944f428d5168ac14e71781a8f0fc77aae91ddbd"
"experiments/kernel_replay_v66_regression_maintenance/coq/.V66_LIST_FILTER_REGRESSION_052.aux","d2a5017840d34da9a7ad1a8c43415ef1b9cc0a9f11240695482c08c98eef9bc3"
"experiments/kernel_replay_v66_regression_maintenance/coq/.V66_LIST_FILTER_REGRESSION_053.aux","097b0688c24313d1007c1b9e7a9369121073438de189db88ca85f9dae32a4d2d"
"experiments/kernel_replay_v66_regression_maintenance/coq/.V66_LIST_FILTER_REGRESSION_054.aux","f6fac71e4e83d28729017200046a741ba5f208f39fa064e213dad81d5acb874e"
"experiments/kernel_replay_v66_regression_maintenance/coq/.V66_LIST_FILTER_REGRESSION_055.aux","46a43fc38408ca984a1f2c9f50b89ef5e98eb4f94ef00ad577413681f8bc4960"
"experiments/kernel_replay_v66_regression_maintenance/coq/.V66_LIST_FILTER_REGRESSION_056.aux","0608efeb0ebed8e66182f6ecd8569b08f7742660c1b21a131a9acb3280989c29"
"experiments/kernel_replay_v66_regression_maintenance/coq/.V66_LIST_FILTER_REGRESSION_057.aux","8f9f76430bfa6cab6fe9a28c5dac7b68c79356d45aed58081a63a1cb37b89803"
"experiments/kernel_replay_v66_regression_maintenance/coq/.V66_LIST_FILTER_REGRESSION_058.aux","74e094290a6e14c1ff0092ded90ea8fbd239416d07b75214269588d903de573a"
"experiments/kernel_replay_v66_regression_maintenance/coq/.V66_LIST_FILTER_REGRESSION_059.aux","5ef4ddfb0c20dd31e03cf886e400d2ad1280588ecf453540a8db039f5d1349e3"
"experiments/kernel_replay_v66_regression_maintenance/coq/.V66_LIST_FILTER_REGRESSION_060.aux","3927bee850226dc5bfb3f1705b8a725df9a7dcdd04d8dbbe280c4a5e1611c60c"
"experiments/kernel_replay_v66_regression_maintenance/coq/.V66_LIST_MAP_REGRESSION_001.aux","539dd4c9bc0a6852e5aced6a7dddbf79cde609693beb3a0cba16f9bc2d56ea29"
"experiments/kernel_replay_v66_regression_maintenance/coq/.V66_LIST_MAP_REGRESSION_002.aux","13213c342a7777b091a8c43010fa14193fa6f136a0563f8abfdc83fbc140617a"
"experiments/kernel_replay_v66_regression_maintenance/coq/.V66_LIST_MAP_REGRESSION_003.aux","8aab7d0815daedc41b8fbd74fdb28bb4d8c2a2a9f9b2a74613beadea248fce7c"
"experiments/kernel_replay_v66_regression_maintenance/coq/.V66_LIST_MAP_REGRESSION_004.aux","46e1af81dcd14110048bc54a76ba0ee46017281fddb1eda570a998afe0717239"
"experiments/kernel_replay_v66_regression_maintenance/coq/.V66_LIST_MAP_REGRESSION_005.aux","6f41fc2693d35efa3da0be53c63623e0771cfd97113a3e23b7769e6fca291af6"
"experiments/kernel_replay_v66_regression_maintenance/coq/.V66_LIST_MAP_REGRESSION_006.aux","4c39e846d387012b886474fe97ea8aea16db2b4219e54d6474b5e2208969a7a0"
"experiments/kernel_replay_v66_regression_maintenance/coq/.V66_LIST_MAP_REGRESSION_007.aux","f75dd74d4d3a4375bb8f0be46a8786a78812dc9a37e8fc3fc034084252f6c098"
"experiments/kernel_replay_v66_regression_maintenance/coq/.V66_LIST_MAP_REGRESSION_008.aux","7c3383fbbe83bd7a506daec0fc2bfa96aee477823bfd0f45b7e252531bb2f705"
"experiments/kernel_replay_v66_regression_maintenance/coq/.V66_LIST_MAP_REGRESSION_009.aux","fade1f92c21c8fb7aa40f444c12c0468205f8153a500d701d695ae281b6be908"
"experiments/kernel_replay_v66_regression_maintenance/coq/.V66_LIST_MAP_REGRESSION_010.aux","b86bd0145b9e09c477c3a224e4a7c890aaed3b3285c1e0cf6c92d0fabde7c14e"
"experiments/kernel_replay_v66_regression_maintenance/coq/.V66_LIST_MAP_REGRESSION_011.aux","305b3e5a4d8f6a583cd7b22a22e158429937e99f30d480561eb63211117095f5"
"experiments/kernel_replay_v66_regression_maintenance/coq/.V66_LIST_MAP_REGRESSION_012.aux","d494d3a2eb363d75b2e9003df45f679b241f78c0a65c1e974efff5b3842df971"
"experiments/kernel_replay_v66_regression_maintenance/coq/.V66_LIST_MAP_REGRESSION_013.aux","dbb706ba1de323ad204f8d92a109221426e23f3a8252b4af96ef8cd4718f2653"
"experiments/kernel_replay_v66_regression_maintenance/coq/.V66_LIST_MAP_REGRESSION_014.aux","01b8f82797c2d626fc2c31ddc576bf85488eadc4f89927d982c12043e9823410"
"experiments/kernel_replay_v66_regression_maintenance/coq/.V66_LIST_MAP_REGRESSION_015.aux","88e239a4030d584d66527987a3bd8923fa795943d51371fe57d0ed239408871b"
"experiments/kernel_replay_v66_regression_maintenance/coq/.V66_LIST_MAP_REGRESSION_016.aux","b2ed0d912113dd03acd93b44062462609ac5820d0164d89c3548187b25dffa2c"
"experiments/kernel_replay_v66_regression_maintenance/coq/.V66_LIST_MAP_REGRESSION_017.aux","f60caa2574161a1633a7e5e435bcefda57940df167c1bc32e0e052ee866e12d9"
"experiments/kernel_replay_v66_regression_maintenance/coq/.V66_LIST_MAP_REGRESSION_018.aux","d3be4f6c0bb6c0c51f75b54b5977253d826bb0ec5ebb9b3ecd0e287a50459838"
"experiments/kernel_replay_v66_regression_maintenance/coq/.V66_LIST_MAP_REGRESSION_019.aux","33ee755e5f13f4f2578346d6ea800b590c7eb5ab4318d1e577d1ea5a4b6ecb25"
"experiments/kernel_replay_v66_regression_maintenance/coq/.V66_LIST_MAP_REGRESSION_020.aux","104b23529b9c8fdd20f9763091ef4d1ff4d6d6e40b2d0b8d6346ad5a16540df0"
"experiments/kernel_replay_v66_regression_maintenance/coq/.V66_LIST_MAP_REGRESSION_021.aux","2eff88d5ca195a17f7e63b3d38288cc6cd0ac0429c10c1439c8303edf6400b04"
"experiments/kernel_replay_v66_regression_maintenance/coq/.V66_LIST_MAP_REGRESSION_022.aux","b04e51220b153796c55b206390654e3f05178f0750104020d7c4e3a6110f425e"
"experiments/kernel_replay_v66_regression_maintenance/coq/.V66_LIST_MAP_REGRESSION_023.aux","4e0cb372ccc762cc9ef91e21dd8136b776892c76742c32a862d15dea6328d4ae"
"experiments/kernel_replay_v66_regression_maintenance/coq/.V66_LIST_MAP_REGRESSION_024.aux","9d2dbf98df7f4e1cce2f000eeef220126d744b9047b462a4a3577088f249bcc9"
"experiments/kernel_replay_v66_regression_maintenance/coq/.V66_LIST_MAP_REGRESSION_025.aux","eb7ef816cbc3b0de5fbe48455bcb573440c5ef66b9d21b7bcf9e5e2da3799249"
"experiments/kernel_replay_v66_regression_maintenance/coq/.V66_LIST_MAP_REGRESSION_026.aux","d657c9e6815f5468e079dec4b77996aae041d2d5bd5d2bbcd9c37c676a11620c"
"experiments/kernel_replay_v66_regression_maintenance/coq/.V66_LIST_MAP_REGRESSION_027.aux","f85aba50ad064d12846672b8563938a66cf58f7ae35042f01ded243773015c43"
"experiments/kernel_replay_v66_regression_maintenance/coq/.V66_LIST_MAP_REGRESSION_028.aux","cbdb091462f3b8bed052d9cd9e57d869ac4fcc67358c4b89427af4ad6e5ddcc4"
"experiments/kernel_replay_v66_regression_maintenance/coq/.V66_LIST_MAP_REGRESSION_029.aux","a7becd3496b7fd1a96ad8b427f8a8b940137effa6cecb2f8288394cb74a804f7"
"experiments/kernel_replay_v66_regression_maintenance/coq/.V66_LIST_MAP_REGRESSION_030.aux","52d239fd68714b5ec5e83aff38d5af3c0583e6d81f635f237db124991ec4f284"
"experiments/kernel_replay_v66_regression_maintenance/coq/.V66_LIST_MAP_REGRESSION_031.aux","c1839e778b73476b9c3afbdf57275157562896b4ee66fddc28e165b78e01e67d"
"experiments/kernel_replay_v66_regression_maintenance/coq/.V66_LIST_MAP_REGRESSION_032.aux","b0b76118eb012197886c5c41c54fa10166fe008840df39bd4bc695e1101d5349"
"experiments/kernel_replay_v66_regression_maintenance/coq/.V66_LIST_MAP_REGRESSION_033.aux","576659873e5458211c51e6b2428bab827018adb9188bb77d864e75a76189bb0c"
"experiments/kernel_replay_v66_regression_maintenance/coq/.V66_LIST_MAP_REGRESSION_034.aux","1d47d4c03342891dff16438faf8c33bc1a03f26f55a0b68e6e8ae17851660138"
"experiments/kernel_replay_v66_regression_maintenance/coq/.V66_LIST_MAP_REGRESSION_035.aux","eadd6b4cf6681094a110aa00ef2f0517d56456b35cde108a8fc09afc28a93d88"
"experiments/kernel_replay_v66_regression_maintenance/coq/.V66_LIST_MAP_REGRESSION_036.aux","6e6f28a60535ab3c569a8a67049355a17e85a54eb49afd576f29cdc2aef36bbc"
"experiments/kernel_replay_v66_regression_maintenance/coq/.V66_LIST_MAP_REGRESSION_037.aux","d8e83684fb405e2a78d01a2a57f51f1fc2611e360e3cfacfb59043186f96241b"
"experiments/kernel_replay_v66_regression_maintenance/coq/.V66_LIST_MAP_REGRESSION_038.aux","36098ab229348313c27ad0e2564a91330136b5f593336f565efa13c77b17a962"
"experiments/kernel_replay_v66_regression_maintenance/coq/.V66_LIST_MAP_REGRESSION_039.aux","8b09b921081941f336fd8d3b49ba5c85f11014b02764073f7eb9e58c7448ae8a"
"experiments/kernel_replay_v66_regression_maintenance/coq/.V66_LIST_MAP_REGRESSION_040.aux","3786d6b4d0f15e96772d1d744da45c63713dec88e7a67ae4f9d7679dd7ae2d11"
"experiments/kernel_replay_v66_regression_maintenance/coq/.V66_LIST_MAP_REGRESSION_041.aux","06702f913c322228ead5f671cf500eab2e524cc2a3ed660f023e48ec74579ea2"
"experiments/kernel_replay_v66_regression_maintenance/coq/.V66_LIST_MAP_REGRESSION_042.aux","7cd94bc99cf89633b194c2ae6f8b74ed1e59bce04a06f44a49318384b481086b"
"experiments/kernel_replay_v66_regression_maintenance/coq/.V66_LIST_MAP_REGRESSION_043.aux","fe86ea2e6740794d72fe6f63419287656dc7122b6e5a5ce0b140f075339b56c9"
"experiments/kernel_replay_v66_regression_maintenance/coq/.V66_LIST_MAP_REGRESSION_044.aux","71fb005c34ecc0846c67405fd5d2ad110ff7e28ae4ffaa5861be9611776ff574"
"experiments/kernel_replay_v66_regression_maintenance/coq/.V66_LIST_MAP_REGRESSION_045.aux","a1c68de555f5e1c5db0f098951d446629782321a0a7d4873b11601dadd465806"
"experiments/kernel_replay_v66_regression_maintenance/coq/.V66_LIST_MAP_REGRESSION_046.aux","f06137193e0b7020a64fd05ea910ea37fbc5db4d48a4f837e0fd33017826e6bc"
"experiments/kernel_replay_v66_regression_maintenance/coq/.V66_LIST_MAP_REGRESSION_047.aux","90887050a33e6d17f66b767c76f870b34dccef6ace77290a9789b7501e2f3340"
"experiments/kernel_replay_v66_regression_maintenance/coq/.V66_LIST_MAP_REGRESSION_048.aux","28eff05ca3ef847c8f3783e77e9a4df682eb460f26ba3c86112bd4278cca4773"
"experiments/kernel_replay_v66_regression_maintenance/coq/.V66_LIST_MAP_REGRESSION_049.aux","39f0fe756fa61c6d9f94e989e35262133611cd456dc773bb6924709040da6440"
"experiments/kernel_replay_v66_regression_maintenance/coq/.V66_LIST_MAP_REGRESSION_050.aux","d483d2bfb13255df4eeb9fe8a413526acb6a5911d02c17fc2f3ecbf8e893fcc4"
"experiments/kernel_replay_v66_regression_maintenance/coq/.V66_LIST_MAP_REGRESSION_051.aux","92a056ab8158edf8dfbe2caa34019276d68a8206267c0b02b7008e27a62b620f"
"experiments/kernel_replay_v66_regression_maintenance/coq/.V66_LIST_MAP_REGRESSION_052.aux","c3af937648bd221c24df656f7bf02104203a6929ffc261e5cb842612f085ad1c"
"experiments/kernel_replay_v66_regression_maintenance/coq/.V66_LIST_MAP_REGRESSION_053.aux","37670a49e3f16029e078633519558b0e78e50889f88e53d121f996ebafa48cca"
"experiments/kernel_replay_v66_regression_maintenance/coq/.V66_LIST_MAP_REGRESSION_054.aux","efa28d367214f4ab8315e2553e85838e0333ef15c12629dfe7b0c238ae7c3dbb"
"experiments/kernel_replay_v66_regression_maintenance/coq/.V66_LIST_MAP_REGRESSION_055.aux","3a83d16a0b315e7697e27d0bd466b3db039632d333db7129ce54e168c2223c02"
"experiments/kernel_replay_v66_regression_maintenance/coq/.V66_LIST_MAP_REGRESSION_056.aux","f84b64b29b8356dda7709a89c16137fd63f7922d8253353670ca5772afc561ed"
"experiments/kernel_replay_v66_regression_maintenance/coq/.V66_LIST_MAP_REGRESSION_057.aux","e073db03e5112f6ffe078dbe94a958378cdc2b03c048013924d0a1c0c2792b83"
"experiments/kernel_replay_v66_regression_maintenance/coq/.V66_LIST_MAP_REGRESSION_058.aux","9eb8ed8b8c95f6695d50e44af752b5c9b1c6fe8383c5e35f272eba9babda1d80"
"experiments/kernel_replay_v66_regression_maintenance/coq/.V66_LIST_MAP_REGRESSION_059.aux","d119b4360bb66fb29f2779589a77a40bdcf00603bdf379db979d4880a11d5baa"
"experiments/kernel_replay_v66_regression_maintenance/coq/.V66_LIST_MAP_REGRESSION_060.aux","2e5bdf22cee5daad96b6ee7b381c3d7aba04bae5e07e6fcf410ffbff47cd5302"
"experiments/kernel_replay_v66_regression_maintenance/coq/.V66_NAT_REWRITE_MAINTENANCE_001.aux","57d5ec8fbc4b56c054aaa65dbe90dd099471276c9d7c5769c6ce1b118cebdec6"
"experiments/kernel_replay_v66_regression_maintenance/coq/.V66_NAT_REWRITE_MAINTENANCE_002.aux","f6ab23012fc4658aff73a67b3b922bcc80cbfdf127edc05ae7635d46da11cc29"
"experiments/kernel_replay_v66_regression_maintenance/coq/.V66_NAT_REWRITE_MAINTENANCE_003.aux","1c15f67d5d8e28ffbe304444a3e56aa16a495dd94edc004c82086483734ed378"
"experiments/kernel_replay_v66_regression_maintenance/coq/.V66_NAT_REWRITE_MAINTENANCE_004.aux","89c5b8d0d0641c83751180de07898569bc418c457ab66d1302bedc3e5833b89d"
"experiments/kernel_replay_v66_regression_maintenance/coq/.V66_NAT_REWRITE_MAINTENANCE_005.aux","5ad2a1e18d169cf81300acd640fc38bb0a862f1d2a69c89c1203a4a2e7a32d41"
"experiments/kernel_replay_v66_regression_maintenance/coq/.V66_NAT_REWRITE_MAINTENANCE_006.aux","53e406f7c512397d229a37cbce4b866a86ab47435b6483d318abe35e809f5a14"
"experiments/kernel_replay_v66_regression_maintenance/coq/.V66_NAT_REWRITE_MAINTENANCE_007.aux","c6673a7f6e73915bcd32c79a384f6b63c8113b2e102e3a72ae74f57d6a41ef00"
"experiments/kernel_replay_v66_regression_maintenance/coq/.V66_NAT_REWRITE_MAINTENANCE_008.aux","7baa156e26f8f6811c314d83a8b69539dd5e6c095690b2a5d96131e5382c0441"
"experiments/kernel_replay_v66_regression_maintenance/coq/.V66_NAT_REWRITE_MAINTENANCE_009.aux","833cfed0b3d78faeb02de3f1e72164c4645ca61aa880dda89084a0e8872345c9"
"experiments/kernel_replay_v66_regression_maintenance/coq/.V66_NAT_REWRITE_MAINTENANCE_010.aux","50619e2bad9897d71d0deb1571ea7e7dc9b4821d0a7e043746150be456a24eac"
"experiments/kernel_replay_v66_regression_maintenance/coq/.V66_NAT_REWRITE_MAINTENANCE_011.aux","12043db4f3504eeb489451520ae124887468b15b87a4bcb2dce41ce6e2f946a5"
"experiments/kernel_replay_v66_regression_maintenance/coq/.V66_NAT_REWRITE_MAINTENANCE_012.aux","11da6c92877bc180b13f7abc77e740e59f40758838856e5f461c6ae7e631e435"
"experiments/kernel_replay_v66_regression_maintenance/coq/.V66_NAT_REWRITE_MAINTENANCE_013.aux","fc59a4119cfd9524a7b1b55862db21a14c5a88aa8f10a57c3d3add28a7f51b8a"
"experiments/kernel_replay_v66_regression_maintenance/coq/.V66_NAT_REWRITE_MAINTENANCE_014.aux","79dc717cee54ec25d152e56d0fb8731f918d0bf0894450fd40ab8e85c4707afe"
"experiments/kernel_replay_v66_regression_maintenance/coq/.V66_NAT_REWRITE_MAINTENANCE_015.aux","fa8a76f20ea42cc9dcb924f855e1ebabc681c126a9c09aa0ef962b89ee6c0814"
"experiments/kernel_replay_v66_regression_maintenance/coq/.V66_NAT_REWRITE_MAINTENANCE_016.aux","b733bc89f8943b87c244bd509bd3a09c9ab778d23c5a7a170366f8f5f8d200df"
"experiments/kernel_replay_v66_regression_maintenance/coq/.V66_NAT_REWRITE_MAINTENANCE_017.aux","4fe55f916e0a9407c17f891fe275b7e6219c1df49cff690284fc1f50a25757bb"
"experiments/kernel_replay_v66_regression_maintenance/coq/.V66_NAT_REWRITE_MAINTENANCE_018.aux","60bb312c81c53d5dc69320e045fb82a7e2ccd5959da6ae23f64e9c4fcfb60533"
"experiments/kernel_replay_v66_regression_maintenance/coq/.V66_NAT_REWRITE_MAINTENANCE_019.aux","c45857e36b86344f10d022d8a9729e410cf8c89e24cd558bfaf76509a81d85db"
"experiments/kernel_replay_v66_regression_maintenance/coq/.V66_NAT_REWRITE_MAINTENANCE_020.aux","4aee240ac59cbb5c8f577a5012c2e46c5a4898f56c666546aeaee570b81dbf3a"
"experiments/kernel_replay_v66_regression_maintenance/coq/.V66_NAT_REWRITE_MAINTENANCE_021.aux","24ddc86fe6ba03128c47419ae703c02d121bd6b3456399c4bf9298e768f53009"
"experiments/kernel_replay_v66_regression_maintenance/coq/.V66_NAT_REWRITE_MAINTENANCE_022.aux","900bb55967cb4ce6ed000fd7520039c8bf6d5d2a14a5c3704dd6a5adda0e6893"
"experiments/kernel_replay_v66_regression_maintenance/coq/.V66_NAT_REWRITE_MAINTENANCE_023.aux","4921b2e158aafb2d36e0e00e55afb7d3597824df0e9d9133d251dd67d71191d9"
"experiments/kernel_replay_v66_regression_maintenance/coq/.V66_NAT_REWRITE_MAINTENANCE_024.aux","39693d835556784f848574aa179beebe35afc72cf45b51d4a84995789105b215"
"experiments/kernel_replay_v66_regression_maintenance/coq/.V66_NAT_REWRITE_MAINTENANCE_025.aux","83b33cfec6d5398dc392d47de2479e2abff6ee3f522bbfb74e16cb98f296ade4"
"experiments/kernel_replay_v66_regression_maintenance/coq/.V66_NAT_REWRITE_MAINTENANCE_026.aux","037b724cfbee8f589a0e112f2a93f904cee744abd7170d42930067c1f777fa3b"
"experiments/kernel_replay_v66_regression_maintenance/coq/.V66_NAT_REWRITE_MAINTENANCE_027.aux","9a9d1d9557a4412761dc69876c38279d9a36b9aa71d694f482a556eb9c714deb"
"experiments/kernel_replay_v66_regression_maintenance/coq/.V66_NAT_REWRITE_MAINTENANCE_028.aux","9b4acfc55d5e8ae69979e1645af15a310657cfce40be331c4743f116f9ee5b88"
"experiments/kernel_replay_v66_regression_maintenance/coq/.V66_NAT_REWRITE_MAINTENANCE_029.aux","074f98729c78f557cbe9f6eaa003f10a34707ca7f51631e402626b9ca021f648"
"experiments/kernel_replay_v66_regression_maintenance/coq/.V66_NAT_REWRITE_MAINTENANCE_030.aux","ed0cc098c23d7942970db654a6291dec9d534cc81f1222bb518519f8d504dc00"
"experiments/kernel_replay_v66_regression_maintenance/coq/.V66_NAT_REWRITE_MAINTENANCE_031.aux","e901f5e82efde3962c39569f155bdb76d5728df6a151894572a6b248da9a9d00"
"experiments/kernel_replay_v66_regression_maintenance/coq/.V66_NAT_REWRITE_MAINTENANCE_032.aux","6ea9828d6b5c51168968c8668201358823179fa887352857d5761433f13875fd"
"experiments/kernel_replay_v66_regression_maintenance/coq/.V66_NAT_REWRITE_MAINTENANCE_033.aux","1fbba98fe334d428581c3186ef835bcd583db4abd7d977b6f7f0575efab98b00"
"experiments/kernel_replay_v66_regression_maintenance/coq/.V66_NAT_REWRITE_MAINTENANCE_034.aux","214a9f74720eae7a6a71612da9c8c42312999047473cc77cf644f7a5cdb51d7b"
"experiments/kernel_replay_v66_regression_maintenance/coq/.V66_NAT_REWRITE_MAINTENANCE_035.aux","d81f6b5856036b68669cce9c8d7379dd573cf05d651d3d683498b3014b9552ba"
"experiments/kernel_replay_v66_regression_maintenance/coq/.V66_NAT_REWRITE_MAINTENANCE_036.aux","7f570812af7fc27b5b61738711ae14071d64afd914f428297ccbdfe4749ce56d"
"experiments/kernel_replay_v66_regression_maintenance/coq/.V66_NAT_REWRITE_MAINTENANCE_037.aux","f2d6827393a5675584b352c2c77735b1c3fe02bc78b208afaf4164103e35ffda"
"experiments/kernel_replay_v66_regression_maintenance/coq/.V66_NAT_REWRITE_MAINTENANCE_038.aux","9fb1c36c92ca722e15bca31f1d89333681ff0397cd4f6625ba3e87788ead1f9f"
"experiments/kernel_replay_v66_regression_maintenance/coq/.V66_NAT_REWRITE_MAINTENANCE_039.aux","dfe93f8e9e3d1dc3fea16df261daa082e064e20782d5aa4739e951fc0ac2aaad"
"experiments/kernel_replay_v66_regression_maintenance/coq/.V66_NAT_REWRITE_MAINTENANCE_040.aux","17ed9730a175c338be462fa8622a5347eb5fa8f19c946ae16fe48813d0a2c0e7"
"experiments/kernel_replay_v66_regression_maintenance/coq/.V66_NAT_REWRITE_MAINTENANCE_041.aux","4401ed1b8ddd62042982b2d80bbcdafaf693e562121062d63f0e0f8cae4be75d"
"experiments/kernel_replay_v66_regression_maintenance/coq/.V66_NAT_REWRITE_MAINTENANCE_042.aux","d3b236ab9adf393241b51bbf20a3856b5a5b8f626a11a925f436ab9590505947"
"experiments/kernel_replay_v66_regression_maintenance/coq/.V66_NAT_REWRITE_MAINTENANCE_043.aux","66f2a3cc554dae649921e899e3d127180dcbfb06bff0b1b207272aecd7504ddf"
"experiments/kernel_replay_v66_regression_maintenance/coq/.V66_NAT_REWRITE_MAINTENANCE_044.aux","36e7648914ad80342eb29813b484cbd0cd6b2c547b2a281aa9830329e1376929"
"experiments/kernel_replay_v66_regression_maintenance/coq/.V66_NAT_REWRITE_MAINTENANCE_045.aux","29e74a2781500a3a75387feba3bfd5faa77c09b2b95843b1ddc4d03356775a3f"
"experiments/kernel_replay_v66_regression_maintenance/coq/.V66_NAT_REWRITE_MAINTENANCE_046.aux","71b209052da5860ac7b4e6bbb4de90caaffe22a6d3f994130ae71d269fa5a776"
"experiments/kernel_replay_v66_regression_maintenance/coq/.V66_NAT_REWRITE_MAINTENANCE_047.aux","85903c46b60e84da684e554ebef878a46acc5053e328eebc66041fe278fe7136"
"experiments/kernel_replay_v66_regression_maintenance/coq/.V66_NAT_REWRITE_MAINTENANCE_048.aux","8421ffa9450c6b1a885d7de1b07794a5f49efabaf18af5cb911d38f0f50ac8ed"
"experiments/kernel_replay_v66_regression_maintenance/coq/.V66_NAT_REWRITE_MAINTENANCE_049.aux","c57e30c441fc29f8ed64cfcbf9d2fbb21f1a260a7fd211f8e0fb1f4d7c200f35"
"experiments/kernel_replay_v66_regression_maintenance/coq/.V66_NAT_REWRITE_MAINTENANCE_050.aux","d86d2cbcdba9bf542bb7cc17665e6aef60e028d1d26661f98693cdbfa4a663c8"
"experiments/kernel_replay_v66_regression_maintenance/coq/.V66_NAT_REWRITE_MAINTENANCE_051.aux","431154cfb089dc5b87e42eea271ae05d260135b619b203d4a8897fa08467f06a"
"experiments/kernel_replay_v66_regression_maintenance/coq/.V66_NAT_REWRITE_MAINTENANCE_052.aux","a28473bf6143493d6e84ade4e75dd7c009e7fa3098deb1d11fec8c4e0ab15b60"
"experiments/kernel_replay_v66_regression_maintenance/coq/.V66_NAT_REWRITE_MAINTENANCE_053.aux","3f3b41f4e21f6bea42de7224d8d3aa4c8482692903ac2c61e4d139d33a71dacf"
"experiments/kernel_replay_v66_regression_maintenance/coq/.V66_NAT_REWRITE_MAINTENANCE_054.aux","ca45219a78b4b5aa07f20cfee32e2b3c1ba712d57a25eb0c58ac26290b4ea25b"
"experiments/kernel_replay_v66_regression_maintenance/coq/.V66_NAT_REWRITE_MAINTENANCE_055.aux","610adaffd987cdd07c4e747823b60aaa0c78827a951c02b59e514c4c621d5ca4"
"experiments/kernel_replay_v66_regression_maintenance/coq/.V66_NAT_REWRITE_MAINTENANCE_056.aux","245a7bae6593df3075761f12bb1950e0b6453c66a16cb7311fab8739f8ed7653"
"experiments/kernel_replay_v66_regression_maintenance/coq/.V66_NAT_REWRITE_MAINTENANCE_057.aux","0cd70f3cf8e63cc1b3604e92fc9958ba5a700a1087dfb9c0cf960ed12b69a67c"
"experiments/kernel_replay_v66_regression_maintenance/coq/.V66_NAT_REWRITE_MAINTENANCE_058.aux","b9658171148392b40bd7b7eb421bd5152ad9cac56065c1fca34545b348b33e84"
"experiments/kernel_replay_v66_regression_maintenance/coq/.V66_NAT_REWRITE_MAINTENANCE_059.aux","47733b1471235924941929801ea8858c0fc3d886dc242dc06ae0fe72ef59148a"
"experiments/kernel_replay_v66_regression_maintenance/coq/.V66_NAT_REWRITE_MAINTENANCE_060.aux","b01d960c803d7d19c2975fd45a8ba7ea4aaf8d2d2f435925e65197e8603103a7"
"experiments/kernel_replay_v66_regression_maintenance/coq/.V66_OPTION_MAINTENANCE_001.aux","12140832619d4af285a938e0d07dd7c3a58085257f973ce2ecb440d63214defc"
"experiments/kernel_replay_v66_regression_maintenance/coq/.V66_OPTION_MAINTENANCE_002.aux","9badc9c3e14f51a110fd379b3e87092b1f062a767d526e712d7a96982caad0c0"
"experiments/kernel_replay_v66_regression_maintenance/coq/.V66_OPTION_MAINTENANCE_003.aux","146a53b94695d6f6c475a110a475f7279733a79c5de3891c1db365963ce34ffb"
"experiments/kernel_replay_v66_regression_maintenance/coq/.V66_OPTION_MAINTENANCE_004.aux","c8ba0b95afbf87776b078833a22e2ec80bf6cf9b30ce950fc64660bdc8b45698"
"experiments/kernel_replay_v66_regression_maintenance/coq/.V66_OPTION_MAINTENANCE_005.aux","c73acfb4aa3ab971e4b1ebce43ff5212dfce269b7ce2d743003fc11243dd86d4"
"experiments/kernel_replay_v66_regression_maintenance/coq/.V66_OPTION_MAINTENANCE_006.aux","8c8f23281dc665c6a8ff6bb2d7524ab120e27b1f08939956da5d8dc534376888"
"experiments/kernel_replay_v66_regression_maintenance/coq/.V66_OPTION_MAINTENANCE_007.aux","204938dc27f15e7fe763969708c4d2ab2fbe4bbc31510838cdea5e43cd76b66b"
"experiments/kernel_replay_v66_regression_maintenance/coq/.V66_OPTION_MAINTENANCE_008.aux","59d459e1eee489a50dd7823bdc3e6faa9390073a61fd374c5635ea15fed87501"
"experiments/kernel_replay_v66_regression_maintenance/coq/.V66_OPTION_MAINTENANCE_009.aux","a4628b0eeb89cd5daf4361788d2c48448228f9a0a8daf669c0cb257ea9bd0ae5"
"experiments/kernel_replay_v66_regression_maintenance/coq/.V66_OPTION_MAINTENANCE_010.aux","8dc1fe2f02c7024f048d49522c28e26b3cbfe39ab2446e34a73f89075af13cf9"
"experiments/kernel_replay_v66_regression_maintenance/coq/.V66_OPTION_MAINTENANCE_011.aux","a16642b8bc421db463d7fe7fe11ea81154ecbfed10a360444efb01d1ff8f33ed"
"experiments/kernel_replay_v66_regression_maintenance/coq/.V66_OPTION_MAINTENANCE_012.aux","7bb5dfaf02cbb4823d77ee486e2f5db8158c9a525e8d780206fcbd9f342a42a5"
"experiments/kernel_replay_v66_regression_maintenance/coq/.V66_OPTION_MAINTENANCE_013.aux","dfc11948efd42a17bde1b86675ab14bffc8d45f4148b8297c6f4873e736edea4"
"experiments/kernel_replay_v66_regression_maintenance/coq/.V66_OPTION_MAINTENANCE_014.aux","093e5002a18806d159c7047302ee7855c19a9118a6f20f5e75f83ee5a94ecf84"
"experiments/kernel_replay_v66_regression_maintenance/coq/.V66_OPTION_MAINTENANCE_015.aux","202d79136578aca517193b3707c28d15f892d2deb9bc701e01a070d95aa202d5"
"experiments/kernel_replay_v66_regression_maintenance/coq/.V66_OPTION_MAINTENANCE_016.aux","a7d21187937e3818d98719da51be28214b4738b28b0adb98c3c467e094873f52"
"experiments/kernel_replay_v66_regression_maintenance/coq/.V66_OPTION_MAINTENANCE_017.aux","7f8fb8392050caa7e2e81a9722b311f7ff8e0ece8c4734b77d06659c2a92c42b"
"experiments/kernel_replay_v66_regression_maintenance/coq/.V66_OPTION_MAINTENANCE_018.aux","08550d4faf665d64a887a46a84d8da6801990f5e5438d9212052ed79e59d98f8"
"experiments/kernel_replay_v66_regression_maintenance/coq/.V66_OPTION_MAINTENANCE_019.aux","e423f92f581d77db5b35115e52a6c84f007345a4b358038c7b6e95c8b97a1143"
"experiments/kernel_replay_v66_regression_maintenance/coq/.V66_OPTION_MAINTENANCE_020.aux","40c6e1125973bb3ce118fc78b11f39af382f8ab261a97420e79794b894a4a456"
"experiments/kernel_replay_v66_regression_maintenance/coq/.V66_OPTION_MAINTENANCE_021.aux","3fa7c2f646c32599196d0774e218ce1a5d7769b0f06b1f52d9219b0cf8e205b3"
"experiments/kernel_replay_v66_regression_maintenance/coq/.V66_OPTION_MAINTENANCE_022.aux","f204f4faf76edf66cab6f4d4f5ec40636787a369affa63f21a9e91f623398569"
"experiments/kernel_replay_v66_regression_maintenance/coq/.V66_OPTION_MAINTENANCE_023.aux","0b292e2d0be2ff63806575718f5f77a3a5d32fe67ea15870ba9d927d998f2bd6"
"experiments/kernel_replay_v66_regression_maintenance/coq/.V66_OPTION_MAINTENANCE_024.aux","7bbc487925db1e277ed61283fa79bf3c214a29401b5b0b054cc3ff26a099f2a3"
"experiments/kernel_replay_v66_regression_maintenance/coq/.V66_OPTION_MAINTENANCE_025.aux","0f25e7a885542d15a87222dfa6af920c770351949c09f789bdf6d8b8b4f40168"
"experiments/kernel_replay_v66_regression_maintenance/coq/.V66_OPTION_MAINTENANCE_026.aux","49042e26edcea5db6037834d543baac09234810a67f577935c51bc04ae6e59f6"
"experiments/kernel_replay_v66_regression_maintenance/coq/.V66_OPTION_MAINTENANCE_027.aux","6d575302556e13208214df7b540c3c67c0895d25a548dc1628a3df57e7545584"
"experiments/kernel_replay_v66_regression_maintenance/coq/.V66_OPTION_MAINTENANCE_028.aux","c08e70ef531ec1d3e02ac8bb99ba3d1e3b71613bc5eefb07d2db7e95a46ee27e"
"experiments/kernel_replay_v66_regression_maintenance/coq/.V66_OPTION_MAINTENANCE_029.aux","5780248a7f05b61ce048da423ebd9691eb2400484410192e8f925bfe2bdcdff5"
"experiments/kernel_replay_v66_regression_maintenance/coq/.V66_OPTION_MAINTENANCE_030.aux","117fbe4663642d6b7c38d4dba4b85b29d01cf6b49b97e517e4cf4909e3401d0c"
"experiments/kernel_replay_v66_regression_maintenance/coq/.V66_OPTION_MAINTENANCE_031.aux","d8d88c7dbb18e03dfc4dded692327d2adb0343cc78f21677735e7a1cf018841a"
"experiments/kernel_replay_v66_regression_maintenance/coq/.V66_OPTION_MAINTENANCE_032.aux","ef0319a6dca47811ceee28f14c5b454bcc6b9261825049d8a115bf6cabba0fda"
"experiments/kernel_replay_v66_regression_maintenance/coq/.V66_OPTION_MAINTENANCE_033.aux","1079d11614ae5eb25ea21f0cef60eaedc57caf5093815b7298e06b1257ed1b76"
"experiments/kernel_replay_v66_regression_maintenance/coq/.V66_OPTION_MAINTENANCE_034.aux","3135a151603b903d1591f378c537b8d59d15121a006f87e12433c57c0c93fbf7"
"experiments/kernel_replay_v66_regression_maintenance/coq/.V66_OPTION_MAINTENANCE_035.aux","d8cdbbce239ad67c19cb30aa3495cb1713276f24073f4443f839fdc1c51d6f30"
"experiments/kernel_replay_v66_regression_maintenance/coq/.V66_OPTION_MAINTENANCE_036.aux","7bf183adbc0a3a313269d4641a1c966568f87680c329fc09424af3e50ed1723f"
"experiments/kernel_replay_v66_regression_maintenance/coq/.V66_OPTION_MAINTENANCE_037.aux","a7f9ed4ccaa592a996794bc9ad127ac2559bfba92377ac71ad9b451ff029b77b"
"experiments/kernel_replay_v66_regression_maintenance/coq/.V66_OPTION_MAINTENANCE_038.aux","e30c907193cb5743751b02d1cccc4e48e3a3e1d257ed86ccd5186e4d69344966"
"experiments/kernel_replay_v66_regression_maintenance/coq/.V66_OPTION_MAINTENANCE_039.aux","13307404865e401813c1aa7c54338d44835d9db811c1624cd65d8fd4fef54ac4"
"experiments/kernel_replay_v66_regression_maintenance/coq/.V66_OPTION_MAINTENANCE_040.aux","43c8117ad391864773aa362643e5e85674356f9fbb5617a7660cfe1d7183176f"
"experiments/kernel_replay_v66_regression_maintenance/coq/.V66_OPTION_MAINTENANCE_041.aux","042837e22c56bb82e955714200d291bb5a1ceb655533e1207b9ba41408947566"
"experiments/kernel_replay_v66_regression_maintenance/coq/.V66_OPTION_MAINTENANCE_042.aux","b417a88ac4daf602b00ac893575baeea15d7f2dab9593fe52e04b14ff5fdd2b8"
"experiments/kernel_replay_v66_regression_maintenance/coq/.V66_OPTION_MAINTENANCE_043.aux","60ad66827597023fdfb686b4428715e52fff72e7ad59fbc2324cd57569903191"
"experiments/kernel_replay_v66_regression_maintenance/coq/.V66_OPTION_MAINTENANCE_044.aux","490c2e985651e2b72089b891a0819a8978c75ad4e6d64f7421ce7f6daacc6d3b"
"experiments/kernel_replay_v66_regression_maintenance/coq/.V66_OPTION_MAINTENANCE_045.aux","a19d1e62e8b97e461bb41c61807f5b4260efdcb6e2980a44fdbb9381b75da1f6"
"experiments/kernel_replay_v66_regression_maintenance/coq/.V66_OPTION_MAINTENANCE_046.aux","afee993e7fb5d26f1554371eba644b05b19834fbc4b13809c808f4bb05643e12"
"experiments/kernel_replay_v66_regression_maintenance/coq/.V66_OPTION_MAINTENANCE_047.aux","87df3f183a5f0b7809a1161d443815dbf8ea37a3025a03a6850a4cd430bef1a7"
"experiments/kernel_replay_v66_regression_maintenance/coq/.V66_OPTION_MAINTENANCE_048.aux","46a13597e48609f701e2f4343424e2e3ed39b327d77b12bf41c6ba11c5cbd538"
"experiments/kernel_replay_v66_regression_maintenance/coq/.V66_OPTION_MAINTENANCE_049.aux","529fa8e6298698257c4207b6194f88fc3ce7e892da6b981a1c83da311ef48a07"
"experiments/kernel_replay_v66_regression_maintenance/coq/.V66_OPTION_MAINTENANCE_050.aux","04ce8e99ca1c6b34c0c11155a000937eb1467703161e0dc019369e64d62de8c9"
"experiments/kernel_replay_v66_regression_maintenance/coq/.V66_OPTION_MAINTENANCE_051.aux","1e248d6798a2c308035913e1775e5383d88b1a7151f4421ccba3610ae9c5e25a"
"experiments/kernel_replay_v66_regression_maintenance/coq/.V66_OPTION_MAINTENANCE_052.aux","d4934d4fce78337898182c13485db051d6e8df8cf8e696afc0992ddbe30f7efb"
"experiments/kernel_replay_v66_regression_maintenance/coq/.V66_OPTION_MAINTENANCE_053.aux","49c4d5cee0b65a0a78332530121d7ee87cecbb4c0fca74b217210ecb1cf0968f"
"experiments/kernel_replay_v66_regression_maintenance/coq/.V66_OPTION_MAINTENANCE_054.aux","21396d69b05346648ba4bff7bb8b7993d39dd5ec1f1678930e633fa519496499"
"experiments/kernel_replay_v66_regression_maintenance/coq/.V66_OPTION_MAINTENANCE_055.aux","d4385f1b46d811548823f2b1f2f3c74ee2eac15a7727c7c1729619a645f5d90e"
"experiments/kernel_replay_v66_regression_maintenance/coq/.V66_OPTION_MAINTENANCE_056.aux","e68b6ded9d109dd087cffd4a842ae29f58f1f7eca06d3ed43a307b81e010992b"
"experiments/kernel_replay_v66_regression_maintenance/coq/.V66_OPTION_MAINTENANCE_057.aux","14de959fbe5e70955f57b07039ace2cf1c13cd7070c928d06ba649f6a5d3f19f"
"experiments/kernel_replay_v66_regression_maintenance/coq/.V66_OPTION_MAINTENANCE_058.aux","84a95f4a82b5ce441f20149552e7f02643a42ecce440a08addbbaebc08845c1e"
"experiments/kernel_replay_v66_regression_maintenance/coq/.V66_OPTION_MAINTENANCE_059.aux","93a1d2bb8ff1b29d1b758547725e0a9541c7047a42bbf00a8a69c4d29d5b4b50"
"experiments/kernel_replay_v66_regression_maintenance/coq/.V66_OPTION_MAINTENANCE_060.aux","b411bede0e0221d84a37a3898531067feb8e336610624ac87e1bdaa5a5bc1304"
"experiments/kernel_replay_v66_regression_maintenance/coq/.V66_PAIR_MIGRATION_001.aux","e5dce0294e3a245c2ed5b6c50a72248bbd6289e0b9d0aa63a44a6e21d71ace72"
"experiments/kernel_replay_v66_regression_maintenance/coq/.V66_PAIR_MIGRATION_002.aux","92745bce758a5a7471a8115f3472627e0b18f3cc95e81a3795e9cc2c16001d58"
"experiments/kernel_replay_v66_regression_maintenance/coq/.V66_PAIR_MIGRATION_003.aux","47502e90e0de33ab30efeb26b4b9664eb81546b65336a4730bfda633a1f47d3e"
"experiments/kernel_replay_v66_regression_maintenance/coq/.V66_PAIR_MIGRATION_004.aux","8bf3abe17953e1c92f9d28b51dec70251676f2f63eedc9fab5eae8ef067a80f6"
"experiments/kernel_replay_v66_regression_maintenance/coq/.V66_PAIR_MIGRATION_005.aux","d364b15281a042fbda5f662941ecf2cebd28a359659bafacddf625419b894698"
"experiments/kernel_replay_v66_regression_maintenance/coq/.V66_PAIR_MIGRATION_006.aux","f4bf9c619ba396f3fa2f233dcdca9e72d57ad09c942bd91939e2db6269272ad4"
"experiments/kernel_replay_v66_regression_maintenance/coq/.V66_PAIR_MIGRATION_007.aux","ddb8fec917380aee7e7ae08d4ad728599fc32a535f9a3c1ba94ee0ba45f82c67"
"experiments/kernel_replay_v66_regression_maintenance/coq/.V66_PAIR_MIGRATION_008.aux","23803a34e26175a6ca09c6081e8b35279bd761b1e3cff8a995e5e46335cfbef9"
"experiments/kernel_replay_v66_regression_maintenance/coq/.V66_PAIR_MIGRATION_009.aux","eb771c477bbb871ef7009ad4a97078aa3d2c6444b0e25598b73697b947e801bb"
"experiments/kernel_replay_v66_regression_maintenance/coq/.V66_PAIR_MIGRATION_010.aux","70f96cd10b7371e11e65b92ae4319f5a1ca78637154ca1e2bf8efebc8de24b29"
"experiments/kernel_replay_v66_regression_maintenance/coq/.V66_PAIR_MIGRATION_011.aux","0f799b2006dad78ec389404ee29fd59f5e051759757a1a7b5be7930e795d56e1"
"experiments/kernel_replay_v66_regression_maintenance/coq/.V66_PAIR_MIGRATION_012.aux","178a0bcf003801caabe29fc6196c420754bf3cc388f22cf8206fff30d9efb001"
"experiments/kernel_replay_v66_regression_maintenance/coq/.V66_PAIR_MIGRATION_013.aux","72477bfb06034cf3723484130b60238623912077a933950b5498e8a4000485b2"
"experiments/kernel_replay_v66_regression_maintenance/coq/.V66_PAIR_MIGRATION_014.aux","00142a5e11e9501898c226519701354877c196a6f4c3a31b5cabd74056c868cc"
"experiments/kernel_replay_v66_regression_maintenance/coq/.V66_PAIR_MIGRATION_015.aux","edb8f788b9129527ded1ca96a5ffc02f1fd1c2ffe7165d63e8adfd5dd7a14270"
"experiments/kernel_replay_v66_regression_maintenance/coq/.V66_PAIR_MIGRATION_016.aux","c0c10b6b907bc54372e99b2f15102658aabdc88846aae93e6007a5010de34bb0"
"experiments/kernel_replay_v66_regression_maintenance/coq/.V66_PAIR_MIGRATION_017.aux","49e241746dd7f4b6a40770114009f624ea5d359adfe662fbe0a18a3b26ee8bad"
"experiments/kernel_replay_v66_regression_maintenance/coq/.V66_PAIR_MIGRATION_018.aux","c73ef5d8b8beb356550efb0c2dd24f1844145dd3da03bfead581ee9178b51de5"
"experiments/kernel_replay_v66_regression_maintenance/coq/.V66_PAIR_MIGRATION_019.aux","47c7cdfea6a8d7fc1b945dfc37520f9d724a4cc01add9acf6614b55d988bb38e"
"experiments/kernel_replay_v66_regression_maintenance/coq/.V66_PAIR_MIGRATION_020.aux","7fb688d407d67421f86a5c622dc0a4a92315300f56cf07df19e5d46673f38d18"
"experiments/kernel_replay_v66_regression_maintenance/coq/.V66_PAIR_MIGRATION_021.aux","84bd9e71acea83e646cee6e4a0cad64ac8eb067e9c388518257a6b2b4badc947"
"experiments/kernel_replay_v66_regression_maintenance/coq/.V66_PAIR_MIGRATION_022.aux","a9210d8de024fe2943c021e4123a694c3d30e028b71c1f1c532332f4f878a8b0"
"experiments/kernel_replay_v66_regression_maintenance/coq/.V66_PAIR_MIGRATION_023.aux","e7d6434024e88e70a48a63633804e8ec91314547b32e656fe89106b796ad0411"
"experiments/kernel_replay_v66_regression_maintenance/coq/.V66_PAIR_MIGRATION_024.aux","bd7f4c933a56a00ade81466a0225a989f8ff5d68e788d8fa7539c4a0f01c52f8"
"experiments/kernel_replay_v66_regression_maintenance/coq/.V66_PAIR_MIGRATION_025.aux","92da62b76f95e18addcd7a4584e07b0d9c8a365d2cfd6b266bca36a2055e7967"
"experiments/kernel_replay_v66_regression_maintenance/coq/.V66_PAIR_MIGRATION_026.aux","f217ca7bb3b32d07d63075121101333b0f83a7353ebd285753fac2c9edd0d2a2"
"experiments/kernel_replay_v66_regression_maintenance/coq/.V66_PAIR_MIGRATION_027.aux","cdbb5ca09222188f2378059d7404b3851755503bc53b0c61b56ecdabe8e06f93"
"experiments/kernel_replay_v66_regression_maintenance/coq/.V66_PAIR_MIGRATION_028.aux","a0dfc466f8a1f1113fbebf08b2a16d8423c91cece9d9171c785c4401a088b7b4"
"experiments/kernel_replay_v66_regression_maintenance/coq/.V66_PAIR_MIGRATION_029.aux","93a9b609316d2050039a21e15a2f3f634f8f33a20e36ba5098bf72a6fe7f3dd9"
"experiments/kernel_replay_v66_regression_maintenance/coq/.V66_PAIR_MIGRATION_030.aux","0c87f1d7d644c43f5ab27fe4fd7b324e9d322b587f4e6db8abe81444a3b56385"
"experiments/kernel_replay_v66_regression_maintenance/coq/.V66_PAIR_MIGRATION_031.aux","a971b7806cc9d2d0b99578004443f63e539d564a89cc42eb72e500ac05e65a79"
"experiments/kernel_replay_v66_regression_maintenance/coq/.V66_PAIR_MIGRATION_032.aux","35121e4be148f9517f211c2149fdcbab9f6556938a47e2ea8df0e7823c7cc452"
"experiments/kernel_replay_v66_regression_maintenance/coq/.V66_PAIR_MIGRATION_033.aux","6b45cfc2916aceded5ca19c29b5b1002497758192d85952cd161859f1a1431a4"
"experiments/kernel_replay_v66_regression_maintenance/coq/.V66_PAIR_MIGRATION_034.aux","5a21cc1e3b2fe594af94871331c41fb1414b6d3036f800bc6255c9e6d2b567f8"
"experiments/kernel_replay_v66_regression_maintenance/coq/.V66_PAIR_MIGRATION_035.aux","e96c80808fc71dff379f407269394ed6ecb1ac24a03dd670d6838bfd2fc573b6"
"experiments/kernel_replay_v66_regression_maintenance/coq/.V66_PAIR_MIGRATION_036.aux","d8e51cfacb3cc376c6d8e59526dae35ede83d3cc1fc2c57dc4cb52e886b8b924"
"experiments/kernel_replay_v66_regression_maintenance/coq/.V66_PAIR_MIGRATION_037.aux","bd74576b80797537814ce663a3f23a633300ae6521383cc1fdfa42f45d2e004b"
"experiments/kernel_replay_v66_regression_maintenance/coq/.V66_PAIR_MIGRATION_038.aux","99831a3dea442ecd3e3a79256c68c896de66ea3119035d9be19887675d0af093"
"experiments/kernel_replay_v66_regression_maintenance/coq/.V66_PAIR_MIGRATION_039.aux","93a2c6bbc9cc77676fa37a0ce96ed2e0a509cfe78ae7c58ba41688cc3cf29bfd"
"experiments/kernel_replay_v66_regression_maintenance/coq/.V66_PAIR_MIGRATION_040.aux","547a7616c92cfb7cba78e6de17ed9a5f737acc324b9348e16c78cc7e62ba36a3"
"experiments/kernel_replay_v66_regression_maintenance/coq/.V66_PAIR_MIGRATION_041.aux","bae509007b0c0769cdd2f433aa1587a7726213957722fed97a7c5acb743d612d"
"experiments/kernel_replay_v66_regression_maintenance/coq/.V66_PAIR_MIGRATION_042.aux","91b5998213f3e1118e44eee4519a049567f710bd0f8659dd8f1e2ff8ea26487b"
"experiments/kernel_replay_v66_regression_maintenance/coq/.V66_PAIR_MIGRATION_043.aux","aebe7906657d29c882736f673dbeba3842bbb754db913f058ab168d5bb98d9a7"
"experiments/kernel_replay_v66_regression_maintenance/coq/.V66_PAIR_MIGRATION_044.aux","bf81e2b15ae3397e773ce089a054cb07ea83dba882b43ab6c45ec70c8dbe0597"
"experiments/kernel_replay_v66_regression_maintenance/coq/.V66_PAIR_MIGRATION_045.aux","ba671e8ece4c91578a5b5234686216f7996dc87b1510cda296a56c1e438a1bd9"
"experiments/kernel_replay_v66_regression_maintenance/coq/.V66_PAIR_MIGRATION_046.aux","60d93df67dc75b52fccdb9e3fd7c5de019fa6d36f1081f7dfc81d7dc00edf9fe"
"experiments/kernel_replay_v66_regression_maintenance/coq/.V66_PAIR_MIGRATION_047.aux","bd9645c353e0f928d1e98443ca0ae247ee2512a808505da45c479c011bd3ed63"
"experiments/kernel_replay_v66_regression_maintenance/coq/.V66_PAIR_MIGRATION_048.aux","e8ae64de16ce096c2ef18677bbe48be8e17cad776e3048b7dc1ffb6ccda12612"
"experiments/kernel_replay_v66_regression_maintenance/coq/.V66_PAIR_MIGRATION_049.aux","1ddc15d591e1efffd720dbbb73973c230acf11230d64d0c5648b5b6ca4a22bc5"
"experiments/kernel_replay_v66_regression_maintenance/coq/.V66_PAIR_MIGRATION_050.aux","89415c9aed39108eeac244b55e02301a5a9217c0848c464a20dfff1219170dfe"
"experiments/kernel_replay_v66_regression_maintenance/coq/.V66_PAIR_MIGRATION_051.aux","d0b1ead88a125b11d58bb0d5e4a8a8727f34704368fb3e9747553914fde7a121"
"experiments/kernel_replay_v66_regression_maintenance/coq/.V66_PAIR_MIGRATION_052.aux","4cf0bc6e0233982a3d0a4ab93b0bf0f5f1f348869a15966c26165005a0bdcaf6"
"experiments/kernel_replay_v66_regression_maintenance/coq/.V66_PAIR_MIGRATION_053.aux","e55d3923186afa91bca40f16fbf461d4f62eb4099fdb865cc9e32e03db657e7c"
"experiments/kernel_replay_v66_regression_maintenance/coq/.V66_PAIR_MIGRATION_054.aux","a3dbe64657f74e2cc2f6ee3124c4e910844c3ced093a60bcf785e582eeca94eb"
"experiments/kernel_replay_v66_regression_maintenance/coq/.V66_PAIR_MIGRATION_055.aux","5e59c8bc654cc11608c3e5a9e6ff2b75c1021d82b96f6e6f44d8e338102f6ffa"
"experiments/kernel_replay_v66_regression_maintenance/coq/.V66_PAIR_MIGRATION_056.aux","2e6a0946610940b017f82b0972d7081a1085ff08483f4364c496cdf40c38d85b"
"experiments/kernel_replay_v66_regression_maintenance/coq/.V66_PAIR_MIGRATION_057.aux","fe0ed88ac1973c0b012df691b2343a8b1035c06081a76475335c66bf2e1f732d"
"experiments/kernel_replay_v66_regression_maintenance/coq/.V66_PAIR_MIGRATION_058.aux","e44804778c1e3685538df5559204486d9045c5d8bc252fd67d9241ff912a2531"
"experiments/kernel_replay_v66_regression_maintenance/coq/.V66_PAIR_MIGRATION_059.aux","2e3e64b47132491968655fa7dfd89df1559073034bf8c76af29c648503601d0f"
"experiments/kernel_replay_v66_regression_maintenance/coq/.V66_PAIR_MIGRATION_060.aux","f3ec9d61c013f1c4768527b6b7d240321061d3f0cad9d5b8f6b96064cc9f7767"
"experiments/kernel_replay_v66_regression_maintenance/coq/.V66_RECORD_MIGRATION_001.aux","42eece5459dba5f0faa35110490712ae7a604bf603f24d099448aefa3153c7c0"
"experiments/kernel_replay_v66_regression_maintenance/coq/.V66_RECORD_MIGRATION_002.aux","a2ab1ced07c2931c0e863fcb531c393e38e4e9660c3b8b3d965b3c638787bf79"
"experiments/kernel_replay_v66_regression_maintenance/coq/.V66_RECORD_MIGRATION_003.aux","e04fb1e749cd99abd4e9526d071cb1d10852a06d883c3182b53f890f6c8abdd0"
"experiments/kernel_replay_v66_regression_maintenance/coq/.V66_RECORD_MIGRATION_004.aux","e2cf6e606f1e8cb987f9aea37525c35345286a0af7180164477490b2df09203b"
"experiments/kernel_replay_v66_regression_maintenance/coq/.V66_RECORD_MIGRATION_005.aux","a0871c0f86a092f2788c355fdcf2f21740e0e6a7a76eaac7c1b6aefa50878156"
"experiments/kernel_replay_v66_regression_maintenance/coq/.V66_RECORD_MIGRATION_006.aux","6a8b3a8658420b0d8e966cf40051b26f2d7ff206503ae71642c4dc537764cfba"
"experiments/kernel_replay_v66_regression_maintenance/coq/.V66_RECORD_MIGRATION_007.aux","e4ce7d522a26c5b4f53804063d24f2b184e6a894dcb9d784982fbe32733231b6"
"experiments/kernel_replay_v66_regression_maintenance/coq/.V66_RECORD_MIGRATION_008.aux","4b4ae13ca1006f0acebafbd1daf0d7937d938241b01733b1975f4c3ab753508e"
"experiments/kernel_replay_v66_regression_maintenance/coq/.V66_RECORD_MIGRATION_009.aux","c9ec4d73300a78f6244a025cc004d822a9e5bdf8a6928618fabb494d560c791a"
"experiments/kernel_replay_v66_regression_maintenance/coq/.V66_RECORD_MIGRATION_010.aux","1faa8841350f3a4772d7fe2cf72f8a638975041427d5670c6f7c958ea390077e"
"experiments/kernel_replay_v66_regression_maintenance/coq/.V66_RECORD_MIGRATION_011.aux","139596fd3242f8a31bc396b53549be5fc12e4779ecbbdd314aeaf96d7c560d32"
"experiments/kernel_replay_v66_regression_maintenance/coq/.V66_RECORD_MIGRATION_012.aux","6f442d5ed777cbf39bfcbc011dbc15d68decf2df8e808133acfc1ccc44b967a2"
"experiments/kernel_replay_v66_regression_maintenance/coq/.V66_RECORD_MIGRATION_013.aux","1c489aea7ac5d3c212993a8e8368c8444ee02ef7f4801e8f77379e070392295d"
"experiments/kernel_replay_v66_regression_maintenance/coq/.V66_RECORD_MIGRATION_014.aux","2abefbe2b1629c67916458ccc9642e4a16d46f2e894c0c0c605c7379c03940bc"
"experiments/kernel_replay_v66_regression_maintenance/coq/.V66_RECORD_MIGRATION_015.aux","c002c6db15ebed4cedb2b5f68e44368e44061d6f83dfef58465cf0acab77404a"
"experiments/kernel_replay_v66_regression_maintenance/coq/.V66_RECORD_MIGRATION_016.aux","2ed0ddcffd4d7412956b00faa44d45de1888d9b5ce8cda3f6678026ff95b4ed1"
"experiments/kernel_replay_v66_regression_maintenance/coq/.V66_RECORD_MIGRATION_017.aux","76d68acc795c06364e4f1964de844c16c2de1acfb282989ed6b96acbf9703bfb"
"experiments/kernel_replay_v66_regression_maintenance/coq/.V66_RECORD_MIGRATION_018.aux","96244f659c360a225fba5ca24a887c42dfe5b325c5b17d86ece8a723ebd25736"
"experiments/kernel_replay_v66_regression_maintenance/coq/.V66_RECORD_MIGRATION_019.aux","62105f5dadc879702be4abbc0bfa57348c6b73c627751f134d43a23103fd288e"
"experiments/kernel_replay_v66_regression_maintenance/coq/.V66_RECORD_MIGRATION_020.aux","8e8907e1a6fe40f43dabdc156ed22037c975b5a781ae0a6e1801497963e398db"
"experiments/kernel_replay_v66_regression_maintenance/coq/.V66_RECORD_MIGRATION_021.aux","3368b4f7c1023a82c3fc7cadd48e38b19dee6cf31540c8bc1660a25a993be6ed"
"experiments/kernel_replay_v66_regression_maintenance/coq/.V66_RECORD_MIGRATION_022.aux","51d30346a96bb7a70752f994dba891017932156f13f627b9d1104bea2366203b"
"experiments/kernel_replay_v66_regression_maintenance/coq/.V66_RECORD_MIGRATION_023.aux","bd18cbe79c53e871366a94b3aff5284664c9ec062fc87e57dde868a1388ee271"
"experiments/kernel_replay_v66_regression_maintenance/coq/.V66_RECORD_MIGRATION_024.aux","ce5a691759656f5e000d6f1e07686bf109139dae8ced59004472d1a6aea9f791"
"experiments/kernel_replay_v66_regression_maintenance/coq/.V66_RECORD_MIGRATION_025.aux","376430af7e70e5b5025549e1651d70cf1df824e8ab21143bb69d2c52f73176f3"
"experiments/kernel_replay_v66_regression_maintenance/coq/.V66_RECORD_MIGRATION_026.aux","c07fc320b15b1a594d02732f036c31809a2456b93216e50f2333e75c61caf7ba"
"experiments/kernel_replay_v66_regression_maintenance/coq/.V66_RECORD_MIGRATION_027.aux","80906d32b004a3096ac12d4796ff6bd863602989bf737fa0e99bed11d7b2f3dc"
"experiments/kernel_replay_v66_regression_maintenance/coq/.V66_RECORD_MIGRATION_028.aux","b5bd5ef31a34a591cd26e40f93225c1d4461448ed65fe3d090bb11ef7fa42221"
"experiments/kernel_replay_v66_regression_maintenance/coq/.V66_RECORD_MIGRATION_029.aux","b31b0c501d9f972e63dd1710cddc8b35895ec5e45ac25ea59d5c762bf1a156a4"
"experiments/kernel_replay_v66_regression_maintenance/coq/.V66_RECORD_MIGRATION_030.aux","3e20b39053b57aa18152e555b79aa507cc1358adb1985b0799d7cc5814be8bca"
"experiments/kernel_replay_v66_regression_maintenance/coq/.V66_RECORD_MIGRATION_031.aux","fbce8d477c5ea030b717de9bd24e55fcb4821c57c96036871e3b99f022613fff"
"experiments/kernel_replay_v66_regression_maintenance/coq/.V66_RECORD_MIGRATION_032.aux","0e130578d24c407b4b20c5a042d99e7f864d3f19878bd74b305207f7f577be15"
"experiments/kernel_replay_v66_regression_maintenance/coq/.V66_RECORD_MIGRATION_033.aux","8cd4354c3db01aaee5180b74e0718b7d9d1721d2d5c38c1e59fe442fff2b1099"
"experiments/kernel_replay_v66_regression_maintenance/coq/.V66_RECORD_MIGRATION_034.aux","37f5eb967b36cb1ad3e3189e6e80b578b5ca148d7f7cff69211168de2f4c2974"
"experiments/kernel_replay_v66_regression_maintenance/coq/.V66_RECORD_MIGRATION_035.aux","743bebc49ae6f518632ba7ddb3a83dcf016fc35900f70c396fd0603825323280"
"experiments/kernel_replay_v66_regression_maintenance/coq/.V66_RECORD_MIGRATION_036.aux","f96d7b47a5aa6a9c80e100548da293bf15b5e707e9ddde604131cc68db2284bd"
"experiments/kernel_replay_v66_regression_maintenance/coq/.V66_RECORD_MIGRATION_037.aux","1e5b1d5ec75176b386bf3e8a88ef245ae5991815ad523884551e278a35b396f3"
"experiments/kernel_replay_v66_regression_maintenance/coq/.V66_RECORD_MIGRATION_038.aux","d30f884644353e9e5254f03b537ff53e527455e3d2981d57b62b1ace140f10ce"
"experiments/kernel_replay_v66_regression_maintenance/coq/.V66_RECORD_MIGRATION_039.aux","7c7a08903953a524b95f9a0c0bd64f716200d3cd131db75c600a544c6ee0a555"
"experiments/kernel_replay_v66_regression_maintenance/coq/.V66_RECORD_MIGRATION_040.aux","063e6e42d3640c2e6383d7618c7b2ee957545471706732c93bc2f9a3e3dcf9f8"
"experiments/kernel_replay_v66_regression_maintenance/coq/.V66_RECORD_MIGRATION_041.aux","1a03e0c3a248edd3b0f360aa2a2a7821ed1d2b7ceb4e6ce3dac99026f224d23e"
"experiments/kernel_replay_v66_regression_maintenance/coq/.V66_RECORD_MIGRATION_042.aux","88af9a0b8c5aa2bb78a381fe568b7d43a0aa9253b3ad2bbf2d50084f27899fe1"
"experiments/kernel_replay_v66_regression_maintenance/coq/.V66_RECORD_MIGRATION_043.aux","5f6059f79955682c647b748fbe785c7c64153d6bfae4b315cbdc6aadbe9d1eb8"
"experiments/kernel_replay_v66_regression_maintenance/coq/.V66_RECORD_MIGRATION_044.aux","208658b618eb1d5143978b2ff2d0f4f9748b7db2d74d0ff157278a8f5a469a7d"
"experiments/kernel_replay_v66_regression_maintenance/coq/.V66_RECORD_MIGRATION_045.aux","cd877e30a41abe1f7e9950b15802b0f3e80c2a6376afc9bae54d82f949a94ddb"
"experiments/kernel_replay_v66_regression_maintenance/coq/.V66_RECORD_MIGRATION_046.aux","ecb1065bde97e44bc82f2a8bedc667b2b729a29277fa3518dce8e78341d9cba4"
"experiments/kernel_replay_v66_regression_maintenance/coq/.V66_RECORD_MIGRATION_047.aux","ac4d476a68e8fe611953a0982ad76e1a5cfa2d0c3af4116949e32b627fd1ea68"
"experiments/kernel_replay_v66_regression_maintenance/coq/.V66_RECORD_MIGRATION_048.aux","3acd1d67ae7cb79a015c26cbd159f14032513d56251a9c1136690fe4b03139a9"
"experiments/kernel_replay_v66_regression_maintenance/coq/.V66_RECORD_MIGRATION_049.aux","56babfa1aaf43bf5b01fae9e337142fe24785685196ef56709a33fcde78f4db6"
"experiments/kernel_replay_v66_regression_maintenance/coq/.V66_RECORD_MIGRATION_050.aux","70dd3a6752dad57bce7e816ab727d7beeab62d7ee6a2c9994987d16ce9d46268"
"experiments/kernel_replay_v66_regression_maintenance/coq/.V66_RECORD_MIGRATION_051.aux","7ba8c43cde968311d42784529a950ae16d3249f96db21ec91986ae9c94f756e6"
"experiments/kernel_replay_v66_regression_maintenance/coq/.V66_RECORD_MIGRATION_052.aux","d63d1ded945a18170b310531e14ad82d1240db8c105b34ae24dbcca27fdf8b7f"
"experiments/kernel_replay_v66_regression_maintenance/coq/.V66_RECORD_MIGRATION_053.aux","74ba40bab67d694cd505ea515b2675a4be60cc46cddf60343fdee5c6a9f1b479"
"experiments/kernel_replay_v66_regression_maintenance/coq/.V66_RECORD_MIGRATION_054.aux","91c89994d43952de4ae7979618bc4b44b17bfa85c19ccb8a4d1c2014b980b148"
"experiments/kernel_replay_v66_regression_maintenance/coq/.V66_RECORD_MIGRATION_055.aux","6249aea487eeab8a6e985bd5a42df2d27be31fd59dfc8023c0fbf758281fcb20"
"experiments/kernel_replay_v66_regression_maintenance/coq/.V66_RECORD_MIGRATION_056.aux","1e717ccbee1020da599025e79b556ea5c502841e97b8356a45da91e5a34e3d4e"
"experiments/kernel_replay_v66_regression_maintenance/coq/.V66_RECORD_MIGRATION_057.aux","199b0542a78f69f1f71e31b04a432bf43a14030f6b1e16c74c3e7fd04e1de3ad"
"experiments/kernel_replay_v66_regression_maintenance/coq/.V66_RECORD_MIGRATION_058.aux","6cca44dd2d5c7c9c00a72af8fffa6e9cc4716eac8708b18092b6463e8216044c"
"experiments/kernel_replay_v66_regression_maintenance/coq/.V66_RECORD_MIGRATION_059.aux","67a97a49ba57ce15608b21143306bc2aa11c46f3ef028dc9c13eede7e4c243d8"
"experiments/kernel_replay_v66_regression_maintenance/coq/.V66_RECORD_MIGRATION_060.aux","6d0d8e8c16d6a15be646ad44d968a1f8080a9a72d0de77fbc475c5a5768b7521"
"experiments/kernel_replay_v66_regression_maintenance/coq/.V66_TREE_MAINTENANCE_001.aux","c1d6ee7503679d94835b0f98dc1c6fb877dc8e59bafb8e04dad3d716a4964b3b"
"experiments/kernel_replay_v66_regression_maintenance/coq/.V66_TREE_MAINTENANCE_002.aux","d0b6999c5e0731841d8b2430b18dfcd93c4c3125cbced53f20fae35201117874"
"experiments/kernel_replay_v66_regression_maintenance/coq/.V66_TREE_MAINTENANCE_003.aux","104f84b7dc0f2af361138c16aafc2f08c0159a02574c5d1081c34afa33c5018a"
"experiments/kernel_replay_v66_regression_maintenance/coq/.V66_TREE_MAINTENANCE_004.aux","8cfdd84e25a81ff1d2d484e164830d08918b4b945c6065583177b8354819e879"
"experiments/kernel_replay_v66_regression_maintenance/coq/.V66_TREE_MAINTENANCE_005.aux","36a58085ff845c38f96ce5a2d20e8179f46d3f174b019c1621817ea0ae7f7c96"
"experiments/kernel_replay_v66_regression_maintenance/coq/.V66_TREE_MAINTENANCE_006.aux","4564d32c2cbb138a809050dd795e825bd6cadacfa544c5ee68fac36c1781cea0"
"experiments/kernel_replay_v66_regression_maintenance/coq/.V66_TREE_MAINTENANCE_007.aux","e1400d0f3d64312cfc467659515a1f594104ed9726d674defd6ed16238850807"
"experiments/kernel_replay_v66_regression_maintenance/coq/.V66_TREE_MAINTENANCE_008.aux","46d9cbc74d707f1963496385e3cc12d945dce1a62b3e28e6ed118e4fc9ad75b3"
"experiments/kernel_replay_v66_regression_maintenance/coq/.V66_TREE_MAINTENANCE_009.aux","73cac1a28739acd198ff22de2a219bf1c2eeed852fc1066837935012454f7577"
"experiments/kernel_replay_v66_regression_maintenance/coq/.V66_TREE_MAINTENANCE_010.aux","82cb7635d38879e1e4fe51b4f176f28b248dc3f13b51305bf6f56249bc7f9643"
"experiments/kernel_replay_v66_regression_maintenance/coq/.V66_TREE_MAINTENANCE_011.aux","3c1ac94e4dca65f646d7fc69deeaa9e95ffd51d5d3488ca930f5f45a0f10cf77"
"experiments/kernel_replay_v66_regression_maintenance/coq/.V66_TREE_MAINTENANCE_012.aux","cb4c81dec92eedaf374963693db9863760573e16136f804598b3b2cd6d2d7257"
"experiments/kernel_replay_v66_regression_maintenance/coq/.V66_TREE_MAINTENANCE_013.aux","f6276b1588593f9fa15ef59b59937e1e6fe1a88763c2b7d0717901237622ad35"
"experiments/kernel_replay_v66_regression_maintenance/coq/.V66_TREE_MAINTENANCE_014.aux","206c83335a8eb4192aacb3cf5945161323748585b4fe13a10125ceaa18797364"
"experiments/kernel_replay_v66_regression_maintenance/coq/.V66_TREE_MAINTENANCE_015.aux","8b6afe465be4620c96f6ee2a059430ef8a2302116ffde1e0912c44f7f4a3a4ea"
"experiments/kernel_replay_v66_regression_maintenance/coq/.V66_TREE_MAINTENANCE_016.aux","3c4d97ed500d4e7b44de1d5c8ff2c530f8c1af316ecfac32acd46a1b6b5b29da"
"experiments/kernel_replay_v66_regression_maintenance/coq/.V66_TREE_MAINTENANCE_017.aux","660d03503c5235d36aa1fcffb33c006322e16a84a70f82d17332dcb913b84076"
"experiments/kernel_replay_v66_regression_maintenance/coq/.V66_TREE_MAINTENANCE_018.aux","ffafa26c27f98d0cafe17037122e3f6067adef21139a874bd41206b8d1fbc085"
"experiments/kernel_replay_v66_regression_maintenance/coq/.V66_TREE_MAINTENANCE_019.aux","f70f8526fbe79c81d4dd82a23aa81b9a52a88592b76d2b6dfdf9376fdce5891a"
"experiments/kernel_replay_v66_regression_maintenance/coq/.V66_TREE_MAINTENANCE_020.aux","2525f7369755dc92b574337b027da3d28b8d028fd48e60e85e3745df461418a4"
"experiments/kernel_replay_v66_regression_maintenance/coq/.V66_TREE_MAINTENANCE_021.aux","03c37356b0fb85145044bc4da3f1b67d630da56a78e283be3cf5d94e5e2171bb"
"experiments/kernel_replay_v66_regression_maintenance/coq/.V66_TREE_MAINTENANCE_022.aux","458381faa88a8227100c838070cea00bfeb1568a2965177722030cc065462bdf"
"experiments/kernel_replay_v66_regression_maintenance/coq/.V66_TREE_MAINTENANCE_023.aux","305823e680c031c48403905e025f9c865f0f92a9d0ad1b005726c1d6bf4aedc1"
"experiments/kernel_replay_v66_regression_maintenance/coq/.V66_TREE_MAINTENANCE_024.aux","fa44faa7997c4d2b0bf460e0f0e7cad5b5e9f9f7f5b922bb5779df259e0e4f8c"
"experiments/kernel_replay_v66_regression_maintenance/coq/.V66_TREE_MAINTENANCE_025.aux","8a51a1264c15d0b019068a4df9b202e5e36930bcc81a50571389d7da4481362d"
"experiments/kernel_replay_v66_regression_maintenance/coq/.V66_TREE_MAINTENANCE_026.aux","d9f57b4c123e916e8f53515c26005ed5ac657b5999a52a0da2b136a118d59a70"
"experiments/kernel_replay_v66_regression_maintenance/coq/.V66_TREE_MAINTENANCE_027.aux","950a2e7d08b9495f95b1b031aaa950fbb59b6f213eb809e804730b693ddea726"
"experiments/kernel_replay_v66_regression_maintenance/coq/.V66_TREE_MAINTENANCE_028.aux","ff3d2ec64f31a84741756c5dd8f6ac5880a9e992a4353d9aa99a3be958721f10"
"experiments/kernel_replay_v66_regression_maintenance/coq/.V66_TREE_MAINTENANCE_029.aux","ab81da09259354e483de44340b0156dcc207f4d7c4fa7414ae19330a561df7f2"
"experiments/kernel_replay_v66_regression_maintenance/coq/.V66_TREE_MAINTENANCE_030.aux","b284167afcacbb3481ad149c8308884762b3e9df02700cafd52e9a1e9add26d8"
"experiments/kernel_replay_v66_regression_maintenance/coq/.V66_TREE_MAINTENANCE_031.aux","dec96bec563b707fe6094b7f1b894bc9dfa48d2c1d319ad32ca240a4e95e3df0"
"experiments/kernel_replay_v66_regression_maintenance/coq/.V66_TREE_MAINTENANCE_032.aux","01e64bd3d571a9d28b28ecded025b937fc5b3df978ed90787a8234bd6b9c0444"
"experiments/kernel_replay_v66_regression_maintenance/coq/.V66_TREE_MAINTENANCE_033.aux","b8528a9f82fd49257b2730ec9e2346b69077fac3601428e3bf299f3c94fad975"
"experiments/kernel_replay_v66_regression_maintenance/coq/.V66_TREE_MAINTENANCE_034.aux","d07d782cd3b9c745098e6c76b0a0b8645b90aaae5d1d9c741347a9748a953f1a"
"experiments/kernel_replay_v66_regression_maintenance/coq/.V66_TREE_MAINTENANCE_035.aux","214bcb33d6b137c5b6667aeac21da68209f46a6c1fb5243aab1fc2da79929610"
"experiments/kernel_replay_v66_regression_maintenance/coq/.V66_TREE_MAINTENANCE_036.aux","7e6b125016d0d4c7f07288f07bc223468a30560cb191aef8e3c40c21452c421f"
"experiments/kernel_replay_v66_regression_maintenance/coq/.V66_TREE_MAINTENANCE_037.aux","479f89e3adb97c295324cddd6c18eab8a4e164a8cc452ea24b7a75889900ffd8"
"experiments/kernel_replay_v66_regression_maintenance/coq/.V66_TREE_MAINTENANCE_038.aux","a62690e3338e31b792823ae9cc992d7b8b5c53832ef16af72b65ca3469a7483a"
"experiments/kernel_replay_v66_regression_maintenance/coq/.V66_TREE_MAINTENANCE_039.aux","8fbb47ca36baa5d73535d7ca81a847f6e34b72fcc926ca62838c6beb5b126776"
"experiments/kernel_replay_v66_regression_maintenance/coq/.V66_TREE_MAINTENANCE_040.aux","1c0d666b3ec04fc147a533592a55659f9f6213069b8ed199442c13ded37c5a58"
"experiments/kernel_replay_v66_regression_maintenance/coq/.V66_TREE_MAINTENANCE_041.aux","8c38b30834a6365e5e976e5237ae6956a78fbb57dac4b67705bf5aa2b5df32eb"
"experiments/kernel_replay_v66_regression_maintenance/coq/.V66_TREE_MAINTENANCE_042.aux","e2b24218038e3cc3e93ab4da9533124dc9657f3447b4de45f436a9a78b021847"
"experiments/kernel_replay_v66_regression_maintenance/coq/.V66_TREE_MAINTENANCE_043.aux","e1e85281d132c4ee3d2a036703cb6216617f208c0cb271a6a7aa3a9650d807f8"
"experiments/kernel_replay_v66_regression_maintenance/coq/.V66_TREE_MAINTENANCE_044.aux","fcba6a389af75a88c430e9c909fae4ad04e928ae0b1b14d39125595209e819e6"
"experiments/kernel_replay_v66_regression_maintenance/coq/.V66_TREE_MAINTENANCE_045.aux","df351a07a94f52fe72389452593fc6935a05319472e4833ca2aa845520ac78b0"
"experiments/kernel_replay_v66_regression_maintenance/coq/.V66_TREE_MAINTENANCE_046.aux","877e22bfb34c5e6aa6a33bf30ab4083132dd688752e8c2b238a24ebd885e400d"
"experiments/kernel_replay_v66_regression_maintenance/coq/.V66_TREE_MAINTENANCE_047.aux","815caff92af4c0da690c6a50f0e0fc69d2d2150175bb43a5c1cd94317aa8d18d"
"experiments/kernel_replay_v66_regression_maintenance/coq/.V66_TREE_MAINTENANCE_048.aux","f3bd39ff41f6e770d2a8265e63ccd10ff0050ce7c6bcb54698ee3ac65d5aeef1"
"experiments/kernel_replay_v66_regression_maintenance/coq/.V66_TREE_MAINTENANCE_049.aux","f63b7018dbe21a8000267fb164c60c3dc5219fda055bcc7d9f94fe12cd327c0c"
"experiments/kernel_replay_v66_regression_maintenance/coq/.V66_TREE_MAINTENANCE_050.aux","711e03233112a631cb2b65378f240f280d97ff7b8d271b47e1ac4db4fae2d788"
"experiments/kernel_replay_v66_regression_maintenance/coq/.V66_TREE_MAINTENANCE_051.aux","a8585807c91e0b09fc013e2d3af0759571ca6a79a99ae021a6889824ad20c656"
"experiments/kernel_replay_v66_regression_maintenance/coq/.V66_TREE_MAINTENANCE_052.aux","9c8bb914ee68548974f84bdb74d5ecb6abf5fce3e8d237ca690e7fd94ea36432"
"experiments/kernel_replay_v66_regression_maintenance/coq/.V66_TREE_MAINTENANCE_053.aux","09a52ae82f736d9976b2cf86bd50dfa892a4597fd6ac053984154e920a9e6ed9"
"experiments/kernel_replay_v66_regression_maintenance/coq/.V66_TREE_MAINTENANCE_054.aux","e2f98979b729fbad6d87bfbb0ecfc10f303b3ac53481518ac1178706a984958c"
"experiments/kernel_replay_v66_regression_maintenance/coq/.V66_TREE_MAINTENANCE_055.aux","579809a953a9f7977595ceed6a4a6e5ab5016d2a6c95eadfc067d319deda0c87"
"experiments/kernel_replay_v66_regression_maintenance/coq/.V66_TREE_MAINTENANCE_056.aux","1c7f596abbc68382badca88e25e5b439304439460af2d2e799e78746f7c86862"
"experiments/kernel_replay_v66_regression_maintenance/coq/.V66_TREE_MAINTENANCE_057.aux","26cf55b6b85488add30d365433e980c37e12d02ec9d8c843e4a33e30f4cff223"
"experiments/kernel_replay_v66_regression_maintenance/coq/.V66_TREE_MAINTENANCE_058.aux","6cb82ce838fe0145c7db35b9fdb0c358abd9188ac61e4daa90b4cb3192092cf5"
"experiments/kernel_replay_v66_regression_maintenance/coq/.V66_TREE_MAINTENANCE_059.aux","c37964bf43989f8151d98720b62a19ea0c504a2cea437669f0a64bc6a28d7db9"
"experiments/kernel_replay_v66_regression_maintenance/coq/.V66_TREE_MAINTENANCE_060.aux","17d8d0e6c54884e15f2dfe383607246206a3c7d90318a81f99c03957265c5428"
"experiments/kernel_replay_v66_regression_maintenance/coq/V66_BOOL_REWRITE_MAINTENANCE_001.glob","20c79951dd799f10f063fd5fd3ea465f87e8a0172b1ce1a3675e2c0f9dd0916c"
"experiments/kernel_replay_v66_regression_maintenance/coq/V66_BOOL_REWRITE_MAINTENANCE_001.v","1f541d202cc34dec033aed8bcdede80b6a019c2b72c6366e3617f3eb00d01149"
"experiments/kernel_replay_v66_regression_maintenance/coq/V66_BOOL_REWRITE_MAINTENANCE_001.vo","b9739a0f1c6f7e3cf794e3075041d2c6f2ac68cb0a098c8f945e8235d0e9c85b"
"experiments/kernel_replay_v66_regression_maintenance/coq/V66_BOOL_REWRITE_MAINTENANCE_001.vok","e3b0c44298fc1c149afbf4c8996fb92427ae41e4649b934ca495991b7852b855"
"experiments/kernel_replay_v66_regression_maintenance/coq/V66_BOOL_REWRITE_MAINTENANCE_001.vos","e3b0c44298fc1c149afbf4c8996fb92427ae41e4649b934ca495991b7852b855"
"experiments/kernel_replay_v66_regression_maintenance/coq/V66_BOOL_REWRITE_MAINTENANCE_002.glob","1c0ab6737d1ea7124aa5ac8e55247edc1730ddb414b28989e1953016e948f53f"
"experiments/kernel_replay_v66_regression_maintenance/coq/V66_BOOL_REWRITE_MAINTENANCE_002.v","949f0a02765b5c80cfd1695d3557aa8886827d334d5ccc6a7d43dd2a764acd65"
"experiments/kernel_replay_v66_regression_maintenance/coq/V66_BOOL_REWRITE_MAINTENANCE_002.vo","96325ade8ffdb88946417744fe906402dabb66bedb72d58d86d28abb8c148ceb"
"experiments/kernel_replay_v66_regression_maintenance/coq/V66_BOOL_REWRITE_MAINTENANCE_002.vok","e3b0c44298fc1c149afbf4c8996fb92427ae41e4649b934ca495991b7852b855"
"experiments/kernel_replay_v66_regression_maintenance/coq/V66_BOOL_REWRITE_MAINTENANCE_002.vos","e3b0c44298fc1c149afbf4c8996fb92427ae41e4649b934ca495991b7852b855"
"experiments/kernel_replay_v66_regression_maintenance/coq/V66_BOOL_REWRITE_MAINTENANCE_003.glob","b1bdb47758b8f5ffa745c416617fb94a7e1db41608396cdc62d697dcf63a9b1c"
"experiments/kernel_replay_v66_regression_maintenance/coq/V66_BOOL_REWRITE_MAINTENANCE_003.v","b6f9402b8ba38608c12ecc25c85ed91a7ada7203458b730c764fdd2e0b0fcbc1"
"experiments/kernel_replay_v66_regression_maintenance/coq/V66_BOOL_REWRITE_MAINTENANCE_003.vo","56413b6089084e4ef5dff1f0fd57ec6a5409b99894a256fb6338345dcdd4c118"
"experiments/kernel_replay_v66_regression_maintenance/coq/V66_BOOL_REWRITE_MAINTENANCE_003.vok","e3b0c44298fc1c149afbf4c8996fb92427ae41e4649b934ca495991b7852b855"
"experiments/kernel_replay_v66_regression_maintenance/coq/V66_BOOL_REWRITE_MAINTENANCE_003.vos","e3b0c44298fc1c149afbf4c8996fb92427ae41e4649b934ca495991b7852b855"
"experiments/kernel_replay_v66_regression_maintenance/coq/V66_BOOL_REWRITE_MAINTENANCE_004.glob","f6f5679edd846f9c93d8aab383d6f0239b19fb8d96263c16c21c1ee90e3f1a86"
"experiments/kernel_replay_v66_regression_maintenance/coq/V66_BOOL_REWRITE_MAINTENANCE_004.v","869ec8a8d2f824d9a924b31cac6502ac6f12e6378344e5b7740d2aeceb32f162"
"experiments/kernel_replay_v66_regression_maintenance/coq/V66_BOOL_REWRITE_MAINTENANCE_004.vo","d89d00d78a1f65668fe3d515fc8079bd9d58c65eecb7ad0bf3c242db9d711e92"
"experiments/kernel_replay_v66_regression_maintenance/coq/V66_BOOL_REWRITE_MAINTENANCE_004.vok","e3b0c44298fc1c149afbf4c8996fb92427ae41e4649b934ca495991b7852b855"
"experiments/kernel_replay_v66_regression_maintenance/coq/V66_BOOL_REWRITE_MAINTENANCE_004.vos","e3b0c44298fc1c149afbf4c8996fb92427ae41e4649b934ca495991b7852b855"
"experiments/kernel_replay_v66_regression_maintenance/coq/V66_BOOL_REWRITE_MAINTENANCE_005.glob","8196c2ff214bab855a416a53d71f79c148c47fce0492cee39a176f996551ae61"
"experiments/kernel_replay_v66_regression_maintenance/coq/V66_BOOL_REWRITE_MAINTENANCE_005.v","773d2b73d6e2e0485f7eab490f2878a1ee0eadf6f0df95cc3e35ee96abc1da7a"
"experiments/kernel_replay_v66_regression_maintenance/coq/V66_BOOL_REWRITE_MAINTENANCE_005.vo","afe1865635681a9eef02c82aff33c4e61fa89b683952d3b5435299f01ff1c457"
"experiments/kernel_replay_v66_regression_maintenance/coq/V66_BOOL_REWRITE_MAINTENANCE_005.vok","e3b0c44298fc1c149afbf4c8996fb92427ae41e4649b934ca495991b7852b855"
"experiments/kernel_replay_v66_regression_maintenance/coq/V66_BOOL_REWRITE_MAINTENANCE_005.vos","e3b0c44298fc1c149afbf4c8996fb92427ae41e4649b934ca495991b7852b855"
"experiments/kernel_replay_v66_regression_maintenance/coq/V66_BOOL_REWRITE_MAINTENANCE_006.glob","f8de19b14681433cefd1f3758a7874e611bae6c3255a10660f7544f1ca732d61"
"experiments/kernel_replay_v66_regression_maintenance/coq/V66_BOOL_REWRITE_MAINTENANCE_006.v","87f574ba07d6424d1a892e6454c733f54b3123a411c78fbe6d48ae0be20c57dd"
"experiments/kernel_replay_v66_regression_maintenance/coq/V66_BOOL_REWRITE_MAINTENANCE_006.vo","0cb38868331ba008476d186d57ae05519133711a6bed35488eb0a9f4af6c6036"
"experiments/kernel_replay_v66_regression_maintenance/coq/V66_BOOL_REWRITE_MAINTENANCE_006.vok","e3b0c44298fc1c149afbf4c8996fb92427ae41e4649b934ca495991b7852b855"
"experiments/kernel_replay_v66_regression_maintenance/coq/V66_BOOL_REWRITE_MAINTENANCE_006.vos","e3b0c44298fc1c149afbf4c8996fb92427ae41e4649b934ca495991b7852b855"
"experiments/kernel_replay_v66_regression_maintenance/coq/V66_BOOL_REWRITE_MAINTENANCE_007.glob","7a563e55041cfb2e90a8394072b6793cbf424d8c19910740ae14cdfd6b372904"
"experiments/kernel_replay_v66_regression_maintenance/coq/V66_BOOL_REWRITE_MAINTENANCE_007.v","f21843f30640b9b7f225f41544a2849b617c4842c962742fe7727f8622404a83"
"experiments/kernel_replay_v66_regression_maintenance/coq/V66_BOOL_REWRITE_MAINTENANCE_007.vo","655049b6586cb45814066b1a5c3f50469e962613cbc4c9860f7fe073ffa68c88"
"experiments/kernel_replay_v66_regression_maintenance/coq/V66_BOOL_REWRITE_MAINTENANCE_007.vok","e3b0c44298fc1c149afbf4c8996fb92427ae41e4649b934ca495991b7852b855"
"experiments/kernel_replay_v66_regression_maintenance/coq/V66_BOOL_REWRITE_MAINTENANCE_007.vos","e3b0c44298fc1c149afbf4c8996fb92427ae41e4649b934ca495991b7852b855"
"experiments/kernel_replay_v66_regression_maintenance/coq/V66_BOOL_REWRITE_MAINTENANCE_008.glob","e3438d14a8b330b41c1a6cc0f6f9e110028dc0e80e9610b6455a5f51c7f18181"
"experiments/kernel_replay_v66_regression_maintenance/coq/V66_BOOL_REWRITE_MAINTENANCE_008.v","0784681ae15a81c862ac27628ad0e73757ffdf33b606992d45d4cf5cac01d80a"
"experiments/kernel_replay_v66_regression_maintenance/coq/V66_BOOL_REWRITE_MAINTENANCE_008.vo","093d6bee1a8c52b1784e799cbdbd17e3e561330887e0af403098c8ab11cb5b4e"
"experiments/kernel_replay_v66_regression_maintenance/coq/V66_BOOL_REWRITE_MAINTENANCE_008.vok","e3b0c44298fc1c149afbf4c8996fb92427ae41e4649b934ca495991b7852b855"
"experiments/kernel_replay_v66_regression_maintenance/coq/V66_BOOL_REWRITE_MAINTENANCE_008.vos","e3b0c44298fc1c149afbf4c8996fb92427ae41e4649b934ca495991b7852b855"
"experiments/kernel_replay_v66_regression_maintenance/coq/V66_BOOL_REWRITE_MAINTENANCE_009.glob","b0f2e1743521e80355bcfa10df7b4f8ee00f3ca65fda321d2b393ad6bc014f70"
"experiments/kernel_replay_v66_regression_maintenance/coq/V66_BOOL_REWRITE_MAINTENANCE_009.v","0f29e4bdd896a19ca52179101192eb72d394692b43ea007a5836b31ea8fe8827"
"experiments/kernel_replay_v66_regression_maintenance/coq/V66_BOOL_REWRITE_MAINTENANCE_009.vo","1e32ad449de4afbab954b21e8c4065f6c0744aeba8947e324ab62c5272c2e1f5"
"experiments/kernel_replay_v66_regression_maintenance/coq/V66_BOOL_REWRITE_MAINTENANCE_009.vok","e3b0c44298fc1c149afbf4c8996fb92427ae41e4649b934ca495991b7852b855"
"experiments/kernel_replay_v66_regression_maintenance/coq/V66_BOOL_REWRITE_MAINTENANCE_009.vos","e3b0c44298fc1c149afbf4c8996fb92427ae41e4649b934ca495991b7852b855"
"experiments/kernel_replay_v66_regression_maintenance/coq/V66_BOOL_REWRITE_MAINTENANCE_010.glob","58c636ee92930b3c07d864b628737db59de9bfac51a23b73b79c6fa780480413"
"experiments/kernel_replay_v66_regression_maintenance/coq/V66_BOOL_REWRITE_MAINTENANCE_010.v","39cf58a13050d39a5e1f64b0438635d994f24d87dc208364dab8b3034f120b73"
"experiments/kernel_replay_v66_regression_maintenance/coq/V66_BOOL_REWRITE_MAINTENANCE_010.vo","fb53c2fdc8c51ca035c8fde82b84dd389edfcf9f9c070394bccc943d99c95f65"
"experiments/kernel_replay_v66_regression_maintenance/coq/V66_BOOL_REWRITE_MAINTENANCE_010.vok","e3b0c44298fc1c149afbf4c8996fb92427ae41e4649b934ca495991b7852b855"
"experiments/kernel_replay_v66_regression_maintenance/coq/V66_BOOL_REWRITE_MAINTENANCE_010.vos","e3b0c44298fc1c149afbf4c8996fb92427ae41e4649b934ca495991b7852b855"
"experiments/kernel_replay_v66_regression_maintenance/coq/V66_BOOL_REWRITE_MAINTENANCE_011.glob","f017842b52f64ebf71e293b669bb861cff6cbd9a21ce08d0ae5b268a7755841f"
"experiments/kernel_replay_v66_regression_maintenance/coq/V66_BOOL_REWRITE_MAINTENANCE_011.v","9a80eb2eef2678d1be3f9241e0fbee002c1eb72a6bf3fc0a5ff8d8a21263ff5b"
"experiments/kernel_replay_v66_regression_maintenance/coq/V66_BOOL_REWRITE_MAINTENANCE_011.vo","d890609bf61b3b8e0bad416811c82045a6aec1f25c2a47920a65fc652d38129b"
"experiments/kernel_replay_v66_regression_maintenance/coq/V66_BOOL_REWRITE_MAINTENANCE_011.vok","e3b0c44298fc1c149afbf4c8996fb92427ae41e4649b934ca495991b7852b855"
"experiments/kernel_replay_v66_regression_maintenance/coq/V66_BOOL_REWRITE_MAINTENANCE_011.vos","e3b0c44298fc1c149afbf4c8996fb92427ae41e4649b934ca495991b7852b855"
"experiments/kernel_replay_v66_regression_maintenance/coq/V66_BOOL_REWRITE_MAINTENANCE_012.glob","ed2f6b120954107d884df788aaf6091846dd186d0982b92c1b1781eb36b6980a"
"experiments/kernel_replay_v66_regression_maintenance/coq/V66_BOOL_REWRITE_MAINTENANCE_012.v","c6468cdeae5d3910aba33be62bc8c86d7f5cd722fbc61e193b589e920aa39488"
"experiments/kernel_replay_v66_regression_maintenance/coq/V66_BOOL_REWRITE_MAINTENANCE_012.vo","81d06f43841a1a7dc44a4ddab6fbd19b0bd36ec714c03d5c7f2cb387902fa9d2"
"experiments/kernel_replay_v66_regression_maintenance/coq/V66_BOOL_REWRITE_MAINTENANCE_012.vok","e3b0c44298fc1c149afbf4c8996fb92427ae41e4649b934ca495991b7852b855"
"experiments/kernel_replay_v66_regression_maintenance/coq/V66_BOOL_REWRITE_MAINTENANCE_012.vos","e3b0c44298fc1c149afbf4c8996fb92427ae41e4649b934ca495991b7852b855"
"experiments/kernel_replay_v66_regression_maintenance/coq/V66_BOOL_REWRITE_MAINTENANCE_013.glob","667fe5196a67b65ab1239851054879e242e00ec5e75eca001faee018347cd80d"
"experiments/kernel_replay_v66_regression_maintenance/coq/V66_BOOL_REWRITE_MAINTENANCE_013.v","527ae54c5c9e672d192afb898ce2f34ec8566dd25b47c2d6c16cf4bb1ac0b7c9"
"experiments/kernel_replay_v66_regression_maintenance/coq/V66_BOOL_REWRITE_MAINTENANCE_013.vo","f3609e1956e03f306adf475787ded51da70948acc11c8cc9d1c1a0e727bae8a1"
"experiments/kernel_replay_v66_regression_maintenance/coq/V66_BOOL_REWRITE_MAINTENANCE_013.vok","e3b0c44298fc1c149afbf4c8996fb92427ae41e4649b934ca495991b7852b855"
"experiments/kernel_replay_v66_regression_maintenance/coq/V66_BOOL_REWRITE_MAINTENANCE_013.vos","e3b0c44298fc1c149afbf4c8996fb92427ae41e4649b934ca495991b7852b855"
"experiments/kernel_replay_v66_regression_maintenance/coq/V66_BOOL_REWRITE_MAINTENANCE_014.glob","ea197a27dbd0c068dd99f894dff1e86f2326851757bea895b106b8335fccdbe3"
"experiments/kernel_replay_v66_regression_maintenance/coq/V66_BOOL_REWRITE_MAINTENANCE_014.v","ff81a97e95d86af5cda062263712a228f2af7202da8111c11721642ae8416785"
"experiments/kernel_replay_v66_regression_maintenance/coq/V66_BOOL_REWRITE_MAINTENANCE_014.vo","a09a2dc9394fc7c06afe6911c7d3a893eaab898ae6a496955c3a98681fc977f1"
"experiments/kernel_replay_v66_regression_maintenance/coq/V66_BOOL_REWRITE_MAINTENANCE_014.vok","e3b0c44298fc1c149afbf4c8996fb92427ae41e4649b934ca495991b7852b855"
"experiments/kernel_replay_v66_regression_maintenance/coq/V66_BOOL_REWRITE_MAINTENANCE_014.vos","e3b0c44298fc1c149afbf4c8996fb92427ae41e4649b934ca495991b7852b855"
"experiments/kernel_replay_v66_regression_maintenance/coq/V66_BOOL_REWRITE_MAINTENANCE_015.glob","bfbf768b9e8e7a2d79628698c71234da1091e7667a520864bb7ee9e4c6900713"
"experiments/kernel_replay_v66_regression_maintenance/coq/V66_BOOL_REWRITE_MAINTENANCE_015.v","75b838c4a9503b434a8418160d7dce0308b693121587d6a91d05fac1d4bf1bc0"
"experiments/kernel_replay_v66_regression_maintenance/coq/V66_BOOL_REWRITE_MAINTENANCE_015.vo","8ac4647f665ed6f5fa6790e7bd2f86dd9f286c6524bb0dad896b9d07304d0af5"
"experiments/kernel_replay_v66_regression_maintenance/coq/V66_BOOL_REWRITE_MAINTENANCE_015.vok","e3b0c44298fc1c149afbf4c8996fb92427ae41e4649b934ca495991b7852b855"
"experiments/kernel_replay_v66_regression_maintenance/coq/V66_BOOL_REWRITE_MAINTENANCE_015.vos","e3b0c44298fc1c149afbf4c8996fb92427ae41e4649b934ca495991b7852b855"
"experiments/kernel_replay_v66_regression_maintenance/coq/V66_BOOL_REWRITE_MAINTENANCE_016.glob","6f63199e06c228f7db5a7f1dd5f2ab15ed2a0d25b4e612962a3bf99e8761b0d4"
"experiments/kernel_replay_v66_regression_maintenance/coq/V66_BOOL_REWRITE_MAINTENANCE_016.v","408d6327ead395440d53420a2325e543bad00e169c5affca2885f2c0fce6cd0a"
"experiments/kernel_replay_v66_regression_maintenance/coq/V66_BOOL_REWRITE_MAINTENANCE_016.vo","0e8e9c2f7a5d3a65a0322155e57e2f98df234b55698ce03b14d82eda170396ec"
"experiments/kernel_replay_v66_regression_maintenance/coq/V66_BOOL_REWRITE_MAINTENANCE_016.vok","e3b0c44298fc1c149afbf4c8996fb92427ae41e4649b934ca495991b7852b855"
"experiments/kernel_replay_v66_regression_maintenance/coq/V66_BOOL_REWRITE_MAINTENANCE_016.vos","e3b0c44298fc1c149afbf4c8996fb92427ae41e4649b934ca495991b7852b855"
"experiments/kernel_replay_v66_regression_maintenance/coq/V66_BOOL_REWRITE_MAINTENANCE_017.glob","ff417af06533fab68c11380f80fa5d3a3944065d0885029439719e899427b957"
"experiments/kernel_replay_v66_regression_maintenance/coq/V66_BOOL_REWRITE_MAINTENANCE_017.v","7c9f2e15a24bf0dbeead591ed32bb481df2d5cee95616f32e38b36032fb6ccad"
"experiments/kernel_replay_v66_regression_maintenance/coq/V66_BOOL_REWRITE_MAINTENANCE_017.vo","0238e0b540ea65c4208eb602c5bfa1ac11957653ddfb4034e4a50790aff93f3c"
"experiments/kernel_replay_v66_regression_maintenance/coq/V66_BOOL_REWRITE_MAINTENANCE_017.vok","e3b0c44298fc1c149afbf4c8996fb92427ae41e4649b934ca495991b7852b855"
"experiments/kernel_replay_v66_regression_maintenance/coq/V66_BOOL_REWRITE_MAINTENANCE_017.vos","e3b0c44298fc1c149afbf4c8996fb92427ae41e4649b934ca495991b7852b855"
"experiments/kernel_replay_v66_regression_maintenance/coq/V66_BOOL_REWRITE_MAINTENANCE_018.glob","76bf40a9d2abf09fd293ceb34241b3e0956ddb07e07f8fade23321056963af14"
"experiments/kernel_replay_v66_regression_maintenance/coq/V66_BOOL_REWRITE_MAINTENANCE_018.v","4abb91b99ec6e4b368bceee38e6fc7201ad7351dd71a5dbbd90af8434b50e23e"
"experiments/kernel_replay_v66_regression_maintenance/coq/V66_BOOL_REWRITE_MAINTENANCE_018.vo","eb234999dd49d45d376f53552207ca411e8ccc766434d3a348d27d7743923c2a"
"experiments/kernel_replay_v66_regression_maintenance/coq/V66_BOOL_REWRITE_MAINTENANCE_018.vok","e3b0c44298fc1c149afbf4c8996fb92427ae41e4649b934ca495991b7852b855"
"experiments/kernel_replay_v66_regression_maintenance/coq/V66_BOOL_REWRITE_MAINTENANCE_018.vos","e3b0c44298fc1c149afbf4c8996fb92427ae41e4649b934ca495991b7852b855"
"experiments/kernel_replay_v66_regression_maintenance/coq/V66_BOOL_REWRITE_MAINTENANCE_019.glob","d21b64f80e2bc2bfa66add70baeb19ceeb628410fd457723a573606271061eac"
"experiments/kernel_replay_v66_regression_maintenance/coq/V66_BOOL_REWRITE_MAINTENANCE_019.v","1452b40275acf65ff400f80e3a681564c3af34c29f1c0affc6dfdf3b5ebc0c35"
"experiments/kernel_replay_v66_regression_maintenance/coq/V66_BOOL_REWRITE_MAINTENANCE_019.vo","93cddb4464f4aa3502a7b6147144f75d14c4c1d79701b32901f26873cd5e8612"
"experiments/kernel_replay_v66_regression_maintenance/coq/V66_BOOL_REWRITE_MAINTENANCE_019.vok","e3b0c44298fc1c149afbf4c8996fb92427ae41e4649b934ca495991b7852b855"
"experiments/kernel_replay_v66_regression_maintenance/coq/V66_BOOL_REWRITE_MAINTENANCE_019.vos","e3b0c44298fc1c149afbf4c8996fb92427ae41e4649b934ca495991b7852b855"
"experiments/kernel_replay_v66_regression_maintenance/coq/V66_BOOL_REWRITE_MAINTENANCE_020.glob","d946d9e1a69221e7ea3cb4cd34a54c054a48d93b6cc965a04d12d939dbe4766c"
"experiments/kernel_replay_v66_regression_maintenance/coq/V66_BOOL_REWRITE_MAINTENANCE_020.v","265fbc8b8b4ca6756e02976f7364429efff9bc3b3bf9c4ce5053ba76d6825bb6"
"experiments/kernel_replay_v66_regression_maintenance/coq/V66_BOOL_REWRITE_MAINTENANCE_020.vo","01f096feb748647ea7c7601b6e446a929611ad6239aed941b62380f234c3059c"
"experiments/kernel_replay_v66_regression_maintenance/coq/V66_BOOL_REWRITE_MAINTENANCE_020.vok","e3b0c44298fc1c149afbf4c8996fb92427ae41e4649b934ca495991b7852b855"
"experiments/kernel_replay_v66_regression_maintenance/coq/V66_BOOL_REWRITE_MAINTENANCE_020.vos","e3b0c44298fc1c149afbf4c8996fb92427ae41e4649b934ca495991b7852b855"
"experiments/kernel_replay_v66_regression_maintenance/coq/V66_BOOL_REWRITE_MAINTENANCE_021.glob","0bb51af1e4f8f03558c9940b76701ac9b70228aeff015f02a0cf4c5ef67f07cb"
"experiments/kernel_replay_v66_regression_maintenance/coq/V66_BOOL_REWRITE_MAINTENANCE_021.v","f56955ebe250e33975d42365c2109996addcc29d0b28335d2cc94aae06096bd2"
"experiments/kernel_replay_v66_regression_maintenance/coq/V66_BOOL_REWRITE_MAINTENANCE_021.vo","cc823fc0291177f0697404fb45858678c53df47d1c99341f5ead12cbe20c8804"
"experiments/kernel_replay_v66_regression_maintenance/coq/V66_BOOL_REWRITE_MAINTENANCE_021.vok","e3b0c44298fc1c149afbf4c8996fb92427ae41e4649b934ca495991b7852b855"
"experiments/kernel_replay_v66_regression_maintenance/coq/V66_BOOL_REWRITE_MAINTENANCE_021.vos","e3b0c44298fc1c149afbf4c8996fb92427ae41e4649b934ca495991b7852b855"
"experiments/kernel_replay_v66_regression_maintenance/coq/V66_BOOL_REWRITE_MAINTENANCE_022.glob","c6292897f5e4e256af7aadcf6711ceda3a8e1fe51dddadcd83e7390f0aa226e0"
"experiments/kernel_replay_v66_regression_maintenance/coq/V66_BOOL_REWRITE_MAINTENANCE_022.v","c0841f854fffca1d15ab66e9353336ac73d661d59bfec90bfedbb61c1a994e3b"
"experiments/kernel_replay_v66_regression_maintenance/coq/V66_BOOL_REWRITE_MAINTENANCE_022.vo","35a2f049c583ef09dd0cc70222da3cf19b32a48b0d07c5265c80e1eedc33c9f9"
"experiments/kernel_replay_v66_regression_maintenance/coq/V66_BOOL_REWRITE_MAINTENANCE_022.vok","e3b0c44298fc1c149afbf4c8996fb92427ae41e4649b934ca495991b7852b855"
"experiments/kernel_replay_v66_regression_maintenance/coq/V66_BOOL_REWRITE_MAINTENANCE_022.vos","e3b0c44298fc1c149afbf4c8996fb92427ae41e4649b934ca495991b7852b855"
"experiments/kernel_replay_v66_regression_maintenance/coq/V66_BOOL_REWRITE_MAINTENANCE_023.glob","3ebf6a4c43bfebe54fc202b621c5023023395c6b05667a8f94ec1bfd6ee43620"
"experiments/kernel_replay_v66_regression_maintenance/coq/V66_BOOL_REWRITE_MAINTENANCE_023.v","1b5ef39e9ae00ec40f85ec12c4fe3fb44420db9052f1fc52e877648323b9cc0d"
"experiments/kernel_replay_v66_regression_maintenance/coq/V66_BOOL_REWRITE_MAINTENANCE_023.vo","9d50294863a9fc7d4be7ca6126ab4780153338c0068b774b8dc71030a1cdce2b"
"experiments/kernel_replay_v66_regression_maintenance/coq/V66_BOOL_REWRITE_MAINTENANCE_023.vok","e3b0c44298fc1c149afbf4c8996fb92427ae41e4649b934ca495991b7852b855"
"experiments/kernel_replay_v66_regression_maintenance/coq/V66_BOOL_REWRITE_MAINTENANCE_023.vos","e3b0c44298fc1c149afbf4c8996fb92427ae41e4649b934ca495991b7852b855"
"experiments/kernel_replay_v66_regression_maintenance/coq/V66_BOOL_REWRITE_MAINTENANCE_024.glob","9d924a3f0c237a35ace11d531af31888220267d2c066f74d68017187c9464663"
"experiments/kernel_replay_v66_regression_maintenance/coq/V66_BOOL_REWRITE_MAINTENANCE_024.v","c6471fbbcb4f42db523ed2f643bfb6036fa9cb424e5ef9204379cbabbe70996d"
"experiments/kernel_replay_v66_regression_maintenance/coq/V66_BOOL_REWRITE_MAINTENANCE_024.vo","0d820e18c114365186ff347236aee42623995b6bc75ae04d7cbb3154bf212827"
"experiments/kernel_replay_v66_regression_maintenance/coq/V66_BOOL_REWRITE_MAINTENANCE_024.vok","e3b0c44298fc1c149afbf4c8996fb92427ae41e4649b934ca495991b7852b855"
"experiments/kernel_replay_v66_regression_maintenance/coq/V66_BOOL_REWRITE_MAINTENANCE_024.vos","e3b0c44298fc1c149afbf4c8996fb92427ae41e4649b934ca495991b7852b855"
"experiments/kernel_replay_v66_regression_maintenance/coq/V66_BOOL_REWRITE_MAINTENANCE_025.glob","b5f475e3288eb51fa9fd129061ee6bffe0b81670650a3edaa72881075cf6a50a"
"experiments/kernel_replay_v66_regression_maintenance/coq/V66_BOOL_REWRITE_MAINTENANCE_025.v","442ee132bf924037ef21665e0636b5c2a1c33c5319fa6e59562ba6ce7f7aa820"
"experiments/kernel_replay_v66_regression_maintenance/coq/V66_BOOL_REWRITE_MAINTENANCE_025.vo","34299697d316179c484af9f764a3a4fc1b0c605b04b1b94a5d793c1fdfd4920e"
"experiments/kernel_replay_v66_regression_maintenance/coq/V66_BOOL_REWRITE_MAINTENANCE_025.vok","e3b0c44298fc1c149afbf4c8996fb92427ae41e4649b934ca495991b7852b855"
"experiments/kernel_replay_v66_regression_maintenance/coq/V66_BOOL_REWRITE_MAINTENANCE_025.vos","e3b0c44298fc1c149afbf4c8996fb92427ae41e4649b934ca495991b7852b855"
"experiments/kernel_replay_v66_regression_maintenance/coq/V66_BOOL_REWRITE_MAINTENANCE_026.glob","9ecbae440e0873ada81ec1a018311089df867f8c4a81592d4003e42e0df5ccf0"
"experiments/kernel_replay_v66_regression_maintenance/coq/V66_BOOL_REWRITE_MAINTENANCE_026.v","ff76c85b1f406693c89405f028a413ec1ad64df1a55c03b58da3fd92cc4a3341"
"experiments/kernel_replay_v66_regression_maintenance/coq/V66_BOOL_REWRITE_MAINTENANCE_026.vo","3e9ab3d06a47fa40b20c39f0eebfe223f80b982589a5c73545f37ab7c3d8e7aa"
"experiments/kernel_replay_v66_regression_maintenance/coq/V66_BOOL_REWRITE_MAINTENANCE_026.vok","e3b0c44298fc1c149afbf4c8996fb92427ae41e4649b934ca495991b7852b855"
"experiments/kernel_replay_v66_regression_maintenance/coq/V66_BOOL_REWRITE_MAINTENANCE_026.vos","e3b0c44298fc1c149afbf4c8996fb92427ae41e4649b934ca495991b7852b855"
"experiments/kernel_replay_v66_regression_maintenance/coq/V66_BOOL_REWRITE_MAINTENANCE_027.glob","3e7d2e4f005b44a5563ffa6c8f40f0412a332081e8824450f60cf368380ae88b"
"experiments/kernel_replay_v66_regression_maintenance/coq/V66_BOOL_REWRITE_MAINTENANCE_027.v","cafeb40982e91e63434980ae1339ce99c90ca50f544e578e84c9c3279cb808b8"
"experiments/kernel_replay_v66_regression_maintenance/coq/V66_BOOL_REWRITE_MAINTENANCE_027.vo","59039c91abbabf65b202f1995c7f892e74ea9b38ac3596820082299565b425fb"
"experiments/kernel_replay_v66_regression_maintenance/coq/V66_BOOL_REWRITE_MAINTENANCE_027.vok","e3b0c44298fc1c149afbf4c8996fb92427ae41e4649b934ca495991b7852b855"
"experiments/kernel_replay_v66_regression_maintenance/coq/V66_BOOL_REWRITE_MAINTENANCE_027.vos","e3b0c44298fc1c149afbf4c8996fb92427ae41e4649b934ca495991b7852b855"
"experiments/kernel_replay_v66_regression_maintenance/coq/V66_BOOL_REWRITE_MAINTENANCE_028.glob","86311dbfb46c40a6e96d9cbe2683225c1bcf8ceafe8ab902c14dc333ca38ac62"
"experiments/kernel_replay_v66_regression_maintenance/coq/V66_BOOL_REWRITE_MAINTENANCE_028.v","ac4ce889e28ad88f383cdf18236c6c1334897e8bfe5e2d08bb0b9b89fe11eacd"
"experiments/kernel_replay_v66_regression_maintenance/coq/V66_BOOL_REWRITE_MAINTENANCE_028.vo","f2f3cd2488cb4afeed52b1a34cdaf76c2edbfce4102f8bc967260ce3e360bd72"
"experiments/kernel_replay_v66_regression_maintenance/coq/V66_BOOL_REWRITE_MAINTENANCE_028.vok","e3b0c44298fc1c149afbf4c8996fb92427ae41e4649b934ca495991b7852b855"
"experiments/kernel_replay_v66_regression_maintenance/coq/V66_BOOL_REWRITE_MAINTENANCE_028.vos","e3b0c44298fc1c149afbf4c8996fb92427ae41e4649b934ca495991b7852b855"
"experiments/kernel_replay_v66_regression_maintenance/coq/V66_BOOL_REWRITE_MAINTENANCE_029.glob","def78cf4d2779d0efcfea1184d09f8012fef4d10671548dfc47acae85b1de2a4"
"experiments/kernel_replay_v66_regression_maintenance/coq/V66_BOOL_REWRITE_MAINTENANCE_029.v","910e1d20953a17eeef9ea9e869762a7f7d2511b838c52e0fa8525ae53fa4e9fa"
"experiments/kernel_replay_v66_regression_maintenance/coq/V66_BOOL_REWRITE_MAINTENANCE_029.vo","cd2509f379ed9eed51c81610df427aaf9793e9ea7e24579bde40b3155651da6e"
"experiments/kernel_replay_v66_regression_maintenance/coq/V66_BOOL_REWRITE_MAINTENANCE_029.vok","e3b0c44298fc1c149afbf4c8996fb92427ae41e4649b934ca495991b7852b855"
"experiments/kernel_replay_v66_regression_maintenance/coq/V66_BOOL_REWRITE_MAINTENANCE_029.vos","e3b0c44298fc1c149afbf4c8996fb92427ae41e4649b934ca495991b7852b855"
"experiments/kernel_replay_v66_regression_maintenance/coq/V66_BOOL_REWRITE_MAINTENANCE_030.glob","e4e261513a0ddd2d4858f84306c9982209f785abde5256a4ac1bea9d784b2946"
"experiments/kernel_replay_v66_regression_maintenance/coq/V66_BOOL_REWRITE_MAINTENANCE_030.v","84eccb85071d45bee8ec553035229f0830a81c598a1f055a141870a7abf00006"
"experiments/kernel_replay_v66_regression_maintenance/coq/V66_BOOL_REWRITE_MAINTENANCE_030.vo","45ca7fd45b319879caba37b5bfc3484e323232bb75bb6c126ff78b3d55d8d997"
"experiments/kernel_replay_v66_regression_maintenance/coq/V66_BOOL_REWRITE_MAINTENANCE_030.vok","e3b0c44298fc1c149afbf4c8996fb92427ae41e4649b934ca495991b7852b855"
"experiments/kernel_replay_v66_regression_maintenance/coq/V66_BOOL_REWRITE_MAINTENANCE_030.vos","e3b0c44298fc1c149afbf4c8996fb92427ae41e4649b934ca495991b7852b855"
"experiments/kernel_replay_v66_regression_maintenance/coq/V66_BOOL_REWRITE_MAINTENANCE_031.glob","f63c990e087114385609605bd08027d30c331cd622534ad6979e94a4074a30f2"
"experiments/kernel_replay_v66_regression_maintenance/coq/V66_BOOL_REWRITE_MAINTENANCE_031.v","9ecc42f6d81ca2c3bd8fac061465b6c217e7c36331c299f2ebb27dad44b40c70"
"experiments/kernel_replay_v66_regression_maintenance/coq/V66_BOOL_REWRITE_MAINTENANCE_031.vo","dee20027ef5991cf7f5687166ec4d882e361fc654b33be949d2201bb2e5c167c"
"experiments/kernel_replay_v66_regression_maintenance/coq/V66_BOOL_REWRITE_MAINTENANCE_031.vok","e3b0c44298fc1c149afbf4c8996fb92427ae41e4649b934ca495991b7852b855"
"experiments/kernel_replay_v66_regression_maintenance/coq/V66_BOOL_REWRITE_MAINTENANCE_031.vos","e3b0c44298fc1c149afbf4c8996fb92427ae41e4649b934ca495991b7852b855"
"experiments/kernel_replay_v66_regression_maintenance/coq/V66_BOOL_REWRITE_MAINTENANCE_032.glob","19912e9367e025863ad47a6cf0046e27b7495672686725e6c0f0b6e76c2e5e9c"
"experiments/kernel_replay_v66_regression_maintenance/coq/V66_BOOL_REWRITE_MAINTENANCE_032.v","31b5e7bb7c77efa1e3d407a732f2f3c350e904b51cd3c890ecff6015d8e1b21a"
"experiments/kernel_replay_v66_regression_maintenance/coq/V66_BOOL_REWRITE_MAINTENANCE_032.vo","7bec13a896f5b63e8f101f1cce9f1e1f9b1f3feb97ac0b027f0de8fbba50d252"
"experiments/kernel_replay_v66_regression_maintenance/coq/V66_BOOL_REWRITE_MAINTENANCE_032.vok","e3b0c44298fc1c149afbf4c8996fb92427ae41e4649b934ca495991b7852b855"
"experiments/kernel_replay_v66_regression_maintenance/coq/V66_BOOL_REWRITE_MAINTENANCE_032.vos","e3b0c44298fc1c149afbf4c8996fb92427ae41e4649b934ca495991b7852b855"
"experiments/kernel_replay_v66_regression_maintenance/coq/V66_BOOL_REWRITE_MAINTENANCE_033.glob","a821eb02a887bc869ca7adaaebd2f5d7d37b7d4f9d72e3715a0e2ea7ee4d7b58"
"experiments/kernel_replay_v66_regression_maintenance/coq/V66_BOOL_REWRITE_MAINTENANCE_033.v","bcb846cce53153d5d359e97589b7dffc88949e57fbe0b1bc196e81a620466d47"
"experiments/kernel_replay_v66_regression_maintenance/coq/V66_BOOL_REWRITE_MAINTENANCE_033.vo","dffef2293e8336a0c78d1a24999dcbb3502896f962be175100db6627655c1448"
"experiments/kernel_replay_v66_regression_maintenance/coq/V66_BOOL_REWRITE_MAINTENANCE_033.vok","e3b0c44298fc1c149afbf4c8996fb92427ae41e4649b934ca495991b7852b855"
"experiments/kernel_replay_v66_regression_maintenance/coq/V66_BOOL_REWRITE_MAINTENANCE_033.vos","e3b0c44298fc1c149afbf4c8996fb92427ae41e4649b934ca495991b7852b855"
"experiments/kernel_replay_v66_regression_maintenance/coq/V66_BOOL_REWRITE_MAINTENANCE_034.glob","0a7bd66f76cc57e51aaac82a3f7aa968413b95a412b226430c86ff7ec1eb5bd8"
"experiments/kernel_replay_v66_regression_maintenance/coq/V66_BOOL_REWRITE_MAINTENANCE_034.v","dcad7b3a8e406bfeb6e2737acded17a175ca29fbd0378227e553f5d8646eaf16"
"experiments/kernel_replay_v66_regression_maintenance/coq/V66_BOOL_REWRITE_MAINTENANCE_034.vo","24375fb20a115fff41b9f7b9a540897634f591725b1a8529f2b8c4a1fd424a1c"
"experiments/kernel_replay_v66_regression_maintenance/coq/V66_BOOL_REWRITE_MAINTENANCE_034.vok","e3b0c44298fc1c149afbf4c8996fb92427ae41e4649b934ca495991b7852b855"
"experiments/kernel_replay_v66_regression_maintenance/coq/V66_BOOL_REWRITE_MAINTENANCE_034.vos","e3b0c44298fc1c149afbf4c8996fb92427ae41e4649b934ca495991b7852b855"
"experiments/kernel_replay_v66_regression_maintenance/coq/V66_BOOL_REWRITE_MAINTENANCE_035.glob","149d3f69e553c2c0dceb5c94875ec29b3428e2bcab4e9b6030338c2763a78923"
"experiments/kernel_replay_v66_regression_maintenance/coq/V66_BOOL_REWRITE_MAINTENANCE_035.v","f1acd521058ed2dd3ed505218895502632cfb60fcc690ad42c58f1e933bb0c64"
"experiments/kernel_replay_v66_regression_maintenance/coq/V66_BOOL_REWRITE_MAINTENANCE_035.vo","04b1c2f04a6907450704c4a48d8c0cf4f19c6693edffc314be2b6913e9a62f97"
"experiments/kernel_replay_v66_regression_maintenance/coq/V66_BOOL_REWRITE_MAINTENANCE_035.vok","e3b0c44298fc1c149afbf4c8996fb92427ae41e4649b934ca495991b7852b855"
"experiments/kernel_replay_v66_regression_maintenance/coq/V66_BOOL_REWRITE_MAINTENANCE_035.vos","e3b0c44298fc1c149afbf4c8996fb92427ae41e4649b934ca495991b7852b855"
"experiments/kernel_replay_v66_regression_maintenance/coq/V66_BOOL_REWRITE_MAINTENANCE_036.glob","9daa854af50ae728cb67aed5d7212f5aad7dded5e2603a6cd8010f7bde6160ae"
"experiments/kernel_replay_v66_regression_maintenance/coq/V66_BOOL_REWRITE_MAINTENANCE_036.v","020f8884948da9f1a50f2b8c23817aff48fde3e9e3a28bdb07e2fabe7b93828a"
"experiments/kernel_replay_v66_regression_maintenance/coq/V66_BOOL_REWRITE_MAINTENANCE_036.vo","e38fbe536b9a680ac7f4a884fa7b3aec12510ff03d88c59476dbc95ce5870d73"
"experiments/kernel_replay_v66_regression_maintenance/coq/V66_BOOL_REWRITE_MAINTENANCE_036.vok","e3b0c44298fc1c149afbf4c8996fb92427ae41e4649b934ca495991b7852b855"
"experiments/kernel_replay_v66_regression_maintenance/coq/V66_BOOL_REWRITE_MAINTENANCE_036.vos","e3b0c44298fc1c149afbf4c8996fb92427ae41e4649b934ca495991b7852b855"
"experiments/kernel_replay_v66_regression_maintenance/coq/V66_BOOL_REWRITE_MAINTENANCE_037.glob","e12a1b98c663c560f0fa473f50329f6119f85942a97902077c0fe8846bdcceb6"
"experiments/kernel_replay_v66_regression_maintenance/coq/V66_BOOL_REWRITE_MAINTENANCE_037.v","f07a3cc0a7e142041a3696209971bac0007bc49a3c5e7e02478e9b6d3e844588"
"experiments/kernel_replay_v66_regression_maintenance/coq/V66_BOOL_REWRITE_MAINTENANCE_037.vo","dcf9645e94fb6ecad50c7c6cf76f0b0b2455ef49ec4178bfe989d36a5e3466bc"
"experiments/kernel_replay_v66_regression_maintenance/coq/V66_BOOL_REWRITE_MAINTENANCE_037.vok","e3b0c44298fc1c149afbf4c8996fb92427ae41e4649b934ca495991b7852b855"
"experiments/kernel_replay_v66_regression_maintenance/coq/V66_BOOL_REWRITE_MAINTENANCE_037.vos","e3b0c44298fc1c149afbf4c8996fb92427ae41e4649b934ca495991b7852b855"
"experiments/kernel_replay_v66_regression_maintenance/coq/V66_BOOL_REWRITE_MAINTENANCE_038.glob","0cc730003a96711351ea9dc2f4361ea513810dae22e2a5d2f54d3b1379741c8f"
"experiments/kernel_replay_v66_regression_maintenance/coq/V66_BOOL_REWRITE_MAINTENANCE_038.v","61478900d9833f9ed9f16825746436da6bd74f414eaa727b3b6d88d472d15602"
"experiments/kernel_replay_v66_regression_maintenance/coq/V66_BOOL_REWRITE_MAINTENANCE_038.vo","c1b4bb40e7b73a1622d487adb42d546940bedd8cf9b12c413c8807d10c984fe2"
"experiments/kernel_replay_v66_regression_maintenance/coq/V66_BOOL_REWRITE_MAINTENANCE_038.vok","e3b0c44298fc1c149afbf4c8996fb92427ae41e4649b934ca495991b7852b855"
"experiments/kernel_replay_v66_regression_maintenance/coq/V66_BOOL_REWRITE_MAINTENANCE_038.vos","e3b0c44298fc1c149afbf4c8996fb92427ae41e4649b934ca495991b7852b855"
"experiments/kernel_replay_v66_regression_maintenance/coq/V66_BOOL_REWRITE_MAINTENANCE_039.glob","52db4fffb3f9bbf4bf038e1091e77d2c66e5a19340dbd76cb8d986f09c780c39"
"experiments/kernel_replay_v66_regression_maintenance/coq/V66_BOOL_REWRITE_MAINTENANCE_039.v","df74b445c8ebba36a7606cfe9fd1d070454a4a1719649be4ad397604de17e2b1"
"experiments/kernel_replay_v66_regression_maintenance/coq/V66_BOOL_REWRITE_MAINTENANCE_039.vo","6d040b199ff5d61b4631be0b91dd7f43e374596825c9c1a6c86bd6e536f4d6e7"
"experiments/kernel_replay_v66_regression_maintenance/coq/V66_BOOL_REWRITE_MAINTENANCE_039.vok","e3b0c44298fc1c149afbf4c8996fb92427ae41e4649b934ca495991b7852b855"
"experiments/kernel_replay_v66_regression_maintenance/coq/V66_BOOL_REWRITE_MAINTENANCE_039.vos","e3b0c44298fc1c149afbf4c8996fb92427ae41e4649b934ca495991b7852b855"
"experiments/kernel_replay_v66_regression_maintenance/coq/V66_BOOL_REWRITE_MAINTENANCE_040.glob","faff923ec48be1020d5d20262fcbeb7ecbca8257b7cafaa376ba95ae43f1d462"
"experiments/kernel_replay_v66_regression_maintenance/coq/V66_BOOL_REWRITE_MAINTENANCE_040.v","a1e199c4c3f132fcd4c0ea0830b2c3bcc90a87eb819845026b997033ae3a7748"
"experiments/kernel_replay_v66_regression_maintenance/coq/V66_BOOL_REWRITE_MAINTENANCE_040.vo","c1267206f37a0585f6089bcf03211fb6238a486d17a62ed6d5e682114547f5e9"
"experiments/kernel_replay_v66_regression_maintenance/coq/V66_BOOL_REWRITE_MAINTENANCE_040.vok","e3b0c44298fc1c149afbf4c8996fb92427ae41e4649b934ca495991b7852b855"
"experiments/kernel_replay_v66_regression_maintenance/coq/V66_BOOL_REWRITE_MAINTENANCE_040.vos","e3b0c44298fc1c149afbf4c8996fb92427ae41e4649b934ca495991b7852b855"
"experiments/kernel_replay_v66_regression_maintenance/coq/V66_BOOL_REWRITE_MAINTENANCE_041.glob","ad2e3583ba4f18c5af26ba51842fa0d60ded255a1793cb53c76aecbce7451570"
"experiments/kernel_replay_v66_regression_maintenance/coq/V66_BOOL_REWRITE_MAINTENANCE_041.v","28c866a53edb7a39c079437b078a1bb8110aeed4a8ea491ac819f5ffcf77e653"
"experiments/kernel_replay_v66_regression_maintenance/coq/V66_BOOL_REWRITE_MAINTENANCE_041.vo","8bc3ff0eb6211402a3de1f7abc9be80eb071e36d75153bd87783a121171264c6"
"experiments/kernel_replay_v66_regression_maintenance/coq/V66_BOOL_REWRITE_MAINTENANCE_041.vok","e3b0c44298fc1c149afbf4c8996fb92427ae41e4649b934ca495991b7852b855"
"experiments/kernel_replay_v66_regression_maintenance/coq/V66_BOOL_REWRITE_MAINTENANCE_041.vos","e3b0c44298fc1c149afbf4c8996fb92427ae41e4649b934ca495991b7852b855"
"experiments/kernel_replay_v66_regression_maintenance/coq/V66_BOOL_REWRITE_MAINTENANCE_042.glob","d8278d0a80febb00747f89e98e37dc4f604002151c54621330d90a5a42bec477"
"experiments/kernel_replay_v66_regression_maintenance/coq/V66_BOOL_REWRITE_MAINTENANCE_042.v","78170f8173566e82d4a3e94b7261f374c1470a68f4a4e04d797178090abcc3a7"
"experiments/kernel_replay_v66_regression_maintenance/coq/V66_BOOL_REWRITE_MAINTENANCE_042.vo","f4560ebc3945561c4a7856e609e2445d4bd40b197895018812ae9d91eb53730a"
"experiments/kernel_replay_v66_regression_maintenance/coq/V66_BOOL_REWRITE_MAINTENANCE_042.vok","e3b0c44298fc1c149afbf4c8996fb92427ae41e4649b934ca495991b7852b855"
"experiments/kernel_replay_v66_regression_maintenance/coq/V66_BOOL_REWRITE_MAINTENANCE_042.vos","e3b0c44298fc1c149afbf4c8996fb92427ae41e4649b934ca495991b7852b855"
"experiments/kernel_replay_v66_regression_maintenance/coq/V66_BOOL_REWRITE_MAINTENANCE_043.glob","e73fd9001334a4e2697292ff9ff23e7180ac89281aaf6f58a6c00e5d9d1be7fc"
"experiments/kernel_replay_v66_regression_maintenance/coq/V66_BOOL_REWRITE_MAINTENANCE_043.v","bd5c85b08b92bfc0d3cc2b74eb8b78fd9129a58f96b24138038571b9879512d9"
"experiments/kernel_replay_v66_regression_maintenance/coq/V66_BOOL_REWRITE_MAINTENANCE_043.vo","db3b1124a6c6aad6837d32342f7be4acf44a4ddcdf07e753f9d11e9dec000eed"
"experiments/kernel_replay_v66_regression_maintenance/coq/V66_BOOL_REWRITE_MAINTENANCE_043.vok","e3b0c44298fc1c149afbf4c8996fb92427ae41e4649b934ca495991b7852b855"
"experiments/kernel_replay_v66_regression_maintenance/coq/V66_BOOL_REWRITE_MAINTENANCE_043.vos","e3b0c44298fc1c149afbf4c8996fb92427ae41e4649b934ca495991b7852b855"
"experiments/kernel_replay_v66_regression_maintenance/coq/V66_BOOL_REWRITE_MAINTENANCE_044.glob","6d5eb534ad15119094645fc12fb8b3d8a00197f8d7ad643cd71d485e18b1bb35"
"experiments/kernel_replay_v66_regression_maintenance/coq/V66_BOOL_REWRITE_MAINTENANCE_044.v","6ade4c7c58a1e21512618b1ae5e51617fee641b09845018d3a279ffe16b53cf2"
"experiments/kernel_replay_v66_regression_maintenance/coq/V66_BOOL_REWRITE_MAINTENANCE_044.vo","f24ab6fcb58730e8f788c5529385391aa1ab7782e15e7d39034ca3f39da7e937"
"experiments/kernel_replay_v66_regression_maintenance/coq/V66_BOOL_REWRITE_MAINTENANCE_044.vok","e3b0c44298fc1c149afbf4c8996fb92427ae41e4649b934ca495991b7852b855"
"experiments/kernel_replay_v66_regression_maintenance/coq/V66_BOOL_REWRITE_MAINTENANCE_044.vos","e3b0c44298fc1c149afbf4c8996fb92427ae41e4649b934ca495991b7852b855"
"experiments/kernel_replay_v66_regression_maintenance/coq/V66_BOOL_REWRITE_MAINTENANCE_045.glob","5294fefd7f302fb6cf33445ada6be763ccb02f0dab58345ba93385c83ca1a361"
"experiments/kernel_replay_v66_regression_maintenance/coq/V66_BOOL_REWRITE_MAINTENANCE_045.v","f284b927458dca120e0fa73fadf204f342b135d951a96476490cdb119d6abbf8"
"experiments/kernel_replay_v66_regression_maintenance/coq/V66_BOOL_REWRITE_MAINTENANCE_045.vo","2dc480d08ce754d50ca002236f779e354f106db055f73d6b9f717833dc416e9e"
"experiments/kernel_replay_v66_regression_maintenance/coq/V66_BOOL_REWRITE_MAINTENANCE_045.vok","e3b0c44298fc1c149afbf4c8996fb92427ae41e4649b934ca495991b7852b855"
"experiments/kernel_replay_v66_regression_maintenance/coq/V66_BOOL_REWRITE_MAINTENANCE_045.vos","e3b0c44298fc1c149afbf4c8996fb92427ae41e4649b934ca495991b7852b855"
"experiments/kernel_replay_v66_regression_maintenance/coq/V66_BOOL_REWRITE_MAINTENANCE_046.glob","32f8e5187bfbd32572d2de29258fa27dca4dad41470a45f98bb24f878046aeb4"
"experiments/kernel_replay_v66_regression_maintenance/coq/V66_BOOL_REWRITE_MAINTENANCE_046.v","d6453cec1a3ee59a6c05ed1d262ea1cc98eb7a8457bbbfd8fe1493479e526eff"
"experiments/kernel_replay_v66_regression_maintenance/coq/V66_BOOL_REWRITE_MAINTENANCE_046.vo","721a57b8a1011a12b107df2e058387cb39fc5de2abdad0c9d8516cea8fa9ed01"
"experiments/kernel_replay_v66_regression_maintenance/coq/V66_BOOL_REWRITE_MAINTENANCE_046.vok","e3b0c44298fc1c149afbf4c8996fb92427ae41e4649b934ca495991b7852b855"
"experiments/kernel_replay_v66_regression_maintenance/coq/V66_BOOL_REWRITE_MAINTENANCE_046.vos","e3b0c44298fc1c149afbf4c8996fb92427ae41e4649b934ca495991b7852b855"
"experiments/kernel_replay_v66_regression_maintenance/coq/V66_BOOL_REWRITE_MAINTENANCE_047.glob","9b6dcb34edcae84f9cac83702c9eadb92f31ff79a76151b9cd653709f8340dc2"
"experiments/kernel_replay_v66_regression_maintenance/coq/V66_BOOL_REWRITE_MAINTENANCE_047.v","0c3799a6e710e4c672985963a9bf85a1a79d849b562a537b523ab62286a5ec0c"
"experiments/kernel_replay_v66_regression_maintenance/coq/V66_BOOL_REWRITE_MAINTENANCE_047.vo","2dbc1ba02447f0536b7fcdc5bb6a37d0f35e9788ecb3b9e4d0fe24d4284e4b08"
"experiments/kernel_replay_v66_regression_maintenance/coq/V66_BOOL_REWRITE_MAINTENANCE_047.vok","e3b0c44298fc1c149afbf4c8996fb92427ae41e4649b934ca495991b7852b855"
"experiments/kernel_replay_v66_regression_maintenance/coq/V66_BOOL_REWRITE_MAINTENANCE_047.vos","e3b0c44298fc1c149afbf4c8996fb92427ae41e4649b934ca495991b7852b855"
"experiments/kernel_replay_v66_regression_maintenance/coq/V66_BOOL_REWRITE_MAINTENANCE_048.glob","5857867e2effe38a0a1032a775993493cb79c22d46260229c63a18788970b337"
"experiments/kernel_replay_v66_regression_maintenance/coq/V66_BOOL_REWRITE_MAINTENANCE_048.v","2f4382543b4046d98f2affb176d835027b38fdd87ba502ac710623c66d0e9774"
"experiments/kernel_replay_v66_regression_maintenance/coq/V66_BOOL_REWRITE_MAINTENANCE_048.vo","ae260eea5662ef6f2561bb3916dab9e3fae0c4c726c9c7900bc4aae76fe64dae"
"experiments/kernel_replay_v66_regression_maintenance/coq/V66_BOOL_REWRITE_MAINTENANCE_048.vok","e3b0c44298fc1c149afbf4c8996fb92427ae41e4649b934ca495991b7852b855"
"experiments/kernel_replay_v66_regression_maintenance/coq/V66_BOOL_REWRITE_MAINTENANCE_048.vos","e3b0c44298fc1c149afbf4c8996fb92427ae41e4649b934ca495991b7852b855"
"experiments/kernel_replay_v66_regression_maintenance/coq/V66_BOOL_REWRITE_MAINTENANCE_049.glob","7dd27e47a926f7da6c052893db442684f9034152d5793b88b564406d4df13868"
"experiments/kernel_replay_v66_regression_maintenance/coq/V66_BOOL_REWRITE_MAINTENANCE_049.v","19653a2772e9030fa7a7618f00d1692ec80b641d90afde0dd8a1ba863d6c9c73"
"experiments/kernel_replay_v66_regression_maintenance/coq/V66_BOOL_REWRITE_MAINTENANCE_049.vo","0ee57e90d62ba38c129917522d1810bee89588069251b922dcb3758c2725672f"
"experiments/kernel_replay_v66_regression_maintenance/coq/V66_BOOL_REWRITE_MAINTENANCE_049.vok","e3b0c44298fc1c149afbf4c8996fb92427ae41e4649b934ca495991b7852b855"
"experiments/kernel_replay_v66_regression_maintenance/coq/V66_BOOL_REWRITE_MAINTENANCE_049.vos","e3b0c44298fc1c149afbf4c8996fb92427ae41e4649b934ca495991b7852b855"
"experiments/kernel_replay_v66_regression_maintenance/coq/V66_BOOL_REWRITE_MAINTENANCE_050.glob","e475b4b5e773829eb8c9518772b30454751f8a527eb3dab81ae8141537640619"
"experiments/kernel_replay_v66_regression_maintenance/coq/V66_BOOL_REWRITE_MAINTENANCE_050.v","9367e7082409ce6e16b3d2a69978dce77eb2a8e2ec5e2b5f3054edfbbdc246e1"
"experiments/kernel_replay_v66_regression_maintenance/coq/V66_BOOL_REWRITE_MAINTENANCE_050.vo","892a3ce0b904c5a77ccd38b9c08bc8ea6a4255c16034c00875c6e7f7e92619ea"
"experiments/kernel_replay_v66_regression_maintenance/coq/V66_BOOL_REWRITE_MAINTENANCE_050.vok","e3b0c44298fc1c149afbf4c8996fb92427ae41e4649b934ca495991b7852b855"
"experiments/kernel_replay_v66_regression_maintenance/coq/V66_BOOL_REWRITE_MAINTENANCE_050.vos","e3b0c44298fc1c149afbf4c8996fb92427ae41e4649b934ca495991b7852b855"
"experiments/kernel_replay_v66_regression_maintenance/coq/V66_BOOL_REWRITE_MAINTENANCE_051.glob","28e24cadc1e427b303dc58c4030ec2e58f8010c90df6417b1e2d5b01ccad93fe"
"experiments/kernel_replay_v66_regression_maintenance/coq/V66_BOOL_REWRITE_MAINTENANCE_051.v","dd4e8947bc238f74a4558c68a645dd40ced8aa42a39d5fe45d72042669c199a1"
"experiments/kernel_replay_v66_regression_maintenance/coq/V66_BOOL_REWRITE_MAINTENANCE_051.vo","fbe207f1340c0cb224a5c50637a138bd738fe93b7068036204e26aa18395bddc"
"experiments/kernel_replay_v66_regression_maintenance/coq/V66_BOOL_REWRITE_MAINTENANCE_051.vok","e3b0c44298fc1c149afbf4c8996fb92427ae41e4649b934ca495991b7852b855"
"experiments/kernel_replay_v66_regression_maintenance/coq/V66_BOOL_REWRITE_MAINTENANCE_051.vos","e3b0c44298fc1c149afbf4c8996fb92427ae41e4649b934ca495991b7852b855"
"experiments/kernel_replay_v66_regression_maintenance/coq/V66_BOOL_REWRITE_MAINTENANCE_052.glob","4426c81bc365e92d6bc61cdfa7064c6badac7c554dd8013dfe492f4b75435d58"
"experiments/kernel_replay_v66_regression_maintenance/coq/V66_BOOL_REWRITE_MAINTENANCE_052.v","9616ab0b6d8b22f3ece0869c38dabdae9b5de1582897927d7789b55a61f2db10"
"experiments/kernel_replay_v66_regression_maintenance/coq/V66_BOOL_REWRITE_MAINTENANCE_052.vo","7be7515e947cef94e34f12a33742d90aba64713e6ef524fdea66adcfc9961133"
"experiments/kernel_replay_v66_regression_maintenance/coq/V66_BOOL_REWRITE_MAINTENANCE_052.vok","e3b0c44298fc1c149afbf4c8996fb92427ae41e4649b934ca495991b7852b855"
"experiments/kernel_replay_v66_regression_maintenance/coq/V66_BOOL_REWRITE_MAINTENANCE_052.vos","e3b0c44298fc1c149afbf4c8996fb92427ae41e4649b934ca495991b7852b855"
"experiments/kernel_replay_v66_regression_maintenance/coq/V66_BOOL_REWRITE_MAINTENANCE_053.glob","d0d1122038d038340eed9b34eb45cbed6b1a1694d7649c1740adce75330a87e6"
"experiments/kernel_replay_v66_regression_maintenance/coq/V66_BOOL_REWRITE_MAINTENANCE_053.v","2954fc7b5a4dbacc59a71d31011d60b4c968a84915f1779e789fe910a84a1757"
"experiments/kernel_replay_v66_regression_maintenance/coq/V66_BOOL_REWRITE_MAINTENANCE_053.vo","e6697d3f478e606463282b8a5b534af30506c1eb8a20f19b3d16ed9c075adde6"
"experiments/kernel_replay_v66_regression_maintenance/coq/V66_BOOL_REWRITE_MAINTENANCE_053.vok","e3b0c44298fc1c149afbf4c8996fb92427ae41e4649b934ca495991b7852b855"
"experiments/kernel_replay_v66_regression_maintenance/coq/V66_BOOL_REWRITE_MAINTENANCE_053.vos","e3b0c44298fc1c149afbf4c8996fb92427ae41e4649b934ca495991b7852b855"
"experiments/kernel_replay_v66_regression_maintenance/coq/V66_BOOL_REWRITE_MAINTENANCE_054.glob","f5dc570db86c6199e41e5b03210f99368d068f401b908a76492a15b3b796a445"
"experiments/kernel_replay_v66_regression_maintenance/coq/V66_BOOL_REWRITE_MAINTENANCE_054.v","057fb8bd630d486805510843a042a22b28c53064281c228afe45e35f786c2bd4"
"experiments/kernel_replay_v66_regression_maintenance/coq/V66_BOOL_REWRITE_MAINTENANCE_054.vo","2ba6029de25b1bb122cc4765e6d164e2b03f1ce7713a9ed5740956f7fdd543bd"
"experiments/kernel_replay_v66_regression_maintenance/coq/V66_BOOL_REWRITE_MAINTENANCE_054.vok","e3b0c44298fc1c149afbf4c8996fb92427ae41e4649b934ca495991b7852b855"
"experiments/kernel_replay_v66_regression_maintenance/coq/V66_BOOL_REWRITE_MAINTENANCE_054.vos","e3b0c44298fc1c149afbf4c8996fb92427ae41e4649b934ca495991b7852b855"
"experiments/kernel_replay_v66_regression_maintenance/coq/V66_BOOL_REWRITE_MAINTENANCE_055.glob","97de34f8b83ca862e9ce8f4f6465db51a75babeff1490fe9010627d3c0eb5e32"
"experiments/kernel_replay_v66_regression_maintenance/coq/V66_BOOL_REWRITE_MAINTENANCE_055.v","86fb539b60b63d37fef7861b0ac8902d0dfa18ddd8913b9904f5dda1be235ac5"
"experiments/kernel_replay_v66_regression_maintenance/coq/V66_BOOL_REWRITE_MAINTENANCE_055.vo","532d937ccfde22669ff0b5b54d9835b63b101a641881b830356274a09743b378"
"experiments/kernel_replay_v66_regression_maintenance/coq/V66_BOOL_REWRITE_MAINTENANCE_055.vok","e3b0c44298fc1c149afbf4c8996fb92427ae41e4649b934ca495991b7852b855"
"experiments/kernel_replay_v66_regression_maintenance/coq/V66_BOOL_REWRITE_MAINTENANCE_055.vos","e3b0c44298fc1c149afbf4c8996fb92427ae41e4649b934ca495991b7852b855"
"experiments/kernel_replay_v66_regression_maintenance/coq/V66_BOOL_REWRITE_MAINTENANCE_056.glob","7f5c653135f0aceecb6121b9ef0fb6a369d7e9239c1fc69627d998e7bf1cc3e2"
"experiments/kernel_replay_v66_regression_maintenance/coq/V66_BOOL_REWRITE_MAINTENANCE_056.v","c6ac3d8e58aac38a9fc251d357bb7d3e0c44fb1d0dabf4c0eb6cdec46c573b98"
"experiments/kernel_replay_v66_regression_maintenance/coq/V66_BOOL_REWRITE_MAINTENANCE_056.vo","4d50a282892c51c9a86a53c8643ed3fd9d4cfe741e9a3be9b82c80c199ad9161"
"experiments/kernel_replay_v66_regression_maintenance/coq/V66_BOOL_REWRITE_MAINTENANCE_056.vok","e3b0c44298fc1c149afbf4c8996fb92427ae41e4649b934ca495991b7852b855"
"experiments/kernel_replay_v66_regression_maintenance/coq/V66_BOOL_REWRITE_MAINTENANCE_056.vos","e3b0c44298fc1c149afbf4c8996fb92427ae41e4649b934ca495991b7852b855"
"experiments/kernel_replay_v66_regression_maintenance/coq/V66_BOOL_REWRITE_MAINTENANCE_057.glob","dbac3d3bedc879ae62d6a46cade41de4f64e7d3421f2cb33d3aaf7e6a6b33a0f"
"experiments/kernel_replay_v66_regression_maintenance/coq/V66_BOOL_REWRITE_MAINTENANCE_057.v","165724bbb6e88f25b6d29465dbf384dbfeaabbaaa09b4c8a6ac75e15c0a1bfc7"
"experiments/kernel_replay_v66_regression_maintenance/coq/V66_BOOL_REWRITE_MAINTENANCE_057.vo","8e6733ed4d7def1a9f072178cbac3434c302a19a63fc9a293baf79c92da8e6b6"
"experiments/kernel_replay_v66_regression_maintenance/coq/V66_BOOL_REWRITE_MAINTENANCE_057.vok","e3b0c44298fc1c149afbf4c8996fb92427ae41e4649b934ca495991b7852b855"
"experiments/kernel_replay_v66_regression_maintenance/coq/V66_BOOL_REWRITE_MAINTENANCE_057.vos","e3b0c44298fc1c149afbf4c8996fb92427ae41e4649b934ca495991b7852b855"
"experiments/kernel_replay_v66_regression_maintenance/coq/V66_BOOL_REWRITE_MAINTENANCE_058.glob","e54027052bdbfba1a0edb734a825d18c657d0ba16a45d90c6871cf4c7b3ccdb2"
"experiments/kernel_replay_v66_regression_maintenance/coq/V66_BOOL_REWRITE_MAINTENANCE_058.v","80f8ecbb6aa2d59c71bd4fbc91a36e19eded88ca797ba1d46647315e42622a40"
"experiments/kernel_replay_v66_regression_maintenance/coq/V66_BOOL_REWRITE_MAINTENANCE_058.vo","41202b8780929a1834a6a78c85837755a592391a2d39ff90cba1a0422ec90aaa"
"experiments/kernel_replay_v66_regression_maintenance/coq/V66_BOOL_REWRITE_MAINTENANCE_058.vok","e3b0c44298fc1c149afbf4c8996fb92427ae41e4649b934ca495991b7852b855"
"experiments/kernel_replay_v66_regression_maintenance/coq/V66_BOOL_REWRITE_MAINTENANCE_058.vos","e3b0c44298fc1c149afbf4c8996fb92427ae41e4649b934ca495991b7852b855"
"experiments/kernel_replay_v66_regression_maintenance/coq/V66_BOOL_REWRITE_MAINTENANCE_059.glob","ad2ccee6e58e238ac4f800322efb2e13a96dd4528cbbd497690f6fd4c342c3d0"
"experiments/kernel_replay_v66_regression_maintenance/coq/V66_BOOL_REWRITE_MAINTENANCE_059.v","34d7ee86bda3c1d76f4628e1f3280c54eb33bfeb2a8f3604e10d3e544f3723de"
"experiments/kernel_replay_v66_regression_maintenance/coq/V66_BOOL_REWRITE_MAINTENANCE_059.vo","bdb01ae8878741b776b49baf353b2c00a06c2fb7c876c8257f3a99b4f8e5eb21"
"experiments/kernel_replay_v66_regression_maintenance/coq/V66_BOOL_REWRITE_MAINTENANCE_059.vok","e3b0c44298fc1c149afbf4c8996fb92427ae41e4649b934ca495991b7852b855"
"experiments/kernel_replay_v66_regression_maintenance/coq/V66_BOOL_REWRITE_MAINTENANCE_059.vos","e3b0c44298fc1c149afbf4c8996fb92427ae41e4649b934ca495991b7852b855"
"experiments/kernel_replay_v66_regression_maintenance/coq/V66_BOOL_REWRITE_MAINTENANCE_060.glob","749cb68143591f455523ef265b9dca848106ebf8579aa32b842b8bdf62127638"
"experiments/kernel_replay_v66_regression_maintenance/coq/V66_BOOL_REWRITE_MAINTENANCE_060.v","73e56c8135410866ad6c33a936d5869cb10f6a7e3baa577790e671bf3ce1934d"
"experiments/kernel_replay_v66_regression_maintenance/coq/V66_BOOL_REWRITE_MAINTENANCE_060.vo","8990294f6c4ba5a294757afa5c4a4d88fe60732ec004b71bbb72985051212d5a"
"experiments/kernel_replay_v66_regression_maintenance/coq/V66_BOOL_REWRITE_MAINTENANCE_060.vok","e3b0c44298fc1c149afbf4c8996fb92427ae41e4649b934ca495991b7852b855"
"experiments/kernel_replay_v66_regression_maintenance/coq/V66_BOOL_REWRITE_MAINTENANCE_060.vos","e3b0c44298fc1c149afbf4c8996fb92427ae41e4649b934ca495991b7852b855"
"experiments/kernel_replay_v66_regression_maintenance/coq/V66_LIST_FILTER_REGRESSION_001.glob","efb8755bebd7f2539df76c49e244aef581f905fbd7d9723979ecf440cd69c3d5"
"experiments/kernel_replay_v66_regression_maintenance/coq/V66_LIST_FILTER_REGRESSION_001.v","883e5b2fa155e1215d8d0ca8140c2111457aa1bd625fe6a7beb7edc8abdd0215"
"experiments/kernel_replay_v66_regression_maintenance/coq/V66_LIST_FILTER_REGRESSION_001.vo","e4c2a7a892dcb3b208e1d5e8abc30c74348ab434b3e0409868670fb8917d97be"
"experiments/kernel_replay_v66_regression_maintenance/coq/V66_LIST_FILTER_REGRESSION_001.vok","e3b0c44298fc1c149afbf4c8996fb92427ae41e4649b934ca495991b7852b855"
"experiments/kernel_replay_v66_regression_maintenance/coq/V66_LIST_FILTER_REGRESSION_001.vos","e3b0c44298fc1c149afbf4c8996fb92427ae41e4649b934ca495991b7852b855"
"experiments/kernel_replay_v66_regression_maintenance/coq/V66_LIST_FILTER_REGRESSION_002.glob","19340f9d10dfde9c70e63beae8bc9f226163be4b4876ae44ff2885ad3a0bd6f0"
"experiments/kernel_replay_v66_regression_maintenance/coq/V66_LIST_FILTER_REGRESSION_002.v","60783e794d8192a24f87a75fa85998ad5817c7852a6037a33735d861a4f0c6d3"
"experiments/kernel_replay_v66_regression_maintenance/coq/V66_LIST_FILTER_REGRESSION_002.vo","2916915f9840d664e6120c0c38cfa1353ea15693e89fd6bb1e677d769dbbd720"
"experiments/kernel_replay_v66_regression_maintenance/coq/V66_LIST_FILTER_REGRESSION_002.vok","e3b0c44298fc1c149afbf4c8996fb92427ae41e4649b934ca495991b7852b855"
"experiments/kernel_replay_v66_regression_maintenance/coq/V66_LIST_FILTER_REGRESSION_002.vos","e3b0c44298fc1c149afbf4c8996fb92427ae41e4649b934ca495991b7852b855"
"experiments/kernel_replay_v66_regression_maintenance/coq/V66_LIST_FILTER_REGRESSION_003.glob","fa159021a26028105a44c0b8a89d0d672397135d53c99e73330e4aa64d8ae109"
"experiments/kernel_replay_v66_regression_maintenance/coq/V66_LIST_FILTER_REGRESSION_003.v","8c9c81130b33d8e182c9a427d7523bbc498266e93a7329f2e28c1b3fa5231dde"
"experiments/kernel_replay_v66_regression_maintenance/coq/V66_LIST_FILTER_REGRESSION_003.vo","6623200cc1e6cce3550037b143c876f36d2ddb720b20daac1233e562dd85377e"
"experiments/kernel_replay_v66_regression_maintenance/coq/V66_LIST_FILTER_REGRESSION_003.vok","e3b0c44298fc1c149afbf4c8996fb92427ae41e4649b934ca495991b7852b855"
"experiments/kernel_replay_v66_regression_maintenance/coq/V66_LIST_FILTER_REGRESSION_003.vos","e3b0c44298fc1c149afbf4c8996fb92427ae41e4649b934ca495991b7852b855"
"experiments/kernel_replay_v66_regression_maintenance/coq/V66_LIST_FILTER_REGRESSION_004.glob","767de36e21deb707a54f3cdb3a529529e357d398d13c7d4fb0c50e65477ff218"
"experiments/kernel_replay_v66_regression_maintenance/coq/V66_LIST_FILTER_REGRESSION_004.v","f5573cb1f1887436e93192b445e0832d8d512ec607817c4ebd16ba3ded5ea05b"
"experiments/kernel_replay_v66_regression_maintenance/coq/V66_LIST_FILTER_REGRESSION_004.vo","a81c3b1473a17bb32a5800408026d0f1261a4261f47b15c6112b6ebde40d7044"
"experiments/kernel_replay_v66_regression_maintenance/coq/V66_LIST_FILTER_REGRESSION_004.vok","e3b0c44298fc1c149afbf4c8996fb92427ae41e4649b934ca495991b7852b855"
"experiments/kernel_replay_v66_regression_maintenance/coq/V66_LIST_FILTER_REGRESSION_004.vos","e3b0c44298fc1c149afbf4c8996fb92427ae41e4649b934ca495991b7852b855"
"experiments/kernel_replay_v66_regression_maintenance/coq/V66_LIST_FILTER_REGRESSION_005.glob","1f09eb87c00e9f579ca39e7b34840469eb547a17d2a724e4df4c21033217e14e"
"experiments/kernel_replay_v66_regression_maintenance/coq/V66_LIST_FILTER_REGRESSION_005.v","b9b6549d09c286d10a0b41d7277c9a4439c7f6e6541f03b518f4179163aaaf94"
"experiments/kernel_replay_v66_regression_maintenance/coq/V66_LIST_FILTER_REGRESSION_005.vo","34be18b8930f0ad509e51c1133e4c530c5580a2129c0cc24c1be0d16ea583a10"
"experiments/kernel_replay_v66_regression_maintenance/coq/V66_LIST_FILTER_REGRESSION_005.vok","e3b0c44298fc1c149afbf4c8996fb92427ae41e4649b934ca495991b7852b855"
"experiments/kernel_replay_v66_regression_maintenance/coq/V66_LIST_FILTER_REGRESSION_005.vos","e3b0c44298fc1c149afbf4c8996fb92427ae41e4649b934ca495991b7852b855"
"experiments/kernel_replay_v66_regression_maintenance/coq/V66_LIST_FILTER_REGRESSION_006.glob","5ae88ac517cab47e00febe796b166590df509974028d692a76790a49ce2ca0d3"
"experiments/kernel_replay_v66_regression_maintenance/coq/V66_LIST_FILTER_REGRESSION_006.v","2ff609a67f2fdf1cf01f7216dbb793aaf5af82ca7bb81f9e199acd28b45b6224"
"experiments/kernel_replay_v66_regression_maintenance/coq/V66_LIST_FILTER_REGRESSION_006.vo","5fd25f683bc5b5b0580c3c5964b3a73b4e88d47b9f28ac243e78d512375b611f"
"experiments/kernel_replay_v66_regression_maintenance/coq/V66_LIST_FILTER_REGRESSION_006.vok","e3b0c44298fc1c149afbf4c8996fb92427ae41e4649b934ca495991b7852b855"
"experiments/kernel_replay_v66_regression_maintenance/coq/V66_LIST_FILTER_REGRESSION_006.vos","e3b0c44298fc1c149afbf4c8996fb92427ae41e4649b934ca495991b7852b855"
"experiments/kernel_replay_v66_regression_maintenance/coq/V66_LIST_FILTER_REGRESSION_007.glob","c23d2b12ea4fc9ec5e4e73a5e32888d469f850f5e02f268d8febb29b3da23788"
"experiments/kernel_replay_v66_regression_maintenance/coq/V66_LIST_FILTER_REGRESSION_007.v","749ea7a3b6bde6559abbe2795e4000eb0355739c08233ab58bb79e98e443a693"
"experiments/kernel_replay_v66_regression_maintenance/coq/V66_LIST_FILTER_REGRESSION_007.vo","437de0911f332ecb8bf05716a23edf2a1752c8989ec526de8f8a66b2f3880b48"
"experiments/kernel_replay_v66_regression_maintenance/coq/V66_LIST_FILTER_REGRESSION_007.vok","e3b0c44298fc1c149afbf4c8996fb92427ae41e4649b934ca495991b7852b855"
"experiments/kernel_replay_v66_regression_maintenance/coq/V66_LIST_FILTER_REGRESSION_007.vos","e3b0c44298fc1c149afbf4c8996fb92427ae41e4649b934ca495991b7852b855"
"experiments/kernel_replay_v66_regression_maintenance/coq/V66_LIST_FILTER_REGRESSION_008.glob","f454483564c899e274b56c8ee12cb9c26466c2e78acc12babb4e98d04105220c"
"experiments/kernel_replay_v66_regression_maintenance/coq/V66_LIST_FILTER_REGRESSION_008.v","f0a2e22fa292caf93478ef2b3957722b23fba0815689bab63bcd5d17a4fe9a39"
"experiments/kernel_replay_v66_regression_maintenance/coq/V66_LIST_FILTER_REGRESSION_008.vo","fd559035b426247028209fe26011da2cdb37310f7e6b72f8f799183ac27c365b"
"experiments/kernel_replay_v66_regression_maintenance/coq/V66_LIST_FILTER_REGRESSION_008.vok","e3b0c44298fc1c149afbf4c8996fb92427ae41e4649b934ca495991b7852b855"
"experiments/kernel_replay_v66_regression_maintenance/coq/V66_LIST_FILTER_REGRESSION_008.vos","e3b0c44298fc1c149afbf4c8996fb92427ae41e4649b934ca495991b7852b855"
"experiments/kernel_replay_v66_regression_maintenance/coq/V66_LIST_FILTER_REGRESSION_009.glob","5065c4c2b45ed9b9c6d915e26049ba5aec10505efdb10b44fd9ffe61878e83af"
"experiments/kernel_replay_v66_regression_maintenance/coq/V66_LIST_FILTER_REGRESSION_009.v","e8b494d0da50fba3a978743b0a66e12b17113e2d224770791c9a7f42e93b66b4"
"experiments/kernel_replay_v66_regression_maintenance/coq/V66_LIST_FILTER_REGRESSION_009.vo","7d460d948db635cb3829076361cd18d1958a96d3a9fd6ef98c4fc1b423f4f197"
"experiments/kernel_replay_v66_regression_maintenance/coq/V66_LIST_FILTER_REGRESSION_009.vok","e3b0c44298fc1c149afbf4c8996fb92427ae41e4649b934ca495991b7852b855"
"experiments/kernel_replay_v66_regression_maintenance/coq/V66_LIST_FILTER_REGRESSION_009.vos","e3b0c44298fc1c149afbf4c8996fb92427ae41e4649b934ca495991b7852b855"
"experiments/kernel_replay_v66_regression_maintenance/coq/V66_LIST_FILTER_REGRESSION_010.glob","a5917eb492cc4790a89c1acac960f240b3283593b7892ff2c1b1ef68247641eb"
"experiments/kernel_replay_v66_regression_maintenance/coq/V66_LIST_FILTER_REGRESSION_010.v","7ac30922859cd954f951dd4a58ca52281c92448f88c16b0f51fa6d41618fae20"
"experiments/kernel_replay_v66_regression_maintenance/coq/V66_LIST_FILTER_REGRESSION_010.vo","d3120d6b1b385c38b269d1174ccffa31455cfb0c9be2e5aa3fadaab7fd7428ae"
"experiments/kernel_replay_v66_regression_maintenance/coq/V66_LIST_FILTER_REGRESSION_010.vok","e3b0c44298fc1c149afbf4c8996fb92427ae41e4649b934ca495991b7852b855"
"experiments/kernel_replay_v66_regression_maintenance/coq/V66_LIST_FILTER_REGRESSION_010.vos","e3b0c44298fc1c149afbf4c8996fb92427ae41e4649b934ca495991b7852b855"
"experiments/kernel_replay_v66_regression_maintenance/coq/V66_LIST_FILTER_REGRESSION_011.glob","b1d4db12e0ed9fc069bad0f13463dc33dbdc7c2fe97c366f8835ad9b2943944c"
"experiments/kernel_replay_v66_regression_maintenance/coq/V66_LIST_FILTER_REGRESSION_011.v","d5a5c8125cfee246a8f7806f943bc5a9b8b765bc9e1136fe6beb9bcbef3dfaa4"
"experiments/kernel_replay_v66_regression_maintenance/coq/V66_LIST_FILTER_REGRESSION_011.vo","a47caa18f266c17478210264532c7e8850478497b089cf7c2cef51d8df7e41bc"
"experiments/kernel_replay_v66_regression_maintenance/coq/V66_LIST_FILTER_REGRESSION_011.vok","e3b0c44298fc1c149afbf4c8996fb92427ae41e4649b934ca495991b7852b855"
"experiments/kernel_replay_v66_regression_maintenance/coq/V66_LIST_FILTER_REGRESSION_011.vos","e3b0c44298fc1c149afbf4c8996fb92427ae41e4649b934ca495991b7852b855"
"experiments/kernel_replay_v66_regression_maintenance/coq/V66_LIST_FILTER_REGRESSION_012.glob","23d9d99fb27a83a79e1d34c9e896c0092c3b3df2c4e8f7bee8bddaea691cc9a1"
"experiments/kernel_replay_v66_regression_maintenance/coq/V66_LIST_FILTER_REGRESSION_012.v","f7851e92e9af06bce363778491b3ed34a1f61a6b930aae6d01eaaa2632eef299"
"experiments/kernel_replay_v66_regression_maintenance/coq/V66_LIST_FILTER_REGRESSION_012.vo","be646fdc8d91905ba2093630d080982324820c4d2eeb554190e32d1dfb71905d"
"experiments/kernel_replay_v66_regression_maintenance/coq/V66_LIST_FILTER_REGRESSION_012.vok","e3b0c44298fc1c149afbf4c8996fb92427ae41e4649b934ca495991b7852b855"
"experiments/kernel_replay_v66_regression_maintenance/coq/V66_LIST_FILTER_REGRESSION_012.vos","e3b0c44298fc1c149afbf4c8996fb92427ae41e4649b934ca495991b7852b855"
"experiments/kernel_replay_v66_regression_maintenance/coq/V66_LIST_FILTER_REGRESSION_013.glob","85d03fcaf614ec7e5a68105274b789446918302ee9c618495de5ab8931857146"
"experiments/kernel_replay_v66_regression_maintenance/coq/V66_LIST_FILTER_REGRESSION_013.v","fba9c0d7b748a2624e43d06120b862b0afb161031b41a46e91510aaea2d88099"
"experiments/kernel_replay_v66_regression_maintenance/coq/V66_LIST_FILTER_REGRESSION_013.vo","65fc5e6a7eabb3ad54122e66e44892983ff3a7552b8d96ce843d5703ae9c40d6"
"experiments/kernel_replay_v66_regression_maintenance/coq/V66_LIST_FILTER_REGRESSION_013.vok","e3b0c44298fc1c149afbf4c8996fb92427ae41e4649b934ca495991b7852b855"
"experiments/kernel_replay_v66_regression_maintenance/coq/V66_LIST_FILTER_REGRESSION_013.vos","e3b0c44298fc1c149afbf4c8996fb92427ae41e4649b934ca495991b7852b855"
"experiments/kernel_replay_v66_regression_maintenance/coq/V66_LIST_FILTER_REGRESSION_014.glob","4dea4437c49e6ef7c8bbc047843761fd37ecf43cae466ef8ca8c6baee0b28c62"
"experiments/kernel_replay_v66_regression_maintenance/coq/V66_LIST_FILTER_REGRESSION_014.v","fdf1b49dfc42cd69ba05f710f80477a6e143ba40a74a32bccc034c2b7d543fc1"
"experiments/kernel_replay_v66_regression_maintenance/coq/V66_LIST_FILTER_REGRESSION_014.vo","ab40d191302155254012cf8253a5c938c9e2051b90dba8cfa4ae435ccd0ce09a"
"experiments/kernel_replay_v66_regression_maintenance/coq/V66_LIST_FILTER_REGRESSION_014.vok","e3b0c44298fc1c149afbf4c8996fb92427ae41e4649b934ca495991b7852b855"
"experiments/kernel_replay_v66_regression_maintenance/coq/V66_LIST_FILTER_REGRESSION_014.vos","e3b0c44298fc1c149afbf4c8996fb92427ae41e4649b934ca495991b7852b855"
"experiments/kernel_replay_v66_regression_maintenance/coq/V66_LIST_FILTER_REGRESSION_015.glob","159e20a9cdc407a735b78e1aaaf06793ed3737eb720f5e1eb609e37579bb36d6"
"experiments/kernel_replay_v66_regression_maintenance/coq/V66_LIST_FILTER_REGRESSION_015.v","7bf1a35930c11864ca3336978da60fefe53d8cd1c1f8e28763772208aba7f54c"
"experiments/kernel_replay_v66_regression_maintenance/coq/V66_LIST_FILTER_REGRESSION_015.vo","229c08455418d41f4ea26c3cd4f36a8beb8c160ee9ad3eb0bea211e128e041d1"
"experiments/kernel_replay_v66_regression_maintenance/coq/V66_LIST_FILTER_REGRESSION_015.vok","e3b0c44298fc1c149afbf4c8996fb92427ae41e4649b934ca495991b7852b855"
"experiments/kernel_replay_v66_regression_maintenance/coq/V66_LIST_FILTER_REGRESSION_015.vos","e3b0c44298fc1c149afbf4c8996fb92427ae41e4649b934ca495991b7852b855"
"experiments/kernel_replay_v66_regression_maintenance/coq/V66_LIST_FILTER_REGRESSION_016.glob","467e728d8acb59dccc94d4dcd2a8911f03ebd6e66309bc22cee7ec5e0543ce88"
"experiments/kernel_replay_v66_regression_maintenance/coq/V66_LIST_FILTER_REGRESSION_016.v","017291f844d3f552823a154b044a821775ff022d4d2f6b418651b096cba72344"
"experiments/kernel_replay_v66_regression_maintenance/coq/V66_LIST_FILTER_REGRESSION_016.vo","a02af8ac2c28a64a50f0f6614c9217e3aab880ceaa7c2341ae4bdd2983c93ade"
"experiments/kernel_replay_v66_regression_maintenance/coq/V66_LIST_FILTER_REGRESSION_016.vok","e3b0c44298fc1c149afbf4c8996fb92427ae41e4649b934ca495991b7852b855"
"experiments/kernel_replay_v66_regression_maintenance/coq/V66_LIST_FILTER_REGRESSION_016.vos","e3b0c44298fc1c149afbf4c8996fb92427ae41e4649b934ca495991b7852b855"
"experiments/kernel_replay_v66_regression_maintenance/coq/V66_LIST_FILTER_REGRESSION_017.glob","9d15362dbf84869310cfdf71799846b8eb2eb4b7234e4045975397f9d47bf8a5"
"experiments/kernel_replay_v66_regression_maintenance/coq/V66_LIST_FILTER_REGRESSION_017.v","f94cf3da20012ef4fbf31f17201ffd10cb735c90614bdd57cfd9360dd32eccde"
"experiments/kernel_replay_v66_regression_maintenance/coq/V66_LIST_FILTER_REGRESSION_017.vo","5248cdde12c15bd08c5238ca31cec34b11d88b21108bf3e4087751ff77400e9f"
"experiments/kernel_replay_v66_regression_maintenance/coq/V66_LIST_FILTER_REGRESSION_017.vok","e3b0c44298fc1c149afbf4c8996fb92427ae41e4649b934ca495991b7852b855"
"experiments/kernel_replay_v66_regression_maintenance/coq/V66_LIST_FILTER_REGRESSION_017.vos","e3b0c44298fc1c149afbf4c8996fb92427ae41e4649b934ca495991b7852b855"
"experiments/kernel_replay_v66_regression_maintenance/coq/V66_LIST_FILTER_REGRESSION_018.glob","416d320577ca69339394fc9b40835d1fc660648e0f4b679aeda1960dafed715b"
"experiments/kernel_replay_v66_regression_maintenance/coq/V66_LIST_FILTER_REGRESSION_018.v","d052fb578009e51eb888302e1167e909bf752e25f6860afa6e45e09f7f768b4f"
"experiments/kernel_replay_v66_regression_maintenance/coq/V66_LIST_FILTER_REGRESSION_018.vo","bec0d8790705113dad1f01c42134ea406f42e2a68b2924e84ed698b430627ee6"
"experiments/kernel_replay_v66_regression_maintenance/coq/V66_LIST_FILTER_REGRESSION_018.vok","e3b0c44298fc1c149afbf4c8996fb92427ae41e4649b934ca495991b7852b855"
"experiments/kernel_replay_v66_regression_maintenance/coq/V66_LIST_FILTER_REGRESSION_018.vos","e3b0c44298fc1c149afbf4c8996fb92427ae41e4649b934ca495991b7852b855"
"experiments/kernel_replay_v66_regression_maintenance/coq/V66_LIST_FILTER_REGRESSION_019.glob","95b37f0f87024158b41147f11951697b31a0a76c1b525ed8fafeb39bdfb510a5"
"experiments/kernel_replay_v66_regression_maintenance/coq/V66_LIST_FILTER_REGRESSION_019.v","5587ec291e3f423cda51c679178712b587c47a6e443fbec701333eab60e42c21"
"experiments/kernel_replay_v66_regression_maintenance/coq/V66_LIST_FILTER_REGRESSION_019.vo","82012a5d2a6220427d02e93467e4bbbcc12f87ff9df9d62275f200ae5548c137"
"experiments/kernel_replay_v66_regression_maintenance/coq/V66_LIST_FILTER_REGRESSION_019.vok","e3b0c44298fc1c149afbf4c8996fb92427ae41e4649b934ca495991b7852b855"
"experiments/kernel_replay_v66_regression_maintenance/coq/V66_LIST_FILTER_REGRESSION_019.vos","e3b0c44298fc1c149afbf4c8996fb92427ae41e4649b934ca495991b7852b855"
"experiments/kernel_replay_v66_regression_maintenance/coq/V66_LIST_FILTER_REGRESSION_020.glob","0f340ecc10de350ec4059d56022c6e8a076c6f349aaf2fd7e829684d7413fe0e"
"experiments/kernel_replay_v66_regression_maintenance/coq/V66_LIST_FILTER_REGRESSION_020.v","9c2437e66d4004650128ef69399565819133fb7e0b0f6cb862b05feef448ab01"
"experiments/kernel_replay_v66_regression_maintenance/coq/V66_LIST_FILTER_REGRESSION_020.vo","5ecd5c45a913ee1aee72f637f77b24d41fd2321553f7d09f63daf2ea56e4c650"
"experiments/kernel_replay_v66_regression_maintenance/coq/V66_LIST_FILTER_REGRESSION_020.vok","e3b0c44298fc1c149afbf4c8996fb92427ae41e4649b934ca495991b7852b855"
"experiments/kernel_replay_v66_regression_maintenance/coq/V66_LIST_FILTER_REGRESSION_020.vos","e3b0c44298fc1c149afbf4c8996fb92427ae41e4649b934ca495991b7852b855"
"experiments/kernel_replay_v66_regression_maintenance/coq/V66_LIST_FILTER_REGRESSION_021.glob","c886a9f516aa32604f22e8ef6dc499cc21c87ad522dcaf79fdb3fa58ecd5b74a"
"experiments/kernel_replay_v66_regression_maintenance/coq/V66_LIST_FILTER_REGRESSION_021.v","47b40df0d5471ce8d0d3df73253c35133f465120c9aefa52097efc8e3ae5bac8"
"experiments/kernel_replay_v66_regression_maintenance/coq/V66_LIST_FILTER_REGRESSION_021.vo","2f2e8f684dfe036610e1f9449b8bd18009d03256fd0a8d3e7a4fd6fc52c43350"
"experiments/kernel_replay_v66_regression_maintenance/coq/V66_LIST_FILTER_REGRESSION_021.vok","e3b0c44298fc1c149afbf4c8996fb92427ae41e4649b934ca495991b7852b855"
"experiments/kernel_replay_v66_regression_maintenance/coq/V66_LIST_FILTER_REGRESSION_021.vos","e3b0c44298fc1c149afbf4c8996fb92427ae41e4649b934ca495991b7852b855"
"experiments/kernel_replay_v66_regression_maintenance/coq/V66_LIST_FILTER_REGRESSION_022.glob","9f321484137e5763bcf838248b56b13b48a822e8983c636b7e409ee836ac8647"
"experiments/kernel_replay_v66_regression_maintenance/coq/V66_LIST_FILTER_REGRESSION_022.v","973ddc837bd97ac420c397fc2bc5eb7f4a0060085ac0e52ed3fc992e49d43ba3"
"experiments/kernel_replay_v66_regression_maintenance/coq/V66_LIST_FILTER_REGRESSION_022.vo","d32ad0669458ad8155e8e331e8a63754fca576df9dd94f6ee045448fd762fac2"
"experiments/kernel_replay_v66_regression_maintenance/coq/V66_LIST_FILTER_REGRESSION_022.vok","e3b0c44298fc1c149afbf4c8996fb92427ae41e4649b934ca495991b7852b855"
"experiments/kernel_replay_v66_regression_maintenance/coq/V66_LIST_FILTER_REGRESSION_022.vos","e3b0c44298fc1c149afbf4c8996fb92427ae41e4649b934ca495991b7852b855"
"experiments/kernel_replay_v66_regression_maintenance/coq/V66_LIST_FILTER_REGRESSION_023.glob","0fa57152b80894a8d5e32a7162712ecceed9f6c2b6087f8cd69a77a5c0196493"
"experiments/kernel_replay_v66_regression_maintenance/coq/V66_LIST_FILTER_REGRESSION_023.v","56a22d3cee6d63ce022e5b460afad4e09c0ade79f0b98b28ccc1b4dd10c8eb54"
"experiments/kernel_replay_v66_regression_maintenance/coq/V66_LIST_FILTER_REGRESSION_023.vo","cda50595f6a36cb3a443f5e492525e021b70ea9c71c76e84fb0b5c2d709489a3"
"experiments/kernel_replay_v66_regression_maintenance/coq/V66_LIST_FILTER_REGRESSION_023.vok","e3b0c44298fc1c149afbf4c8996fb92427ae41e4649b934ca495991b7852b855"
"experiments/kernel_replay_v66_regression_maintenance/coq/V66_LIST_FILTER_REGRESSION_023.vos","e3b0c44298fc1c149afbf4c8996fb92427ae41e4649b934ca495991b7852b855"
"experiments/kernel_replay_v66_regression_maintenance/coq/V66_LIST_FILTER_REGRESSION_024.glob","d786f0bbbbda359467e22aff58b50ecea0eac8997e17d648f7f31e8c24e48945"
"experiments/kernel_replay_v66_regression_maintenance/coq/V66_LIST_FILTER_REGRESSION_024.v","2170a9464a9a3353012f85e446514b7bbb4a17ede8bae2228fae8796119814dd"
"experiments/kernel_replay_v66_regression_maintenance/coq/V66_LIST_FILTER_REGRESSION_024.vo","59772517c637562492b0889b08a54529f8d48d1a346367529745f5ff88aedf83"
"experiments/kernel_replay_v66_regression_maintenance/coq/V66_LIST_FILTER_REGRESSION_024.vok","e3b0c44298fc1c149afbf4c8996fb92427ae41e4649b934ca495991b7852b855"
"experiments/kernel_replay_v66_regression_maintenance/coq/V66_LIST_FILTER_REGRESSION_024.vos","e3b0c44298fc1c149afbf4c8996fb92427ae41e4649b934ca495991b7852b855"
"experiments/kernel_replay_v66_regression_maintenance/coq/V66_LIST_FILTER_REGRESSION_025.glob","bb4e24f889f434ffcdcff2e3e766104d37cf2392379ff6530cefae9a7e65d69d"
"experiments/kernel_replay_v66_regression_maintenance/coq/V66_LIST_FILTER_REGRESSION_025.v","633d1b8eecfa6a70cf74b51d9d87056a2e55b9128589a99a070f6ba241292a27"
"experiments/kernel_replay_v66_regression_maintenance/coq/V66_LIST_FILTER_REGRESSION_025.vo","95f1a828426aef0e083f242d314d9e4e06b6ce40d1c0b4aa9f2562c17b30debb"
"experiments/kernel_replay_v66_regression_maintenance/coq/V66_LIST_FILTER_REGRESSION_025.vok","e3b0c44298fc1c149afbf4c8996fb92427ae41e4649b934ca495991b7852b855"
"experiments/kernel_replay_v66_regression_maintenance/coq/V66_LIST_FILTER_REGRESSION_025.vos","e3b0c44298fc1c149afbf4c8996fb92427ae41e4649b934ca495991b7852b855"
"experiments/kernel_replay_v66_regression_maintenance/coq/V66_LIST_FILTER_REGRESSION_026.glob","9dd6dd6829cd7704852f3005a9b3d96580faf6581a3ebb976b9588de2a74d81e"
"experiments/kernel_replay_v66_regression_maintenance/coq/V66_LIST_FILTER_REGRESSION_026.v","024233f96ca2ce10579e86abc38fc8c0686950945c09dcf4739b537c22ca7a41"
"experiments/kernel_replay_v66_regression_maintenance/coq/V66_LIST_FILTER_REGRESSION_026.vo","8b30574a015295e0c8f02a0e1bcf3e9cc4f671cf1249be36d87c7c8cce3f0a55"
"experiments/kernel_replay_v66_regression_maintenance/coq/V66_LIST_FILTER_REGRESSION_026.vok","e3b0c44298fc1c149afbf4c8996fb92427ae41e4649b934ca495991b7852b855"
"experiments/kernel_replay_v66_regression_maintenance/coq/V66_LIST_FILTER_REGRESSION_026.vos","e3b0c44298fc1c149afbf4c8996fb92427ae41e4649b934ca495991b7852b855"
"experiments/kernel_replay_v66_regression_maintenance/coq/V66_LIST_FILTER_REGRESSION_027.glob","80d942a02046f050a3e3598700fc9cb44c201a0ba88df84b5f65f6acc28607f3"
"experiments/kernel_replay_v66_regression_maintenance/coq/V66_LIST_FILTER_REGRESSION_027.v","cd4db1035e46e25ebb2998ca73d48446ba5be5f1a032955bea18752c9f638c9d"
"experiments/kernel_replay_v66_regression_maintenance/coq/V66_LIST_FILTER_REGRESSION_027.vo","beef51bf83c2076c9726e608c38106a4ca97eaf3afe87af18a9a2482d1e6ec1a"
"experiments/kernel_replay_v66_regression_maintenance/coq/V66_LIST_FILTER_REGRESSION_027.vok","e3b0c44298fc1c149afbf4c8996fb92427ae41e4649b934ca495991b7852b855"
"experiments/kernel_replay_v66_regression_maintenance/coq/V66_LIST_FILTER_REGRESSION_027.vos","e3b0c44298fc1c149afbf4c8996fb92427ae41e4649b934ca495991b7852b855"
"experiments/kernel_replay_v66_regression_maintenance/coq/V66_LIST_FILTER_REGRESSION_028.glob","2953c4432998fbad1e0ec7f2bbbefa851f2015ab6396246da0b7a7d884b494fe"
"experiments/kernel_replay_v66_regression_maintenance/coq/V66_LIST_FILTER_REGRESSION_028.v","96007ccc80fe2f2234a240f71c2b550f8c71cd9dc206732702be0b44dffae263"
"experiments/kernel_replay_v66_regression_maintenance/coq/V66_LIST_FILTER_REGRESSION_028.vo","0bd9312c817df340cf0faf30218100b8b96b6a4ccf07364ae5def3ac2db7efd2"
"experiments/kernel_replay_v66_regression_maintenance/coq/V66_LIST_FILTER_REGRESSION_028.vok","e3b0c44298fc1c149afbf4c8996fb92427ae41e4649b934ca495991b7852b855"
"experiments/kernel_replay_v66_regression_maintenance/coq/V66_LIST_FILTER_REGRESSION_028.vos","e3b0c44298fc1c149afbf4c8996fb92427ae41e4649b934ca495991b7852b855"
"experiments/kernel_replay_v66_regression_maintenance/coq/V66_LIST_FILTER_REGRESSION_029.glob","faa771d345acc7c1c582a617436fb2c7a79263cb97c3fb416328d47b0546c5c3"
"experiments/kernel_replay_v66_regression_maintenance/coq/V66_LIST_FILTER_REGRESSION_029.v","4139c2e803094789788b1d019212d063af118a56bceb30e1aa6124f5b6b5e871"
"experiments/kernel_replay_v66_regression_maintenance/coq/V66_LIST_FILTER_REGRESSION_029.vo","ee3eac7abff92f1bcfb5aac8ac00425ad01a82ea9834f908b941a7966daced33"
"experiments/kernel_replay_v66_regression_maintenance/coq/V66_LIST_FILTER_REGRESSION_029.vok","e3b0c44298fc1c149afbf4c8996fb92427ae41e4649b934ca495991b7852b855"
"experiments/kernel_replay_v66_regression_maintenance/coq/V66_LIST_FILTER_REGRESSION_029.vos","e3b0c44298fc1c149afbf4c8996fb92427ae41e4649b934ca495991b7852b855"
"experiments/kernel_replay_v66_regression_maintenance/coq/V66_LIST_FILTER_REGRESSION_030.glob","ece36ffbf99706f7f1973002485b3641ea2c8d33b13a6a4bfbdde526db6faeb8"
"experiments/kernel_replay_v66_regression_maintenance/coq/V66_LIST_FILTER_REGRESSION_030.v","30a14a49e18c942025d070aa8c4c8a6fbcfe17f0f68d7887eb8c917f419a9cf3"
"experiments/kernel_replay_v66_regression_maintenance/coq/V66_LIST_FILTER_REGRESSION_030.vo","7d7cd9fbec15fa1f00a561bd9f2ec701c3e0b1eefcc233cab07a15e13c2cba4c"
"experiments/kernel_replay_v66_regression_maintenance/coq/V66_LIST_FILTER_REGRESSION_030.vok","e3b0c44298fc1c149afbf4c8996fb92427ae41e4649b934ca495991b7852b855"
"experiments/kernel_replay_v66_regression_maintenance/coq/V66_LIST_FILTER_REGRESSION_030.vos","e3b0c44298fc1c149afbf4c8996fb92427ae41e4649b934ca495991b7852b855"
"experiments/kernel_replay_v66_regression_maintenance/coq/V66_LIST_FILTER_REGRESSION_031.glob","59d6e7e150eaf494f12c8c31bf21d6193e2f241313797b1aa82b4ea37ed65538"
"experiments/kernel_replay_v66_regression_maintenance/coq/V66_LIST_FILTER_REGRESSION_031.v","2f581f15f22a6cb0a3c593ede32b5d35e66a085a288cdda7cae38d184e60276b"
"experiments/kernel_replay_v66_regression_maintenance/coq/V66_LIST_FILTER_REGRESSION_031.vo","9c1db0d50a388d98fde9173ce514ac435665b5e902213cba0ff7b01446c587ad"
"experiments/kernel_replay_v66_regression_maintenance/coq/V66_LIST_FILTER_REGRESSION_031.vok","e3b0c44298fc1c149afbf4c8996fb92427ae41e4649b934ca495991b7852b855"
"experiments/kernel_replay_v66_regression_maintenance/coq/V66_LIST_FILTER_REGRESSION_031.vos","e3b0c44298fc1c149afbf4c8996fb92427ae41e4649b934ca495991b7852b855"
"experiments/kernel_replay_v66_regression_maintenance/coq/V66_LIST_FILTER_REGRESSION_032.glob","9f168703fb2a45c0095388c9888ddab822f0638f5f5579610ab7105df51f621f"
"experiments/kernel_replay_v66_regression_maintenance/coq/V66_LIST_FILTER_REGRESSION_032.v","ec4e187522bfc43eb23c4c00afa9bce09c356925474028fb73a6984c7a4de1f4"
"experiments/kernel_replay_v66_regression_maintenance/coq/V66_LIST_FILTER_REGRESSION_032.vo","071d754576b7c12d75fd1ee34de27dbfa200b4f02b6de01d1fe6a3dbbea914e9"
"experiments/kernel_replay_v66_regression_maintenance/coq/V66_LIST_FILTER_REGRESSION_032.vok","e3b0c44298fc1c149afbf4c8996fb92427ae41e4649b934ca495991b7852b855"
"experiments/kernel_replay_v66_regression_maintenance/coq/V66_LIST_FILTER_REGRESSION_032.vos","e3b0c44298fc1c149afbf4c8996fb92427ae41e4649b934ca495991b7852b855"
"experiments/kernel_replay_v66_regression_maintenance/coq/V66_LIST_FILTER_REGRESSION_033.glob","3f9777dcc9672510d290ff6a317bc27e2bcb988cb388c757f51a01e1e225b531"
"experiments/kernel_replay_v66_regression_maintenance/coq/V66_LIST_FILTER_REGRESSION_033.v","1295e53325f0bbaa1e1e3ef835bcd1eb4471fdc54145dd1f14817a2740bbf06c"
"experiments/kernel_replay_v66_regression_maintenance/coq/V66_LIST_FILTER_REGRESSION_033.vo","a85aac1c61049b1d938dceb4d342ca50fd1761eb7a423b1e5ea709fd424a478d"
"experiments/kernel_replay_v66_regression_maintenance/coq/V66_LIST_FILTER_REGRESSION_033.vok","e3b0c44298fc1c149afbf4c8996fb92427ae41e4649b934ca495991b7852b855"
"experiments/kernel_replay_v66_regression_maintenance/coq/V66_LIST_FILTER_REGRESSION_033.vos","e3b0c44298fc1c149afbf4c8996fb92427ae41e4649b934ca495991b7852b855"
"experiments/kernel_replay_v66_regression_maintenance/coq/V66_LIST_FILTER_REGRESSION_034.glob","fba1e86bddb8b60180b20e89ef3258ee5516c00d72ad8bf5d73a80af9e8486a9"
"experiments/kernel_replay_v66_regression_maintenance/coq/V66_LIST_FILTER_REGRESSION_034.v","2fd488ffd69aa3b462082d07cf89c4bba60190f1cc811a1b219a424457630012"
"experiments/kernel_replay_v66_regression_maintenance/coq/V66_LIST_FILTER_REGRESSION_034.vo","39144df781f247499166a3d3e33fe36b0a007c17cebd61b1565b3500c7e36e2f"
"experiments/kernel_replay_v66_regression_maintenance/coq/V66_LIST_FILTER_REGRESSION_034.vok","e3b0c44298fc1c149afbf4c8996fb92427ae41e4649b934ca495991b7852b855"
"experiments/kernel_replay_v66_regression_maintenance/coq/V66_LIST_FILTER_REGRESSION_034.vos","e3b0c44298fc1c149afbf4c8996fb92427ae41e4649b934ca495991b7852b855"
"experiments/kernel_replay_v66_regression_maintenance/coq/V66_LIST_FILTER_REGRESSION_035.glob","ea9273dbf43406bb716d950d66cce987083153dc67debc3612768b68afdbbe1a"
"experiments/kernel_replay_v66_regression_maintenance/coq/V66_LIST_FILTER_REGRESSION_035.v","6ab9d246223182e20e8dfe9c7d8908a7b975d0dc5db60e2cdbe65d8d906c453c"
"experiments/kernel_replay_v66_regression_maintenance/coq/V66_LIST_FILTER_REGRESSION_035.vo","de32c56a9067bb80520fc564c235336f0aba0744227966eaf2d93552cf763aad"
"experiments/kernel_replay_v66_regression_maintenance/coq/V66_LIST_FILTER_REGRESSION_035.vok","e3b0c44298fc1c149afbf4c8996fb92427ae41e4649b934ca495991b7852b855"
"experiments/kernel_replay_v66_regression_maintenance/coq/V66_LIST_FILTER_REGRESSION_035.vos","e3b0c44298fc1c149afbf4c8996fb92427ae41e4649b934ca495991b7852b855"
"experiments/kernel_replay_v66_regression_maintenance/coq/V66_LIST_FILTER_REGRESSION_036.glob","fd3ad776664d37dbfbc01c7e0b23674875a63cddc91adacb202c334b92b24cd9"
"experiments/kernel_replay_v66_regression_maintenance/coq/V66_LIST_FILTER_REGRESSION_036.v","2176b385438346966e91e1843b38a97135e3bac8f344a165f1a1f3c4137bd2fa"
"experiments/kernel_replay_v66_regression_maintenance/coq/V66_LIST_FILTER_REGRESSION_036.vo","25031202e0d98994f370fedc88ef51ef14f65c4a601cfa58aa157ca004c6b0e5"
"experiments/kernel_replay_v66_regression_maintenance/coq/V66_LIST_FILTER_REGRESSION_036.vok","e3b0c44298fc1c149afbf4c8996fb92427ae41e4649b934ca495991b7852b855"
"experiments/kernel_replay_v66_regression_maintenance/coq/V66_LIST_FILTER_REGRESSION_036.vos","e3b0c44298fc1c149afbf4c8996fb92427ae41e4649b934ca495991b7852b855"
"experiments/kernel_replay_v66_regression_maintenance/coq/V66_LIST_FILTER_REGRESSION_037.glob","03f6c1ab0ffb1b4239f38e141b7b96a4bf5ee6cd6c3846c4ec68bcc2198773a2"
"experiments/kernel_replay_v66_regression_maintenance/coq/V66_LIST_FILTER_REGRESSION_037.v","7a5a8b68c7ccf80fa8d4c1bd5ab471154e2bdeeb4a126aa74932facb2dc10a40"
"experiments/kernel_replay_v66_regression_maintenance/coq/V66_LIST_FILTER_REGRESSION_037.vo","02b6cd7f7b803e3bab362b35bc132dca91060a6ee6c4ef982a6dc993f2efb72c"
"experiments/kernel_replay_v66_regression_maintenance/coq/V66_LIST_FILTER_REGRESSION_037.vok","e3b0c44298fc1c149afbf4c8996fb92427ae41e4649b934ca495991b7852b855"
"experiments/kernel_replay_v66_regression_maintenance/coq/V66_LIST_FILTER_REGRESSION_037.vos","e3b0c44298fc1c149afbf4c8996fb92427ae41e4649b934ca495991b7852b855"
"experiments/kernel_replay_v66_regression_maintenance/coq/V66_LIST_FILTER_REGRESSION_038.glob","ead869de2f67aa70bced94b02231f23401608019231745d953fa6857fdcb6cff"
"experiments/kernel_replay_v66_regression_maintenance/coq/V66_LIST_FILTER_REGRESSION_038.v","56778a2b5baf1292582378f80ed9647e245ed9f376d510052de42d3d42b44394"
"experiments/kernel_replay_v66_regression_maintenance/coq/V66_LIST_FILTER_REGRESSION_038.vo","484de98195a3aa8203899ddfe3238f43055ad00775affae21b04a577702e7a35"
"experiments/kernel_replay_v66_regression_maintenance/coq/V66_LIST_FILTER_REGRESSION_038.vok","e3b0c44298fc1c149afbf4c8996fb92427ae41e4649b934ca495991b7852b855"
"experiments/kernel_replay_v66_regression_maintenance/coq/V66_LIST_FILTER_REGRESSION_038.vos","e3b0c44298fc1c149afbf4c8996fb92427ae41e4649b934ca495991b7852b855"
"experiments/kernel_replay_v66_regression_maintenance/coq/V66_LIST_FILTER_REGRESSION_039.glob","ce1f285827919d31cb9dcf245c67ef6ff2ec0549528c85374d4274397619e610"
"experiments/kernel_replay_v66_regression_maintenance/coq/V66_LIST_FILTER_REGRESSION_039.v","fd24a8446db5325217c8d5395d62664e62da5665fd37ee15e2f801b247a904fc"
"experiments/kernel_replay_v66_regression_maintenance/coq/V66_LIST_FILTER_REGRESSION_039.vo","0b3233fadc2d759401d25cdc94efa0ce9c6c4950b3c79fb258de49d97556f05b"
"experiments/kernel_replay_v66_regression_maintenance/coq/V66_LIST_FILTER_REGRESSION_039.vok","e3b0c44298fc1c149afbf4c8996fb92427ae41e4649b934ca495991b7852b855"
"experiments/kernel_replay_v66_regression_maintenance/coq/V66_LIST_FILTER_REGRESSION_039.vos","e3b0c44298fc1c149afbf4c8996fb92427ae41e4649b934ca495991b7852b855"
"experiments/kernel_replay_v66_regression_maintenance/coq/V66_LIST_FILTER_REGRESSION_040.glob","c45c765909ba6027142c252cd957ca87cd675826a2588b518e395bd8e9f23a5b"
"experiments/kernel_replay_v66_regression_maintenance/coq/V66_LIST_FILTER_REGRESSION_040.v","93266590e6ac29990077886729216a87c0ef9987257675819e680b7fc66256a5"
"experiments/kernel_replay_v66_regression_maintenance/coq/V66_LIST_FILTER_REGRESSION_040.vo","9d7cc3bdb1a5a669c44f6bc3e62da1ab1c13662f5a7052bbd6988873fac17410"
"experiments/kernel_replay_v66_regression_maintenance/coq/V66_LIST_FILTER_REGRESSION_040.vok","e3b0c44298fc1c149afbf4c8996fb92427ae41e4649b934ca495991b7852b855"
"experiments/kernel_replay_v66_regression_maintenance/coq/V66_LIST_FILTER_REGRESSION_040.vos","e3b0c44298fc1c149afbf4c8996fb92427ae41e4649b934ca495991b7852b855"
"experiments/kernel_replay_v66_regression_maintenance/coq/V66_LIST_FILTER_REGRESSION_041.glob","5b4cf8f4911392b3325fe00dc6904eaf44100335d075f6e8ed7416dbd632d1a0"
"experiments/kernel_replay_v66_regression_maintenance/coq/V66_LIST_FILTER_REGRESSION_041.v","888c6a2dd710f530fc6c41ae2ba0eade3b1e6f6bc20f8b8e78f36ba48abb8176"
"experiments/kernel_replay_v66_regression_maintenance/coq/V66_LIST_FILTER_REGRESSION_041.vo","30f7483ea0f6d29e961b307bf5b8f943abc2843c946bac388c32b18470acc1b7"
"experiments/kernel_replay_v66_regression_maintenance/coq/V66_LIST_FILTER_REGRESSION_041.vok","e3b0c44298fc1c149afbf4c8996fb92427ae41e4649b934ca495991b7852b855"
"experiments/kernel_replay_v66_regression_maintenance/coq/V66_LIST_FILTER_REGRESSION_041.vos","e3b0c44298fc1c149afbf4c8996fb92427ae41e4649b934ca495991b7852b855"
"experiments/kernel_replay_v66_regression_maintenance/coq/V66_LIST_FILTER_REGRESSION_042.glob","7ee16e827bef5c2a1807561c74830853b8bb088388c86ce808c128ed9f22acf9"
"experiments/kernel_replay_v66_regression_maintenance/coq/V66_LIST_FILTER_REGRESSION_042.v","57c72c7dc354e483e8a4b5478a5d19674ff43a423c7e16f99014720eb8061e67"
"experiments/kernel_replay_v66_regression_maintenance/coq/V66_LIST_FILTER_REGRESSION_042.vo","d116ad5825ca14272bc49bfd8917fa540e6182fb3932fdb52756d39328c84256"
"experiments/kernel_replay_v66_regression_maintenance/coq/V66_LIST_FILTER_REGRESSION_042.vok","e3b0c44298fc1c149afbf4c8996fb92427ae41e4649b934ca495991b7852b855"
"experiments/kernel_replay_v66_regression_maintenance/coq/V66_LIST_FILTER_REGRESSION_042.vos","e3b0c44298fc1c149afbf4c8996fb92427ae41e4649b934ca495991b7852b855"
"experiments/kernel_replay_v66_regression_maintenance/coq/V66_LIST_FILTER_REGRESSION_043.glob","57332fad0c3a74879ce0c3b1db160e964d1fd7995d9b2da64baaa718a0f71471"
"experiments/kernel_replay_v66_regression_maintenance/coq/V66_LIST_FILTER_REGRESSION_043.v","53baaf885166b333ba6e776f3c0fa55ac512fb1c93477a44232772babc4b8b17"
"experiments/kernel_replay_v66_regression_maintenance/coq/V66_LIST_FILTER_REGRESSION_043.vo","1aa4ea2572b753a8a489be6dd4adb5cb84be46446b2db1dd4ad6a7b7a3ff8e9f"
"experiments/kernel_replay_v66_regression_maintenance/coq/V66_LIST_FILTER_REGRESSION_043.vok","e3b0c44298fc1c149afbf4c8996fb92427ae41e4649b934ca495991b7852b855"
"experiments/kernel_replay_v66_regression_maintenance/coq/V66_LIST_FILTER_REGRESSION_043.vos","e3b0c44298fc1c149afbf4c8996fb92427ae41e4649b934ca495991b7852b855"
"experiments/kernel_replay_v66_regression_maintenance/coq/V66_LIST_FILTER_REGRESSION_044.glob","f53be9db085f1e301436c21effd55b78090a8446f567e41afa9d31a4f8bc79a2"
"experiments/kernel_replay_v66_regression_maintenance/coq/V66_LIST_FILTER_REGRESSION_044.v","1a524a1d536ef495d17c111c120625a889333dea37f299c5a047662fddc9e3ad"
"experiments/kernel_replay_v66_regression_maintenance/coq/V66_LIST_FILTER_REGRESSION_044.vo","3d3eb2e80283c801d57fa8b555b201a3810fbe5d39d636823d07cb73d5d713af"
"experiments/kernel_replay_v66_regression_maintenance/coq/V66_LIST_FILTER_REGRESSION_044.vok","e3b0c44298fc1c149afbf4c8996fb92427ae41e4649b934ca495991b7852b855"
"experiments/kernel_replay_v66_regression_maintenance/coq/V66_LIST_FILTER_REGRESSION_044.vos","e3b0c44298fc1c149afbf4c8996fb92427ae41e4649b934ca495991b7852b855"
"experiments/kernel_replay_v66_regression_maintenance/coq/V66_LIST_FILTER_REGRESSION_045.glob","5b7012cac0ab3d2fb4ad83f82f7e937d83bcda5cbcca3e0c75b6cf3d75e31162"
"experiments/kernel_replay_v66_regression_maintenance/coq/V66_LIST_FILTER_REGRESSION_045.v","160b14df7bfdcf74f015727826c3eed00796aa524fb1936710a8cd8d99206500"
"experiments/kernel_replay_v66_regression_maintenance/coq/V66_LIST_FILTER_REGRESSION_045.vo","8ad604e85746923fec22ccc1f6014a6cdee0163ea248a55c7937b125d6afb4ff"
"experiments/kernel_replay_v66_regression_maintenance/coq/V66_LIST_FILTER_REGRESSION_045.vok","e3b0c44298fc1c149afbf4c8996fb92427ae41e4649b934ca495991b7852b855"
"experiments/kernel_replay_v66_regression_maintenance/coq/V66_LIST_FILTER_REGRESSION_045.vos","e3b0c44298fc1c149afbf4c8996fb92427ae41e4649b934ca495991b7852b855"
"experiments/kernel_replay_v66_regression_maintenance/coq/V66_LIST_FILTER_REGRESSION_046.glob","3525f6bbdeee877b8570ba33e9e7a504c01b28659e60cdd70fa19f887de714cf"
"experiments/kernel_replay_v66_regression_maintenance/coq/V66_LIST_FILTER_REGRESSION_046.v","8951b0c37b607d1f4a3a6a7802dd17d6875d66d3b4bb4325aa3b5cf5a5e1491b"
"experiments/kernel_replay_v66_regression_maintenance/coq/V66_LIST_FILTER_REGRESSION_046.vo","6139c00bee9683e894c8839eb7c8cb9fc7f09217c0608119bd7a70b7042610de"
"experiments/kernel_replay_v66_regression_maintenance/coq/V66_LIST_FILTER_REGRESSION_046.vok","e3b0c44298fc1c149afbf4c8996fb92427ae41e4649b934ca495991b7852b855"
"experiments/kernel_replay_v66_regression_maintenance/coq/V66_LIST_FILTER_REGRESSION_046.vos","e3b0c44298fc1c149afbf4c8996fb92427ae41e4649b934ca495991b7852b855"
"experiments/kernel_replay_v66_regression_maintenance/coq/V66_LIST_FILTER_REGRESSION_047.glob","46559a75d51aef7c67e2d1d7057338d46929477032243ec3cad5681b13e189f9"
"experiments/kernel_replay_v66_regression_maintenance/coq/V66_LIST_FILTER_REGRESSION_047.v","d025ec334a2e16998c65f6160312cce61c587ec50e7c2bf2a54b99f8ce4f0ee5"
"experiments/kernel_replay_v66_regression_maintenance/coq/V66_LIST_FILTER_REGRESSION_047.vo","3f3960278ac5ab8b0d7e8ab74c561f7f0d90628c3fabf16f74c76cd7aa6a3072"
"experiments/kernel_replay_v66_regression_maintenance/coq/V66_LIST_FILTER_REGRESSION_047.vok","e3b0c44298fc1c149afbf4c8996fb92427ae41e4649b934ca495991b7852b855"
"experiments/kernel_replay_v66_regression_maintenance/coq/V66_LIST_FILTER_REGRESSION_047.vos","e3b0c44298fc1c149afbf4c8996fb92427ae41e4649b934ca495991b7852b855"
"experiments/kernel_replay_v66_regression_maintenance/coq/V66_LIST_FILTER_REGRESSION_048.glob","e569fd75d71db91c1f740f71c95236c81655bfc6bda4577d98167466843945b6"
"experiments/kernel_replay_v66_regression_maintenance/coq/V66_LIST_FILTER_REGRESSION_048.v","ab2c78cf5c99390109e75e0abb0b19765c84b7567882eb641ee9b49969a5d45b"
"experiments/kernel_replay_v66_regression_maintenance/coq/V66_LIST_FILTER_REGRESSION_048.vo","99f7d412866c894b46a6ea65b27eb5defba4d375e71631195eb47bdb556be7fd"
"experiments/kernel_replay_v66_regression_maintenance/coq/V66_LIST_FILTER_REGRESSION_048.vok","e3b0c44298fc1c149afbf4c8996fb92427ae41e4649b934ca495991b7852b855"
"experiments/kernel_replay_v66_regression_maintenance/coq/V66_LIST_FILTER_REGRESSION_048.vos","e3b0c44298fc1c149afbf4c8996fb92427ae41e4649b934ca495991b7852b855"
"experiments/kernel_replay_v66_regression_maintenance/coq/V66_LIST_FILTER_REGRESSION_049.glob","964dcd18b9356888e390ec8d2d5e1c7e563ad5cc3dce4bb7c60401932e8dd138"
"experiments/kernel_replay_v66_regression_maintenance/coq/V66_LIST_FILTER_REGRESSION_049.v","b09a2fd835e737a32797b3a7876d7edab70d04c1db8b16fbf7b42c0812e55c7b"
"experiments/kernel_replay_v66_regression_maintenance/coq/V66_LIST_FILTER_REGRESSION_049.vo","674c5dfac184e5ac36deee0299a088bbd6411524418a3bdd4bc5d080d1c0b199"
"experiments/kernel_replay_v66_regression_maintenance/coq/V66_LIST_FILTER_REGRESSION_049.vok","e3b0c44298fc1c149afbf4c8996fb92427ae41e4649b934ca495991b7852b855"
"experiments/kernel_replay_v66_regression_maintenance/coq/V66_LIST_FILTER_REGRESSION_049.vos","e3b0c44298fc1c149afbf4c8996fb92427ae41e4649b934ca495991b7852b855"
"experiments/kernel_replay_v66_regression_maintenance/coq/V66_LIST_FILTER_REGRESSION_050.glob","dfb936ebb724ad8b3a153ed9fc114fef3f0ae8b5f57b35847ab0def1b749d56f"
"experiments/kernel_replay_v66_regression_maintenance/coq/V66_LIST_FILTER_REGRESSION_050.v","83a0542e4ebaafe5835e816712de5c2d4f17ef61d568e3dbada6ab2fc3c83d59"
"experiments/kernel_replay_v66_regression_maintenance/coq/V66_LIST_FILTER_REGRESSION_050.vo","4b0f35ff2029dd14d550a41734b624f54a3c5297ddca941c4c67aa744f8d51da"
"experiments/kernel_replay_v66_regression_maintenance/coq/V66_LIST_FILTER_REGRESSION_050.vok","e3b0c44298fc1c149afbf4c8996fb92427ae41e4649b934ca495991b7852b855"
"experiments/kernel_replay_v66_regression_maintenance/coq/V66_LIST_FILTER_REGRESSION_050.vos","e3b0c44298fc1c149afbf4c8996fb92427ae41e4649b934ca495991b7852b855"
"experiments/kernel_replay_v66_regression_maintenance/coq/V66_LIST_FILTER_REGRESSION_051.glob","0d894b14b9c24f220a2a05ece6cacb895e2f625142166fb30dc4737797a602aa"
"experiments/kernel_replay_v66_regression_maintenance/coq/V66_LIST_FILTER_REGRESSION_051.v","047836e6e948d6f55270d29ae4900f04e19a1cf7120a0af34274a149b932f13d"
"experiments/kernel_replay_v66_regression_maintenance/coq/V66_LIST_FILTER_REGRESSION_051.vo","3ad7f0ee043e2dbfee55ca0a74220d1179d5997ec18dac3592eb5dca10abe76c"
"experiments/kernel_replay_v66_regression_maintenance/coq/V66_LIST_FILTER_REGRESSION_051.vok","e3b0c44298fc1c149afbf4c8996fb92427ae41e4649b934ca495991b7852b855"
"experiments/kernel_replay_v66_regression_maintenance/coq/V66_LIST_FILTER_REGRESSION_051.vos","e3b0c44298fc1c149afbf4c8996fb92427ae41e4649b934ca495991b7852b855"
"experiments/kernel_replay_v66_regression_maintenance/coq/V66_LIST_FILTER_REGRESSION_052.glob","4f616c700cf6b191daba3ffd7acadc79320b206ce996f24cf7c3887bbf043cc6"
"experiments/kernel_replay_v66_regression_maintenance/coq/V66_LIST_FILTER_REGRESSION_052.v","2a44f7f1a3d440aa3310f616f8b0d84fa42e9988f6812ac1134eae14b1fc3c75"
"experiments/kernel_replay_v66_regression_maintenance/coq/V66_LIST_FILTER_REGRESSION_052.vo","8f2885ac0f529d79d0fe7598c9b3f7708f2f7c64994e1705501dd4b8dd3037f7"
"experiments/kernel_replay_v66_regression_maintenance/coq/V66_LIST_FILTER_REGRESSION_052.vok","e3b0c44298fc1c149afbf4c8996fb92427ae41e4649b934ca495991b7852b855"
"experiments/kernel_replay_v66_regression_maintenance/coq/V66_LIST_FILTER_REGRESSION_052.vos","e3b0c44298fc1c149afbf4c8996fb92427ae41e4649b934ca495991b7852b855"
"experiments/kernel_replay_v66_regression_maintenance/coq/V66_LIST_FILTER_REGRESSION_053.glob","d70baef42dfa08607ea391f0a0609ae5c20dbc81a28e40afcc140342e1e31edb"
"experiments/kernel_replay_v66_regression_maintenance/coq/V66_LIST_FILTER_REGRESSION_053.v","9f45786f65694bda8329eb0c7ec2e7ff195a9e1085138a89ce57b1461b396aa9"
"experiments/kernel_replay_v66_regression_maintenance/coq/V66_LIST_FILTER_REGRESSION_053.vo","a05f3ecf3088cfce9011cc29fa27ec7c30dc13cd5e050dc2946f7caf1d4df136"
"experiments/kernel_replay_v66_regression_maintenance/coq/V66_LIST_FILTER_REGRESSION_053.vok","e3b0c44298fc1c149afbf4c8996fb92427ae41e4649b934ca495991b7852b855"
"experiments/kernel_replay_v66_regression_maintenance/coq/V66_LIST_FILTER_REGRESSION_053.vos","e3b0c44298fc1c149afbf4c8996fb92427ae41e4649b934ca495991b7852b855"
"experiments/kernel_replay_v66_regression_maintenance/coq/V66_LIST_FILTER_REGRESSION_054.glob","80af5a31618269cb9ae38f69031b079925636785c71998eb66e3cddfdb767690"
"experiments/kernel_replay_v66_regression_maintenance/coq/V66_LIST_FILTER_REGRESSION_054.v","373a05ba615548c405c6d4627eddb2822715ea103ff520a62d32c3576f5676f7"
"experiments/kernel_replay_v66_regression_maintenance/coq/V66_LIST_FILTER_REGRESSION_054.vo","10b6b04258e2ba1032283c27f1292a6e64892f45a02fec048d5c251133d53a56"
"experiments/kernel_replay_v66_regression_maintenance/coq/V66_LIST_FILTER_REGRESSION_054.vok","e3b0c44298fc1c149afbf4c8996fb92427ae41e4649b934ca495991b7852b855"
"experiments/kernel_replay_v66_regression_maintenance/coq/V66_LIST_FILTER_REGRESSION_054.vos","e3b0c44298fc1c149afbf4c8996fb92427ae41e4649b934ca495991b7852b855"
"experiments/kernel_replay_v66_regression_maintenance/coq/V66_LIST_FILTER_REGRESSION_055.glob","fb6c4e53e97940e801f08f3d6687e1aa5ad0d567d51ea5e21f540fa55722df62"
"experiments/kernel_replay_v66_regression_maintenance/coq/V66_LIST_FILTER_REGRESSION_055.v","8cc3b6c3ba3f3b1668677db027fd980c25d66627d9965c3e2e116373318dc92f"
"experiments/kernel_replay_v66_regression_maintenance/coq/V66_LIST_FILTER_REGRESSION_055.vo","11865ef9b41fd9380cf616981ffc680399ca22050beb28e6ee452e2859299092"
"experiments/kernel_replay_v66_regression_maintenance/coq/V66_LIST_FILTER_REGRESSION_055.vok","e3b0c44298fc1c149afbf4c8996fb92427ae41e4649b934ca495991b7852b855"
"experiments/kernel_replay_v66_regression_maintenance/coq/V66_LIST_FILTER_REGRESSION_055.vos","e3b0c44298fc1c149afbf4c8996fb92427ae41e4649b934ca495991b7852b855"
"experiments/kernel_replay_v66_regression_maintenance/coq/V66_LIST_FILTER_REGRESSION_056.glob","19962a60743503a27b8079f2d331ad6342740edaaadebed1e917ee7a07ed2080"
"experiments/kernel_replay_v66_regression_maintenance/coq/V66_LIST_FILTER_REGRESSION_056.v","f338a9fb2b48c8f477f95f44f8bf4e6b909550872f992459efd7ebb9e57beeb0"
"experiments/kernel_replay_v66_regression_maintenance/coq/V66_LIST_FILTER_REGRESSION_056.vo","deb138909d3c51b495456f49606024a4a1f6bdafdb0a590d07599e44dd74088d"
"experiments/kernel_replay_v66_regression_maintenance/coq/V66_LIST_FILTER_REGRESSION_056.vok","e3b0c44298fc1c149afbf4c8996fb92427ae41e4649b934ca495991b7852b855"
"experiments/kernel_replay_v66_regression_maintenance/coq/V66_LIST_FILTER_REGRESSION_056.vos","e3b0c44298fc1c149afbf4c8996fb92427ae41e4649b934ca495991b7852b855"
"experiments/kernel_replay_v66_regression_maintenance/coq/V66_LIST_FILTER_REGRESSION_057.glob","ab0d0c1eb969bedc3e39ac6b45a2c7a40d6b9a6e6d5bc28307a9a0c557d63818"
"experiments/kernel_replay_v66_regression_maintenance/coq/V66_LIST_FILTER_REGRESSION_057.v","f2536dda18d65be32748a1163fa86d5216eeadc67c0850570554ebcf8b4d09cb"
"experiments/kernel_replay_v66_regression_maintenance/coq/V66_LIST_FILTER_REGRESSION_057.vo","a27f7d85f0e61835b02340b9c6a2e6dd8bace28bfb2079349e45bf7f432d0229"
"experiments/kernel_replay_v66_regression_maintenance/coq/V66_LIST_FILTER_REGRESSION_057.vok","e3b0c44298fc1c149afbf4c8996fb92427ae41e4649b934ca495991b7852b855"
"experiments/kernel_replay_v66_regression_maintenance/coq/V66_LIST_FILTER_REGRESSION_057.vos","e3b0c44298fc1c149afbf4c8996fb92427ae41e4649b934ca495991b7852b855"
"experiments/kernel_replay_v66_regression_maintenance/coq/V66_LIST_FILTER_REGRESSION_058.glob","0c94d3cd81e729c839e468ad2619a00ad7ae4ab65ef4568c14ab73db8cb30c5f"
"experiments/kernel_replay_v66_regression_maintenance/coq/V66_LIST_FILTER_REGRESSION_058.v","772c1427f5200b6de46f31756bf6c74d21580577604c040d6685dba93b73150e"
"experiments/kernel_replay_v66_regression_maintenance/coq/V66_LIST_FILTER_REGRESSION_058.vo","38ebd7d6ad52ba9ec9f52d20b40c849981a5f0d7fdd692db29980c8fa827940a"
"experiments/kernel_replay_v66_regression_maintenance/coq/V66_LIST_FILTER_REGRESSION_058.vok","e3b0c44298fc1c149afbf4c8996fb92427ae41e4649b934ca495991b7852b855"
"experiments/kernel_replay_v66_regression_maintenance/coq/V66_LIST_FILTER_REGRESSION_058.vos","e3b0c44298fc1c149afbf4c8996fb92427ae41e4649b934ca495991b7852b855"
"experiments/kernel_replay_v66_regression_maintenance/coq/V66_LIST_FILTER_REGRESSION_059.glob","e1eb2601d29f183e6e4b243125615725e5c88f09ed71045210e5ca8164f72d3b"
"experiments/kernel_replay_v66_regression_maintenance/coq/V66_LIST_FILTER_REGRESSION_059.v","bed7eb27d7ec34d80db025748d671b7c68476f4e99245b14e5fbe796b57dea62"
"experiments/kernel_replay_v66_regression_maintenance/coq/V66_LIST_FILTER_REGRESSION_059.vo","736803a5e518ee638dcf3ccba9c049f6702fe78f016e21b52321eb6c809e1ac6"
"experiments/kernel_replay_v66_regression_maintenance/coq/V66_LIST_FILTER_REGRESSION_059.vok","e3b0c44298fc1c149afbf4c8996fb92427ae41e4649b934ca495991b7852b855"
"experiments/kernel_replay_v66_regression_maintenance/coq/V66_LIST_FILTER_REGRESSION_059.vos","e3b0c44298fc1c149afbf4c8996fb92427ae41e4649b934ca495991b7852b855"
"experiments/kernel_replay_v66_regression_maintenance/coq/V66_LIST_FILTER_REGRESSION_060.glob","9ae2edd670dd6556a086d3ef5243ce3713c67f9e4ba2f6a3dff95ab37006ab6b"
"experiments/kernel_replay_v66_regression_maintenance/coq/V66_LIST_FILTER_REGRESSION_060.v","d9de8372e4d99c940cc6cf1a7563b993d4a86698bd9c67e754b1eb0e6c43ceea"
"experiments/kernel_replay_v66_regression_maintenance/coq/V66_LIST_FILTER_REGRESSION_060.vo","f94ebb8d52b3f01de7b5b091070a7658827cbf8454b54427b40b6353d2ed6ec5"
"experiments/kernel_replay_v66_regression_maintenance/coq/V66_LIST_FILTER_REGRESSION_060.vok","e3b0c44298fc1c149afbf4c8996fb92427ae41e4649b934ca495991b7852b855"
"experiments/kernel_replay_v66_regression_maintenance/coq/V66_LIST_FILTER_REGRESSION_060.vos","e3b0c44298fc1c149afbf4c8996fb92427ae41e4649b934ca495991b7852b855"
"experiments/kernel_replay_v66_regression_maintenance/coq/V66_LIST_MAP_REGRESSION_001.glob","7fa2714302511850a07519c5d7e78bbec4fa4423b16f15d90b2573c4ee7edd46"
"experiments/kernel_replay_v66_regression_maintenance/coq/V66_LIST_MAP_REGRESSION_001.v","0615cf66c1c117823e4b5da120ba2a70002024a6306d1af8499eeaae296be773"
"experiments/kernel_replay_v66_regression_maintenance/coq/V66_LIST_MAP_REGRESSION_001.vo","5f6c710dbeb6f319636a9d5be98c2bb2edbc5cb0fd8b77fb0b9ef7ac2a7526cf"
"experiments/kernel_replay_v66_regression_maintenance/coq/V66_LIST_MAP_REGRESSION_001.vok","e3b0c44298fc1c149afbf4c8996fb92427ae41e4649b934ca495991b7852b855"
"experiments/kernel_replay_v66_regression_maintenance/coq/V66_LIST_MAP_REGRESSION_001.vos","e3b0c44298fc1c149afbf4c8996fb92427ae41e4649b934ca495991b7852b855"
"experiments/kernel_replay_v66_regression_maintenance/coq/V66_LIST_MAP_REGRESSION_002.glob","826770f0c5fb3bd45b2520cf4a4f2abf078db5c7dce5700478d74ef069904931"
"experiments/kernel_replay_v66_regression_maintenance/coq/V66_LIST_MAP_REGRESSION_002.v","cc7fc469d13f2103413938f9568c8fbc2a43ae479fc9f01498abd7cbd1c01f58"
"experiments/kernel_replay_v66_regression_maintenance/coq/V66_LIST_MAP_REGRESSION_002.vo","30dfe3d03232598eba94643ca5e7d27304064186476e6d86e78264cd3c9b864d"
"experiments/kernel_replay_v66_regression_maintenance/coq/V66_LIST_MAP_REGRESSION_002.vok","e3b0c44298fc1c149afbf4c8996fb92427ae41e4649b934ca495991b7852b855"
"experiments/kernel_replay_v66_regression_maintenance/coq/V66_LIST_MAP_REGRESSION_002.vos","e3b0c44298fc1c149afbf4c8996fb92427ae41e4649b934ca495991b7852b855"
"experiments/kernel_replay_v66_regression_maintenance/coq/V66_LIST_MAP_REGRESSION_003.glob","15b7cf27ab91231496d0ecb0059fe1435be9d40db8d1595239b1e6688596346b"
"experiments/kernel_replay_v66_regression_maintenance/coq/V66_LIST_MAP_REGRESSION_003.v","b0b88d8c48d0957d48e85b5a42c420a36cfa850b1891209848e25521ab6fcae0"
"experiments/kernel_replay_v66_regression_maintenance/coq/V66_LIST_MAP_REGRESSION_003.vo","741e639aa2609f4cf24e80f6b444f95fce8bee4f95469e0f9981f6c043260c5e"
"experiments/kernel_replay_v66_regression_maintenance/coq/V66_LIST_MAP_REGRESSION_003.vok","e3b0c44298fc1c149afbf4c8996fb92427ae41e4649b934ca495991b7852b855"
"experiments/kernel_replay_v66_regression_maintenance/coq/V66_LIST_MAP_REGRESSION_003.vos","e3b0c44298fc1c149afbf4c8996fb92427ae41e4649b934ca495991b7852b855"
"experiments/kernel_replay_v66_regression_maintenance/coq/V66_LIST_MAP_REGRESSION_004.glob","6db532671d23735637dd77905ab8dda3b1b4cd84b14cff0f65bd2e6ba6ec5a00"
"experiments/kernel_replay_v66_regression_maintenance/coq/V66_LIST_MAP_REGRESSION_004.v","59ab6a226855bef3de62c94884de3cbda82078d0912d59e64779d2b0b3b41a93"
"experiments/kernel_replay_v66_regression_maintenance/coq/V66_LIST_MAP_REGRESSION_004.vo","2505b47e863ce1f84a2449b4f03cb68ef685c8a2aad9813b12984cfe3f9d503e"
"experiments/kernel_replay_v66_regression_maintenance/coq/V66_LIST_MAP_REGRESSION_004.vok","e3b0c44298fc1c149afbf4c8996fb92427ae41e4649b934ca495991b7852b855"
"experiments/kernel_replay_v66_regression_maintenance/coq/V66_LIST_MAP_REGRESSION_004.vos","e3b0c44298fc1c149afbf4c8996fb92427ae41e4649b934ca495991b7852b855"
"experiments/kernel_replay_v66_regression_maintenance/coq/V66_LIST_MAP_REGRESSION_005.glob","bd287c421e271ae84acde0673468df0a9ad58b557e06078f39cd53a3c16a8922"
"experiments/kernel_replay_v66_regression_maintenance/coq/V66_LIST_MAP_REGRESSION_005.v","7e1b8aa041b9d4a9ddfba1b7180a441e1e2c4643cfe1bfa26e585fa68a918e55"
"experiments/kernel_replay_v66_regression_maintenance/coq/V66_LIST_MAP_REGRESSION_005.vo","dbd04438b5cf92e8933edb2f1698c546fe323c2f8029c6c61a6900da6d44ebb5"
"experiments/kernel_replay_v66_regression_maintenance/coq/V66_LIST_MAP_REGRESSION_005.vok","e3b0c44298fc1c149afbf4c8996fb92427ae41e4649b934ca495991b7852b855"
"experiments/kernel_replay_v66_regression_maintenance/coq/V66_LIST_MAP_REGRESSION_005.vos","e3b0c44298fc1c149afbf4c8996fb92427ae41e4649b934ca495991b7852b855"
"experiments/kernel_replay_v66_regression_maintenance/coq/V66_LIST_MAP_REGRESSION_006.glob","91e54d5d67a18e94a7ef85ec8b815e495573e4952bd56e71be635fa08ba48cdf"
"experiments/kernel_replay_v66_regression_maintenance/coq/V66_LIST_MAP_REGRESSION_006.v","2476204d25dfb54df9637e4760e1dc799201135081bcd481dae5e6731eadf7ce"
"experiments/kernel_replay_v66_regression_maintenance/coq/V66_LIST_MAP_REGRESSION_006.vo","7bffd87dadae6977617f61bfe269b6ece1b560a8434e14fd2cc3bd4e5598c9b7"
"experiments/kernel_replay_v66_regression_maintenance/coq/V66_LIST_MAP_REGRESSION_006.vok","e3b0c44298fc1c149afbf4c8996fb92427ae41e4649b934ca495991b7852b855"
"experiments/kernel_replay_v66_regression_maintenance/coq/V66_LIST_MAP_REGRESSION_006.vos","e3b0c44298fc1c149afbf4c8996fb92427ae41e4649b934ca495991b7852b855"
"experiments/kernel_replay_v66_regression_maintenance/coq/V66_LIST_MAP_REGRESSION_007.glob","9805d45661a99ba6f80ccc05c4620effed75a6c5467f6c4456ab35b103a4856b"
"experiments/kernel_replay_v66_regression_maintenance/coq/V66_LIST_MAP_REGRESSION_007.v","13a0cb866a23f65d2a776f0564cebe69bb0b5b32275dba64818596a1b3b27889"
"experiments/kernel_replay_v66_regression_maintenance/coq/V66_LIST_MAP_REGRESSION_007.vo","5e259303ef1e1c085d101daf1399cc3a633f2f2d8c3ab651c881c56659a1706a"
"experiments/kernel_replay_v66_regression_maintenance/coq/V66_LIST_MAP_REGRESSION_007.vok","e3b0c44298fc1c149afbf4c8996fb92427ae41e4649b934ca495991b7852b855"
"experiments/kernel_replay_v66_regression_maintenance/coq/V66_LIST_MAP_REGRESSION_007.vos","e3b0c44298fc1c149afbf4c8996fb92427ae41e4649b934ca495991b7852b855"
"experiments/kernel_replay_v66_regression_maintenance/coq/V66_LIST_MAP_REGRESSION_008.glob","8b87738823b66b01191a68c20427009f21dd121754ffdf072d3cfcc8ac2df592"
"experiments/kernel_replay_v66_regression_maintenance/coq/V66_LIST_MAP_REGRESSION_008.v","8a840d6988b6e2881b41f6083ea1db18856d36098e1a99fc9d04a95a1d5f00db"
"experiments/kernel_replay_v66_regression_maintenance/coq/V66_LIST_MAP_REGRESSION_008.vo","93223161ccefdbdedb14f3d061a4a85dcc0e88f5fd141ae4b29a0dbf8a3f3725"
"experiments/kernel_replay_v66_regression_maintenance/coq/V66_LIST_MAP_REGRESSION_008.vok","e3b0c44298fc1c149afbf4c8996fb92427ae41e4649b934ca495991b7852b855"
"experiments/kernel_replay_v66_regression_maintenance/coq/V66_LIST_MAP_REGRESSION_008.vos","e3b0c44298fc1c149afbf4c8996fb92427ae41e4649b934ca495991b7852b855"
"experiments/kernel_replay_v66_regression_maintenance/coq/V66_LIST_MAP_REGRESSION_009.glob","470af3e8b2ba44493941ba19137ab90bba95297608c9254170bc1cbbfdabef63"
"experiments/kernel_replay_v66_regression_maintenance/coq/V66_LIST_MAP_REGRESSION_009.v","da59d2d1dabb18c3b50994eac35934ca21e28c7a7818c0809c644d140067b101"
"experiments/kernel_replay_v66_regression_maintenance/coq/V66_LIST_MAP_REGRESSION_009.vo","1155a464c145cb616d4500d32c1f2f55a798c42e4dfd8dbea0c97334866ce843"
"experiments/kernel_replay_v66_regression_maintenance/coq/V66_LIST_MAP_REGRESSION_009.vok","e3b0c44298fc1c149afbf4c8996fb92427ae41e4649b934ca495991b7852b855"
"experiments/kernel_replay_v66_regression_maintenance/coq/V66_LIST_MAP_REGRESSION_009.vos","e3b0c44298fc1c149afbf4c8996fb92427ae41e4649b934ca495991b7852b855"
"experiments/kernel_replay_v66_regression_maintenance/coq/V66_LIST_MAP_REGRESSION_010.glob","a85eef7747bb4b2f13c5797401d8d183faad86ab6b20ebe3bbd3df593fcd97a3"
"experiments/kernel_replay_v66_regression_maintenance/coq/V66_LIST_MAP_REGRESSION_010.v","f1d313ee9aee2c000619036f4d9a2cd658a4c5108b069b5c42c524bc5129a9db"
"experiments/kernel_replay_v66_regression_maintenance/coq/V66_LIST_MAP_REGRESSION_010.vo","f8dda9baaad205cb300d5abba11e5929c322fb2861973558d4874bec6b6fcb37"
"experiments/kernel_replay_v66_regression_maintenance/coq/V66_LIST_MAP_REGRESSION_010.vok","e3b0c44298fc1c149afbf4c8996fb92427ae41e4649b934ca495991b7852b855"
"experiments/kernel_replay_v66_regression_maintenance/coq/V66_LIST_MAP_REGRESSION_010.vos","e3b0c44298fc1c149afbf4c8996fb92427ae41e4649b934ca495991b7852b855"
"experiments/kernel_replay_v66_regression_maintenance/coq/V66_LIST_MAP_REGRESSION_011.glob","55632b5c7001b966321cc54eaf4b600971281c96e976cf330c9c90617f674ec8"
"experiments/kernel_replay_v66_regression_maintenance/coq/V66_LIST_MAP_REGRESSION_011.v","bf872ea90c35ce7ee8b63499236f41c6dc700c281a6c163f496f38112f3b258d"
"experiments/kernel_replay_v66_regression_maintenance/coq/V66_LIST_MAP_REGRESSION_011.vo","6c1f7d967ecb8a63da4d61b2ecb7ce1cc85ec0207f160a1b1d522e6d7c1d5364"
"experiments/kernel_replay_v66_regression_maintenance/coq/V66_LIST_MAP_REGRESSION_011.vok","e3b0c44298fc1c149afbf4c8996fb92427ae41e4649b934ca495991b7852b855"
"experiments/kernel_replay_v66_regression_maintenance/coq/V66_LIST_MAP_REGRESSION_011.vos","e3b0c44298fc1c149afbf4c8996fb92427ae41e4649b934ca495991b7852b855"
"experiments/kernel_replay_v66_regression_maintenance/coq/V66_LIST_MAP_REGRESSION_012.glob","3b9154b43811888c7f349a84b6828a03f6fe7a75409f7c954a88032cf7e06050"
"experiments/kernel_replay_v66_regression_maintenance/coq/V66_LIST_MAP_REGRESSION_012.v","bc16e834060b63e3faae8f05724a67146e7e24626cdd2070ff5edb7a147c3eef"
"experiments/kernel_replay_v66_regression_maintenance/coq/V66_LIST_MAP_REGRESSION_012.vo","309b35f1bcb07a57d067b5cce96a018bdbf74bf5bec020e45dd5d97fdbe92bc1"
"experiments/kernel_replay_v66_regression_maintenance/coq/V66_LIST_MAP_REGRESSION_012.vok","e3b0c44298fc1c149afbf4c8996fb92427ae41e4649b934ca495991b7852b855"
"experiments/kernel_replay_v66_regression_maintenance/coq/V66_LIST_MAP_REGRESSION_012.vos","e3b0c44298fc1c149afbf4c8996fb92427ae41e4649b934ca495991b7852b855"
"experiments/kernel_replay_v66_regression_maintenance/coq/V66_LIST_MAP_REGRESSION_013.glob","18ab85e2a57672684fd43c26cb74c04d7397978608c67c921b868a80703a9c52"
"experiments/kernel_replay_v66_regression_maintenance/coq/V66_LIST_MAP_REGRESSION_013.v","5764d2e896a47dc66eca29bdc2ddd1333dcce4626aa2d2b23d15ebae3f662066"
"experiments/kernel_replay_v66_regression_maintenance/coq/V66_LIST_MAP_REGRESSION_013.vo","cc75d3503e61d5511e26d5e19ed5f6d82fb0fc9e9ecc9435c3ac9e6d837b0937"
"experiments/kernel_replay_v66_regression_maintenance/coq/V66_LIST_MAP_REGRESSION_013.vok","e3b0c44298fc1c149afbf4c8996fb92427ae41e4649b934ca495991b7852b855"
"experiments/kernel_replay_v66_regression_maintenance/coq/V66_LIST_MAP_REGRESSION_013.vos","e3b0c44298fc1c149afbf4c8996fb92427ae41e4649b934ca495991b7852b855"
"experiments/kernel_replay_v66_regression_maintenance/coq/V66_LIST_MAP_REGRESSION_014.glob","6f2ac055c96dce136d53471274f2264944e7e415b52898bfe6dbacdfb2686323"
"experiments/kernel_replay_v66_regression_maintenance/coq/V66_LIST_MAP_REGRESSION_014.v","ae8644e235a231aef5da5af8e434557942a2b1959378b820cf95363e4f0e6a7b"
"experiments/kernel_replay_v66_regression_maintenance/coq/V66_LIST_MAP_REGRESSION_014.vo","32eb9c39a2d13eedeb99c10fd2dd82b1a43b38161f0068f305971b93ed47d345"
"experiments/kernel_replay_v66_regression_maintenance/coq/V66_LIST_MAP_REGRESSION_014.vok","e3b0c44298fc1c149afbf4c8996fb92427ae41e4649b934ca495991b7852b855"
"experiments/kernel_replay_v66_regression_maintenance/coq/V66_LIST_MAP_REGRESSION_014.vos","e3b0c44298fc1c149afbf4c8996fb92427ae41e4649b934ca495991b7852b855"
"experiments/kernel_replay_v66_regression_maintenance/coq/V66_LIST_MAP_REGRESSION_015.glob","43423492cce3338bfeea59d3f65cc05b1c6602de159c794e08205f6a193f86ab"
"experiments/kernel_replay_v66_regression_maintenance/coq/V66_LIST_MAP_REGRESSION_015.v","b0fa9be590ab7839fbf795f6d69f902941f1940960ec7f86f1242cb33ef70d29"
"experiments/kernel_replay_v66_regression_maintenance/coq/V66_LIST_MAP_REGRESSION_015.vo","0912d77b37ed1a5baca43a220dfd4e7f677ef9c5e4d21c3a21095fc7f50016b0"
"experiments/kernel_replay_v66_regression_maintenance/coq/V66_LIST_MAP_REGRESSION_015.vok","e3b0c44298fc1c149afbf4c8996fb92427ae41e4649b934ca495991b7852b855"
"experiments/kernel_replay_v66_regression_maintenance/coq/V66_LIST_MAP_REGRESSION_015.vos","e3b0c44298fc1c149afbf4c8996fb92427ae41e4649b934ca495991b7852b855"
"experiments/kernel_replay_v66_regression_maintenance/coq/V66_LIST_MAP_REGRESSION_016.glob","fc6ebfb00a683e260769c49484f1bd4c8e35401a791cfb4fead39ef1fa02d253"
"experiments/kernel_replay_v66_regression_maintenance/coq/V66_LIST_MAP_REGRESSION_016.v","90cdb8f744712a5a01f2429d150fcde4a5e74665d1fdf51d163049b054204dc9"
"experiments/kernel_replay_v66_regression_maintenance/coq/V66_LIST_MAP_REGRESSION_016.vo","6cc654842f8020363ea135e9b887884621e94b30db50413eed307fbb85bdebc9"
"experiments/kernel_replay_v66_regression_maintenance/coq/V66_LIST_MAP_REGRESSION_016.vok","e3b0c44298fc1c149afbf4c8996fb92427ae41e4649b934ca495991b7852b855"
"experiments/kernel_replay_v66_regression_maintenance/coq/V66_LIST_MAP_REGRESSION_016.vos","e3b0c44298fc1c149afbf4c8996fb92427ae41e4649b934ca495991b7852b855"
"experiments/kernel_replay_v66_regression_maintenance/coq/V66_LIST_MAP_REGRESSION_017.glob","830ceadfdc612feb9b84cfe060bb92a0108578fe3cbf23078b6c3443bb093628"
"experiments/kernel_replay_v66_regression_maintenance/coq/V66_LIST_MAP_REGRESSION_017.v","36c00210c2af8b7d616b501aca784e92a1cb122cd83759c069ff200f2e29e40d"
"experiments/kernel_replay_v66_regression_maintenance/coq/V66_LIST_MAP_REGRESSION_017.vo","3410c589c7078f77b3d07d866df77b0b7bbe17ee3228126063576fc081dc04ce"
"experiments/kernel_replay_v66_regression_maintenance/coq/V66_LIST_MAP_REGRESSION_017.vok","e3b0c44298fc1c149afbf4c8996fb92427ae41e4649b934ca495991b7852b855"
"experiments/kernel_replay_v66_regression_maintenance/coq/V66_LIST_MAP_REGRESSION_017.vos","e3b0c44298fc1c149afbf4c8996fb92427ae41e4649b934ca495991b7852b855"
"experiments/kernel_replay_v66_regression_maintenance/coq/V66_LIST_MAP_REGRESSION_018.glob","a1223f53b91060aeeb4f7f1c555a9dc7743688e67522f332395bc7cef7e15968"
"experiments/kernel_replay_v66_regression_maintenance/coq/V66_LIST_MAP_REGRESSION_018.v","06f1921bb00d7673a12568c3353d4b21a7a9c7f5b2f641ba1b1e7050e69e96e7"
"experiments/kernel_replay_v66_regression_maintenance/coq/V66_LIST_MAP_REGRESSION_018.vo","ec2736e605d53da13a581ad4ad68e2641e3212cccba956b1c8efd87789e2b867"
"experiments/kernel_replay_v66_regression_maintenance/coq/V66_LIST_MAP_REGRESSION_018.vok","e3b0c44298fc1c149afbf4c8996fb92427ae41e4649b934ca495991b7852b855"
"experiments/kernel_replay_v66_regression_maintenance/coq/V66_LIST_MAP_REGRESSION_018.vos","e3b0c44298fc1c149afbf4c8996fb92427ae41e4649b934ca495991b7852b855"
"experiments/kernel_replay_v66_regression_maintenance/coq/V66_LIST_MAP_REGRESSION_019.glob","3891510192e3f6ad62527b76adbef7eda82e0c083a92f98b5c57c0b8244501c1"
"experiments/kernel_replay_v66_regression_maintenance/coq/V66_LIST_MAP_REGRESSION_019.v","b3f2d28638aeef7be03697d4043d9533a859396cf3defb4f4ab1dc87c1f8ba32"
"experiments/kernel_replay_v66_regression_maintenance/coq/V66_LIST_MAP_REGRESSION_019.vo","6ff4b3ca81396fa2e3f126cf081aa4a38fac6a5b9f2114755f52894d87c2f1f8"
"experiments/kernel_replay_v66_regression_maintenance/coq/V66_LIST_MAP_REGRESSION_019.vok","e3b0c44298fc1c149afbf4c8996fb92427ae41e4649b934ca495991b7852b855"
"experiments/kernel_replay_v66_regression_maintenance/coq/V66_LIST_MAP_REGRESSION_019.vos","e3b0c44298fc1c149afbf4c8996fb92427ae41e4649b934ca495991b7852b855"
"experiments/kernel_replay_v66_regression_maintenance/coq/V66_LIST_MAP_REGRESSION_020.glob","4bf2027f742a79634e66d9dce28e317850a5184f2c62dbf9547c4cd65a0bd5cf"
"experiments/kernel_replay_v66_regression_maintenance/coq/V66_LIST_MAP_REGRESSION_020.v","b479f0c615876eeacd13e60b8afad025a6d22efd002ef43f1f35e83c13a29fd0"
"experiments/kernel_replay_v66_regression_maintenance/coq/V66_LIST_MAP_REGRESSION_020.vo","03b0ab0fe2a7cac6d340a23784fc494518bd6c5874b79f255b50743c8e19109b"
"experiments/kernel_replay_v66_regression_maintenance/coq/V66_LIST_MAP_REGRESSION_020.vok","e3b0c44298fc1c149afbf4c8996fb92427ae41e4649b934ca495991b7852b855"
"experiments/kernel_replay_v66_regression_maintenance/coq/V66_LIST_MAP_REGRESSION_020.vos","e3b0c44298fc1c149afbf4c8996fb92427ae41e4649b934ca495991b7852b855"
"experiments/kernel_replay_v66_regression_maintenance/coq/V66_LIST_MAP_REGRESSION_021.glob","3960eb82216ecacdc528a6eababd044bdb5dbb3a13d2a9838d0fdfe5d8dd2fc2"
"experiments/kernel_replay_v66_regression_maintenance/coq/V66_LIST_MAP_REGRESSION_021.v","6243cf55aa02deb52c0bbda8b3b0933ac97185a168819868452ac6733a89ceb7"
"experiments/kernel_replay_v66_regression_maintenance/coq/V66_LIST_MAP_REGRESSION_021.vo","bf32a410cc6def728d8dd0f963f07b6e0bac55b98b243bb017faefa7a0d65a20"
"experiments/kernel_replay_v66_regression_maintenance/coq/V66_LIST_MAP_REGRESSION_021.vok","e3b0c44298fc1c149afbf4c8996fb92427ae41e4649b934ca495991b7852b855"
"experiments/kernel_replay_v66_regression_maintenance/coq/V66_LIST_MAP_REGRESSION_021.vos","e3b0c44298fc1c149afbf4c8996fb92427ae41e4649b934ca495991b7852b855"
"experiments/kernel_replay_v66_regression_maintenance/coq/V66_LIST_MAP_REGRESSION_022.glob","d14261e0288d2001b7b723fbdc4acc816f7808c00902519e9a6c929236648e78"
"experiments/kernel_replay_v66_regression_maintenance/coq/V66_LIST_MAP_REGRESSION_022.v","97e8219c99bd8313549667919f98fd6f7c2ccb5ae15de1fc2a7a2cfd1575b534"
"experiments/kernel_replay_v66_regression_maintenance/coq/V66_LIST_MAP_REGRESSION_022.vo","f5ddb62a95b4a38ef803cfaa7956321316e34574339bcd733c5ac66ff88c69eb"
"experiments/kernel_replay_v66_regression_maintenance/coq/V66_LIST_MAP_REGRESSION_022.vok","e3b0c44298fc1c149afbf4c8996fb92427ae41e4649b934ca495991b7852b855"
"experiments/kernel_replay_v66_regression_maintenance/coq/V66_LIST_MAP_REGRESSION_022.vos","e3b0c44298fc1c149afbf4c8996fb92427ae41e4649b934ca495991b7852b855"
"experiments/kernel_replay_v66_regression_maintenance/coq/V66_LIST_MAP_REGRESSION_023.glob","aac075b7336185db31c77775426f2e71e91662f73a81ba4cb38006aa4f815149"
"experiments/kernel_replay_v66_regression_maintenance/coq/V66_LIST_MAP_REGRESSION_023.v","ebdc404acd4a57686f38b62cdd8a88102ad2bbaf4327f637cab1ff0a8be0d269"
"experiments/kernel_replay_v66_regression_maintenance/coq/V66_LIST_MAP_REGRESSION_023.vo","be00fa47aa84667937b639a4d31e88912bc8b956964338d75988d88b51b0d9b2"
"experiments/kernel_replay_v66_regression_maintenance/coq/V66_LIST_MAP_REGRESSION_023.vok","e3b0c44298fc1c149afbf4c8996fb92427ae41e4649b934ca495991b7852b855"
"experiments/kernel_replay_v66_regression_maintenance/coq/V66_LIST_MAP_REGRESSION_023.vos","e3b0c44298fc1c149afbf4c8996fb92427ae41e4649b934ca495991b7852b855"
"experiments/kernel_replay_v66_regression_maintenance/coq/V66_LIST_MAP_REGRESSION_024.glob","aefa528378de3a322e22d326258de6946a35e2bf7aca8199dcca8e173c56610f"
"experiments/kernel_replay_v66_regression_maintenance/coq/V66_LIST_MAP_REGRESSION_024.v","e68ac251e6513f647ff6041e870953229745994c7da4d14af8d9bbd2481ff42c"
"experiments/kernel_replay_v66_regression_maintenance/coq/V66_LIST_MAP_REGRESSION_024.vo","49b12b6ff7cfc7309a17f30bdf2b0ec1ebb9e4edd118c723c73a2ae6d0702733"
"experiments/kernel_replay_v66_regression_maintenance/coq/V66_LIST_MAP_REGRESSION_024.vok","e3b0c44298fc1c149afbf4c8996fb92427ae41e4649b934ca495991b7852b855"
"experiments/kernel_replay_v66_regression_maintenance/coq/V66_LIST_MAP_REGRESSION_024.vos","e3b0c44298fc1c149afbf4c8996fb92427ae41e4649b934ca495991b7852b855"
"experiments/kernel_replay_v66_regression_maintenance/coq/V66_LIST_MAP_REGRESSION_025.glob","bdfe0687d57e77a54e4a543637747d3a8a54e43523b8725e298205e1b2df364f"
"experiments/kernel_replay_v66_regression_maintenance/coq/V66_LIST_MAP_REGRESSION_025.v","e1ebe9af10c922152b7cda90bd3403e0eff060ec76bca1aac4b9f75d4ebfe40e"
"experiments/kernel_replay_v66_regression_maintenance/coq/V66_LIST_MAP_REGRESSION_025.vo","42c27959f5a7b01f571ad4afdd5e7ac97371b195985956ad9c82e661cd5dae36"
"experiments/kernel_replay_v66_regression_maintenance/coq/V66_LIST_MAP_REGRESSION_025.vok","e3b0c44298fc1c149afbf4c8996fb92427ae41e4649b934ca495991b7852b855"
"experiments/kernel_replay_v66_regression_maintenance/coq/V66_LIST_MAP_REGRESSION_025.vos","e3b0c44298fc1c149afbf4c8996fb92427ae41e4649b934ca495991b7852b855"
"experiments/kernel_replay_v66_regression_maintenance/coq/V66_LIST_MAP_REGRESSION_026.glob","8fc4ffbe05aac7926b1393281da319c27b19c4461e56165227c4307ebc747216"
"experiments/kernel_replay_v66_regression_maintenance/coq/V66_LIST_MAP_REGRESSION_026.v","a72aab347a915d054936d823d3519ed9073114bd9cf0f184007c4ef440694ff0"
"experiments/kernel_replay_v66_regression_maintenance/coq/V66_LIST_MAP_REGRESSION_026.vo","37acdbbe4efc75127b90b47d41223c4dafee6e5b4df7d0349274f724b09f22b4"
"experiments/kernel_replay_v66_regression_maintenance/coq/V66_LIST_MAP_REGRESSION_026.vok","e3b0c44298fc1c149afbf4c8996fb92427ae41e4649b934ca495991b7852b855"
"experiments/kernel_replay_v66_regression_maintenance/coq/V66_LIST_MAP_REGRESSION_026.vos","e3b0c44298fc1c149afbf4c8996fb92427ae41e4649b934ca495991b7852b855"
"experiments/kernel_replay_v66_regression_maintenance/coq/V66_LIST_MAP_REGRESSION_027.glob","4d1f14354f68cef9b3d6ca1f35912ee4ceec3d1614e6dac320d610a4b7b39442"
"experiments/kernel_replay_v66_regression_maintenance/coq/V66_LIST_MAP_REGRESSION_027.v","b2684d3872b51cd9f9835b83ad437582d587ef5f4277c3731a7d517bc7c49d35"
"experiments/kernel_replay_v66_regression_maintenance/coq/V66_LIST_MAP_REGRESSION_027.vo","4eeec4f6e00e3ea438e6b5a99915af527cda028592aba98e8778455278c6c9a3"
"experiments/kernel_replay_v66_regression_maintenance/coq/V66_LIST_MAP_REGRESSION_027.vok","e3b0c44298fc1c149afbf4c8996fb92427ae41e4649b934ca495991b7852b855"
"experiments/kernel_replay_v66_regression_maintenance/coq/V66_LIST_MAP_REGRESSION_027.vos","e3b0c44298fc1c149afbf4c8996fb92427ae41e4649b934ca495991b7852b855"
"experiments/kernel_replay_v66_regression_maintenance/coq/V66_LIST_MAP_REGRESSION_028.glob","ccefebfc2a0d3eae2b0152e40ee69fe9a9552815a672d0d24e7cc6e1071f3f17"
"experiments/kernel_replay_v66_regression_maintenance/coq/V66_LIST_MAP_REGRESSION_028.v","a8f111d2bb62c74c08c3e4d6835183bf8e1deca35e02c1fa52913f9e02a16aa3"
"experiments/kernel_replay_v66_regression_maintenance/coq/V66_LIST_MAP_REGRESSION_028.vo","b5eb521db729634b45c17d06257045480cd91c5efce8a198e379257d559c8bb7"
"experiments/kernel_replay_v66_regression_maintenance/coq/V66_LIST_MAP_REGRESSION_028.vok","e3b0c44298fc1c149afbf4c8996fb92427ae41e4649b934ca495991b7852b855"
"experiments/kernel_replay_v66_regression_maintenance/coq/V66_LIST_MAP_REGRESSION_028.vos","e3b0c44298fc1c149afbf4c8996fb92427ae41e4649b934ca495991b7852b855"
"experiments/kernel_replay_v66_regression_maintenance/coq/V66_LIST_MAP_REGRESSION_029.glob","faa9b3e2f0252781f48acc3688af40c6c7f5220f5cfc650dff24d7b0e6fe5084"
"experiments/kernel_replay_v66_regression_maintenance/coq/V66_LIST_MAP_REGRESSION_029.v","c8c6b9b649c9f70e3a2b9add09796bf13283be8eac298d7fd38786c0aea1283b"
"experiments/kernel_replay_v66_regression_maintenance/coq/V66_LIST_MAP_REGRESSION_029.vo","dd6e6ba9694046d15bdd0b2fa8b01aa8752b13faf89ff15544b716f3b6542288"
"experiments/kernel_replay_v66_regression_maintenance/coq/V66_LIST_MAP_REGRESSION_029.vok","e3b0c44298fc1c149afbf4c8996fb92427ae41e4649b934ca495991b7852b855"
"experiments/kernel_replay_v66_regression_maintenance/coq/V66_LIST_MAP_REGRESSION_029.vos","e3b0c44298fc1c149afbf4c8996fb92427ae41e4649b934ca495991b7852b855"
"experiments/kernel_replay_v66_regression_maintenance/coq/V66_LIST_MAP_REGRESSION_030.glob","ebb8f4f6f54e2cda0dd099f645ee1d4a280cc8cee7ff7182f3430edc2d698326"
"experiments/kernel_replay_v66_regression_maintenance/coq/V66_LIST_MAP_REGRESSION_030.v","6656705aade15f2ac0663142385342b023aa0aa5a9b68a4655c4f8cefd4839dd"
"experiments/kernel_replay_v66_regression_maintenance/coq/V66_LIST_MAP_REGRESSION_030.vo","dff86460033c3352ab6a52994d952697827c0744313ab365c9f71f10c3a89d7b"
"experiments/kernel_replay_v66_regression_maintenance/coq/V66_LIST_MAP_REGRESSION_030.vok","e3b0c44298fc1c149afbf4c8996fb92427ae41e4649b934ca495991b7852b855"
"experiments/kernel_replay_v66_regression_maintenance/coq/V66_LIST_MAP_REGRESSION_030.vos","e3b0c44298fc1c149afbf4c8996fb92427ae41e4649b934ca495991b7852b855"
"experiments/kernel_replay_v66_regression_maintenance/coq/V66_LIST_MAP_REGRESSION_031.glob","bee44801a6604c9d77cc79f71de9a2b6ba85b705f94d788837776db49c97d956"
"experiments/kernel_replay_v66_regression_maintenance/coq/V66_LIST_MAP_REGRESSION_031.v","d77a6913ed0384085acc683d1915e97f65aef7f277e4c6d59164f2d35b347d8e"
"experiments/kernel_replay_v66_regression_maintenance/coq/V66_LIST_MAP_REGRESSION_031.vo","3c48f4365e6b1647cf133348bdc8fb1f4f5e0b4d97f65cffd1b83aabf987c709"
"experiments/kernel_replay_v66_regression_maintenance/coq/V66_LIST_MAP_REGRESSION_031.vok","e3b0c44298fc1c149afbf4c8996fb92427ae41e4649b934ca495991b7852b855"
"experiments/kernel_replay_v66_regression_maintenance/coq/V66_LIST_MAP_REGRESSION_031.vos","e3b0c44298fc1c149afbf4c8996fb92427ae41e4649b934ca495991b7852b855"
"experiments/kernel_replay_v66_regression_maintenance/coq/V66_LIST_MAP_REGRESSION_032.glob","892827f59d59b95d01fc398f3ea3ef306831b15404858ece3448e8e956845669"
"experiments/kernel_replay_v66_regression_maintenance/coq/V66_LIST_MAP_REGRESSION_032.v","bb938bae9088370c1193dad3a7e0ab436b6bbe2fd7c60d20327873e9e85e7ea3"
"experiments/kernel_replay_v66_regression_maintenance/coq/V66_LIST_MAP_REGRESSION_032.vo","315b89b33d57943ef4eb5b221f0d84d4d80b20d17939264a9bd86d6e2110774c"
"experiments/kernel_replay_v66_regression_maintenance/coq/V66_LIST_MAP_REGRESSION_032.vok","e3b0c44298fc1c149afbf4c8996fb92427ae41e4649b934ca495991b7852b855"
"experiments/kernel_replay_v66_regression_maintenance/coq/V66_LIST_MAP_REGRESSION_032.vos","e3b0c44298fc1c149afbf4c8996fb92427ae41e4649b934ca495991b7852b855"
"experiments/kernel_replay_v66_regression_maintenance/coq/V66_LIST_MAP_REGRESSION_033.glob","f80747f4eb568c6cb471f6bfcff397a7524fe6af3127408e611796b1f44852ca"
"experiments/kernel_replay_v66_regression_maintenance/coq/V66_LIST_MAP_REGRESSION_033.v","ac615e1d4ad0bf9dc33358c7adb37e236245839ef941b32b4d569184015cc6c3"
"experiments/kernel_replay_v66_regression_maintenance/coq/V66_LIST_MAP_REGRESSION_033.vo","32109cefb4fe191fa2f839340e1c04ff2816c89d0c72d1d1690a7e5c32cb9d35"
"experiments/kernel_replay_v66_regression_maintenance/coq/V66_LIST_MAP_REGRESSION_033.vok","e3b0c44298fc1c149afbf4c8996fb92427ae41e4649b934ca495991b7852b855"
"experiments/kernel_replay_v66_regression_maintenance/coq/V66_LIST_MAP_REGRESSION_033.vos","e3b0c44298fc1c149afbf4c8996fb92427ae41e4649b934ca495991b7852b855"
"experiments/kernel_replay_v66_regression_maintenance/coq/V66_LIST_MAP_REGRESSION_034.glob","e341204adf0c5c2db841ea4799bdd72e4d3e9c6b93ffd7b937126d30b030e9f0"
"experiments/kernel_replay_v66_regression_maintenance/coq/V66_LIST_MAP_REGRESSION_034.v","fb329744e5beb2f4d9f5f8abb7878e0753f1d078513e5dc36c2f35354672ca24"
"experiments/kernel_replay_v66_regression_maintenance/coq/V66_LIST_MAP_REGRESSION_034.vo","0a33129211ecdc9f28b2cf148a35cf08844d0be707dc509686b39d99fffad01c"
"experiments/kernel_replay_v66_regression_maintenance/coq/V66_LIST_MAP_REGRESSION_034.vok","e3b0c44298fc1c149afbf4c8996fb92427ae41e4649b934ca495991b7852b855"
"experiments/kernel_replay_v66_regression_maintenance/coq/V66_LIST_MAP_REGRESSION_034.vos","e3b0c44298fc1c149afbf4c8996fb92427ae41e4649b934ca495991b7852b855"
"experiments/kernel_replay_v66_regression_maintenance/coq/V66_LIST_MAP_REGRESSION_035.glob","e7c651c2f21545c020a6a48c347a57f6ec0e903bdadc59278cc463a758ba8ccf"
"experiments/kernel_replay_v66_regression_maintenance/coq/V66_LIST_MAP_REGRESSION_035.v","8214c490ad8d0ea22d4153d4714cb207275960fc0bc8251b9b621f640b104d7e"
"experiments/kernel_replay_v66_regression_maintenance/coq/V66_LIST_MAP_REGRESSION_035.vo","70b66a7c8d828f9954f35cf3b29b56a83bf602c14e9db1be69c5c6079bf826fd"
"experiments/kernel_replay_v66_regression_maintenance/coq/V66_LIST_MAP_REGRESSION_035.vok","e3b0c44298fc1c149afbf4c8996fb92427ae41e4649b934ca495991b7852b855"
"experiments/kernel_replay_v66_regression_maintenance/coq/V66_LIST_MAP_REGRESSION_035.vos","e3b0c44298fc1c149afbf4c8996fb92427ae41e4649b934ca495991b7852b855"
"experiments/kernel_replay_v66_regression_maintenance/coq/V66_LIST_MAP_REGRESSION_036.glob","47fc5d5ec0ea8939d889375f7d2787031bd47b7c844f80488cfbe13deebd584c"
"experiments/kernel_replay_v66_regression_maintenance/coq/V66_LIST_MAP_REGRESSION_036.v","6a535d87fcb26626059dd77ca84d17de96a1dae127712204a0b13cc3f308d83b"
"experiments/kernel_replay_v66_regression_maintenance/coq/V66_LIST_MAP_REGRESSION_036.vo","89857f57371fb9f1b12df7d6a811b0de58aa6a31b5998389ad29b175d1b0d4a7"
"experiments/kernel_replay_v66_regression_maintenance/coq/V66_LIST_MAP_REGRESSION_036.vok","e3b0c44298fc1c149afbf4c8996fb92427ae41e4649b934ca495991b7852b855"
"experiments/kernel_replay_v66_regression_maintenance/coq/V66_LIST_MAP_REGRESSION_036.vos","e3b0c44298fc1c149afbf4c8996fb92427ae41e4649b934ca495991b7852b855"
"experiments/kernel_replay_v66_regression_maintenance/coq/V66_LIST_MAP_REGRESSION_037.glob","8cbf77c647a2f44513f393edbe51310d2cefc040b00a7f644a0e26d66822b096"
"experiments/kernel_replay_v66_regression_maintenance/coq/V66_LIST_MAP_REGRESSION_037.v","9d5ad4770bcf2c00f4a7b29e3e439cf3c5587b4de14f6ff8a24148ecbc07d088"
"experiments/kernel_replay_v66_regression_maintenance/coq/V66_LIST_MAP_REGRESSION_037.vo","814b287d934e2d20ddf0a4b4abf578961902c8a7dd9f7152acd692724be86e6b"
"experiments/kernel_replay_v66_regression_maintenance/coq/V66_LIST_MAP_REGRESSION_037.vok","e3b0c44298fc1c149afbf4c8996fb92427ae41e4649b934ca495991b7852b855"
"experiments/kernel_replay_v66_regression_maintenance/coq/V66_LIST_MAP_REGRESSION_037.vos","e3b0c44298fc1c149afbf4c8996fb92427ae41e4649b934ca495991b7852b855"
"experiments/kernel_replay_v66_regression_maintenance/coq/V66_LIST_MAP_REGRESSION_038.glob","dff428b5f6589e803e561143569ad9cf55600f56a2ef66dec0de4cde435c6872"
"experiments/kernel_replay_v66_regression_maintenance/coq/V66_LIST_MAP_REGRESSION_038.v","bfbca513aea1d0a87e89d4c96c9c10ef5890ffbb60332fc53131629b95c64f93"
"experiments/kernel_replay_v66_regression_maintenance/coq/V66_LIST_MAP_REGRESSION_038.vo","01d79dd4e941962c3d6348231051b536ac385b805fee0f7731b18eeda2f60087"
"experiments/kernel_replay_v66_regression_maintenance/coq/V66_LIST_MAP_REGRESSION_038.vok","e3b0c44298fc1c149afbf4c8996fb92427ae41e4649b934ca495991b7852b855"
"experiments/kernel_replay_v66_regression_maintenance/coq/V66_LIST_MAP_REGRESSION_038.vos","e3b0c44298fc1c149afbf4c8996fb92427ae41e4649b934ca495991b7852b855"
"experiments/kernel_replay_v66_regression_maintenance/coq/V66_LIST_MAP_REGRESSION_039.glob","b38a56dbc474a75ad39f6226b7b697d345e7b341e6d245da899cb4ca9ac7a5d5"
"experiments/kernel_replay_v66_regression_maintenance/coq/V66_LIST_MAP_REGRESSION_039.v","c6330d88bff713c6eea9e175f7c9b0e128541e2c5efcae59e81d0ec4289731dc"
"experiments/kernel_replay_v66_regression_maintenance/coq/V66_LIST_MAP_REGRESSION_039.vo","f1926935048186848147082c43986269bcb32ad904c56d944c6af6b1c3c40df1"
"experiments/kernel_replay_v66_regression_maintenance/coq/V66_LIST_MAP_REGRESSION_039.vok","e3b0c44298fc1c149afbf4c8996fb92427ae41e4649b934ca495991b7852b855"
"experiments/kernel_replay_v66_regression_maintenance/coq/V66_LIST_MAP_REGRESSION_039.vos","e3b0c44298fc1c149afbf4c8996fb92427ae41e4649b934ca495991b7852b855"
"experiments/kernel_replay_v66_regression_maintenance/coq/V66_LIST_MAP_REGRESSION_040.glob","3a073baa7db3f2e07902ab2aba04ab2f8e38685aa9f1fd8c19e5fbf687bc3725"
"experiments/kernel_replay_v66_regression_maintenance/coq/V66_LIST_MAP_REGRESSION_040.v","fca188ea81be8ce5260b8bf61eb1e46b7dc1691c10ae543b121522c6d627ac08"
"experiments/kernel_replay_v66_regression_maintenance/coq/V66_LIST_MAP_REGRESSION_040.vo","38b78f11be44158e79ec485bf6fbbe4daa1637fed5eb3d5dd18a911d0b8d28a7"
"experiments/kernel_replay_v66_regression_maintenance/coq/V66_LIST_MAP_REGRESSION_040.vok","e3b0c44298fc1c149afbf4c8996fb92427ae41e4649b934ca495991b7852b855"
"experiments/kernel_replay_v66_regression_maintenance/coq/V66_LIST_MAP_REGRESSION_040.vos","e3b0c44298fc1c149afbf4c8996fb92427ae41e4649b934ca495991b7852b855"
"experiments/kernel_replay_v66_regression_maintenance/coq/V66_LIST_MAP_REGRESSION_041.glob","a633507523770031f1a656ad5bfc05f98a3ff85c59c9b6b114559ba80e26acd7"
"experiments/kernel_replay_v66_regression_maintenance/coq/V66_LIST_MAP_REGRESSION_041.v","50dfbe4a12b6cb239c7eecd8105ec6cd31f6372034265c51602288a5f563e719"
"experiments/kernel_replay_v66_regression_maintenance/coq/V66_LIST_MAP_REGRESSION_041.vo","13882ce517cf38271092ee5a8e4bcf54870745455e4027041f27233227491dee"
"experiments/kernel_replay_v66_regression_maintenance/coq/V66_LIST_MAP_REGRESSION_041.vok","e3b0c44298fc1c149afbf4c8996fb92427ae41e4649b934ca495991b7852b855"
"experiments/kernel_replay_v66_regression_maintenance/coq/V66_LIST_MAP_REGRESSION_041.vos","e3b0c44298fc1c149afbf4c8996fb92427ae41e4649b934ca495991b7852b855"
"experiments/kernel_replay_v66_regression_maintenance/coq/V66_LIST_MAP_REGRESSION_042.glob","179102f3ff9576ec42d0c3f7eadfa4818b0aecb7548c99633f53e5222af998ae"
"experiments/kernel_replay_v66_regression_maintenance/coq/V66_LIST_MAP_REGRESSION_042.v","4716a2c5394f11de3357cef2050cb99902070268e8e62b788a0b65d30aa5db19"
"experiments/kernel_replay_v66_regression_maintenance/coq/V66_LIST_MAP_REGRESSION_042.vo","40f1e9fefbd04c2af6fbf018a524bb0c6aed78d393561c0ff0a823645a248e2a"
"experiments/kernel_replay_v66_regression_maintenance/coq/V66_LIST_MAP_REGRESSION_042.vok","e3b0c44298fc1c149afbf4c8996fb92427ae41e4649b934ca495991b7852b855"
"experiments/kernel_replay_v66_regression_maintenance/coq/V66_LIST_MAP_REGRESSION_042.vos","e3b0c44298fc1c149afbf4c8996fb92427ae41e4649b934ca495991b7852b855"
"experiments/kernel_replay_v66_regression_maintenance/coq/V66_LIST_MAP_REGRESSION_043.glob","92cfabfda61fc34cf07bce645b0ce9ff9c06255027772b8ae8c67a726c785c9c"
"experiments/kernel_replay_v66_regression_maintenance/coq/V66_LIST_MAP_REGRESSION_043.v","b39fbe1b48b0902dfeb7ca093e3cb4444d863f9431eabcc64aa228e8e69b7b1b"
"experiments/kernel_replay_v66_regression_maintenance/coq/V66_LIST_MAP_REGRESSION_043.vo","6d0560a3ddb61be8e464a1a942802a49396d66d0275fae751a8ab7b2f1ed8792"
"experiments/kernel_replay_v66_regression_maintenance/coq/V66_LIST_MAP_REGRESSION_043.vok","e3b0c44298fc1c149afbf4c8996fb92427ae41e4649b934ca495991b7852b855"
"experiments/kernel_replay_v66_regression_maintenance/coq/V66_LIST_MAP_REGRESSION_043.vos","e3b0c44298fc1c149afbf4c8996fb92427ae41e4649b934ca495991b7852b855"
"experiments/kernel_replay_v66_regression_maintenance/coq/V66_LIST_MAP_REGRESSION_044.glob","ae1522900b36927a1919a88e6585576bbd436890c14efbaf4b0158af7bf7d2c7"
"experiments/kernel_replay_v66_regression_maintenance/coq/V66_LIST_MAP_REGRESSION_044.v","e990ccce4899d52b778cf48f2bfa3dcd537c6b7de9599224cc1ab6a98eea3a66"
"experiments/kernel_replay_v66_regression_maintenance/coq/V66_LIST_MAP_REGRESSION_044.vo","ff121642753ba4c1b26f58c3ee96dab6a3e58997bd986c3f786ff45115d24192"
"experiments/kernel_replay_v66_regression_maintenance/coq/V66_LIST_MAP_REGRESSION_044.vok","e3b0c44298fc1c149afbf4c8996fb92427ae41e4649b934ca495991b7852b855"
"experiments/kernel_replay_v66_regression_maintenance/coq/V66_LIST_MAP_REGRESSION_044.vos","e3b0c44298fc1c149afbf4c8996fb92427ae41e4649b934ca495991b7852b855"
"experiments/kernel_replay_v66_regression_maintenance/coq/V66_LIST_MAP_REGRESSION_045.glob","cdf1cf53ff9ed270c00769a5236b8c059a10f98c93f0933a1e62cbdd8c772224"
"experiments/kernel_replay_v66_regression_maintenance/coq/V66_LIST_MAP_REGRESSION_045.v","3078071b7770ab9893e88a5dbdb303c2fd02e08eddb9a8cf1dd8e41784e5597b"
"experiments/kernel_replay_v66_regression_maintenance/coq/V66_LIST_MAP_REGRESSION_045.vo","65bed2e019953544733d10ebcc5a6a1aa3d495df23ad6a830d12211c76e00b1f"
"experiments/kernel_replay_v66_regression_maintenance/coq/V66_LIST_MAP_REGRESSION_045.vok","e3b0c44298fc1c149afbf4c8996fb92427ae41e4649b934ca495991b7852b855"
"experiments/kernel_replay_v66_regression_maintenance/coq/V66_LIST_MAP_REGRESSION_045.vos","e3b0c44298fc1c149afbf4c8996fb92427ae41e4649b934ca495991b7852b855"
"experiments/kernel_replay_v66_regression_maintenance/coq/V66_LIST_MAP_REGRESSION_046.glob","99cba165530b6a7efbdd5f4ebed7761a25409f7083d900a1a4d5badcdab9bad5"
"experiments/kernel_replay_v66_regression_maintenance/coq/V66_LIST_MAP_REGRESSION_046.v","31a12b8d082840194d5bba37ed0940d65c8b9471713507eb5aeecf5ce703f7b8"
"experiments/kernel_replay_v66_regression_maintenance/coq/V66_LIST_MAP_REGRESSION_046.vo","61a586d46a691eb85698fa0e8fc3415a100f9d3bbb1a3df4e076c15bda553b26"
"experiments/kernel_replay_v66_regression_maintenance/coq/V66_LIST_MAP_REGRESSION_046.vok","e3b0c44298fc1c149afbf4c8996fb92427ae41e4649b934ca495991b7852b855"
"experiments/kernel_replay_v66_regression_maintenance/coq/V66_LIST_MAP_REGRESSION_046.vos","e3b0c44298fc1c149afbf4c8996fb92427ae41e4649b934ca495991b7852b855"
"experiments/kernel_replay_v66_regression_maintenance/coq/V66_LIST_MAP_REGRESSION_047.glob","c4c36902a827e3f19cfeb163ec9cafc52d3459162d237c072bcd0244375c7d4f"
"experiments/kernel_replay_v66_regression_maintenance/coq/V66_LIST_MAP_REGRESSION_047.v","19344e65c74354db9ff1c9bd59c9f753f61d0f7abd924b024d51adb70d79f8e0"
"experiments/kernel_replay_v66_regression_maintenance/coq/V66_LIST_MAP_REGRESSION_047.vo","8079c4287ab147defd86a300705e1b2b9f4e971b3cea7beaab58aeac1fdb99e4"
"experiments/kernel_replay_v66_regression_maintenance/coq/V66_LIST_MAP_REGRESSION_047.vok","e3b0c44298fc1c149afbf4c8996fb92427ae41e4649b934ca495991b7852b855"
"experiments/kernel_replay_v66_regression_maintenance/coq/V66_LIST_MAP_REGRESSION_047.vos","e3b0c44298fc1c149afbf4c8996fb92427ae41e4649b934ca495991b7852b855"
"experiments/kernel_replay_v66_regression_maintenance/coq/V66_LIST_MAP_REGRESSION_048.glob","18b20fa858b7638404e83907e7bc614bf35d9effc027fda1f65332fe4558c1fc"
"experiments/kernel_replay_v66_regression_maintenance/coq/V66_LIST_MAP_REGRESSION_048.v","cbd489d0d278d2f21405ee1a935c09d297a31ee9f3976a7394c092af5f80d4b0"
"experiments/kernel_replay_v66_regression_maintenance/coq/V66_LIST_MAP_REGRESSION_048.vo","d3a83931aee32af6b37c6aab1f62b691e76c4e79d299c84366daea00a8a039bf"
"experiments/kernel_replay_v66_regression_maintenance/coq/V66_LIST_MAP_REGRESSION_048.vok","e3b0c44298fc1c149afbf4c8996fb92427ae41e4649b934ca495991b7852b855"
"experiments/kernel_replay_v66_regression_maintenance/coq/V66_LIST_MAP_REGRESSION_048.vos","e3b0c44298fc1c149afbf4c8996fb92427ae41e4649b934ca495991b7852b855"
"experiments/kernel_replay_v66_regression_maintenance/coq/V66_LIST_MAP_REGRESSION_049.glob","399e7e33a891bcf4f6f6bc5cde4b53cdd24f36a21be21b017413563a721f400e"
"experiments/kernel_replay_v66_regression_maintenance/coq/V66_LIST_MAP_REGRESSION_049.v","7c40d344fbb7879c11f4769d14c2f58a226eb55ca3e0e99b514f366f23d0b2f3"
"experiments/kernel_replay_v66_regression_maintenance/coq/V66_LIST_MAP_REGRESSION_049.vo","86ad0bcda16b1688f07930b78f094c6edcca9be6ff8c3fb01a47ccb795cafd65"
"experiments/kernel_replay_v66_regression_maintenance/coq/V66_LIST_MAP_REGRESSION_049.vok","e3b0c44298fc1c149afbf4c8996fb92427ae41e4649b934ca495991b7852b855"
"experiments/kernel_replay_v66_regression_maintenance/coq/V66_LIST_MAP_REGRESSION_049.vos","e3b0c44298fc1c149afbf4c8996fb92427ae41e4649b934ca495991b7852b855"
"experiments/kernel_replay_v66_regression_maintenance/coq/V66_LIST_MAP_REGRESSION_050.glob","5decbde62a7697e2b1d396088932fade0fa371ac2e22b714238bf31477d1266c"
"experiments/kernel_replay_v66_regression_maintenance/coq/V66_LIST_MAP_REGRESSION_050.v","363852f85e67024a29a4511d81b4523ade0d7ee2319c0478009424801ef43662"
"experiments/kernel_replay_v66_regression_maintenance/coq/V66_LIST_MAP_REGRESSION_050.vo","4468d5fe31513587bec7617b9b1a01487b163ee7d10ab511e804a45f38f8f826"
"experiments/kernel_replay_v66_regression_maintenance/coq/V66_LIST_MAP_REGRESSION_050.vok","e3b0c44298fc1c149afbf4c8996fb92427ae41e4649b934ca495991b7852b855"
"experiments/kernel_replay_v66_regression_maintenance/coq/V66_LIST_MAP_REGRESSION_050.vos","e3b0c44298fc1c149afbf4c8996fb92427ae41e4649b934ca495991b7852b855"
"experiments/kernel_replay_v66_regression_maintenance/coq/V66_LIST_MAP_REGRESSION_051.glob","9c6917f79d6fa09459d34eb61a48e2827030f3a39242ad3d9cf6d00c7d8debd8"
"experiments/kernel_replay_v66_regression_maintenance/coq/V66_LIST_MAP_REGRESSION_051.v","a81fb98fbbf92203e9f4165b1ed76e3144835361763c0fb1032085af2966b876"
"experiments/kernel_replay_v66_regression_maintenance/coq/V66_LIST_MAP_REGRESSION_051.vo","928ca36866e230adc34f2de5425aea901c7a218416795284e41709594dd64b03"
"experiments/kernel_replay_v66_regression_maintenance/coq/V66_LIST_MAP_REGRESSION_051.vok","e3b0c44298fc1c149afbf4c8996fb92427ae41e4649b934ca495991b7852b855"
"experiments/kernel_replay_v66_regression_maintenance/coq/V66_LIST_MAP_REGRESSION_051.vos","e3b0c44298fc1c149afbf4c8996fb92427ae41e4649b934ca495991b7852b855"
"experiments/kernel_replay_v66_regression_maintenance/coq/V66_LIST_MAP_REGRESSION_052.glob","60a502aa725b6e3dc3d8a413890fa4a677f8aec86ac884e1a669cd3a08653da5"
"experiments/kernel_replay_v66_regression_maintenance/coq/V66_LIST_MAP_REGRESSION_052.v","16b9433db5d5a55736741ff1b0d9dd89384d995531624f3e3c2767ce244b071c"
"experiments/kernel_replay_v66_regression_maintenance/coq/V66_LIST_MAP_REGRESSION_052.vo","0f9edfcfb67cf5a41b9f307ead2f01c207eec7541026e3d99c148e712ed66adf"
"experiments/kernel_replay_v66_regression_maintenance/coq/V66_LIST_MAP_REGRESSION_052.vok","e3b0c44298fc1c149afbf4c8996fb92427ae41e4649b934ca495991b7852b855"
"experiments/kernel_replay_v66_regression_maintenance/coq/V66_LIST_MAP_REGRESSION_052.vos","e3b0c44298fc1c149afbf4c8996fb92427ae41e4649b934ca495991b7852b855"
"experiments/kernel_replay_v66_regression_maintenance/coq/V66_LIST_MAP_REGRESSION_053.glob","0ae6c2873818d0ba637a77b9cb0fa6d4a025b08f52ec632c8b36565f11b478f9"
"experiments/kernel_replay_v66_regression_maintenance/coq/V66_LIST_MAP_REGRESSION_053.v","740919ca2102c38a5fe2edbf3ca3472391abe5c7813ba96257aa2fb7e8cc7b38"
"experiments/kernel_replay_v66_regression_maintenance/coq/V66_LIST_MAP_REGRESSION_053.vo","8ac7c1f5faf04e40a9459c69e4e0cca6f3b4c2c1e0d4857a06ac65b98c8aed46"
"experiments/kernel_replay_v66_regression_maintenance/coq/V66_LIST_MAP_REGRESSION_053.vok","e3b0c44298fc1c149afbf4c8996fb92427ae41e4649b934ca495991b7852b855"
"experiments/kernel_replay_v66_regression_maintenance/coq/V66_LIST_MAP_REGRESSION_053.vos","e3b0c44298fc1c149afbf4c8996fb92427ae41e4649b934ca495991b7852b855"
"experiments/kernel_replay_v66_regression_maintenance/coq/V66_LIST_MAP_REGRESSION_054.glob","ef5584b68836121b2e837e59e748d292358f15316e11ca38cbaca74aea86cea9"
"experiments/kernel_replay_v66_regression_maintenance/coq/V66_LIST_MAP_REGRESSION_054.v","33369e68240e1b048c9128387fc19a198f7730ee5604a17ad90df465bc3c18a8"
"experiments/kernel_replay_v66_regression_maintenance/coq/V66_LIST_MAP_REGRESSION_054.vo","5d8761d2a5022e088498b9ab424337cdb4e182f66a9b91f766a6231872f293aa"
"experiments/kernel_replay_v66_regression_maintenance/coq/V66_LIST_MAP_REGRESSION_054.vok","e3b0c44298fc1c149afbf4c8996fb92427ae41e4649b934ca495991b7852b855"
"experiments/kernel_replay_v66_regression_maintenance/coq/V66_LIST_MAP_REGRESSION_054.vos","e3b0c44298fc1c149afbf4c8996fb92427ae41e4649b934ca495991b7852b855"
"experiments/kernel_replay_v66_regression_maintenance/coq/V66_LIST_MAP_REGRESSION_055.glob","6ed05b61c014b277df4d7637d2a7831bfd0547c1ca2828a325a89cc541dbcdf3"
"experiments/kernel_replay_v66_regression_maintenance/coq/V66_LIST_MAP_REGRESSION_055.v","829d26b48a1623560856af55937a3532f49f09d03c4fb036e62b2b4c657b824c"
"experiments/kernel_replay_v66_regression_maintenance/coq/V66_LIST_MAP_REGRESSION_055.vo","d0b29719107ad0fc01038731863df2c4ca60c226e40ec1c5e1322941e7e2ec7a"
"experiments/kernel_replay_v66_regression_maintenance/coq/V66_LIST_MAP_REGRESSION_055.vok","e3b0c44298fc1c149afbf4c8996fb92427ae41e4649b934ca495991b7852b855"
"experiments/kernel_replay_v66_regression_maintenance/coq/V66_LIST_MAP_REGRESSION_055.vos","e3b0c44298fc1c149afbf4c8996fb92427ae41e4649b934ca495991b7852b855"
"experiments/kernel_replay_v66_regression_maintenance/coq/V66_LIST_MAP_REGRESSION_056.glob","8ad73ee304c0a4e06cf70b7f6acd55301730358e1e0a98e0c00dce2584f3ec86"
"experiments/kernel_replay_v66_regression_maintenance/coq/V66_LIST_MAP_REGRESSION_056.v","623a57cd081761a3770fbf040e95808d24ad854bccd8716207b682255bd41207"
"experiments/kernel_replay_v66_regression_maintenance/coq/V66_LIST_MAP_REGRESSION_056.vo","3c0e820138d12c687935db0c99c4fd53509eb5069afafa73fa0a44ad0bec3843"
"experiments/kernel_replay_v66_regression_maintenance/coq/V66_LIST_MAP_REGRESSION_056.vok","e3b0c44298fc1c149afbf4c8996fb92427ae41e4649b934ca495991b7852b855"
"experiments/kernel_replay_v66_regression_maintenance/coq/V66_LIST_MAP_REGRESSION_056.vos","e3b0c44298fc1c149afbf4c8996fb92427ae41e4649b934ca495991b7852b855"
"experiments/kernel_replay_v66_regression_maintenance/coq/V66_LIST_MAP_REGRESSION_057.glob","09f94144e21a785aa392b3929e306984fac6bcbf5cc2c13a9055d09448862ca5"
"experiments/kernel_replay_v66_regression_maintenance/coq/V66_LIST_MAP_REGRESSION_057.v","a64dffe3be938e3ae4b5e8d54764ce916066b1aa1ac73c503ccf803b8cce4ce1"
"experiments/kernel_replay_v66_regression_maintenance/coq/V66_LIST_MAP_REGRESSION_057.vo","5ceade4b69c75a2d2ec2b6fa7a9f83a15dfde9ae5580df29b42d92eb92a3bb4f"
"experiments/kernel_replay_v66_regression_maintenance/coq/V66_LIST_MAP_REGRESSION_057.vok","e3b0c44298fc1c149afbf4c8996fb92427ae41e4649b934ca495991b7852b855"
"experiments/kernel_replay_v66_regression_maintenance/coq/V66_LIST_MAP_REGRESSION_057.vos","e3b0c44298fc1c149afbf4c8996fb92427ae41e4649b934ca495991b7852b855"
"experiments/kernel_replay_v66_regression_maintenance/coq/V66_LIST_MAP_REGRESSION_058.glob","b239909930bb003f2e2ed996db3b348b438a46c938b9bd80170a2e86fbb062bd"
"experiments/kernel_replay_v66_regression_maintenance/coq/V66_LIST_MAP_REGRESSION_058.v","a41b938439e07c431479b2d4a34ce136f643227c1d07b69f5c6a5e80fb92476d"
"experiments/kernel_replay_v66_regression_maintenance/coq/V66_LIST_MAP_REGRESSION_058.vo","3e3d84d79d5d52ba380b4ddc6961d655e9ceef65f912ab8b6e46d9e702fb6f52"
"experiments/kernel_replay_v66_regression_maintenance/coq/V66_LIST_MAP_REGRESSION_058.vok","e3b0c44298fc1c149afbf4c8996fb92427ae41e4649b934ca495991b7852b855"
"experiments/kernel_replay_v66_regression_maintenance/coq/V66_LIST_MAP_REGRESSION_058.vos","e3b0c44298fc1c149afbf4c8996fb92427ae41e4649b934ca495991b7852b855"
"experiments/kernel_replay_v66_regression_maintenance/coq/V66_LIST_MAP_REGRESSION_059.glob","a417969aaf8a5b7f0c3840a18f13c5c6fb93b1e14a7f58f0a9cc2a23768ef270"
"experiments/kernel_replay_v66_regression_maintenance/coq/V66_LIST_MAP_REGRESSION_059.v","d41025a8ffaa5c2ceef7010d3a62334738b88ef5beb07928bcfa7a148bcf0e1b"
"experiments/kernel_replay_v66_regression_maintenance/coq/V66_LIST_MAP_REGRESSION_059.vo","37ffb6381e1d9f277a876d12de214651001306e04c37c255444daa249f85d590"
"experiments/kernel_replay_v66_regression_maintenance/coq/V66_LIST_MAP_REGRESSION_059.vok","e3b0c44298fc1c149afbf4c8996fb92427ae41e4649b934ca495991b7852b855"
"experiments/kernel_replay_v66_regression_maintenance/coq/V66_LIST_MAP_REGRESSION_059.vos","e3b0c44298fc1c149afbf4c8996fb92427ae41e4649b934ca495991b7852b855"
"experiments/kernel_replay_v66_regression_maintenance/coq/V66_LIST_MAP_REGRESSION_060.glob","07a02051b37374368e57f3960365943649cf2fb414de3f3c8c4d8018c243c360"
"experiments/kernel_replay_v66_regression_maintenance/coq/V66_LIST_MAP_REGRESSION_060.v","67ab0003ddb8ec9931bedf49cde0f4a29b09cac66403822624a9f7102b883848"
"experiments/kernel_replay_v66_regression_maintenance/coq/V66_LIST_MAP_REGRESSION_060.vo","c30a379f996c6bc9c77fdf103b678e908eea5bd5ba9d7867933d1975287f6f98"
"experiments/kernel_replay_v66_regression_maintenance/coq/V66_LIST_MAP_REGRESSION_060.vok","e3b0c44298fc1c149afbf4c8996fb92427ae41e4649b934ca495991b7852b855"
"experiments/kernel_replay_v66_regression_maintenance/coq/V66_LIST_MAP_REGRESSION_060.vos","e3b0c44298fc1c149afbf4c8996fb92427ae41e4649b934ca495991b7852b855"
"experiments/kernel_replay_v66_regression_maintenance/coq/V66_NAT_REWRITE_MAINTENANCE_001.glob","b840e7dd5b3b329008dfda171b0e93f0dc3150d5894b8410733ad924251b5698"
"experiments/kernel_replay_v66_regression_maintenance/coq/V66_NAT_REWRITE_MAINTENANCE_001.v","ebcd8a44be3f4e6f5bcc22f5b1a255025aeb09760429d3fac2f69495d02b5ecb"
"experiments/kernel_replay_v66_regression_maintenance/coq/V66_NAT_REWRITE_MAINTENANCE_001.vo","537671b83085415a9e96bdb6cc4dfcbeccf40683b2686f430f06592bc4bc17f9"
"experiments/kernel_replay_v66_regression_maintenance/coq/V66_NAT_REWRITE_MAINTENANCE_001.vok","e3b0c44298fc1c149afbf4c8996fb92427ae41e4649b934ca495991b7852b855"
"experiments/kernel_replay_v66_regression_maintenance/coq/V66_NAT_REWRITE_MAINTENANCE_001.vos","e3b0c44298fc1c149afbf4c8996fb92427ae41e4649b934ca495991b7852b855"
"experiments/kernel_replay_v66_regression_maintenance/coq/V66_NAT_REWRITE_MAINTENANCE_002.glob","82aa7a554416d8c65ae95fc04cd3879f34176a1bbf1b8c9cdd3f056160c99a53"
"experiments/kernel_replay_v66_regression_maintenance/coq/V66_NAT_REWRITE_MAINTENANCE_002.v","90279b51925760e93c664d449ec354cd6c0d4e78dd7fad2745d79f1254b2671b"
"experiments/kernel_replay_v66_regression_maintenance/coq/V66_NAT_REWRITE_MAINTENANCE_002.vo","9eb6eb8883f99e66f6776d2ef2a7c460c6870a3e6fb42f95fb30f07686718f64"
"experiments/kernel_replay_v66_regression_maintenance/coq/V66_NAT_REWRITE_MAINTENANCE_002.vok","e3b0c44298fc1c149afbf4c8996fb92427ae41e4649b934ca495991b7852b855"
"experiments/kernel_replay_v66_regression_maintenance/coq/V66_NAT_REWRITE_MAINTENANCE_002.vos","e3b0c44298fc1c149afbf4c8996fb92427ae41e4649b934ca495991b7852b855"
"experiments/kernel_replay_v66_regression_maintenance/coq/V66_NAT_REWRITE_MAINTENANCE_003.glob","836e66b4da9dffd22995e5d28db6db684fff66d8d9bd3062119b0bc94ad6fb64"
"experiments/kernel_replay_v66_regression_maintenance/coq/V66_NAT_REWRITE_MAINTENANCE_003.v","a4a66a55bd411584f72960f33083e936035b53a5ff73bb9cb9d9b245ae10bad1"
"experiments/kernel_replay_v66_regression_maintenance/coq/V66_NAT_REWRITE_MAINTENANCE_003.vo","ac58982a706d0606414678449f86d15ffea9c51ba0979a9c50a64c472dda4e83"
"experiments/kernel_replay_v66_regression_maintenance/coq/V66_NAT_REWRITE_MAINTENANCE_003.vok","e3b0c44298fc1c149afbf4c8996fb92427ae41e4649b934ca495991b7852b855"
"experiments/kernel_replay_v66_regression_maintenance/coq/V66_NAT_REWRITE_MAINTENANCE_003.vos","e3b0c44298fc1c149afbf4c8996fb92427ae41e4649b934ca495991b7852b855"
"experiments/kernel_replay_v66_regression_maintenance/coq/V66_NAT_REWRITE_MAINTENANCE_004.glob","54e03578a82e88acb90753bd5ad50cdf7ac49d8faa25c92c548f9a139ebf2dd4"
"experiments/kernel_replay_v66_regression_maintenance/coq/V66_NAT_REWRITE_MAINTENANCE_004.v","3ff0ace05af2c8dc472b690d334a463908ffdae99449b53548f625730b174266"
"experiments/kernel_replay_v66_regression_maintenance/coq/V66_NAT_REWRITE_MAINTENANCE_004.vo","3cd8920564477be18350b13025d0baaf17ddfb1ab5888147e401cef41b5ba0f8"
"experiments/kernel_replay_v66_regression_maintenance/coq/V66_NAT_REWRITE_MAINTENANCE_004.vok","e3b0c44298fc1c149afbf4c8996fb92427ae41e4649b934ca495991b7852b855"
"experiments/kernel_replay_v66_regression_maintenance/coq/V66_NAT_REWRITE_MAINTENANCE_004.vos","e3b0c44298fc1c149afbf4c8996fb92427ae41e4649b934ca495991b7852b855"
"experiments/kernel_replay_v66_regression_maintenance/coq/V66_NAT_REWRITE_MAINTENANCE_005.glob","5b6e0b144756e3eef058cc1e6933354ab2e10b889c34628594f3346514bd8272"
"experiments/kernel_replay_v66_regression_maintenance/coq/V66_NAT_REWRITE_MAINTENANCE_005.v","6b7f5982849b325b3ddc931381b83885b947a192f44f0c4c886f4f15a64da532"
"experiments/kernel_replay_v66_regression_maintenance/coq/V66_NAT_REWRITE_MAINTENANCE_005.vo","31d6a574cc99c3a293e6cfd26e85eb8180e7bf89f0472bf2c5f2f0e8e68abdee"
"experiments/kernel_replay_v66_regression_maintenance/coq/V66_NAT_REWRITE_MAINTENANCE_005.vok","e3b0c44298fc1c149afbf4c8996fb92427ae41e4649b934ca495991b7852b855"
"experiments/kernel_replay_v66_regression_maintenance/coq/V66_NAT_REWRITE_MAINTENANCE_005.vos","e3b0c44298fc1c149afbf4c8996fb92427ae41e4649b934ca495991b7852b855"
"experiments/kernel_replay_v66_regression_maintenance/coq/V66_NAT_REWRITE_MAINTENANCE_006.glob","f4932dcb968a55499527970718209d831c0c59534ef888712da9deecfc18265c"
"experiments/kernel_replay_v66_regression_maintenance/coq/V66_NAT_REWRITE_MAINTENANCE_006.v","0c3371236dfb3003ec303d54e3668bf746a412e1db3b91a7a8b6916cce92ebe9"
"experiments/kernel_replay_v66_regression_maintenance/coq/V66_NAT_REWRITE_MAINTENANCE_006.vo","9d05b1a20b8dc500fe7b9e9e4f522de3f3aa096a629ca7705c4471385dc2e2f9"
"experiments/kernel_replay_v66_regression_maintenance/coq/V66_NAT_REWRITE_MAINTENANCE_006.vok","e3b0c44298fc1c149afbf4c8996fb92427ae41e4649b934ca495991b7852b855"
"experiments/kernel_replay_v66_regression_maintenance/coq/V66_NAT_REWRITE_MAINTENANCE_006.vos","e3b0c44298fc1c149afbf4c8996fb92427ae41e4649b934ca495991b7852b855"
"experiments/kernel_replay_v66_regression_maintenance/coq/V66_NAT_REWRITE_MAINTENANCE_007.glob","1a7ebc0b8a6f7029c150a87715fc09d838ad07e5eee8694f8f7c3f0ba1af618c"
"experiments/kernel_replay_v66_regression_maintenance/coq/V66_NAT_REWRITE_MAINTENANCE_007.v","5a219f74e6cfe0e31b41f26c7dec2a4e6b04ce12729bbbad06d3c6c74261dc04"
"experiments/kernel_replay_v66_regression_maintenance/coq/V66_NAT_REWRITE_MAINTENANCE_007.vo","f4c1a418d6abfb285720b6988edb7dfd1ffa569b218ce2cb294cfb02cb90450b"
"experiments/kernel_replay_v66_regression_maintenance/coq/V66_NAT_REWRITE_MAINTENANCE_007.vok","e3b0c44298fc1c149afbf4c8996fb92427ae41e4649b934ca495991b7852b855"
"experiments/kernel_replay_v66_regression_maintenance/coq/V66_NAT_REWRITE_MAINTENANCE_007.vos","e3b0c44298fc1c149afbf4c8996fb92427ae41e4649b934ca495991b7852b855"
"experiments/kernel_replay_v66_regression_maintenance/coq/V66_NAT_REWRITE_MAINTENANCE_008.glob","a7b3ed7b8176caf86c7f340468f5c85e1ac0accef6a7eef4f272ff68160fa79c"
"experiments/kernel_replay_v66_regression_maintenance/coq/V66_NAT_REWRITE_MAINTENANCE_008.v","6d6361e0529786d543af1d1a9792d9864d65c76ea27c190a86c173bde2fb532b"
"experiments/kernel_replay_v66_regression_maintenance/coq/V66_NAT_REWRITE_MAINTENANCE_008.vo","d7f5ad0d0f390d23cf975ce9a2017732a2e1714002ea996a72f591684dc78377"
"experiments/kernel_replay_v66_regression_maintenance/coq/V66_NAT_REWRITE_MAINTENANCE_008.vok","e3b0c44298fc1c149afbf4c8996fb92427ae41e4649b934ca495991b7852b855"
"experiments/kernel_replay_v66_regression_maintenance/coq/V66_NAT_REWRITE_MAINTENANCE_008.vos","e3b0c44298fc1c149afbf4c8996fb92427ae41e4649b934ca495991b7852b855"
"experiments/kernel_replay_v66_regression_maintenance/coq/V66_NAT_REWRITE_MAINTENANCE_009.glob","4ae8921ce4823b9342049ecaa87b3e3548a891a0382ac915be078963cb430e26"
"experiments/kernel_replay_v66_regression_maintenance/coq/V66_NAT_REWRITE_MAINTENANCE_009.v","af794c3204940e85fafcad9f6ab95099be7252fbb1a4949201c4b8a451abd3b2"
"experiments/kernel_replay_v66_regression_maintenance/coq/V66_NAT_REWRITE_MAINTENANCE_009.vo","d2a84fc7119d9f0b76af1d1f2b9a23736716c6c618d18da78d6848b63903e344"
"experiments/kernel_replay_v66_regression_maintenance/coq/V66_NAT_REWRITE_MAINTENANCE_009.vok","e3b0c44298fc1c149afbf4c8996fb92427ae41e4649b934ca495991b7852b855"
"experiments/kernel_replay_v66_regression_maintenance/coq/V66_NAT_REWRITE_MAINTENANCE_009.vos","e3b0c44298fc1c149afbf4c8996fb92427ae41e4649b934ca495991b7852b855"
"experiments/kernel_replay_v66_regression_maintenance/coq/V66_NAT_REWRITE_MAINTENANCE_010.glob","2e557be24897f1f5e087802ac30fd61203dd960330edc054a4c486094ca9137b"
"experiments/kernel_replay_v66_regression_maintenance/coq/V66_NAT_REWRITE_MAINTENANCE_010.v","f52600552f85892da71bb1062e3bb66378d23934fe7db605df86091b1525dfa4"
"experiments/kernel_replay_v66_regression_maintenance/coq/V66_NAT_REWRITE_MAINTENANCE_010.vo","b826c255257215f1fbc5bd98aea2724037c8426dbe869634bdc6f2a4ac4d8ca6"
"experiments/kernel_replay_v66_regression_maintenance/coq/V66_NAT_REWRITE_MAINTENANCE_010.vok","e3b0c44298fc1c149afbf4c8996fb92427ae41e4649b934ca495991b7852b855"
"experiments/kernel_replay_v66_regression_maintenance/coq/V66_NAT_REWRITE_MAINTENANCE_010.vos","e3b0c44298fc1c149afbf4c8996fb92427ae41e4649b934ca495991b7852b855"
"experiments/kernel_replay_v66_regression_maintenance/coq/V66_NAT_REWRITE_MAINTENANCE_011.glob","d467f85473816399c2578469e9c07e47fb8a56da7ef6b2ebb4ef4be5522428cb"
"experiments/kernel_replay_v66_regression_maintenance/coq/V66_NAT_REWRITE_MAINTENANCE_011.v","361e8e0d8c7724245a147ee29ffd3fc711b5543a69cf9a4e09baf639014b2df4"
"experiments/kernel_replay_v66_regression_maintenance/coq/V66_NAT_REWRITE_MAINTENANCE_011.vo","825b05ee1bd1c30dca2e6e7604c82e89ad8a12809ecdfac96a3def61ecd6fc1f"
"experiments/kernel_replay_v66_regression_maintenance/coq/V66_NAT_REWRITE_MAINTENANCE_011.vok","e3b0c44298fc1c149afbf4c8996fb92427ae41e4649b934ca495991b7852b855"
"experiments/kernel_replay_v66_regression_maintenance/coq/V66_NAT_REWRITE_MAINTENANCE_011.vos","e3b0c44298fc1c149afbf4c8996fb92427ae41e4649b934ca495991b7852b855"
"experiments/kernel_replay_v66_regression_maintenance/coq/V66_NAT_REWRITE_MAINTENANCE_012.glob","33504494f0e90e30a9c2ca5ee975b4d137b84b71ed7f5e3a5653ec128ea92f95"
"experiments/kernel_replay_v66_regression_maintenance/coq/V66_NAT_REWRITE_MAINTENANCE_012.v","336d29c6986009f5d8c2f1a49c9a9ff4a1d42fb7b3beae51a53b83216f20adc1"
"experiments/kernel_replay_v66_regression_maintenance/coq/V66_NAT_REWRITE_MAINTENANCE_012.vo","f78241de8818c64c2a17c94a2693fc6684dac4b8b8990e5ab59825c4c8c5b459"
"experiments/kernel_replay_v66_regression_maintenance/coq/V66_NAT_REWRITE_MAINTENANCE_012.vok","e3b0c44298fc1c149afbf4c8996fb92427ae41e4649b934ca495991b7852b855"
"experiments/kernel_replay_v66_regression_maintenance/coq/V66_NAT_REWRITE_MAINTENANCE_012.vos","e3b0c44298fc1c149afbf4c8996fb92427ae41e4649b934ca495991b7852b855"
"experiments/kernel_replay_v66_regression_maintenance/coq/V66_NAT_REWRITE_MAINTENANCE_013.glob","0a63ca9807ce7b46ae52750ae226c277dc70075b58577f82bd13f091eb702a68"
"experiments/kernel_replay_v66_regression_maintenance/coq/V66_NAT_REWRITE_MAINTENANCE_013.v","be5c15d34f5c46e8ed6b0c8ee5984ee300eac2333e102ecd01612b6c1fb9a4d2"
"experiments/kernel_replay_v66_regression_maintenance/coq/V66_NAT_REWRITE_MAINTENANCE_013.vo","140bede6f65ce1f553c69d509b575c41616c9959af4daa87c4877fbcc6081027"
"experiments/kernel_replay_v66_regression_maintenance/coq/V66_NAT_REWRITE_MAINTENANCE_013.vok","e3b0c44298fc1c149afbf4c8996fb92427ae41e4649b934ca495991b7852b855"
"experiments/kernel_replay_v66_regression_maintenance/coq/V66_NAT_REWRITE_MAINTENANCE_013.vos","e3b0c44298fc1c149afbf4c8996fb92427ae41e4649b934ca495991b7852b855"
"experiments/kernel_replay_v66_regression_maintenance/coq/V66_NAT_REWRITE_MAINTENANCE_014.glob","e2e313ba6b6299a4e1e1e303d405cea91d63a1a56dde3f284dcb18ff20d6f94a"
"experiments/kernel_replay_v66_regression_maintenance/coq/V66_NAT_REWRITE_MAINTENANCE_014.v","fb357761366ab78669b90be62793416832afe7f4c490404a939af655f51b2143"
"experiments/kernel_replay_v66_regression_maintenance/coq/V66_NAT_REWRITE_MAINTENANCE_014.vo","cb38e0eb10693377c53a907946dbf187450c07512fddfc4dc2c8b101acb8e20e"
"experiments/kernel_replay_v66_regression_maintenance/coq/V66_NAT_REWRITE_MAINTENANCE_014.vok","e3b0c44298fc1c149afbf4c8996fb92427ae41e4649b934ca495991b7852b855"
"experiments/kernel_replay_v66_regression_maintenance/coq/V66_NAT_REWRITE_MAINTENANCE_014.vos","e3b0c44298fc1c149afbf4c8996fb92427ae41e4649b934ca495991b7852b855"
"experiments/kernel_replay_v66_regression_maintenance/coq/V66_NAT_REWRITE_MAINTENANCE_015.glob","37c7b626ecaa4f8d2a8b34b877bc3cf1c37c398dc6e6711d98b360b5318d4d7c"
"experiments/kernel_replay_v66_regression_maintenance/coq/V66_NAT_REWRITE_MAINTENANCE_015.v","03f82d46a749e59bd20846fb5329270488525c725763c91e9c735ddf0a0badcb"
"experiments/kernel_replay_v66_regression_maintenance/coq/V66_NAT_REWRITE_MAINTENANCE_015.vo","fe96d97a2bbd0d0dcc7c149118a116a065d9c00ab6610831c748a41a9f056bb8"
"experiments/kernel_replay_v66_regression_maintenance/coq/V66_NAT_REWRITE_MAINTENANCE_015.vok","e3b0c44298fc1c149afbf4c8996fb92427ae41e4649b934ca495991b7852b855"
"experiments/kernel_replay_v66_regression_maintenance/coq/V66_NAT_REWRITE_MAINTENANCE_015.vos","e3b0c44298fc1c149afbf4c8996fb92427ae41e4649b934ca495991b7852b855"
"experiments/kernel_replay_v66_regression_maintenance/coq/V66_NAT_REWRITE_MAINTENANCE_016.glob","611ae5bd1afad627aa5a2cd2c8873d0078cfc584508280122bfe6591902947d9"
"experiments/kernel_replay_v66_regression_maintenance/coq/V66_NAT_REWRITE_MAINTENANCE_016.v","bc8f7566160458313080a3ceff38b17fa700e729c29c2f4dc784d2acd205a493"
"experiments/kernel_replay_v66_regression_maintenance/coq/V66_NAT_REWRITE_MAINTENANCE_016.vo","e69074bf555ef3fddf6a902f8a409fa06983d4bb2f7579ba59f6d506e6fbd040"
"experiments/kernel_replay_v66_regression_maintenance/coq/V66_NAT_REWRITE_MAINTENANCE_016.vok","e3b0c44298fc1c149afbf4c8996fb92427ae41e4649b934ca495991b7852b855"
"experiments/kernel_replay_v66_regression_maintenance/coq/V66_NAT_REWRITE_MAINTENANCE_016.vos","e3b0c44298fc1c149afbf4c8996fb92427ae41e4649b934ca495991b7852b855"
"experiments/kernel_replay_v66_regression_maintenance/coq/V66_NAT_REWRITE_MAINTENANCE_017.glob","bd76108d08afee94a19605c17912ad4bf8bf504880e22dc3895f0f92d1e4c4bf"
"experiments/kernel_replay_v66_regression_maintenance/coq/V66_NAT_REWRITE_MAINTENANCE_017.v","adb893d39da95a0dbd8ee920e006cc19a24040ff98c2afadc34956cb21d92402"
"experiments/kernel_replay_v66_regression_maintenance/coq/V66_NAT_REWRITE_MAINTENANCE_017.vo","3e9ea212809c88fdc25175669d41a69ec2113df3ac6876f4a196739d2b30e8c5"
"experiments/kernel_replay_v66_regression_maintenance/coq/V66_NAT_REWRITE_MAINTENANCE_017.vok","e3b0c44298fc1c149afbf4c8996fb92427ae41e4649b934ca495991b7852b855"
"experiments/kernel_replay_v66_regression_maintenance/coq/V66_NAT_REWRITE_MAINTENANCE_017.vos","e3b0c44298fc1c149afbf4c8996fb92427ae41e4649b934ca495991b7852b855"
"experiments/kernel_replay_v66_regression_maintenance/coq/V66_NAT_REWRITE_MAINTENANCE_018.glob","eaa8774ce85c9c5f838b9c49f09f7a76cc6c8bd4c54c460cf876867db15dbe91"
"experiments/kernel_replay_v66_regression_maintenance/coq/V66_NAT_REWRITE_MAINTENANCE_018.v","263f136b34c7b242427ca7e4946964e2cbcc01f3028780d1291cac2913088543"
"experiments/kernel_replay_v66_regression_maintenance/coq/V66_NAT_REWRITE_MAINTENANCE_018.vo","0e7d530fc302b6701bb97213f02f9101ae889538037a7dd3b8d07e073deceec2"
"experiments/kernel_replay_v66_regression_maintenance/coq/V66_NAT_REWRITE_MAINTENANCE_018.vok","e3b0c44298fc1c149afbf4c8996fb92427ae41e4649b934ca495991b7852b855"
"experiments/kernel_replay_v66_regression_maintenance/coq/V66_NAT_REWRITE_MAINTENANCE_018.vos","e3b0c44298fc1c149afbf4c8996fb92427ae41e4649b934ca495991b7852b855"
"experiments/kernel_replay_v66_regression_maintenance/coq/V66_NAT_REWRITE_MAINTENANCE_019.glob","9ee6d44643ab92d036197f2ef4eaa5e0c89776a7597e1c1600c986d606aed081"
"experiments/kernel_replay_v66_regression_maintenance/coq/V66_NAT_REWRITE_MAINTENANCE_019.v","be77c61a51c517fc6b26d53a82f7362bf18110313e3e81102d1e539717d1a42f"
"experiments/kernel_replay_v66_regression_maintenance/coq/V66_NAT_REWRITE_MAINTENANCE_019.vo","9570b6321229dcc0ee9c17801d1ed7c41539f288d953c14f2af7f5e38ffd168f"
"experiments/kernel_replay_v66_regression_maintenance/coq/V66_NAT_REWRITE_MAINTENANCE_019.vok","e3b0c44298fc1c149afbf4c8996fb92427ae41e4649b934ca495991b7852b855"
"experiments/kernel_replay_v66_regression_maintenance/coq/V66_NAT_REWRITE_MAINTENANCE_019.vos","e3b0c44298fc1c149afbf4c8996fb92427ae41e4649b934ca495991b7852b855"
"experiments/kernel_replay_v66_regression_maintenance/coq/V66_NAT_REWRITE_MAINTENANCE_020.glob","a66d04803383cb2599d5570790a219397ea100f8422a8dcb7c188a156aae2b94"
"experiments/kernel_replay_v66_regression_maintenance/coq/V66_NAT_REWRITE_MAINTENANCE_020.v","a571487b7c974d5ae76d9eba6048458b0ae30b52fa78c7ee90d0e9e501152c30"
"experiments/kernel_replay_v66_regression_maintenance/coq/V66_NAT_REWRITE_MAINTENANCE_020.vo","024482cfd14b209610aa931135a631664f8ae485be4715ceb6023ba831ffe4a9"
"experiments/kernel_replay_v66_regression_maintenance/coq/V66_NAT_REWRITE_MAINTENANCE_020.vok","e3b0c44298fc1c149afbf4c8996fb92427ae41e4649b934ca495991b7852b855"
"experiments/kernel_replay_v66_regression_maintenance/coq/V66_NAT_REWRITE_MAINTENANCE_020.vos","e3b0c44298fc1c149afbf4c8996fb92427ae41e4649b934ca495991b7852b855"
"experiments/kernel_replay_v66_regression_maintenance/coq/V66_NAT_REWRITE_MAINTENANCE_021.glob","f8b5450b3efff742c5af0fbf0067ed8bc559a80741b01497a319c27f476fc7c7"
"experiments/kernel_replay_v66_regression_maintenance/coq/V66_NAT_REWRITE_MAINTENANCE_021.v","88b8b1144fb756b70c9e36f7767e5abab7caf170b0429fa1afa0bd4be9b3df75"
"experiments/kernel_replay_v66_regression_maintenance/coq/V66_NAT_REWRITE_MAINTENANCE_021.vo","306afa101baec3ee2718bc5c470d49377c52c4d9ade5224b7669524041392965"
"experiments/kernel_replay_v66_regression_maintenance/coq/V66_NAT_REWRITE_MAINTENANCE_021.vok","e3b0c44298fc1c149afbf4c8996fb92427ae41e4649b934ca495991b7852b855"
"experiments/kernel_replay_v66_regression_maintenance/coq/V66_NAT_REWRITE_MAINTENANCE_021.vos","e3b0c44298fc1c149afbf4c8996fb92427ae41e4649b934ca495991b7852b855"
"experiments/kernel_replay_v66_regression_maintenance/coq/V66_NAT_REWRITE_MAINTENANCE_022.glob","f254ce29f6f18b28d6877e1cc02e8ce4b7cb6f02e0f624f8a2cb514589b267c8"
"experiments/kernel_replay_v66_regression_maintenance/coq/V66_NAT_REWRITE_MAINTENANCE_022.v","4cb918907e2f0968623f15206653833cba72b568c9505e9936b7ebd826ff325e"
"experiments/kernel_replay_v66_regression_maintenance/coq/V66_NAT_REWRITE_MAINTENANCE_022.vo","edb91795ecf0accd93bb223c2d53bdb174d0c1826a27e5285ba6e5d7577b9ab7"
"experiments/kernel_replay_v66_regression_maintenance/coq/V66_NAT_REWRITE_MAINTENANCE_022.vok","e3b0c44298fc1c149afbf4c8996fb92427ae41e4649b934ca495991b7852b855"
"experiments/kernel_replay_v66_regression_maintenance/coq/V66_NAT_REWRITE_MAINTENANCE_022.vos","e3b0c44298fc1c149afbf4c8996fb92427ae41e4649b934ca495991b7852b855"
"experiments/kernel_replay_v66_regression_maintenance/coq/V66_NAT_REWRITE_MAINTENANCE_023.glob","59d569543bb4ca77e40890c022286084f59b7c8d0c47edd6020e20dd80e83ea3"
"experiments/kernel_replay_v66_regression_maintenance/coq/V66_NAT_REWRITE_MAINTENANCE_023.v","0a6f989d11daacf364b3dc534be0f655b868c30f5c6e7ac616f9009102c5812c"
"experiments/kernel_replay_v66_regression_maintenance/coq/V66_NAT_REWRITE_MAINTENANCE_023.vo","1c96f7e99035687c4cf83332c00e7afc92188248a195b4a36c6813b16954fffe"
"experiments/kernel_replay_v66_regression_maintenance/coq/V66_NAT_REWRITE_MAINTENANCE_023.vok","e3b0c44298fc1c149afbf4c8996fb92427ae41e4649b934ca495991b7852b855"
"experiments/kernel_replay_v66_regression_maintenance/coq/V66_NAT_REWRITE_MAINTENANCE_023.vos","e3b0c44298fc1c149afbf4c8996fb92427ae41e4649b934ca495991b7852b855"
"experiments/kernel_replay_v66_regression_maintenance/coq/V66_NAT_REWRITE_MAINTENANCE_024.glob","20256cde5ab070a5c5c5ea45b0c577c37f0360dd5d8b84586146286489efd122"
"experiments/kernel_replay_v66_regression_maintenance/coq/V66_NAT_REWRITE_MAINTENANCE_024.v","2165e26e81cb3f771dc000d42d14f9f913f5f1d839e2518fcfa5d41583c622df"
"experiments/kernel_replay_v66_regression_maintenance/coq/V66_NAT_REWRITE_MAINTENANCE_024.vo","3702b56eba00ba0db3012dedd1cb72a3960b5a90438a035cfd87f1965502ccc0"
"experiments/kernel_replay_v66_regression_maintenance/coq/V66_NAT_REWRITE_MAINTENANCE_024.vok","e3b0c44298fc1c149afbf4c8996fb92427ae41e4649b934ca495991b7852b855"
"experiments/kernel_replay_v66_regression_maintenance/coq/V66_NAT_REWRITE_MAINTENANCE_024.vos","e3b0c44298fc1c149afbf4c8996fb92427ae41e4649b934ca495991b7852b855"
"experiments/kernel_replay_v66_regression_maintenance/coq/V66_NAT_REWRITE_MAINTENANCE_025.glob","e90057e81f29d67c09bcf0b8d3dcc0869e6ae9ff18f3d86c844ba650214d0b4d"
"experiments/kernel_replay_v66_regression_maintenance/coq/V66_NAT_REWRITE_MAINTENANCE_025.v","25423915afc101a9feef936b94ab4d8288698d3fb869acaf56a80a41ec57fecb"
"experiments/kernel_replay_v66_regression_maintenance/coq/V66_NAT_REWRITE_MAINTENANCE_025.vo","4a48246935be1778af6cee9c73509dee0169a9bd53a40c6f158bcbb7bc2001e5"
"experiments/kernel_replay_v66_regression_maintenance/coq/V66_NAT_REWRITE_MAINTENANCE_025.vok","e3b0c44298fc1c149afbf4c8996fb92427ae41e4649b934ca495991b7852b855"
"experiments/kernel_replay_v66_regression_maintenance/coq/V66_NAT_REWRITE_MAINTENANCE_025.vos","e3b0c44298fc1c149afbf4c8996fb92427ae41e4649b934ca495991b7852b855"
"experiments/kernel_replay_v66_regression_maintenance/coq/V66_NAT_REWRITE_MAINTENANCE_026.glob","ef2e1224795f9ee0f1c181e17ad55f92d2b9ebbf1172db1fcb92630b7f651ed1"
"experiments/kernel_replay_v66_regression_maintenance/coq/V66_NAT_REWRITE_MAINTENANCE_026.v","01ce02711517756e3500aaffd26040c056a46c31b367890f1402e905353867fc"
"experiments/kernel_replay_v66_regression_maintenance/coq/V66_NAT_REWRITE_MAINTENANCE_026.vo","213a44e9a8feafb2c5e4653fdde2af5c1dd57b37c8b5e37c233a252b7f2761b6"
"experiments/kernel_replay_v66_regression_maintenance/coq/V66_NAT_REWRITE_MAINTENANCE_026.vok","e3b0c44298fc1c149afbf4c8996fb92427ae41e4649b934ca495991b7852b855"
"experiments/kernel_replay_v66_regression_maintenance/coq/V66_NAT_REWRITE_MAINTENANCE_026.vos","e3b0c44298fc1c149afbf4c8996fb92427ae41e4649b934ca495991b7852b855"
"experiments/kernel_replay_v66_regression_maintenance/coq/V66_NAT_REWRITE_MAINTENANCE_027.glob","29c98b0027e7bcc3cd5bf4bc66069f0e71558a750fb770deff5a5d61ef85a5cd"
"experiments/kernel_replay_v66_regression_maintenance/coq/V66_NAT_REWRITE_MAINTENANCE_027.v","73301890997aadb496100a9baeab2b80830d871c489ea6c710919fe256d6ebf6"
"experiments/kernel_replay_v66_regression_maintenance/coq/V66_NAT_REWRITE_MAINTENANCE_027.vo","2b1b7c700e2c81c65750cab0f7e1f545cd9166961cad74c723b7ad53a62491a8"
"experiments/kernel_replay_v66_regression_maintenance/coq/V66_NAT_REWRITE_MAINTENANCE_027.vok","e3b0c44298fc1c149afbf4c8996fb92427ae41e4649b934ca495991b7852b855"
"experiments/kernel_replay_v66_regression_maintenance/coq/V66_NAT_REWRITE_MAINTENANCE_027.vos","e3b0c44298fc1c149afbf4c8996fb92427ae41e4649b934ca495991b7852b855"
"experiments/kernel_replay_v66_regression_maintenance/coq/V66_NAT_REWRITE_MAINTENANCE_028.glob","26264b609594bc8c089497e653cbc2b5a32ef4251cf7302abcb21e26f8fb0673"
"experiments/kernel_replay_v66_regression_maintenance/coq/V66_NAT_REWRITE_MAINTENANCE_028.v","6678101ca386b5675578bf4eeb4bdb6a70c82259c3f68740630180de21feab02"
"experiments/kernel_replay_v66_regression_maintenance/coq/V66_NAT_REWRITE_MAINTENANCE_028.vo","ced48561e4356d63654734d671288c086583ddcea69f5ce28ce64aba36abe49b"
"experiments/kernel_replay_v66_regression_maintenance/coq/V66_NAT_REWRITE_MAINTENANCE_028.vok","e3b0c44298fc1c149afbf4c8996fb92427ae41e4649b934ca495991b7852b855"
"experiments/kernel_replay_v66_regression_maintenance/coq/V66_NAT_REWRITE_MAINTENANCE_028.vos","e3b0c44298fc1c149afbf4c8996fb92427ae41e4649b934ca495991b7852b855"
"experiments/kernel_replay_v66_regression_maintenance/coq/V66_NAT_REWRITE_MAINTENANCE_029.glob","ad0958053eac6f62d93f8b00dc315712096b098df22cc89e99a5ef55e4d0e8fb"
"experiments/kernel_replay_v66_regression_maintenance/coq/V66_NAT_REWRITE_MAINTENANCE_029.v","b887e7e1628fc4af120772ffd6bd36372c8859c590fe1f3b9d6c4738acb9d823"
"experiments/kernel_replay_v66_regression_maintenance/coq/V66_NAT_REWRITE_MAINTENANCE_029.vo","7e1bc9f4aec994d3fa39d45dfc9d550aac5b10b12de8ac00f6f5739e6fb74f0e"
"experiments/kernel_replay_v66_regression_maintenance/coq/V66_NAT_REWRITE_MAINTENANCE_029.vok","e3b0c44298fc1c149afbf4c8996fb92427ae41e4649b934ca495991b7852b855"
"experiments/kernel_replay_v66_regression_maintenance/coq/V66_NAT_REWRITE_MAINTENANCE_029.vos","e3b0c44298fc1c149afbf4c8996fb92427ae41e4649b934ca495991b7852b855"
"experiments/kernel_replay_v66_regression_maintenance/coq/V66_NAT_REWRITE_MAINTENANCE_030.glob","d596f79d02c78d1b89283cd053b8721820bed64864af8612ca4150269d54c77d"
"experiments/kernel_replay_v66_regression_maintenance/coq/V66_NAT_REWRITE_MAINTENANCE_030.v","fdbf33bdc3e941b7a0a57ff02497695467b81267bafc7b5ccacb8f09ea681827"
"experiments/kernel_replay_v66_regression_maintenance/coq/V66_NAT_REWRITE_MAINTENANCE_030.vo","52241263e69b28761a84279ee9634f8d6da2307c9ae554dd22b4c1104f141e4b"
"experiments/kernel_replay_v66_regression_maintenance/coq/V66_NAT_REWRITE_MAINTENANCE_030.vok","e3b0c44298fc1c149afbf4c8996fb92427ae41e4649b934ca495991b7852b855"
"experiments/kernel_replay_v66_regression_maintenance/coq/V66_NAT_REWRITE_MAINTENANCE_030.vos","e3b0c44298fc1c149afbf4c8996fb92427ae41e4649b934ca495991b7852b855"
"experiments/kernel_replay_v66_regression_maintenance/coq/V66_NAT_REWRITE_MAINTENANCE_031.glob","f436cb1efa22b380b6969083e49c29b7dcd75b9149ffd9905d3e550e63da0c3b"
"experiments/kernel_replay_v66_regression_maintenance/coq/V66_NAT_REWRITE_MAINTENANCE_031.v","71c1eda5c8d282db5b53e0185201b41595bb4429671b8ccb1591f9de1f258ecf"
"experiments/kernel_replay_v66_regression_maintenance/coq/V66_NAT_REWRITE_MAINTENANCE_031.vo","a0d94aaf26b3e31725b97c3e6570458ab105ee19fc052779d45891372c78a1a9"
"experiments/kernel_replay_v66_regression_maintenance/coq/V66_NAT_REWRITE_MAINTENANCE_031.vok","e3b0c44298fc1c149afbf4c8996fb92427ae41e4649b934ca495991b7852b855"
"experiments/kernel_replay_v66_regression_maintenance/coq/V66_NAT_REWRITE_MAINTENANCE_031.vos","e3b0c44298fc1c149afbf4c8996fb92427ae41e4649b934ca495991b7852b855"
"experiments/kernel_replay_v66_regression_maintenance/coq/V66_NAT_REWRITE_MAINTENANCE_032.glob","8dc1a2ac474a5260724fce275b5a83c8b1f2c3d7cc2ebab8506421a0d0ff825d"
"experiments/kernel_replay_v66_regression_maintenance/coq/V66_NAT_REWRITE_MAINTENANCE_032.v","b9807e36cbc24af1f317bff6c80158dfd6cd705e633352f3ccfbb88b19ea431e"
"experiments/kernel_replay_v66_regression_maintenance/coq/V66_NAT_REWRITE_MAINTENANCE_032.vo","1e3790fe61c953d36e0961852dcea9d57a08a0db603c1682ba392d07a9afa042"
"experiments/kernel_replay_v66_regression_maintenance/coq/V66_NAT_REWRITE_MAINTENANCE_032.vok","e3b0c44298fc1c149afbf4c8996fb92427ae41e4649b934ca495991b7852b855"
"experiments/kernel_replay_v66_regression_maintenance/coq/V66_NAT_REWRITE_MAINTENANCE_032.vos","e3b0c44298fc1c149afbf4c8996fb92427ae41e4649b934ca495991b7852b855"
"experiments/kernel_replay_v66_regression_maintenance/coq/V66_NAT_REWRITE_MAINTENANCE_033.glob","898566c591a396bedf1f96f2901c00561693b28772a8bbfc8967c4858b26c423"
"experiments/kernel_replay_v66_regression_maintenance/coq/V66_NAT_REWRITE_MAINTENANCE_033.v","2126184ea73c7e3cbbf61d333339f321f7695b9b7cca8cd7ea4c21b0b0314d4f"
"experiments/kernel_replay_v66_regression_maintenance/coq/V66_NAT_REWRITE_MAINTENANCE_033.vo","f892b3d094416f6d0f024f7b048f9932b2a43ab1c68140bb9e62ca967fd84c60"
"experiments/kernel_replay_v66_regression_maintenance/coq/V66_NAT_REWRITE_MAINTENANCE_033.vok","e3b0c44298fc1c149afbf4c8996fb92427ae41e4649b934ca495991b7852b855"
"experiments/kernel_replay_v66_regression_maintenance/coq/V66_NAT_REWRITE_MAINTENANCE_033.vos","e3b0c44298fc1c149afbf4c8996fb92427ae41e4649b934ca495991b7852b855"
"experiments/kernel_replay_v66_regression_maintenance/coq/V66_NAT_REWRITE_MAINTENANCE_034.glob","2ccfb9553886018034692b3a930af74b3c3f3bc19b22eb5daa128d6a939b3455"
"experiments/kernel_replay_v66_regression_maintenance/coq/V66_NAT_REWRITE_MAINTENANCE_034.v","5af6e9e0f962039124da18725eb70703ff7b2fb150438ee44b3ff35252ad90f1"
"experiments/kernel_replay_v66_regression_maintenance/coq/V66_NAT_REWRITE_MAINTENANCE_034.vo","72e0dbace012f8df2e42ccc1ae85971dc05e730d4d1ce60cf452132f632433df"
"experiments/kernel_replay_v66_regression_maintenance/coq/V66_NAT_REWRITE_MAINTENANCE_034.vok","e3b0c44298fc1c149afbf4c8996fb92427ae41e4649b934ca495991b7852b855"
"experiments/kernel_replay_v66_regression_maintenance/coq/V66_NAT_REWRITE_MAINTENANCE_034.vos","e3b0c44298fc1c149afbf4c8996fb92427ae41e4649b934ca495991b7852b855"
"experiments/kernel_replay_v66_regression_maintenance/coq/V66_NAT_REWRITE_MAINTENANCE_035.glob","bbf5a93c607308a838945b6450400ea951b2feea8f2830eeab13baede9e76f7f"
"experiments/kernel_replay_v66_regression_maintenance/coq/V66_NAT_REWRITE_MAINTENANCE_035.v","7b7314c8e562eed22fcd53bd0c371120fb19ac854cab7c6802076e63edeaaf36"
"experiments/kernel_replay_v66_regression_maintenance/coq/V66_NAT_REWRITE_MAINTENANCE_035.vo","acb120554bc066d930f5d1af40e8163cf6db981b13e4a18d0cc371ac602b6aac"
"experiments/kernel_replay_v66_regression_maintenance/coq/V66_NAT_REWRITE_MAINTENANCE_035.vok","e3b0c44298fc1c149afbf4c8996fb92427ae41e4649b934ca495991b7852b855"
"experiments/kernel_replay_v66_regression_maintenance/coq/V66_NAT_REWRITE_MAINTENANCE_035.vos","e3b0c44298fc1c149afbf4c8996fb92427ae41e4649b934ca495991b7852b855"
"experiments/kernel_replay_v66_regression_maintenance/coq/V66_NAT_REWRITE_MAINTENANCE_036.glob","fd69d723ea998258e0a4dc8406d115eed4b2be69e7e2435fa78134f86a7de647"
"experiments/kernel_replay_v66_regression_maintenance/coq/V66_NAT_REWRITE_MAINTENANCE_036.v","75395814da7a20f25ccc18fe8ba44b8a50de81daa62db27412ad008e693b3226"
"experiments/kernel_replay_v66_regression_maintenance/coq/V66_NAT_REWRITE_MAINTENANCE_036.vo","0f704ea2e6a0dfde35f2d3b1c58f690890dfaca2cdcd96e8542818417af113e3"
"experiments/kernel_replay_v66_regression_maintenance/coq/V66_NAT_REWRITE_MAINTENANCE_036.vok","e3b0c44298fc1c149afbf4c8996fb92427ae41e4649b934ca495991b7852b855"
"experiments/kernel_replay_v66_regression_maintenance/coq/V66_NAT_REWRITE_MAINTENANCE_036.vos","e3b0c44298fc1c149afbf4c8996fb92427ae41e4649b934ca495991b7852b855"
"experiments/kernel_replay_v66_regression_maintenance/coq/V66_NAT_REWRITE_MAINTENANCE_037.glob","b4d949a8d8f9789edead3c4e54351d8b77b5a7f29188204d907c91561b375312"
"experiments/kernel_replay_v66_regression_maintenance/coq/V66_NAT_REWRITE_MAINTENANCE_037.v","ff83ee3580873ff6230d73833c5c27c8ea619815573e30b9186ad591449689d2"
"experiments/kernel_replay_v66_regression_maintenance/coq/V66_NAT_REWRITE_MAINTENANCE_037.vo","6c834dc3970385282ba497c8eda343839edcd3b824ca84f0e24f3f92fe7fef95"
"experiments/kernel_replay_v66_regression_maintenance/coq/V66_NAT_REWRITE_MAINTENANCE_037.vok","e3b0c44298fc1c149afbf4c8996fb92427ae41e4649b934ca495991b7852b855"
"experiments/kernel_replay_v66_regression_maintenance/coq/V66_NAT_REWRITE_MAINTENANCE_037.vos","e3b0c44298fc1c149afbf4c8996fb92427ae41e4649b934ca495991b7852b855"
"experiments/kernel_replay_v66_regression_maintenance/coq/V66_NAT_REWRITE_MAINTENANCE_038.glob","d9add0388cdebe2741978e7d27076c42dfbbf7441ea1cbc8ade8136c33d1ac94"
"experiments/kernel_replay_v66_regression_maintenance/coq/V66_NAT_REWRITE_MAINTENANCE_038.v","a18b102dd76be5c5a382fa6390a116d13f2f6a7ad21e1342889e6ae481f996d7"
"experiments/kernel_replay_v66_regression_maintenance/coq/V66_NAT_REWRITE_MAINTENANCE_038.vo","0ccec140e5dcb49a4ba4bad0962fd9c414e80cea2da3db120bef21489bc55470"
"experiments/kernel_replay_v66_regression_maintenance/coq/V66_NAT_REWRITE_MAINTENANCE_038.vok","e3b0c44298fc1c149afbf4c8996fb92427ae41e4649b934ca495991b7852b855"
"experiments/kernel_replay_v66_regression_maintenance/coq/V66_NAT_REWRITE_MAINTENANCE_038.vos","e3b0c44298fc1c149afbf4c8996fb92427ae41e4649b934ca495991b7852b855"
"experiments/kernel_replay_v66_regression_maintenance/coq/V66_NAT_REWRITE_MAINTENANCE_039.glob","52ff901a9594435e5c367b901032200bdad3280fda518b838168181a89fba321"
"experiments/kernel_replay_v66_regression_maintenance/coq/V66_NAT_REWRITE_MAINTENANCE_039.v","bc91521f03c7eab629ad234871db529f732b39cfaa6a9538247ccef766d411fb"
"experiments/kernel_replay_v66_regression_maintenance/coq/V66_NAT_REWRITE_MAINTENANCE_039.vo","eec647026f4b28bfdbc160ff0604d2b2918fa4cc4e033597409f15a92258490b"
"experiments/kernel_replay_v66_regression_maintenance/coq/V66_NAT_REWRITE_MAINTENANCE_039.vok","e3b0c44298fc1c149afbf4c8996fb92427ae41e4649b934ca495991b7852b855"
"experiments/kernel_replay_v66_regression_maintenance/coq/V66_NAT_REWRITE_MAINTENANCE_039.vos","e3b0c44298fc1c149afbf4c8996fb92427ae41e4649b934ca495991b7852b855"
"experiments/kernel_replay_v66_regression_maintenance/coq/V66_NAT_REWRITE_MAINTENANCE_040.glob","8ddff707aecd573bf3068542c00a7e96003714ca92196d04e4b3189328b36b5b"
"experiments/kernel_replay_v66_regression_maintenance/coq/V66_NAT_REWRITE_MAINTENANCE_040.v","f2a3f44a474061382ad3e28018babb5d24df850786c931d892aa7520e4cae021"
"experiments/kernel_replay_v66_regression_maintenance/coq/V66_NAT_REWRITE_MAINTENANCE_040.vo","676430228d40d9c1de96fa7703cfa926911aedfc25b7ecde78d844bdc85047a5"
"experiments/kernel_replay_v66_regression_maintenance/coq/V66_NAT_REWRITE_MAINTENANCE_040.vok","e3b0c44298fc1c149afbf4c8996fb92427ae41e4649b934ca495991b7852b855"
"experiments/kernel_replay_v66_regression_maintenance/coq/V66_NAT_REWRITE_MAINTENANCE_040.vos","e3b0c44298fc1c149afbf4c8996fb92427ae41e4649b934ca495991b7852b855"
"experiments/kernel_replay_v66_regression_maintenance/coq/V66_NAT_REWRITE_MAINTENANCE_041.glob","9d07990725b75b48960fd6098a58e0e2590c3aa914d7a6d14c412f973429b9a9"
"experiments/kernel_replay_v66_regression_maintenance/coq/V66_NAT_REWRITE_MAINTENANCE_041.v","80a5dae7f2ac067e0e43a9c86b4467d94737bd2389d28df99169fabb80337191"
"experiments/kernel_replay_v66_regression_maintenance/coq/V66_NAT_REWRITE_MAINTENANCE_041.vo","ada461d5c1aa455411d7d8eb75f9d6cc35609c6801e0a579e9f2a71e720e4f58"
"experiments/kernel_replay_v66_regression_maintenance/coq/V66_NAT_REWRITE_MAINTENANCE_041.vok","e3b0c44298fc1c149afbf4c8996fb92427ae41e4649b934ca495991b7852b855"
"experiments/kernel_replay_v66_regression_maintenance/coq/V66_NAT_REWRITE_MAINTENANCE_041.vos","e3b0c44298fc1c149afbf4c8996fb92427ae41e4649b934ca495991b7852b855"
"experiments/kernel_replay_v66_regression_maintenance/coq/V66_NAT_REWRITE_MAINTENANCE_042.glob","de89deae474ddaf86b67b976a23dea750e6e602d5a294cf2b10c19ad3be96cb0"
"experiments/kernel_replay_v66_regression_maintenance/coq/V66_NAT_REWRITE_MAINTENANCE_042.v","c0bbd8347d38a0ff4759655abed06ef4b5ee4bba7ebb93478e4c3500576f9abf"
"experiments/kernel_replay_v66_regression_maintenance/coq/V66_NAT_REWRITE_MAINTENANCE_042.vo","04b477d10d33a19230680fc6c3e24dd64116f9d09e5e330b06cb5dc69c03f1c0"
"experiments/kernel_replay_v66_regression_maintenance/coq/V66_NAT_REWRITE_MAINTENANCE_042.vok","e3b0c44298fc1c149afbf4c8996fb92427ae41e4649b934ca495991b7852b855"
"experiments/kernel_replay_v66_regression_maintenance/coq/V66_NAT_REWRITE_MAINTENANCE_042.vos","e3b0c44298fc1c149afbf4c8996fb92427ae41e4649b934ca495991b7852b855"
"experiments/kernel_replay_v66_regression_maintenance/coq/V66_NAT_REWRITE_MAINTENANCE_043.glob","9783f0ea22dfa45dbaf13c2817b52472fb6350121c04b4fa5abee7071b88285a"
"experiments/kernel_replay_v66_regression_maintenance/coq/V66_NAT_REWRITE_MAINTENANCE_043.v","2521dd27e1aed35ceca814f45b61d14cdfc258c5cb1aa7032aec4e227959f013"
"experiments/kernel_replay_v66_regression_maintenance/coq/V66_NAT_REWRITE_MAINTENANCE_043.vo","4d761670e77bd585a5f205453d724b776bfb4e4e92bb4b8bce9ec291b3b1e896"
"experiments/kernel_replay_v66_regression_maintenance/coq/V66_NAT_REWRITE_MAINTENANCE_043.vok","e3b0c44298fc1c149afbf4c8996fb92427ae41e4649b934ca495991b7852b855"
"experiments/kernel_replay_v66_regression_maintenance/coq/V66_NAT_REWRITE_MAINTENANCE_043.vos","e3b0c44298fc1c149afbf4c8996fb92427ae41e4649b934ca495991b7852b855"
"experiments/kernel_replay_v66_regression_maintenance/coq/V66_NAT_REWRITE_MAINTENANCE_044.glob","bdc724b13b0fbec6d4196ea5e7d3fe93a8eeca21567e41d5792c9fe1c2f7fc46"
"experiments/kernel_replay_v66_regression_maintenance/coq/V66_NAT_REWRITE_MAINTENANCE_044.v","c00a982638874fabbf82df08119c2c073114cf0b2c8ddb030f088ffdbe6c73ec"
"experiments/kernel_replay_v66_regression_maintenance/coq/V66_NAT_REWRITE_MAINTENANCE_044.vo","058d2c8bafee81fd02536c4871a0c6143dcab84e383b395ddeb4118d670a3c7c"
"experiments/kernel_replay_v66_regression_maintenance/coq/V66_NAT_REWRITE_MAINTENANCE_044.vok","e3b0c44298fc1c149afbf4c8996fb92427ae41e4649b934ca495991b7852b855"
"experiments/kernel_replay_v66_regression_maintenance/coq/V66_NAT_REWRITE_MAINTENANCE_044.vos","e3b0c44298fc1c149afbf4c8996fb92427ae41e4649b934ca495991b7852b855"
"experiments/kernel_replay_v66_regression_maintenance/coq/V66_NAT_REWRITE_MAINTENANCE_045.glob","a731da12714c6edc8b4b490ebb797dd9eca7b0b025b10ceb80f120bb5df7f783"
"experiments/kernel_replay_v66_regression_maintenance/coq/V66_NAT_REWRITE_MAINTENANCE_045.v","f57d5b865f8c165d339483cbd1b6673c0ce978b87e27509d546e179ca4d5fd6c"
"experiments/kernel_replay_v66_regression_maintenance/coq/V66_NAT_REWRITE_MAINTENANCE_045.vo","74ef17b4f7d9bc710fb699f4b4606a1f597b4e06f5810c92f4701f6bb9874e41"
"experiments/kernel_replay_v66_regression_maintenance/coq/V66_NAT_REWRITE_MAINTENANCE_045.vok","e3b0c44298fc1c149afbf4c8996fb92427ae41e4649b934ca495991b7852b855"
"experiments/kernel_replay_v66_regression_maintenance/coq/V66_NAT_REWRITE_MAINTENANCE_045.vos","e3b0c44298fc1c149afbf4c8996fb92427ae41e4649b934ca495991b7852b855"
"experiments/kernel_replay_v66_regression_maintenance/coq/V66_NAT_REWRITE_MAINTENANCE_046.glob","dbdcad622b4268700696a91d042da689657eee1c5c8bdb8325a133b7e5c1e5af"
"experiments/kernel_replay_v66_regression_maintenance/coq/V66_NAT_REWRITE_MAINTENANCE_046.v","486f7a320c6d9aef8eb81142ffd9519e81c3d950d365f08a66fa7565267c9e87"
"experiments/kernel_replay_v66_regression_maintenance/coq/V66_NAT_REWRITE_MAINTENANCE_046.vo","3c79b71dcf950d5aae883ca0b436bebc45b6d83d8b71972dad029d14f98b8eb5"
"experiments/kernel_replay_v66_regression_maintenance/coq/V66_NAT_REWRITE_MAINTENANCE_046.vok","e3b0c44298fc1c149afbf4c8996fb92427ae41e4649b934ca495991b7852b855"
"experiments/kernel_replay_v66_regression_maintenance/coq/V66_NAT_REWRITE_MAINTENANCE_046.vos","e3b0c44298fc1c149afbf4c8996fb92427ae41e4649b934ca495991b7852b855"
"experiments/kernel_replay_v66_regression_maintenance/coq/V66_NAT_REWRITE_MAINTENANCE_047.glob","40b4b31558da17e63e00cc4ac147745e1f10fe6acef1a072fa18f41b5ef72f23"
"experiments/kernel_replay_v66_regression_maintenance/coq/V66_NAT_REWRITE_MAINTENANCE_047.v","89671f1eccb63a7a4f84e894487317c1f815ef26d82f0b3aa0ea308ca53d8b7d"
"experiments/kernel_replay_v66_regression_maintenance/coq/V66_NAT_REWRITE_MAINTENANCE_047.vo","78184c3e52aeb04242975a16d9a245739f0382ac2a23222db8eb5b883599a296"
"experiments/kernel_replay_v66_regression_maintenance/coq/V66_NAT_REWRITE_MAINTENANCE_047.vok","e3b0c44298fc1c149afbf4c8996fb92427ae41e4649b934ca495991b7852b855"
"experiments/kernel_replay_v66_regression_maintenance/coq/V66_NAT_REWRITE_MAINTENANCE_047.vos","e3b0c44298fc1c149afbf4c8996fb92427ae41e4649b934ca495991b7852b855"
"experiments/kernel_replay_v66_regression_maintenance/coq/V66_NAT_REWRITE_MAINTENANCE_048.glob","48f6b1c6b0ae1ef45fa92ebaa2698837ca897fc5e19382e9686977efb420c980"
"experiments/kernel_replay_v66_regression_maintenance/coq/V66_NAT_REWRITE_MAINTENANCE_048.v","f98073dcb3e747c2202ef7314cf8cc1a6729c7af9a4be64280a77f550ac921fe"
"experiments/kernel_replay_v66_regression_maintenance/coq/V66_NAT_REWRITE_MAINTENANCE_048.vo","0c6ebd25107360a66f92940ace9921df70b12b25800862988c850ee9c3044c94"
"experiments/kernel_replay_v66_regression_maintenance/coq/V66_NAT_REWRITE_MAINTENANCE_048.vok","e3b0c44298fc1c149afbf4c8996fb92427ae41e4649b934ca495991b7852b855"
"experiments/kernel_replay_v66_regression_maintenance/coq/V66_NAT_REWRITE_MAINTENANCE_048.vos","e3b0c44298fc1c149afbf4c8996fb92427ae41e4649b934ca495991b7852b855"
"experiments/kernel_replay_v66_regression_maintenance/coq/V66_NAT_REWRITE_MAINTENANCE_049.glob","d6ba13f562019fe363521eb88c505942df305a34d51277dc4e48dc87ed60648f"
"experiments/kernel_replay_v66_regression_maintenance/coq/V66_NAT_REWRITE_MAINTENANCE_049.v","6ab7f0c16938b9a89f26f320380b31557c66c88df3e43bcf9c2a1b89ca5d6e81"
"experiments/kernel_replay_v66_regression_maintenance/coq/V66_NAT_REWRITE_MAINTENANCE_049.vo","740e4e3fb81c7a34539a63c65c94d057e1ed6a992b1cf0d7f95dddba088f6deb"
"experiments/kernel_replay_v66_regression_maintenance/coq/V66_NAT_REWRITE_MAINTENANCE_049.vok","e3b0c44298fc1c149afbf4c8996fb92427ae41e4649b934ca495991b7852b855"
"experiments/kernel_replay_v66_regression_maintenance/coq/V66_NAT_REWRITE_MAINTENANCE_049.vos","e3b0c44298fc1c149afbf4c8996fb92427ae41e4649b934ca495991b7852b855"
"experiments/kernel_replay_v66_regression_maintenance/coq/V66_NAT_REWRITE_MAINTENANCE_050.glob","b203cfad08324d9a96b722e8a23cd0938f95d45074cf61fcfb44eca15d1201f6"
"experiments/kernel_replay_v66_regression_maintenance/coq/V66_NAT_REWRITE_MAINTENANCE_050.v","e2c7d53e9db51355eb264cee6dd6935ec8d81bb79f140368d47274f0a759dbba"
"experiments/kernel_replay_v66_regression_maintenance/coq/V66_NAT_REWRITE_MAINTENANCE_050.vo","b69eee43a62ac0bc3e51d4079ae7543f1e76892725dee79daadcdecb80e9dde4"
"experiments/kernel_replay_v66_regression_maintenance/coq/V66_NAT_REWRITE_MAINTENANCE_050.vok","e3b0c44298fc1c149afbf4c8996fb92427ae41e4649b934ca495991b7852b855"
"experiments/kernel_replay_v66_regression_maintenance/coq/V66_NAT_REWRITE_MAINTENANCE_050.vos","e3b0c44298fc1c149afbf4c8996fb92427ae41e4649b934ca495991b7852b855"
"experiments/kernel_replay_v66_regression_maintenance/coq/V66_NAT_REWRITE_MAINTENANCE_051.glob","7c75da7525ddf49a75613f8064414a8fe602309ab3930b0509dd9e3d064016b5"
"experiments/kernel_replay_v66_regression_maintenance/coq/V66_NAT_REWRITE_MAINTENANCE_051.v","2b123644f185beac6c64b6caa18cdad49bb37c14de586297ad79a87f2da46951"
"experiments/kernel_replay_v66_regression_maintenance/coq/V66_NAT_REWRITE_MAINTENANCE_051.vo","39854e3435593467fe0a6a2ab49e6aa87d6c5e8bd6257f57ac857b41c01cf233"
"experiments/kernel_replay_v66_regression_maintenance/coq/V66_NAT_REWRITE_MAINTENANCE_051.vok","e3b0c44298fc1c149afbf4c8996fb92427ae41e4649b934ca495991b7852b855"
"experiments/kernel_replay_v66_regression_maintenance/coq/V66_NAT_REWRITE_MAINTENANCE_051.vos","e3b0c44298fc1c149afbf4c8996fb92427ae41e4649b934ca495991b7852b855"
"experiments/kernel_replay_v66_regression_maintenance/coq/V66_NAT_REWRITE_MAINTENANCE_052.glob","ee0b80ea11855bda5141ded4465aae1cf2eb51b16334d4b5facf7d4c362b5b80"
"experiments/kernel_replay_v66_regression_maintenance/coq/V66_NAT_REWRITE_MAINTENANCE_052.v","69136d6a4adc9ad9d3b07832d3424ff6288ad9b32ff3e220f0b3693d6c717821"
"experiments/kernel_replay_v66_regression_maintenance/coq/V66_NAT_REWRITE_MAINTENANCE_052.vo","1540d3997632d12ced88946f5e8cfb782b0fe777f7401db55420af7d8bab751d"
"experiments/kernel_replay_v66_regression_maintenance/coq/V66_NAT_REWRITE_MAINTENANCE_052.vok","e3b0c44298fc1c149afbf4c8996fb92427ae41e4649b934ca495991b7852b855"
"experiments/kernel_replay_v66_regression_maintenance/coq/V66_NAT_REWRITE_MAINTENANCE_052.vos","e3b0c44298fc1c149afbf4c8996fb92427ae41e4649b934ca495991b7852b855"
"experiments/kernel_replay_v66_regression_maintenance/coq/V66_NAT_REWRITE_MAINTENANCE_053.glob","d0cd0fecb31c04542f9bb7c2b125e7a5205294f17dbcceaf9760aea0e6d5f615"
"experiments/kernel_replay_v66_regression_maintenance/coq/V66_NAT_REWRITE_MAINTENANCE_053.v","38f3dd3c91a7d4780ce4f573d99df2a8f138972b64bfeec45bfe4fd73463d9e7"
"experiments/kernel_replay_v66_regression_maintenance/coq/V66_NAT_REWRITE_MAINTENANCE_053.vo","741bfeb38377eb97996a5d336293744c13432009e13c8d0902f37e6e91082aa8"
"experiments/kernel_replay_v66_regression_maintenance/coq/V66_NAT_REWRITE_MAINTENANCE_053.vok","e3b0c44298fc1c149afbf4c8996fb92427ae41e4649b934ca495991b7852b855"
"experiments/kernel_replay_v66_regression_maintenance/coq/V66_NAT_REWRITE_MAINTENANCE_053.vos","e3b0c44298fc1c149afbf4c8996fb92427ae41e4649b934ca495991b7852b855"
"experiments/kernel_replay_v66_regression_maintenance/coq/V66_NAT_REWRITE_MAINTENANCE_054.glob","9ffa3e7337b6a11b8d6599e1159825ea13b88d8f143c0b5134fdcf3423d70ec0"
"experiments/kernel_replay_v66_regression_maintenance/coq/V66_NAT_REWRITE_MAINTENANCE_054.v","a709ed1c57ae6d5c9440feb660774a39191a50b13ff6480cc768baf155e30cca"
"experiments/kernel_replay_v66_regression_maintenance/coq/V66_NAT_REWRITE_MAINTENANCE_054.vo","b16591bbdd6ba4efcb8f371bf90e43140dd4a72aca8d0144583e5aebdeee0bf7"
"experiments/kernel_replay_v66_regression_maintenance/coq/V66_NAT_REWRITE_MAINTENANCE_054.vok","e3b0c44298fc1c149afbf4c8996fb92427ae41e4649b934ca495991b7852b855"
"experiments/kernel_replay_v66_regression_maintenance/coq/V66_NAT_REWRITE_MAINTENANCE_054.vos","e3b0c44298fc1c149afbf4c8996fb92427ae41e4649b934ca495991b7852b855"
"experiments/kernel_replay_v66_regression_maintenance/coq/V66_NAT_REWRITE_MAINTENANCE_055.glob","b87a071b43d33650729f113679d3de0f4f402ea1540856e6bd3d42e001409c07"
"experiments/kernel_replay_v66_regression_maintenance/coq/V66_NAT_REWRITE_MAINTENANCE_055.v","771fdf47d1010489cb472df474638770de9c094cb291036ccd758a509254fa94"
"experiments/kernel_replay_v66_regression_maintenance/coq/V66_NAT_REWRITE_MAINTENANCE_055.vo","f0da5916fc288d5c9539bd3300a15ee90b9af0cfbd8808b9ac27fd53d40f3a9d"
"experiments/kernel_replay_v66_regression_maintenance/coq/V66_NAT_REWRITE_MAINTENANCE_055.vok","e3b0c44298fc1c149afbf4c8996fb92427ae41e4649b934ca495991b7852b855"
"experiments/kernel_replay_v66_regression_maintenance/coq/V66_NAT_REWRITE_MAINTENANCE_055.vos","e3b0c44298fc1c149afbf4c8996fb92427ae41e4649b934ca495991b7852b855"
"experiments/kernel_replay_v66_regression_maintenance/coq/V66_NAT_REWRITE_MAINTENANCE_056.glob","36e8dd21f0708d22e7757b6949f38e164c5be5a0219999b9a7c741f77522971d"
"experiments/kernel_replay_v66_regression_maintenance/coq/V66_NAT_REWRITE_MAINTENANCE_056.v","2fd10b5001f0933386b2def973a1375d7f97dfd50842d16026e492cffacd2805"
"experiments/kernel_replay_v66_regression_maintenance/coq/V66_NAT_REWRITE_MAINTENANCE_056.vo","265fe198c95b1dc8db1ebd901aea06785e15dd96132691f98944a9ec80d51748"
"experiments/kernel_replay_v66_regression_maintenance/coq/V66_NAT_REWRITE_MAINTENANCE_056.vok","e3b0c44298fc1c149afbf4c8996fb92427ae41e4649b934ca495991b7852b855"
"experiments/kernel_replay_v66_regression_maintenance/coq/V66_NAT_REWRITE_MAINTENANCE_056.vos","e3b0c44298fc1c149afbf4c8996fb92427ae41e4649b934ca495991b7852b855"
"experiments/kernel_replay_v66_regression_maintenance/coq/V66_NAT_REWRITE_MAINTENANCE_057.glob","80ae5481adc6055b838a72188d7a57c86ad6cceefe9e70feabcb0f280b564b20"
"experiments/kernel_replay_v66_regression_maintenance/coq/V66_NAT_REWRITE_MAINTENANCE_057.v","624ce77ae86cf9771b2c2d544d9853cb47e0fcec3d0fbfefea15747d76cd77c5"
"experiments/kernel_replay_v66_regression_maintenance/coq/V66_NAT_REWRITE_MAINTENANCE_057.vo","d95351ef474a0663dfe1995f864616e78211ddaf448434687981bf039516362c"
"experiments/kernel_replay_v66_regression_maintenance/coq/V66_NAT_REWRITE_MAINTENANCE_057.vok","e3b0c44298fc1c149afbf4c8996fb92427ae41e4649b934ca495991b7852b855"
"experiments/kernel_replay_v66_regression_maintenance/coq/V66_NAT_REWRITE_MAINTENANCE_057.vos","e3b0c44298fc1c149afbf4c8996fb92427ae41e4649b934ca495991b7852b855"
"experiments/kernel_replay_v66_regression_maintenance/coq/V66_NAT_REWRITE_MAINTENANCE_058.glob","25aa5cea79c515a33bf5e70d9754f5bad6d324a3477eeda0e8be8947eb7e6370"
"experiments/kernel_replay_v66_regression_maintenance/coq/V66_NAT_REWRITE_MAINTENANCE_058.v","2117f42b66dde8019ac92f127b25d01e870eb82b197ba7f87ccb1af8e7256dbd"
"experiments/kernel_replay_v66_regression_maintenance/coq/V66_NAT_REWRITE_MAINTENANCE_058.vo","f9c1a06fbfcb522b2a452b08a1d165fbba4a787fb215e029d3868c148a976d50"
"experiments/kernel_replay_v66_regression_maintenance/coq/V66_NAT_REWRITE_MAINTENANCE_058.vok","e3b0c44298fc1c149afbf4c8996fb92427ae41e4649b934ca495991b7852b855"
"experiments/kernel_replay_v66_regression_maintenance/coq/V66_NAT_REWRITE_MAINTENANCE_058.vos","e3b0c44298fc1c149afbf4c8996fb92427ae41e4649b934ca495991b7852b855"
"experiments/kernel_replay_v66_regression_maintenance/coq/V66_NAT_REWRITE_MAINTENANCE_059.glob","0013f4bfa90ae51b820e592d95779813456f5feb6f3ec6c84eae0f9290901ea4"
"experiments/kernel_replay_v66_regression_maintenance/coq/V66_NAT_REWRITE_MAINTENANCE_059.v","3d6a8faed89da3df75402f1b5148f9a1cff3b50527a0cb55be04014233fbcfe0"
"experiments/kernel_replay_v66_regression_maintenance/coq/V66_NAT_REWRITE_MAINTENANCE_059.vo","f5d99fbf1c2e6ea5bab1461a2bd741560e2bbde86385bd46e7b7adbd59f7ad33"
"experiments/kernel_replay_v66_regression_maintenance/coq/V66_NAT_REWRITE_MAINTENANCE_059.vok","e3b0c44298fc1c149afbf4c8996fb92427ae41e4649b934ca495991b7852b855"
"experiments/kernel_replay_v66_regression_maintenance/coq/V66_NAT_REWRITE_MAINTENANCE_059.vos","e3b0c44298fc1c149afbf4c8996fb92427ae41e4649b934ca495991b7852b855"
"experiments/kernel_replay_v66_regression_maintenance/coq/V66_NAT_REWRITE_MAINTENANCE_060.glob","7e07b77db2631458c594160b67fc3d309ab8be3c64e3554f0e2a2c5cb654a665"
"experiments/kernel_replay_v66_regression_maintenance/coq/V66_NAT_REWRITE_MAINTENANCE_060.v","a1a038a75be90b63da93558758951ef929f87e2d46118a0a0ee70127dcdfb50b"
"experiments/kernel_replay_v66_regression_maintenance/coq/V66_NAT_REWRITE_MAINTENANCE_060.vo","08718365b1dd0ee0325edd96df6a1ec538cee728221aa14b4e46c607e22c28bf"
"experiments/kernel_replay_v66_regression_maintenance/coq/V66_NAT_REWRITE_MAINTENANCE_060.vok","e3b0c44298fc1c149afbf4c8996fb92427ae41e4649b934ca495991b7852b855"
"experiments/kernel_replay_v66_regression_maintenance/coq/V66_NAT_REWRITE_MAINTENANCE_060.vos","e3b0c44298fc1c149afbf4c8996fb92427ae41e4649b934ca495991b7852b855"
"experiments/kernel_replay_v66_regression_maintenance/coq/V66_OPTION_MAINTENANCE_001.glob","eb0f5d32fb391993464dede72bf776f2ffcb5c1682505485890d9088e9ef454c"
"experiments/kernel_replay_v66_regression_maintenance/coq/V66_OPTION_MAINTENANCE_001.v","13e079e5d2dfcfc6ca8db7ed9da16c990cb76ace00b27c0c7e09e63a6d14f3b5"
"experiments/kernel_replay_v66_regression_maintenance/coq/V66_OPTION_MAINTENANCE_001.vo","5c4b7e540ef9599c22c294acbbb243581eb9187e9c61526b7ab75bc95c423dc5"
"experiments/kernel_replay_v66_regression_maintenance/coq/V66_OPTION_MAINTENANCE_001.vok","e3b0c44298fc1c149afbf4c8996fb92427ae41e4649b934ca495991b7852b855"
"experiments/kernel_replay_v66_regression_maintenance/coq/V66_OPTION_MAINTENANCE_001.vos","e3b0c44298fc1c149afbf4c8996fb92427ae41e4649b934ca495991b7852b855"
"experiments/kernel_replay_v66_regression_maintenance/coq/V66_OPTION_MAINTENANCE_002.glob","130d566b0acbdc75bfa6906f8aba110be7ffc5d1794a679b1736e2a38a3d2615"
"experiments/kernel_replay_v66_regression_maintenance/coq/V66_OPTION_MAINTENANCE_002.v","b49739b3401a8919b4c90f8e1a1037b216454b724111368e46dbfce80526afce"
"experiments/kernel_replay_v66_regression_maintenance/coq/V66_OPTION_MAINTENANCE_002.vo","ac096aa911661e38c32e57aeb06924600f192149b501af4d4e9f740d4c129d60"
"experiments/kernel_replay_v66_regression_maintenance/coq/V66_OPTION_MAINTENANCE_002.vok","e3b0c44298fc1c149afbf4c8996fb92427ae41e4649b934ca495991b7852b855"
"experiments/kernel_replay_v66_regression_maintenance/coq/V66_OPTION_MAINTENANCE_002.vos","e3b0c44298fc1c149afbf4c8996fb92427ae41e4649b934ca495991b7852b855"
"experiments/kernel_replay_v66_regression_maintenance/coq/V66_OPTION_MAINTENANCE_003.glob","4176da31ce0ea49d79162639176ae16ca9a368072d36c8b45d32323a7dbf1005"
"experiments/kernel_replay_v66_regression_maintenance/coq/V66_OPTION_MAINTENANCE_003.v","78060c6f138094627d51c2b5caeb9ba17b050e4fc9de256de38ebc1d187980bf"
"experiments/kernel_replay_v66_regression_maintenance/coq/V66_OPTION_MAINTENANCE_003.vo","68a1701a89d25e0fb4b4776ab22f497720d6f37b5c39753a7ab53b102a24a8c9"
"experiments/kernel_replay_v66_regression_maintenance/coq/V66_OPTION_MAINTENANCE_003.vok","e3b0c44298fc1c149afbf4c8996fb92427ae41e4649b934ca495991b7852b855"
"experiments/kernel_replay_v66_regression_maintenance/coq/V66_OPTION_MAINTENANCE_003.vos","e3b0c44298fc1c149afbf4c8996fb92427ae41e4649b934ca495991b7852b855"
"experiments/kernel_replay_v66_regression_maintenance/coq/V66_OPTION_MAINTENANCE_004.glob","92e8ef938d92301fef0945a3d6d5f62d45e40e59d315ed898dccdd35be88289a"
"experiments/kernel_replay_v66_regression_maintenance/coq/V66_OPTION_MAINTENANCE_004.v","f6ead653d1e84b1a689f389bd59f3b06c1b7319b7b963e2daa3f1c783708cf45"
"experiments/kernel_replay_v66_regression_maintenance/coq/V66_OPTION_MAINTENANCE_004.vo","3ea78c05045afb62e573a3ae856fde216b9ee1ecc65c239fbeda0e9876ec53fb"
"experiments/kernel_replay_v66_regression_maintenance/coq/V66_OPTION_MAINTENANCE_004.vok","e3b0c44298fc1c149afbf4c8996fb92427ae41e4649b934ca495991b7852b855"
"experiments/kernel_replay_v66_regression_maintenance/coq/V66_OPTION_MAINTENANCE_004.vos","e3b0c44298fc1c149afbf4c8996fb92427ae41e4649b934ca495991b7852b855"
"experiments/kernel_replay_v66_regression_maintenance/coq/V66_OPTION_MAINTENANCE_005.glob","948ee96a3663b623e79bb9e3daa942bc8f2368a9161279f1853ee073c8c21b52"
"experiments/kernel_replay_v66_regression_maintenance/coq/V66_OPTION_MAINTENANCE_005.v","d9b5547792d62d9b8898a01f56ae4005f0da7f48afc0eff52bcea06eba0abb85"
"experiments/kernel_replay_v66_regression_maintenance/coq/V66_OPTION_MAINTENANCE_005.vo","ce9db357b991fbc977e12385024f4fcef483b61b31b317141e1cafc7899d67f0"
"experiments/kernel_replay_v66_regression_maintenance/coq/V66_OPTION_MAINTENANCE_005.vok","e3b0c44298fc1c149afbf4c8996fb92427ae41e4649b934ca495991b7852b855"
"experiments/kernel_replay_v66_regression_maintenance/coq/V66_OPTION_MAINTENANCE_005.vos","e3b0c44298fc1c149afbf4c8996fb92427ae41e4649b934ca495991b7852b855"
"experiments/kernel_replay_v66_regression_maintenance/coq/V66_OPTION_MAINTENANCE_006.glob","7b0fbfca1f535356430f8737223758763fe97a4a1121be3367594e8fd69b9375"
"experiments/kernel_replay_v66_regression_maintenance/coq/V66_OPTION_MAINTENANCE_006.v","6c273f092efa08e428583828f5f669ba21e1dd33d79498db91b2a960e785c6df"
"experiments/kernel_replay_v66_regression_maintenance/coq/V66_OPTION_MAINTENANCE_006.vo","40396e58c4985a36c322ca3e55328a5ec39e8a2e163aabc708dca482f3c4cbe2"
"experiments/kernel_replay_v66_regression_maintenance/coq/V66_OPTION_MAINTENANCE_006.vok","e3b0c44298fc1c149afbf4c8996fb92427ae41e4649b934ca495991b7852b855"
"experiments/kernel_replay_v66_regression_maintenance/coq/V66_OPTION_MAINTENANCE_006.vos","e3b0c44298fc1c149afbf4c8996fb92427ae41e4649b934ca495991b7852b855"
"experiments/kernel_replay_v66_regression_maintenance/coq/V66_OPTION_MAINTENANCE_007.glob","50500c7215304a82e44fef919041a692f14d8ac05f05a794e1cf29218419f55a"
"experiments/kernel_replay_v66_regression_maintenance/coq/V66_OPTION_MAINTENANCE_007.v","2d69a9bdc1fe730336a9cdc9117f99cfb4de83469363ca2b9f0c41e9c68e68f2"
"experiments/kernel_replay_v66_regression_maintenance/coq/V66_OPTION_MAINTENANCE_007.vo","8b387a6e40632c8c476cad1b0a79dc878eb5242facaa291305bbf0e609fc0ed1"
"experiments/kernel_replay_v66_regression_maintenance/coq/V66_OPTION_MAINTENANCE_007.vok","e3b0c44298fc1c149afbf4c8996fb92427ae41e4649b934ca495991b7852b855"
"experiments/kernel_replay_v66_regression_maintenance/coq/V66_OPTION_MAINTENANCE_007.vos","e3b0c44298fc1c149afbf4c8996fb92427ae41e4649b934ca495991b7852b855"
"experiments/kernel_replay_v66_regression_maintenance/coq/V66_OPTION_MAINTENANCE_008.glob","bef8611038835972c3e497dbc5a4f2f02c5077a7daad2e2a31d3117202770b5d"
"experiments/kernel_replay_v66_regression_maintenance/coq/V66_OPTION_MAINTENANCE_008.v","53e77f5d9e317ce3626a590879cfb1c55d6f91aca9a17fa138fdb674c6e96824"
"experiments/kernel_replay_v66_regression_maintenance/coq/V66_OPTION_MAINTENANCE_008.vo","17c02157292e07446f7c3ed5d1f9f09925002a065de2d8a2ae3b98c306593433"
"experiments/kernel_replay_v66_regression_maintenance/coq/V66_OPTION_MAINTENANCE_008.vok","e3b0c44298fc1c149afbf4c8996fb92427ae41e4649b934ca495991b7852b855"
"experiments/kernel_replay_v66_regression_maintenance/coq/V66_OPTION_MAINTENANCE_008.vos","e3b0c44298fc1c149afbf4c8996fb92427ae41e4649b934ca495991b7852b855"
"experiments/kernel_replay_v66_regression_maintenance/coq/V66_OPTION_MAINTENANCE_009.glob","158aa568c258b100914027842aa6eef3bbd5374cd293586cba66033d0263bf00"
"experiments/kernel_replay_v66_regression_maintenance/coq/V66_OPTION_MAINTENANCE_009.v","2e54efaac398a1a14170de16e866b201ffe9659c4d702eb445a9b65f95641eea"
"experiments/kernel_replay_v66_regression_maintenance/coq/V66_OPTION_MAINTENANCE_009.vo","dd90490670576b8dc76cc229ad4612f9c9ec114cb0e1b238fe1c1dbe726aee2e"
"experiments/kernel_replay_v66_regression_maintenance/coq/V66_OPTION_MAINTENANCE_009.vok","e3b0c44298fc1c149afbf4c8996fb92427ae41e4649b934ca495991b7852b855"
"experiments/kernel_replay_v66_regression_maintenance/coq/V66_OPTION_MAINTENANCE_009.vos","e3b0c44298fc1c149afbf4c8996fb92427ae41e4649b934ca495991b7852b855"
"experiments/kernel_replay_v66_regression_maintenance/coq/V66_OPTION_MAINTENANCE_010.glob","7203a49b3e54567c6694e0617b3b395f37ee3a6613ff5b214e7d86a5208f7212"
"experiments/kernel_replay_v66_regression_maintenance/coq/V66_OPTION_MAINTENANCE_010.v","c287affc179e909ebd40622351b63d3f952f830088d88f2dc17f9aabcb747b2b"
"experiments/kernel_replay_v66_regression_maintenance/coq/V66_OPTION_MAINTENANCE_010.vo","3bc058e4c28908329a2868f0d130c5542bde83f589dc35f76b55e1e97e82e6af"
"experiments/kernel_replay_v66_regression_maintenance/coq/V66_OPTION_MAINTENANCE_010.vok","e3b0c44298fc1c149afbf4c8996fb92427ae41e4649b934ca495991b7852b855"
"experiments/kernel_replay_v66_regression_maintenance/coq/V66_OPTION_MAINTENANCE_010.vos","e3b0c44298fc1c149afbf4c8996fb92427ae41e4649b934ca495991b7852b855"
"experiments/kernel_replay_v66_regression_maintenance/coq/V66_OPTION_MAINTENANCE_011.glob","45db900e45bdd5be1260a0b9c855f39a3b3880cb33ef02f208aac2cfe58e3a2f"
"experiments/kernel_replay_v66_regression_maintenance/coq/V66_OPTION_MAINTENANCE_011.v","fafbe58f4ce26c6f1429e1ee93f368811ce8e1b419493348a79d73ab791f4f79"
"experiments/kernel_replay_v66_regression_maintenance/coq/V66_OPTION_MAINTENANCE_011.vo","64ef90091b5f2c4ee79067c3889cdc61dfaec38f4b07c0750c8ecac21cb1869b"
"experiments/kernel_replay_v66_regression_maintenance/coq/V66_OPTION_MAINTENANCE_011.vok","e3b0c44298fc1c149afbf4c8996fb92427ae41e4649b934ca495991b7852b855"
"experiments/kernel_replay_v66_regression_maintenance/coq/V66_OPTION_MAINTENANCE_011.vos","e3b0c44298fc1c149afbf4c8996fb92427ae41e4649b934ca495991b7852b855"
"experiments/kernel_replay_v66_regression_maintenance/coq/V66_OPTION_MAINTENANCE_012.glob","1fb5d2a5e35a4be7d404719609ede2eda300674e0c51285777826d62250f24b5"
"experiments/kernel_replay_v66_regression_maintenance/coq/V66_OPTION_MAINTENANCE_012.v","04ccd753fbf9ca11516d43d8165ed3111c3b162aac5a32be788bec1f2755dba9"
"experiments/kernel_replay_v66_regression_maintenance/coq/V66_OPTION_MAINTENANCE_012.vo","2febac72cbc41c4ddb61c50145f4be26fa4d8fb6b65226c539cfb51e7148d085"
"experiments/kernel_replay_v66_regression_maintenance/coq/V66_OPTION_MAINTENANCE_012.vok","e3b0c44298fc1c149afbf4c8996fb92427ae41e4649b934ca495991b7852b855"
"experiments/kernel_replay_v66_regression_maintenance/coq/V66_OPTION_MAINTENANCE_012.vos","e3b0c44298fc1c149afbf4c8996fb92427ae41e4649b934ca495991b7852b855"
"experiments/kernel_replay_v66_regression_maintenance/coq/V66_OPTION_MAINTENANCE_013.glob","519df7cc963fdea75e56a050202a770db556185eac839a2ff878486ae03d1f6b"
"experiments/kernel_replay_v66_regression_maintenance/coq/V66_OPTION_MAINTENANCE_013.v","338cc4055932433b4d2518f2d12a1ad1fb113612de4f65d8bfdc5aaac5477f02"
"experiments/kernel_replay_v66_regression_maintenance/coq/V66_OPTION_MAINTENANCE_013.vo","8dc2298ee4b65dae21b91dff10198a9e99e8d6050d8fa59ba7fdfa4eabe959bf"
"experiments/kernel_replay_v66_regression_maintenance/coq/V66_OPTION_MAINTENANCE_013.vok","e3b0c44298fc1c149afbf4c8996fb92427ae41e4649b934ca495991b7852b855"
"experiments/kernel_replay_v66_regression_maintenance/coq/V66_OPTION_MAINTENANCE_013.vos","e3b0c44298fc1c149afbf4c8996fb92427ae41e4649b934ca495991b7852b855"
"experiments/kernel_replay_v66_regression_maintenance/coq/V66_OPTION_MAINTENANCE_014.glob","1fb7ffbe61b42db989eb6bec9f36312cd30f508ea741fa068e791005cf69096c"
"experiments/kernel_replay_v66_regression_maintenance/coq/V66_OPTION_MAINTENANCE_014.v","cc7d68649d85714506e658f81fce617b2361d9496511e636d9245b0192ce40a3"
"experiments/kernel_replay_v66_regression_maintenance/coq/V66_OPTION_MAINTENANCE_014.vo","187cbe0695942a70bdfe017940078a3687cde74715264d3f8a9e51f7db8bc74c"
"experiments/kernel_replay_v66_regression_maintenance/coq/V66_OPTION_MAINTENANCE_014.vok","e3b0c44298fc1c149afbf4c8996fb92427ae41e4649b934ca495991b7852b855"
"experiments/kernel_replay_v66_regression_maintenance/coq/V66_OPTION_MAINTENANCE_014.vos","e3b0c44298fc1c149afbf4c8996fb92427ae41e4649b934ca495991b7852b855"
"experiments/kernel_replay_v66_regression_maintenance/coq/V66_OPTION_MAINTENANCE_015.glob","df1e1be27062c4aa7966f10040148ce2ddd5d088a4b43f2a022d118b5ba6f8df"
"experiments/kernel_replay_v66_regression_maintenance/coq/V66_OPTION_MAINTENANCE_015.v","b7889df77fb5c2f251b04177b4ca7bc6f74c30771239c962e8976d92107eafc4"
"experiments/kernel_replay_v66_regression_maintenance/coq/V66_OPTION_MAINTENANCE_015.vo","e36977671f4f40cf4be789d2e2e787ea3a2b249c81255ea83bc00107049f54a3"
"experiments/kernel_replay_v66_regression_maintenance/coq/V66_OPTION_MAINTENANCE_015.vok","e3b0c44298fc1c149afbf4c8996fb92427ae41e4649b934ca495991b7852b855"
"experiments/kernel_replay_v66_regression_maintenance/coq/V66_OPTION_MAINTENANCE_015.vos","e3b0c44298fc1c149afbf4c8996fb92427ae41e4649b934ca495991b7852b855"
"experiments/kernel_replay_v66_regression_maintenance/coq/V66_OPTION_MAINTENANCE_016.glob","2d03daa40732f06a1bf500a6015b28eb1125fe19a5e76eb556faaf9b97ce9498"
"experiments/kernel_replay_v66_regression_maintenance/coq/V66_OPTION_MAINTENANCE_016.v","4898f8a5679d8f45446f7312013c7caeafdcaa9b40b7abd4941fa696928fcb7a"
"experiments/kernel_replay_v66_regression_maintenance/coq/V66_OPTION_MAINTENANCE_016.vo","23a049daf2e0df654bbc28927ec66469b43a3349b41a9fb9b9e7d5f352c4f53e"
"experiments/kernel_replay_v66_regression_maintenance/coq/V66_OPTION_MAINTENANCE_016.vok","e3b0c44298fc1c149afbf4c8996fb92427ae41e4649b934ca495991b7852b855"
"experiments/kernel_replay_v66_regression_maintenance/coq/V66_OPTION_MAINTENANCE_016.vos","e3b0c44298fc1c149afbf4c8996fb92427ae41e4649b934ca495991b7852b855"
"experiments/kernel_replay_v66_regression_maintenance/coq/V66_OPTION_MAINTENANCE_017.glob","a5d9941e1c6e51c972eb8a1fb9455acbcebbdbda266ecef0b330848e9b40e7fc"
"experiments/kernel_replay_v66_regression_maintenance/coq/V66_OPTION_MAINTENANCE_017.v","de69878e5b65ff8fef0a56798c3c350f599f2ca48dccc32e8d73202f0ffefebc"
"experiments/kernel_replay_v66_regression_maintenance/coq/V66_OPTION_MAINTENANCE_017.vo","63eee8853ecaf412105d23c5d8c86aaa77dc16648cab6448477ed8ecd381d1ed"
"experiments/kernel_replay_v66_regression_maintenance/coq/V66_OPTION_MAINTENANCE_017.vok","e3b0c44298fc1c149afbf4c8996fb92427ae41e4649b934ca495991b7852b855"
"experiments/kernel_replay_v66_regression_maintenance/coq/V66_OPTION_MAINTENANCE_017.vos","e3b0c44298fc1c149afbf4c8996fb92427ae41e4649b934ca495991b7852b855"
"experiments/kernel_replay_v66_regression_maintenance/coq/V66_OPTION_MAINTENANCE_018.glob","cd5c05522565782265283f419b4267f4cc7e570d4de7a06cabf1d5cd151afabc"
"experiments/kernel_replay_v66_regression_maintenance/coq/V66_OPTION_MAINTENANCE_018.v","6e57edf27be5998839df91b0e9e5bc74b555383451c81dac9427083008389a5f"
"experiments/kernel_replay_v66_regression_maintenance/coq/V66_OPTION_MAINTENANCE_018.vo","922c102e7370b614cb9ce0647a8ad4bf4789518079a11528bd65d317b05b54a6"
"experiments/kernel_replay_v66_regression_maintenance/coq/V66_OPTION_MAINTENANCE_018.vok","e3b0c44298fc1c149afbf4c8996fb92427ae41e4649b934ca495991b7852b855"
"experiments/kernel_replay_v66_regression_maintenance/coq/V66_OPTION_MAINTENANCE_018.vos","e3b0c44298fc1c149afbf4c8996fb92427ae41e4649b934ca495991b7852b855"
"experiments/kernel_replay_v66_regression_maintenance/coq/V66_OPTION_MAINTENANCE_019.glob","0af131f3df1a0a74b8dc013fad0ec0af26d82d230deb76ebac44fe099e56545d"
"experiments/kernel_replay_v66_regression_maintenance/coq/V66_OPTION_MAINTENANCE_019.v","17a0219c36e2d65814e553f14d2af8de2014712c243be43e86bcc43ea52c49e5"
"experiments/kernel_replay_v66_regression_maintenance/coq/V66_OPTION_MAINTENANCE_019.vo","909af024e13f913db0754c0fb42567e9ac5516acb23b6902e5384771a18779ba"
"experiments/kernel_replay_v66_regression_maintenance/coq/V66_OPTION_MAINTENANCE_019.vok","e3b0c44298fc1c149afbf4c8996fb92427ae41e4649b934ca495991b7852b855"
"experiments/kernel_replay_v66_regression_maintenance/coq/V66_OPTION_MAINTENANCE_019.vos","e3b0c44298fc1c149afbf4c8996fb92427ae41e4649b934ca495991b7852b855"
"experiments/kernel_replay_v66_regression_maintenance/coq/V66_OPTION_MAINTENANCE_020.glob","ee000baab0814127e790d8911f722d7e614774ef80dd5ed3a89e216e679e3235"
"experiments/kernel_replay_v66_regression_maintenance/coq/V66_OPTION_MAINTENANCE_020.v","9542cc848b89e4da063de5b8ca29582fb9689f0fe397c946292c9245cf777573"
"experiments/kernel_replay_v66_regression_maintenance/coq/V66_OPTION_MAINTENANCE_020.vo","24f905b684d03807a2dbfbdf7159df59cf0f5dde246aa9ae634e239affe877b5"
"experiments/kernel_replay_v66_regression_maintenance/coq/V66_OPTION_MAINTENANCE_020.vok","e3b0c44298fc1c149afbf4c8996fb92427ae41e4649b934ca495991b7852b855"
"experiments/kernel_replay_v66_regression_maintenance/coq/V66_OPTION_MAINTENANCE_020.vos","e3b0c44298fc1c149afbf4c8996fb92427ae41e4649b934ca495991b7852b855"
"experiments/kernel_replay_v66_regression_maintenance/coq/V66_OPTION_MAINTENANCE_021.glob","bbdfd92b17f69d9345a032902e9809a55a310fd7260e1b20c85b897bef4fe273"
"experiments/kernel_replay_v66_regression_maintenance/coq/V66_OPTION_MAINTENANCE_021.v","b287b8979aa67de9dd446a347314e6e9524f865b4cb626d439c18b81b51bb439"
"experiments/kernel_replay_v66_regression_maintenance/coq/V66_OPTION_MAINTENANCE_021.vo","aa29b3e2b460ce234ff336c60bee91cf0f031831d93776532f8a9613eaf6a9b7"
"experiments/kernel_replay_v66_regression_maintenance/coq/V66_OPTION_MAINTENANCE_021.vok","e3b0c44298fc1c149afbf4c8996fb92427ae41e4649b934ca495991b7852b855"
"experiments/kernel_replay_v66_regression_maintenance/coq/V66_OPTION_MAINTENANCE_021.vos","e3b0c44298fc1c149afbf4c8996fb92427ae41e4649b934ca495991b7852b855"
"experiments/kernel_replay_v66_regression_maintenance/coq/V66_OPTION_MAINTENANCE_022.glob","1fdfba0a2829746dce0f94e08c43d007e82e7a32299717805cedb3ec6be29015"
"experiments/kernel_replay_v66_regression_maintenance/coq/V66_OPTION_MAINTENANCE_022.v","371c653f9153fbf05b1cd3889d6313b6777600a552fcf947153e11dd57197621"
"experiments/kernel_replay_v66_regression_maintenance/coq/V66_OPTION_MAINTENANCE_022.vo","ec47257cabc7f1a2c7a1ba4d1da2ac2f471111b26cc7f85b6bac7aeca66f2248"
"experiments/kernel_replay_v66_regression_maintenance/coq/V66_OPTION_MAINTENANCE_022.vok","e3b0c44298fc1c149afbf4c8996fb92427ae41e4649b934ca495991b7852b855"
"experiments/kernel_replay_v66_regression_maintenance/coq/V66_OPTION_MAINTENANCE_022.vos","e3b0c44298fc1c149afbf4c8996fb92427ae41e4649b934ca495991b7852b855"
"experiments/kernel_replay_v66_regression_maintenance/coq/V66_OPTION_MAINTENANCE_023.glob","dbbaceda8662077ca82b437552199633a74151eed0855e6f9b6de0858ed2ef79"
"experiments/kernel_replay_v66_regression_maintenance/coq/V66_OPTION_MAINTENANCE_023.v","775205398c23f93bd4539b53a0b90e340075ad81d7001d731fdc9ca1a6f1840f"
"experiments/kernel_replay_v66_regression_maintenance/coq/V66_OPTION_MAINTENANCE_023.vo","9084473fd673fdf64df9ca22a01d0988adc28f66bfc0d3bc1541a1ae81cc26d7"
"experiments/kernel_replay_v66_regression_maintenance/coq/V66_OPTION_MAINTENANCE_023.vok","e3b0c44298fc1c149afbf4c8996fb92427ae41e4649b934ca495991b7852b855"
"experiments/kernel_replay_v66_regression_maintenance/coq/V66_OPTION_MAINTENANCE_023.vos","e3b0c44298fc1c149afbf4c8996fb92427ae41e4649b934ca495991b7852b855"
"experiments/kernel_replay_v66_regression_maintenance/coq/V66_OPTION_MAINTENANCE_024.glob","50350968bab78a5c91116283df204140c46c1e1d7cabf601d774004aae555beb"
"experiments/kernel_replay_v66_regression_maintenance/coq/V66_OPTION_MAINTENANCE_024.v","fe355a398890c75242420cbfe0a3ada3c1258867dfff2c9f43eb59ab64900722"
"experiments/kernel_replay_v66_regression_maintenance/coq/V66_OPTION_MAINTENANCE_024.vo","1354b1c222c943be8fbc48eccbbf016c8554bd2f9da2ef2346dd5fa97b9bcfae"
"experiments/kernel_replay_v66_regression_maintenance/coq/V66_OPTION_MAINTENANCE_024.vok","e3b0c44298fc1c149afbf4c8996fb92427ae41e4649b934ca495991b7852b855"
"experiments/kernel_replay_v66_regression_maintenance/coq/V66_OPTION_MAINTENANCE_024.vos","e3b0c44298fc1c149afbf4c8996fb92427ae41e4649b934ca495991b7852b855"
"experiments/kernel_replay_v66_regression_maintenance/coq/V66_OPTION_MAINTENANCE_025.glob","d1fd802ebe2fb7607a9405131f114f4d8c35a3230324f3466068e6188dd111b2"
"experiments/kernel_replay_v66_regression_maintenance/coq/V66_OPTION_MAINTENANCE_025.v","8e3212f6d5ae6d12f1996436cddd6427049fc3b443926c257bf6d9b39bd86cc9"
"experiments/kernel_replay_v66_regression_maintenance/coq/V66_OPTION_MAINTENANCE_025.vo","9e5926462998c1d25de59514cb6471b300740f38eb333e27f1bd03e760b70749"
"experiments/kernel_replay_v66_regression_maintenance/coq/V66_OPTION_MAINTENANCE_025.vok","e3b0c44298fc1c149afbf4c8996fb92427ae41e4649b934ca495991b7852b855"
"experiments/kernel_replay_v66_regression_maintenance/coq/V66_OPTION_MAINTENANCE_025.vos","e3b0c44298fc1c149afbf4c8996fb92427ae41e4649b934ca495991b7852b855"
"experiments/kernel_replay_v66_regression_maintenance/coq/V66_OPTION_MAINTENANCE_026.glob","86824d464eda7740a9a1f8ca95c03caec3829e1a8c91b4a1080683f58bdba068"
"experiments/kernel_replay_v66_regression_maintenance/coq/V66_OPTION_MAINTENANCE_026.v","d188515c6a011ce489f7b6a389c8a9e547a76796d045d03b1e42ecd31c90f399"
"experiments/kernel_replay_v66_regression_maintenance/coq/V66_OPTION_MAINTENANCE_026.vo","b1fdcf5a96dfbd79886444da996893d5b03c2d7d5f93c6854d4f807e48275014"
"experiments/kernel_replay_v66_regression_maintenance/coq/V66_OPTION_MAINTENANCE_026.vok","e3b0c44298fc1c149afbf4c8996fb92427ae41e4649b934ca495991b7852b855"
"experiments/kernel_replay_v66_regression_maintenance/coq/V66_OPTION_MAINTENANCE_026.vos","e3b0c44298fc1c149afbf4c8996fb92427ae41e4649b934ca495991b7852b855"
"experiments/kernel_replay_v66_regression_maintenance/coq/V66_OPTION_MAINTENANCE_027.glob","31abcce67641e74c27db560482f4937d15193cb20e9385f8095b1af9228171e1"
"experiments/kernel_replay_v66_regression_maintenance/coq/V66_OPTION_MAINTENANCE_027.v","61159379a6ee0426d82bd54e04dc0fde198f0e84814522ffea468c3aa16f9357"
"experiments/kernel_replay_v66_regression_maintenance/coq/V66_OPTION_MAINTENANCE_027.vo","1f8940ad40e60463f5051b5179d656870988db4596f532ed422a6e47e8e0c2c8"
"experiments/kernel_replay_v66_regression_maintenance/coq/V66_OPTION_MAINTENANCE_027.vok","e3b0c44298fc1c149afbf4c8996fb92427ae41e4649b934ca495991b7852b855"
"experiments/kernel_replay_v66_regression_maintenance/coq/V66_OPTION_MAINTENANCE_027.vos","e3b0c44298fc1c149afbf4c8996fb92427ae41e4649b934ca495991b7852b855"
"experiments/kernel_replay_v66_regression_maintenance/coq/V66_OPTION_MAINTENANCE_028.glob","ef01918b8337c00dfbcb5dc89a4b22a60d877fc78eeb44edfb2ce767a17ccd81"
"experiments/kernel_replay_v66_regression_maintenance/coq/V66_OPTION_MAINTENANCE_028.v","01d4c8f679ec5ffe8095c08ab7a473422d20d2c0c58e56e36450a11db7904418"
"experiments/kernel_replay_v66_regression_maintenance/coq/V66_OPTION_MAINTENANCE_028.vo","98b36d19f61dd23859a787f54b71ad26847f55e67d3b5e77fc23a04e155eeb29"
"experiments/kernel_replay_v66_regression_maintenance/coq/V66_OPTION_MAINTENANCE_028.vok","e3b0c44298fc1c149afbf4c8996fb92427ae41e4649b934ca495991b7852b855"
"experiments/kernel_replay_v66_regression_maintenance/coq/V66_OPTION_MAINTENANCE_028.vos","e3b0c44298fc1c149afbf4c8996fb92427ae41e4649b934ca495991b7852b855"
"experiments/kernel_replay_v66_regression_maintenance/coq/V66_OPTION_MAINTENANCE_029.glob","663c417ac62072f588ab244f0d64c1f87d511cd21fd49a14a086ae77d2aadc18"
"experiments/kernel_replay_v66_regression_maintenance/coq/V66_OPTION_MAINTENANCE_029.v","cc9c6eee55511880e767b20826d5e45d782e6978ff12db3845aa0ee8ba19fe34"
"experiments/kernel_replay_v66_regression_maintenance/coq/V66_OPTION_MAINTENANCE_029.vo","e9b9df5b9297e47abfb06640a7f43d07454d4e9c4a195b8c163c19681d38b784"
"experiments/kernel_replay_v66_regression_maintenance/coq/V66_OPTION_MAINTENANCE_029.vok","e3b0c44298fc1c149afbf4c8996fb92427ae41e4649b934ca495991b7852b855"
"experiments/kernel_replay_v66_regression_maintenance/coq/V66_OPTION_MAINTENANCE_029.vos","e3b0c44298fc1c149afbf4c8996fb92427ae41e4649b934ca495991b7852b855"
"experiments/kernel_replay_v66_regression_maintenance/coq/V66_OPTION_MAINTENANCE_030.glob","7a0acaaa78f9d5409bf266bfb50e70a3cef269716fc752aac92456d5add74553"
"experiments/kernel_replay_v66_regression_maintenance/coq/V66_OPTION_MAINTENANCE_030.v","eb02e260c74001fc812581c000ba98a650b2671cc8831099eb5df9e0c82732a2"
"experiments/kernel_replay_v66_regression_maintenance/coq/V66_OPTION_MAINTENANCE_030.vo","34b0b15c2df9d0ae55baf3cc65c945427a96d8fc5aeed43a7324e1caceb80e00"
"experiments/kernel_replay_v66_regression_maintenance/coq/V66_OPTION_MAINTENANCE_030.vok","e3b0c44298fc1c149afbf4c8996fb92427ae41e4649b934ca495991b7852b855"
"experiments/kernel_replay_v66_regression_maintenance/coq/V66_OPTION_MAINTENANCE_030.vos","e3b0c44298fc1c149afbf4c8996fb92427ae41e4649b934ca495991b7852b855"
"experiments/kernel_replay_v66_regression_maintenance/coq/V66_OPTION_MAINTENANCE_031.glob","1bd951eca1e59f336456f0251f5502599865f58bedc6ed5b0631e9faf8d5d510"
"experiments/kernel_replay_v66_regression_maintenance/coq/V66_OPTION_MAINTENANCE_031.v","11496825417b4ed2bab3691908cfa3db24cb0c344df1461ff98baabc5d07253b"
"experiments/kernel_replay_v66_regression_maintenance/coq/V66_OPTION_MAINTENANCE_031.vo","dde200f2b916b9f0f8e46117c5e9fc0867dd421ed82f47025111187250377d7b"
"experiments/kernel_replay_v66_regression_maintenance/coq/V66_OPTION_MAINTENANCE_031.vok","e3b0c44298fc1c149afbf4c8996fb92427ae41e4649b934ca495991b7852b855"
"experiments/kernel_replay_v66_regression_maintenance/coq/V66_OPTION_MAINTENANCE_031.vos","e3b0c44298fc1c149afbf4c8996fb92427ae41e4649b934ca495991b7852b855"
"experiments/kernel_replay_v66_regression_maintenance/coq/V66_OPTION_MAINTENANCE_032.glob","81522fd085df3640b0eaeb182b3f123dc9bc3627beae317bf4746294fc409a42"
"experiments/kernel_replay_v66_regression_maintenance/coq/V66_OPTION_MAINTENANCE_032.v","fbedeff1e925f55cd32fc9cd58d64d612406290f4d6ae6f90b7f908f922bb586"
"experiments/kernel_replay_v66_regression_maintenance/coq/V66_OPTION_MAINTENANCE_032.vo","9840cc8203f25a51fe2919734102eda5f9db47a45af60c38570d3cda576f731b"
"experiments/kernel_replay_v66_regression_maintenance/coq/V66_OPTION_MAINTENANCE_032.vok","e3b0c44298fc1c149afbf4c8996fb92427ae41e4649b934ca495991b7852b855"
"experiments/kernel_replay_v66_regression_maintenance/coq/V66_OPTION_MAINTENANCE_032.vos","e3b0c44298fc1c149afbf4c8996fb92427ae41e4649b934ca495991b7852b855"
"experiments/kernel_replay_v66_regression_maintenance/coq/V66_OPTION_MAINTENANCE_033.glob","150aaab10fd63c1c88d8e457b77fd9a612cadda05f711e186878a036817b1406"
"experiments/kernel_replay_v66_regression_maintenance/coq/V66_OPTION_MAINTENANCE_033.v","52dd4b987b7ab24cbe88363a29d01715aca07ccc2ad0f12b8628bc824cdda73a"
"experiments/kernel_replay_v66_regression_maintenance/coq/V66_OPTION_MAINTENANCE_033.vo","1726367e57fa7b02269c37c9891f297f425bdb93958df3ddbe3567fbac7d9d8e"
"experiments/kernel_replay_v66_regression_maintenance/coq/V66_OPTION_MAINTENANCE_033.vok","e3b0c44298fc1c149afbf4c8996fb92427ae41e4649b934ca495991b7852b855"
"experiments/kernel_replay_v66_regression_maintenance/coq/V66_OPTION_MAINTENANCE_033.vos","e3b0c44298fc1c149afbf4c8996fb92427ae41e4649b934ca495991b7852b855"
"experiments/kernel_replay_v66_regression_maintenance/coq/V66_OPTION_MAINTENANCE_034.glob","739ef98d9147e4bd81112e6ce99b3787d9bb60cf9e627cdddf77e0e6ae139858"
"experiments/kernel_replay_v66_regression_maintenance/coq/V66_OPTION_MAINTENANCE_034.v","cfefcb081ab058b2ac7867ed454bbcb425c72d04ca3282f3a4949a210a55aa33"
"experiments/kernel_replay_v66_regression_maintenance/coq/V66_OPTION_MAINTENANCE_034.vo","4ea0c1e174edf3c69721c7aa39bd12394572568cecb06c806d02fdc43991ec0d"
"experiments/kernel_replay_v66_regression_maintenance/coq/V66_OPTION_MAINTENANCE_034.vok","e3b0c44298fc1c149afbf4c8996fb92427ae41e4649b934ca495991b7852b855"
"experiments/kernel_replay_v66_regression_maintenance/coq/V66_OPTION_MAINTENANCE_034.vos","e3b0c44298fc1c149afbf4c8996fb92427ae41e4649b934ca495991b7852b855"
"experiments/kernel_replay_v66_regression_maintenance/coq/V66_OPTION_MAINTENANCE_035.glob","ecfe8653c7bfdbdc373abac45146b7344326b72001b4976e7dd5101d770f5ce4"
"experiments/kernel_replay_v66_regression_maintenance/coq/V66_OPTION_MAINTENANCE_035.v","88a325bd542663b0ba0a452a9f543f5ba8ed873ee8012176f101471429efcbe7"
"experiments/kernel_replay_v66_regression_maintenance/coq/V66_OPTION_MAINTENANCE_035.vo","ed6b3f8bbd2b18de6efff8160f65b77d941a73a7deec2e5249d34ccb23ea03b9"
"experiments/kernel_replay_v66_regression_maintenance/coq/V66_OPTION_MAINTENANCE_035.vok","e3b0c44298fc1c149afbf4c8996fb92427ae41e4649b934ca495991b7852b855"
"experiments/kernel_replay_v66_regression_maintenance/coq/V66_OPTION_MAINTENANCE_035.vos","e3b0c44298fc1c149afbf4c8996fb92427ae41e4649b934ca495991b7852b855"
"experiments/kernel_replay_v66_regression_maintenance/coq/V66_OPTION_MAINTENANCE_036.glob","2dec5edde2c1b8681331ce9427285deeb7963c9bbd4237158c37c5312af674f6"
"experiments/kernel_replay_v66_regression_maintenance/coq/V66_OPTION_MAINTENANCE_036.v","ffe83d375359274c0b923b2427d8c2bcea8243de17bb7b7a1cd56740b706f7e5"
"experiments/kernel_replay_v66_regression_maintenance/coq/V66_OPTION_MAINTENANCE_036.vo","0f78800944f71dc610b837573c93fac01aa64d607d9a627ee74b0e68f6955d68"
"experiments/kernel_replay_v66_regression_maintenance/coq/V66_OPTION_MAINTENANCE_036.vok","e3b0c44298fc1c149afbf4c8996fb92427ae41e4649b934ca495991b7852b855"
"experiments/kernel_replay_v66_regression_maintenance/coq/V66_OPTION_MAINTENANCE_036.vos","e3b0c44298fc1c149afbf4c8996fb92427ae41e4649b934ca495991b7852b855"
"experiments/kernel_replay_v66_regression_maintenance/coq/V66_OPTION_MAINTENANCE_037.glob","3f29f0b59019b84ba94ac8a7ba1c5b113a67c327beb4a61054380cad3a77b9f4"
"experiments/kernel_replay_v66_regression_maintenance/coq/V66_OPTION_MAINTENANCE_037.v","f7cebb75ff77af61532877cd2e17da35b8befc01f56cd4533c64fbef58ab6a88"
"experiments/kernel_replay_v66_regression_maintenance/coq/V66_OPTION_MAINTENANCE_037.vo","6c83bc5c2f0ebca93a330819a62ba2b25aa16c5cd849e9d8e198679df7007507"
"experiments/kernel_replay_v66_regression_maintenance/coq/V66_OPTION_MAINTENANCE_037.vok","e3b0c44298fc1c149afbf4c8996fb92427ae41e4649b934ca495991b7852b855"
"experiments/kernel_replay_v66_regression_maintenance/coq/V66_OPTION_MAINTENANCE_037.vos","e3b0c44298fc1c149afbf4c8996fb92427ae41e4649b934ca495991b7852b855"
"experiments/kernel_replay_v66_regression_maintenance/coq/V66_OPTION_MAINTENANCE_038.glob","159fc977bdf50ddc9d52f800d7b52dfb3729171a93e5b464afc984de03ba0cbb"
"experiments/kernel_replay_v66_regression_maintenance/coq/V66_OPTION_MAINTENANCE_038.v","4f19c3f307b8b729905ea3ecdf955696270d54a68b4e25cf662829a388168ed0"
"experiments/kernel_replay_v66_regression_maintenance/coq/V66_OPTION_MAINTENANCE_038.vo","5d6adaa2a22ded9e61276ebca4e4eb26580e1923b2e2bd69e27c3f5309648575"
"experiments/kernel_replay_v66_regression_maintenance/coq/V66_OPTION_MAINTENANCE_038.vok","e3b0c44298fc1c149afbf4c8996fb92427ae41e4649b934ca495991b7852b855"
"experiments/kernel_replay_v66_regression_maintenance/coq/V66_OPTION_MAINTENANCE_038.vos","e3b0c44298fc1c149afbf4c8996fb92427ae41e4649b934ca495991b7852b855"
"experiments/kernel_replay_v66_regression_maintenance/coq/V66_OPTION_MAINTENANCE_039.glob","0229129652060a24de16f072cc612f66b1fdeb88916880b019eb0bcff30dbeb0"
"experiments/kernel_replay_v66_regression_maintenance/coq/V66_OPTION_MAINTENANCE_039.v","d67ccb2c6240bf7a17400d26184c546f3a2b29f65d1eee41f5de7919e9877820"
"experiments/kernel_replay_v66_regression_maintenance/coq/V66_OPTION_MAINTENANCE_039.vo","e84d5f9ba6cbd8b3d9e87d8a7c63fce8308461d7d2b29f667dc8117448df8681"
"experiments/kernel_replay_v66_regression_maintenance/coq/V66_OPTION_MAINTENANCE_039.vok","e3b0c44298fc1c149afbf4c8996fb92427ae41e4649b934ca495991b7852b855"
"experiments/kernel_replay_v66_regression_maintenance/coq/V66_OPTION_MAINTENANCE_039.vos","e3b0c44298fc1c149afbf4c8996fb92427ae41e4649b934ca495991b7852b855"
"experiments/kernel_replay_v66_regression_maintenance/coq/V66_OPTION_MAINTENANCE_040.glob","c500be5551bdd9316f171d890ea3cf6134dc55ca22d55dd38a5abf0a112a766d"
"experiments/kernel_replay_v66_regression_maintenance/coq/V66_OPTION_MAINTENANCE_040.v","e706e69516e19a1747c20ac890474a477edfe7cd3f4a2f512120ffb9f7c52fe8"
"experiments/kernel_replay_v66_regression_maintenance/coq/V66_OPTION_MAINTENANCE_040.vo","7fa3adfd0bd1f568fbba34db22a1441a17fb5e6d0b677b6ee45e1a31e3a1f85f"
"experiments/kernel_replay_v66_regression_maintenance/coq/V66_OPTION_MAINTENANCE_040.vok","e3b0c44298fc1c149afbf4c8996fb92427ae41e4649b934ca495991b7852b855"
"experiments/kernel_replay_v66_regression_maintenance/coq/V66_OPTION_MAINTENANCE_040.vos","e3b0c44298fc1c149afbf4c8996fb92427ae41e4649b934ca495991b7852b855"
"experiments/kernel_replay_v66_regression_maintenance/coq/V66_OPTION_MAINTENANCE_041.glob","77e36c978d9ef2d21e701242c769a51f62dab70f7b89e13b7e2463de520f6de9"
"experiments/kernel_replay_v66_regression_maintenance/coq/V66_OPTION_MAINTENANCE_041.v","bd33b52195a8abb2a7a986ad632f746ce472feb4493b4cdd5bd223e5f3be789e"
"experiments/kernel_replay_v66_regression_maintenance/coq/V66_OPTION_MAINTENANCE_041.vo","5860e70f57a8d416628300b77f53ad1c93c572d22522b8e1e0fa7e9fe5077080"
"experiments/kernel_replay_v66_regression_maintenance/coq/V66_OPTION_MAINTENANCE_041.vok","e3b0c44298fc1c149afbf4c8996fb92427ae41e4649b934ca495991b7852b855"
"experiments/kernel_replay_v66_regression_maintenance/coq/V66_OPTION_MAINTENANCE_041.vos","e3b0c44298fc1c149afbf4c8996fb92427ae41e4649b934ca495991b7852b855"
"experiments/kernel_replay_v66_regression_maintenance/coq/V66_OPTION_MAINTENANCE_042.glob","1360694a526b0adb903802f5f072e51a0441ede868dce777061603b7b9c061b9"
"experiments/kernel_replay_v66_regression_maintenance/coq/V66_OPTION_MAINTENANCE_042.v","1b59084dbe908a16bcfeae9f804df6cdd43970724d6aca28c5fcfb549e7ef836"
"experiments/kernel_replay_v66_regression_maintenance/coq/V66_OPTION_MAINTENANCE_042.vo","d6b7b66619006b9f4f1150b20c7cca182dd0aab4b38fab56755f9681f1edc75b"
"experiments/kernel_replay_v66_regression_maintenance/coq/V66_OPTION_MAINTENANCE_042.vok","e3b0c44298fc1c149afbf4c8996fb92427ae41e4649b934ca495991b7852b855"
"experiments/kernel_replay_v66_regression_maintenance/coq/V66_OPTION_MAINTENANCE_042.vos","e3b0c44298fc1c149afbf4c8996fb92427ae41e4649b934ca495991b7852b855"
"experiments/kernel_replay_v66_regression_maintenance/coq/V66_OPTION_MAINTENANCE_043.glob","b41b20381561f4d8efd0f1c1d5a34aa02953fef66b07e50b6024a1a1432e947d"
"experiments/kernel_replay_v66_regression_maintenance/coq/V66_OPTION_MAINTENANCE_043.v","50384744dece30e2f6a89203876130aa35bfbf1d6b35b4590f66ff096a7edb5a"
"experiments/kernel_replay_v66_regression_maintenance/coq/V66_OPTION_MAINTENANCE_043.vo","49ddb024bd5eb0466000ecc297b451d13d99a1dc84dfac639f8e58c0f807be0f"
"experiments/kernel_replay_v66_regression_maintenance/coq/V66_OPTION_MAINTENANCE_043.vok","e3b0c44298fc1c149afbf4c8996fb92427ae41e4649b934ca495991b7852b855"
"experiments/kernel_replay_v66_regression_maintenance/coq/V66_OPTION_MAINTENANCE_043.vos","e3b0c44298fc1c149afbf4c8996fb92427ae41e4649b934ca495991b7852b855"
"experiments/kernel_replay_v66_regression_maintenance/coq/V66_OPTION_MAINTENANCE_044.glob","5828c111d93ed4722cd3c5eb42590681b4e6557088e980aef598aa8fd64d04d2"
"experiments/kernel_replay_v66_regression_maintenance/coq/V66_OPTION_MAINTENANCE_044.v","0102f475f7ef1cfc914c9c2f9033e8b706242054691b9c6bb080915bde125e40"
"experiments/kernel_replay_v66_regression_maintenance/coq/V66_OPTION_MAINTENANCE_044.vo","395b72ceedb36cacb87924685c3d64bd17c90da7be06bc06ff8acee30a4eba5d"
"experiments/kernel_replay_v66_regression_maintenance/coq/V66_OPTION_MAINTENANCE_044.vok","e3b0c44298fc1c149afbf4c8996fb92427ae41e4649b934ca495991b7852b855"
"experiments/kernel_replay_v66_regression_maintenance/coq/V66_OPTION_MAINTENANCE_044.vos","e3b0c44298fc1c149afbf4c8996fb92427ae41e4649b934ca495991b7852b855"
"experiments/kernel_replay_v66_regression_maintenance/coq/V66_OPTION_MAINTENANCE_045.glob","bfaaaf444f47fc3638b94081ab9b214445ab175fcd69f3db8b71858a8f91471e"
"experiments/kernel_replay_v66_regression_maintenance/coq/V66_OPTION_MAINTENANCE_045.v","c7617f6a3cca882df7c02deeea97a87b2f36b2038f4c59ba33e8477b2627af4f"
"experiments/kernel_replay_v66_regression_maintenance/coq/V66_OPTION_MAINTENANCE_045.vo","bce29a38e6d9670b1969d62fd040f18fa7ac1a3efc2e7522ce5bb071e764ef5f"
"experiments/kernel_replay_v66_regression_maintenance/coq/V66_OPTION_MAINTENANCE_045.vok","e3b0c44298fc1c149afbf4c8996fb92427ae41e4649b934ca495991b7852b855"
"experiments/kernel_replay_v66_regression_maintenance/coq/V66_OPTION_MAINTENANCE_045.vos","e3b0c44298fc1c149afbf4c8996fb92427ae41e4649b934ca495991b7852b855"
"experiments/kernel_replay_v66_regression_maintenance/coq/V66_OPTION_MAINTENANCE_046.glob","70d0cf85d8c5724b3967be77e84de984ef9fed6d9789530620cb97901ab43f7e"
"experiments/kernel_replay_v66_regression_maintenance/coq/V66_OPTION_MAINTENANCE_046.v","7a3ac19d9480683784f0e98867541e09fc14224c2ffa27f16cdab5a9c4e674d3"
"experiments/kernel_replay_v66_regression_maintenance/coq/V66_OPTION_MAINTENANCE_046.vo","3193b46addddfcab6965ea8c2949367928bb6e0b0202ef319bce55f5ff02147a"
"experiments/kernel_replay_v66_regression_maintenance/coq/V66_OPTION_MAINTENANCE_046.vok","e3b0c44298fc1c149afbf4c8996fb92427ae41e4649b934ca495991b7852b855"
"experiments/kernel_replay_v66_regression_maintenance/coq/V66_OPTION_MAINTENANCE_046.vos","e3b0c44298fc1c149afbf4c8996fb92427ae41e4649b934ca495991b7852b855"
"experiments/kernel_replay_v66_regression_maintenance/coq/V66_OPTION_MAINTENANCE_047.glob","1aa64999b683c2945f7d86ef333f9d9d7a051bbbf92ba20e89c49279d32ec421"
"experiments/kernel_replay_v66_regression_maintenance/coq/V66_OPTION_MAINTENANCE_047.v","6d6c7b5da606fc91131e07dfcbfb2827de5390a08f97ade1eaaff04a16b94d3e"
"experiments/kernel_replay_v66_regression_maintenance/coq/V66_OPTION_MAINTENANCE_047.vo","af19703e5303cff3484252af025d613dbe7cd6b8673245988473bcdd161faa9c"
"experiments/kernel_replay_v66_regression_maintenance/coq/V66_OPTION_MAINTENANCE_047.vok","e3b0c44298fc1c149afbf4c8996fb92427ae41e4649b934ca495991b7852b855"
"experiments/kernel_replay_v66_regression_maintenance/coq/V66_OPTION_MAINTENANCE_047.vos","e3b0c44298fc1c149afbf4c8996fb92427ae41e4649b934ca495991b7852b855"
"experiments/kernel_replay_v66_regression_maintenance/coq/V66_OPTION_MAINTENANCE_048.glob","a0f6839cf9a6b618fbb8fe209d555e8910f54e8a20c6e7f7cfe66a403178be30"
"experiments/kernel_replay_v66_regression_maintenance/coq/V66_OPTION_MAINTENANCE_048.v","2a2a42530910b73255fa396127a09a5da2321114fa8515868b9ff44aba94f07f"
"experiments/kernel_replay_v66_regression_maintenance/coq/V66_OPTION_MAINTENANCE_048.vo","0957200c724cb13bf1be88150aa269b1e50b496ad42c38f3d1326bd25fde8df8"
"experiments/kernel_replay_v66_regression_maintenance/coq/V66_OPTION_MAINTENANCE_048.vok","e3b0c44298fc1c149afbf4c8996fb92427ae41e4649b934ca495991b7852b855"
"experiments/kernel_replay_v66_regression_maintenance/coq/V66_OPTION_MAINTENANCE_048.vos","e3b0c44298fc1c149afbf4c8996fb92427ae41e4649b934ca495991b7852b855"
"experiments/kernel_replay_v66_regression_maintenance/coq/V66_OPTION_MAINTENANCE_049.glob","c85740eadaf882b8e7ac426d5093b001b43422f7276f11a940c107fc69edb289"
"experiments/kernel_replay_v66_regression_maintenance/coq/V66_OPTION_MAINTENANCE_049.v","ee7bd71fad2c94689d1107ef28b5d1908a58d1ca25c0cb0e2555dad73e66e236"
"experiments/kernel_replay_v66_regression_maintenance/coq/V66_OPTION_MAINTENANCE_049.vo","f39f990832fef1a43411417210090a85823342f5159fa8f6d0663b73bc796861"
"experiments/kernel_replay_v66_regression_maintenance/coq/V66_OPTION_MAINTENANCE_049.vok","e3b0c44298fc1c149afbf4c8996fb92427ae41e4649b934ca495991b7852b855"
"experiments/kernel_replay_v66_regression_maintenance/coq/V66_OPTION_MAINTENANCE_049.vos","e3b0c44298fc1c149afbf4c8996fb92427ae41e4649b934ca495991b7852b855"
"experiments/kernel_replay_v66_regression_maintenance/coq/V66_OPTION_MAINTENANCE_050.glob","2552f9010d77532ac4954bebd8afe7ede72dacf48ceae7dd14cd4affab8f7b18"
"experiments/kernel_replay_v66_regression_maintenance/coq/V66_OPTION_MAINTENANCE_050.v","8ac65497c09dc415b58bf0a55e2dc04c5b762b7f93f2023efd280d07da683a33"
"experiments/kernel_replay_v66_regression_maintenance/coq/V66_OPTION_MAINTENANCE_050.vo","fa6f381a689bc1ee6cd976fc82672cca96d9b2d27e2b4412fb25cbdc6f0e5810"
"experiments/kernel_replay_v66_regression_maintenance/coq/V66_OPTION_MAINTENANCE_050.vok","e3b0c44298fc1c149afbf4c8996fb92427ae41e4649b934ca495991b7852b855"
"experiments/kernel_replay_v66_regression_maintenance/coq/V66_OPTION_MAINTENANCE_050.vos","e3b0c44298fc1c149afbf4c8996fb92427ae41e4649b934ca495991b7852b855"
"experiments/kernel_replay_v66_regression_maintenance/coq/V66_OPTION_MAINTENANCE_051.glob","4e1971a6b46e12c76578bba05cb24f924dcdc37d67e4bf1e3ad6c8ef08af9c93"
"experiments/kernel_replay_v66_regression_maintenance/coq/V66_OPTION_MAINTENANCE_051.v","342bd2323601736c66f8da5ac076635abd87997f7ed948abb8f4468efca71671"
"experiments/kernel_replay_v66_regression_maintenance/coq/V66_OPTION_MAINTENANCE_051.vo","440f6ca1790908704953ad2c4fe1ee35a42e6dd25bec1dfd13ab7628d40dacc5"
"experiments/kernel_replay_v66_regression_maintenance/coq/V66_OPTION_MAINTENANCE_051.vok","e3b0c44298fc1c149afbf4c8996fb92427ae41e4649b934ca495991b7852b855"
"experiments/kernel_replay_v66_regression_maintenance/coq/V66_OPTION_MAINTENANCE_051.vos","e3b0c44298fc1c149afbf4c8996fb92427ae41e4649b934ca495991b7852b855"
"experiments/kernel_replay_v66_regression_maintenance/coq/V66_OPTION_MAINTENANCE_052.glob","e85c87408a3848b547b0996b41a1b3421dc1e30cffa5d4b665fca3d26cdeece0"
"experiments/kernel_replay_v66_regression_maintenance/coq/V66_OPTION_MAINTENANCE_052.v","2dd449f7a3d3b5797141e1294e3cdd20c3548c8ba4ec468f1bcb77adc42ae8e9"
"experiments/kernel_replay_v66_regression_maintenance/coq/V66_OPTION_MAINTENANCE_052.vo","6a63aa8b718402d86ea84d13f45bcf688145177201be3ce2ec0eb2320df56e67"
"experiments/kernel_replay_v66_regression_maintenance/coq/V66_OPTION_MAINTENANCE_052.vok","e3b0c44298fc1c149afbf4c8996fb92427ae41e4649b934ca495991b7852b855"
"experiments/kernel_replay_v66_regression_maintenance/coq/V66_OPTION_MAINTENANCE_052.vos","e3b0c44298fc1c149afbf4c8996fb92427ae41e4649b934ca495991b7852b855"
"experiments/kernel_replay_v66_regression_maintenance/coq/V66_OPTION_MAINTENANCE_053.glob","1031b01bf4263090e2bfc56f521c7792bc67282e6eb30cfd8e1c73db4e83e91f"
"experiments/kernel_replay_v66_regression_maintenance/coq/V66_OPTION_MAINTENANCE_053.v","8febe3d99c47d4f0c1b4488d636afef7cd2c41af00c22bc32464cd0da1df7a4d"
"experiments/kernel_replay_v66_regression_maintenance/coq/V66_OPTION_MAINTENANCE_053.vo","df38a4fb99a5f301afdaf2ea347ce1f5b654c0fbbb1db5b8442375640c0eea35"
"experiments/kernel_replay_v66_regression_maintenance/coq/V66_OPTION_MAINTENANCE_053.vok","e3b0c44298fc1c149afbf4c8996fb92427ae41e4649b934ca495991b7852b855"
"experiments/kernel_replay_v66_regression_maintenance/coq/V66_OPTION_MAINTENANCE_053.vos","e3b0c44298fc1c149afbf4c8996fb92427ae41e4649b934ca495991b7852b855"
"experiments/kernel_replay_v66_regression_maintenance/coq/V66_OPTION_MAINTENANCE_054.glob","68db2bcfa9eae0ba2b2d53493320b9acf9267c0f6ed9aa53848bbb79a2055bf7"
"experiments/kernel_replay_v66_regression_maintenance/coq/V66_OPTION_MAINTENANCE_054.v","d36682cd50d4edc736375f84e49bc900b78317a0688b9bf35caeec0a1756fc91"
"experiments/kernel_replay_v66_regression_maintenance/coq/V66_OPTION_MAINTENANCE_054.vo","27c559e2bb18587913dd76f1d1094ebea22af9ea3fc7706be82b17fca3b0cb15"
"experiments/kernel_replay_v66_regression_maintenance/coq/V66_OPTION_MAINTENANCE_054.vok","e3b0c44298fc1c149afbf4c8996fb92427ae41e4649b934ca495991b7852b855"
"experiments/kernel_replay_v66_regression_maintenance/coq/V66_OPTION_MAINTENANCE_054.vos","e3b0c44298fc1c149afbf4c8996fb92427ae41e4649b934ca495991b7852b855"
"experiments/kernel_replay_v66_regression_maintenance/coq/V66_OPTION_MAINTENANCE_055.glob","4a0f566876daea25b14155f1c1ed9d1b2c5cf1b2fa20b3ce74ba3a205a681d59"
"experiments/kernel_replay_v66_regression_maintenance/coq/V66_OPTION_MAINTENANCE_055.v","7d5c54d9bf46547d3c0d714ff602d9a2c4e4664b77bdd98545963d722b1983b8"
"experiments/kernel_replay_v66_regression_maintenance/coq/V66_OPTION_MAINTENANCE_055.vo","aeb83355a6a23dfc0daae76e03c177544904f990e837181c72baf518a0ad57dc"
"experiments/kernel_replay_v66_regression_maintenance/coq/V66_OPTION_MAINTENANCE_055.vok","e3b0c44298fc1c149afbf4c8996fb92427ae41e4649b934ca495991b7852b855"
"experiments/kernel_replay_v66_regression_maintenance/coq/V66_OPTION_MAINTENANCE_055.vos","e3b0c44298fc1c149afbf4c8996fb92427ae41e4649b934ca495991b7852b855"
"experiments/kernel_replay_v66_regression_maintenance/coq/V66_OPTION_MAINTENANCE_056.glob","93679ceebd6f988086184e01b6222686100ddc1a49cb14e710987820ed8e158b"
"experiments/kernel_replay_v66_regression_maintenance/coq/V66_OPTION_MAINTENANCE_056.v","cfebbaf4fca1e9312aeaa577d7075ce42962e611907334954dccd83629b91513"
"experiments/kernel_replay_v66_regression_maintenance/coq/V66_OPTION_MAINTENANCE_056.vo","bae6062fc67be103400379ebf3d4729c7b0d183373c708f11e48304d51a06df1"
"experiments/kernel_replay_v66_regression_maintenance/coq/V66_OPTION_MAINTENANCE_056.vok","e3b0c44298fc1c149afbf4c8996fb92427ae41e4649b934ca495991b7852b855"
"experiments/kernel_replay_v66_regression_maintenance/coq/V66_OPTION_MAINTENANCE_056.vos","e3b0c44298fc1c149afbf4c8996fb92427ae41e4649b934ca495991b7852b855"
"experiments/kernel_replay_v66_regression_maintenance/coq/V66_OPTION_MAINTENANCE_057.glob","2773a73f55943a86da3bf2991ba483f9f8e08176c9720fbbdf653c97d4d745a7"
"experiments/kernel_replay_v66_regression_maintenance/coq/V66_OPTION_MAINTENANCE_057.v","72e9be34f4c835b54a8a66d5c30a9755c79363108a2c2378583ab5f328ed5834"
"experiments/kernel_replay_v66_regression_maintenance/coq/V66_OPTION_MAINTENANCE_057.vo","490372c7bcbb60a43573cf360b5c50a44f65ca06af0fc7f44dd600e5dfba5e08"
"experiments/kernel_replay_v66_regression_maintenance/coq/V66_OPTION_MAINTENANCE_057.vok","e3b0c44298fc1c149afbf4c8996fb92427ae41e4649b934ca495991b7852b855"
"experiments/kernel_replay_v66_regression_maintenance/coq/V66_OPTION_MAINTENANCE_057.vos","e3b0c44298fc1c149afbf4c8996fb92427ae41e4649b934ca495991b7852b855"
"experiments/kernel_replay_v66_regression_maintenance/coq/V66_OPTION_MAINTENANCE_058.glob","a0c44ff64b5e763aeb3a4ec9f4ad511976d18bb497987c6ff189b12c5b0a9853"
"experiments/kernel_replay_v66_regression_maintenance/coq/V66_OPTION_MAINTENANCE_058.v","320f343099cb97f0de06f6ee8ad978064d6d5e1481804a886723c02f41dd3532"
"experiments/kernel_replay_v66_regression_maintenance/coq/V66_OPTION_MAINTENANCE_058.vo","b26c83afa83e04795e9658540c7b2b7a949ffc3aa9965e9593c97fe7071d6ded"
"experiments/kernel_replay_v66_regression_maintenance/coq/V66_OPTION_MAINTENANCE_058.vok","e3b0c44298fc1c149afbf4c8996fb92427ae41e4649b934ca495991b7852b855"
"experiments/kernel_replay_v66_regression_maintenance/coq/V66_OPTION_MAINTENANCE_058.vos","e3b0c44298fc1c149afbf4c8996fb92427ae41e4649b934ca495991b7852b855"
"experiments/kernel_replay_v66_regression_maintenance/coq/V66_OPTION_MAINTENANCE_059.glob","6e53bdbb6ef82a1c6b6319f3e4c5cbc7b5181f29a1a1c7e642c62272b1532e3f"
"experiments/kernel_replay_v66_regression_maintenance/coq/V66_OPTION_MAINTENANCE_059.v","9880633c6770326c9be467c9fc9ff730056a7e80d1ebab4a1a30a00b47d989a8"
"experiments/kernel_replay_v66_regression_maintenance/coq/V66_OPTION_MAINTENANCE_059.vo","09c31d2f8ad49c53e2e561e10cfc6c79d554c7ecc2da1be9778be8e4a5c63696"
"experiments/kernel_replay_v66_regression_maintenance/coq/V66_OPTION_MAINTENANCE_059.vok","e3b0c44298fc1c149afbf4c8996fb92427ae41e4649b934ca495991b7852b855"
"experiments/kernel_replay_v66_regression_maintenance/coq/V66_OPTION_MAINTENANCE_059.vos","e3b0c44298fc1c149afbf4c8996fb92427ae41e4649b934ca495991b7852b855"
"experiments/kernel_replay_v66_regression_maintenance/coq/V66_OPTION_MAINTENANCE_060.glob","8b01bcfdcb67262813565df03a1cefa5deb64d2af76411e3ae68beadd7e22e0b"
"experiments/kernel_replay_v66_regression_maintenance/coq/V66_OPTION_MAINTENANCE_060.v","caf85730fb4de9a31d56bcd70fa8e3b0c86b5e3c99a1a8139e3ae000edfa9be8"
"experiments/kernel_replay_v66_regression_maintenance/coq/V66_OPTION_MAINTENANCE_060.vo","9f23e1402cb1eda13f224f78731243cfb3942b2c912a7a26a05caaa08abbd9ca"
"experiments/kernel_replay_v66_regression_maintenance/coq/V66_OPTION_MAINTENANCE_060.vok","e3b0c44298fc1c149afbf4c8996fb92427ae41e4649b934ca495991b7852b855"
"experiments/kernel_replay_v66_regression_maintenance/coq/V66_OPTION_MAINTENANCE_060.vos","e3b0c44298fc1c149afbf4c8996fb92427ae41e4649b934ca495991b7852b855"
"experiments/kernel_replay_v66_regression_maintenance/coq/V66_PAIR_MIGRATION_001.glob","0bdd7767689cd9e2bed7e67c0eafc5d24b756de6932c74599010937f1b2cab69"
"experiments/kernel_replay_v66_regression_maintenance/coq/V66_PAIR_MIGRATION_001.v","5a9da2063b3d2f6ab3e2398518ce90cbbdd7000731c992f0e0cbb32e30bd2ebb"
"experiments/kernel_replay_v66_regression_maintenance/coq/V66_PAIR_MIGRATION_001.vo","f1e5343256e5cac0eedc6173c73b4719a931c9402e5ba1eb9a5678f0ef865ff0"
"experiments/kernel_replay_v66_regression_maintenance/coq/V66_PAIR_MIGRATION_001.vok","e3b0c44298fc1c149afbf4c8996fb92427ae41e4649b934ca495991b7852b855"
"experiments/kernel_replay_v66_regression_maintenance/coq/V66_PAIR_MIGRATION_001.vos","e3b0c44298fc1c149afbf4c8996fb92427ae41e4649b934ca495991b7852b855"
"experiments/kernel_replay_v66_regression_maintenance/coq/V66_PAIR_MIGRATION_002.glob","dfdff18ea8372056f9655ebd33a80b0f82f9c3e2e8d92494644449cfd02c3571"
"experiments/kernel_replay_v66_regression_maintenance/coq/V66_PAIR_MIGRATION_002.v","57d22daa1023a3535631c03149c8fc6ee3f7d4559b181ce9c269a3bf5e58fca3"
"experiments/kernel_replay_v66_regression_maintenance/coq/V66_PAIR_MIGRATION_002.vo","3b54b0885db6599862fa7f514568f5ed669c11b75e96878ba8c5244ee41eb70f"
"experiments/kernel_replay_v66_regression_maintenance/coq/V66_PAIR_MIGRATION_002.vok","e3b0c44298fc1c149afbf4c8996fb92427ae41e4649b934ca495991b7852b855"
"experiments/kernel_replay_v66_regression_maintenance/coq/V66_PAIR_MIGRATION_002.vos","e3b0c44298fc1c149afbf4c8996fb92427ae41e4649b934ca495991b7852b855"
"experiments/kernel_replay_v66_regression_maintenance/coq/V66_PAIR_MIGRATION_003.glob","42b34193afbb04b372fdb4097920767da4fd7d571dd8240b9323e5cc106a4c7f"
"experiments/kernel_replay_v66_regression_maintenance/coq/V66_PAIR_MIGRATION_003.v","be94bf3e06a455f908a6f6308acc666f0b29d00dcae7e8373fbdf902880b06ee"
"experiments/kernel_replay_v66_regression_maintenance/coq/V66_PAIR_MIGRATION_003.vo","a8237339a93df7d1df68a7b76c87dd3a732965a621c690f868b1d416ae1bb89a"
"experiments/kernel_replay_v66_regression_maintenance/coq/V66_PAIR_MIGRATION_003.vok","e3b0c44298fc1c149afbf4c8996fb92427ae41e4649b934ca495991b7852b855"
"experiments/kernel_replay_v66_regression_maintenance/coq/V66_PAIR_MIGRATION_003.vos","e3b0c44298fc1c149afbf4c8996fb92427ae41e4649b934ca495991b7852b855"
"experiments/kernel_replay_v66_regression_maintenance/coq/V66_PAIR_MIGRATION_004.glob","64decb3637f883d03615c88701f3ea2b274bb52fa0df658f7446f80a04666c32"
"experiments/kernel_replay_v66_regression_maintenance/coq/V66_PAIR_MIGRATION_004.v","3624a92055c06daecd0d117bf0ece1f0e3aae30f529805c96fff97a91448027d"
"experiments/kernel_replay_v66_regression_maintenance/coq/V66_PAIR_MIGRATION_004.vo","5002668c87fbe8e8fb401ac33ea6a67389255ad789c22b320e7046484cd4d8a2"
"experiments/kernel_replay_v66_regression_maintenance/coq/V66_PAIR_MIGRATION_004.vok","e3b0c44298fc1c149afbf4c8996fb92427ae41e4649b934ca495991b7852b855"
"experiments/kernel_replay_v66_regression_maintenance/coq/V66_PAIR_MIGRATION_004.vos","e3b0c44298fc1c149afbf4c8996fb92427ae41e4649b934ca495991b7852b855"
"experiments/kernel_replay_v66_regression_maintenance/coq/V66_PAIR_MIGRATION_005.glob","b2125b4e2051b9a1cb1dbda4c0e3fd5eb205547b072765557684e5c79407a946"
"experiments/kernel_replay_v66_regression_maintenance/coq/V66_PAIR_MIGRATION_005.v","0a57f0556df6743652c6fae35207196664583a7e5484b266e2046065ecc679e0"
"experiments/kernel_replay_v66_regression_maintenance/coq/V66_PAIR_MIGRATION_005.vo","fb99bcf0577c2cf733417e57055044c1749c5bd1aaaf97fa6f6c04df3d77a6b4"
"experiments/kernel_replay_v66_regression_maintenance/coq/V66_PAIR_MIGRATION_005.vok","e3b0c44298fc1c149afbf4c8996fb92427ae41e4649b934ca495991b7852b855"
"experiments/kernel_replay_v66_regression_maintenance/coq/V66_PAIR_MIGRATION_005.vos","e3b0c44298fc1c149afbf4c8996fb92427ae41e4649b934ca495991b7852b855"
"experiments/kernel_replay_v66_regression_maintenance/coq/V66_PAIR_MIGRATION_006.glob","009df2deef77757f0f572141b07fb5d1733e7724c79dbeab483772f3b98d5b36"
"experiments/kernel_replay_v66_regression_maintenance/coq/V66_PAIR_MIGRATION_006.v","02e0471976ddc2855d6f9ef85cd4a0b7b983940a20eb302a14ad0a3d8fef097a"
"experiments/kernel_replay_v66_regression_maintenance/coq/V66_PAIR_MIGRATION_006.vo","a558f74bd2b1f27eb5b1df4fb0560530c5a6eb0752bd42851ea0c22cc2f199d3"
"experiments/kernel_replay_v66_regression_maintenance/coq/V66_PAIR_MIGRATION_006.vok","e3b0c44298fc1c149afbf4c8996fb92427ae41e4649b934ca495991b7852b855"
"experiments/kernel_replay_v66_regression_maintenance/coq/V66_PAIR_MIGRATION_006.vos","e3b0c44298fc1c149afbf4c8996fb92427ae41e4649b934ca495991b7852b855"
"experiments/kernel_replay_v66_regression_maintenance/coq/V66_PAIR_MIGRATION_007.glob","104be8592c00c9d7aacf69f1c2486bf490ded2bf4cf58c6de424772bbe8d5296"
"experiments/kernel_replay_v66_regression_maintenance/coq/V66_PAIR_MIGRATION_007.v","7b400ff6d524a91c4fc25bf6de2bbe73e659566a1f790c0c1d0d696d2783f8bf"
"experiments/kernel_replay_v66_regression_maintenance/coq/V66_PAIR_MIGRATION_007.vo","201c7cc1be3cbec7925991a60c157622f5053e1568f01e7ffba3f25dd6f40e00"
"experiments/kernel_replay_v66_regression_maintenance/coq/V66_PAIR_MIGRATION_007.vok","e3b0c44298fc1c149afbf4c8996fb92427ae41e4649b934ca495991b7852b855"
"experiments/kernel_replay_v66_regression_maintenance/coq/V66_PAIR_MIGRATION_007.vos","e3b0c44298fc1c149afbf4c8996fb92427ae41e4649b934ca495991b7852b855"
"experiments/kernel_replay_v66_regression_maintenance/coq/V66_PAIR_MIGRATION_008.glob","e3eb818c9f279e3b46af3aa8d477ba291fbb073096dba181fe95ca50dfdfec50"
"experiments/kernel_replay_v66_regression_maintenance/coq/V66_PAIR_MIGRATION_008.v","92b4c4a9bebe28117955c7127f45d424e0a2a3a0f54f41572f5c649ab8611d89"
"experiments/kernel_replay_v66_regression_maintenance/coq/V66_PAIR_MIGRATION_008.vo","d90cf58d27f37c5079ccc5b850a9d2d06cb4e9ea0c0173948c446e115be4fcef"
"experiments/kernel_replay_v66_regression_maintenance/coq/V66_PAIR_MIGRATION_008.vok","e3b0c44298fc1c149afbf4c8996fb92427ae41e4649b934ca495991b7852b855"
"experiments/kernel_replay_v66_regression_maintenance/coq/V66_PAIR_MIGRATION_008.vos","e3b0c44298fc1c149afbf4c8996fb92427ae41e4649b934ca495991b7852b855"
"experiments/kernel_replay_v66_regression_maintenance/coq/V66_PAIR_MIGRATION_009.glob","844bde6d8fe17557b9ff410b043e7fef7c0e83930eb5ad1623960463bebe1ebc"
"experiments/kernel_replay_v66_regression_maintenance/coq/V66_PAIR_MIGRATION_009.v","0a218c863af3634259655f068145919e8be0186d57eab9c35b38adbce442b3c7"
"experiments/kernel_replay_v66_regression_maintenance/coq/V66_PAIR_MIGRATION_009.vo","43eae37e5a72f57ad626ff51ff385bb388204ac958327398371f3556483e4427"
"experiments/kernel_replay_v66_regression_maintenance/coq/V66_PAIR_MIGRATION_009.vok","e3b0c44298fc1c149afbf4c8996fb92427ae41e4649b934ca495991b7852b855"
"experiments/kernel_replay_v66_regression_maintenance/coq/V66_PAIR_MIGRATION_009.vos","e3b0c44298fc1c149afbf4c8996fb92427ae41e4649b934ca495991b7852b855"
"experiments/kernel_replay_v66_regression_maintenance/coq/V66_PAIR_MIGRATION_010.glob","2daec859e44ee7a14ccfcaf896e54cf6824e374f1c0076e3b01a8196183e3342"
"experiments/kernel_replay_v66_regression_maintenance/coq/V66_PAIR_MIGRATION_010.v","c4bcbce260655903ac3098b0e7bb91af2e0979dc8b913336ac8be485c530904c"
"experiments/kernel_replay_v66_regression_maintenance/coq/V66_PAIR_MIGRATION_010.vo","3d777f44ff81c7d8377dc0acb7d0eb3cc477964d173843474b33741117200fea"
"experiments/kernel_replay_v66_regression_maintenance/coq/V66_PAIR_MIGRATION_010.vok","e3b0c44298fc1c149afbf4c8996fb92427ae41e4649b934ca495991b7852b855"
"experiments/kernel_replay_v66_regression_maintenance/coq/V66_PAIR_MIGRATION_010.vos","e3b0c44298fc1c149afbf4c8996fb92427ae41e4649b934ca495991b7852b855"
"experiments/kernel_replay_v66_regression_maintenance/coq/V66_PAIR_MIGRATION_011.glob","02bde166361a15a5f413302f2c162c760f9faa9621f47d0ca289779238cfcfb8"
"experiments/kernel_replay_v66_regression_maintenance/coq/V66_PAIR_MIGRATION_011.v","8f6a9bdf98d278d86c608775a697702d5767f8c9aa780ee8c95b7237791ea5cb"
"experiments/kernel_replay_v66_regression_maintenance/coq/V66_PAIR_MIGRATION_011.vo","1c5c5d345f9123ba3c7907e2b2e78d43a7fff8b7cabd6195a83d2f3724141d16"
"experiments/kernel_replay_v66_regression_maintenance/coq/V66_PAIR_MIGRATION_011.vok","e3b0c44298fc1c149afbf4c8996fb92427ae41e4649b934ca495991b7852b855"
"experiments/kernel_replay_v66_regression_maintenance/coq/V66_PAIR_MIGRATION_011.vos","e3b0c44298fc1c149afbf4c8996fb92427ae41e4649b934ca495991b7852b855"
"experiments/kernel_replay_v66_regression_maintenance/coq/V66_PAIR_MIGRATION_012.glob","caf8ff3d291febecec3f2485ddd0917280dcf1a3552cc7443cc25a4891b01ac4"
"experiments/kernel_replay_v66_regression_maintenance/coq/V66_PAIR_MIGRATION_012.v","b6e3804b3b9b61fa84d7907f2c56c9e13091c04fddaf2351608cb521d021d6ad"
"experiments/kernel_replay_v66_regression_maintenance/coq/V66_PAIR_MIGRATION_012.vo","c39fa91adaa8b7eb08d0b21576cfea18ca5a91d4666ab8ced32c098c5a978841"
"experiments/kernel_replay_v66_regression_maintenance/coq/V66_PAIR_MIGRATION_012.vok","e3b0c44298fc1c149afbf4c8996fb92427ae41e4649b934ca495991b7852b855"
"experiments/kernel_replay_v66_regression_maintenance/coq/V66_PAIR_MIGRATION_012.vos","e3b0c44298fc1c149afbf4c8996fb92427ae41e4649b934ca495991b7852b855"
"experiments/kernel_replay_v66_regression_maintenance/coq/V66_PAIR_MIGRATION_013.glob","de06ecc7eaf0d2617c0ae465bb4f5b92e7b9ed6e6c1b2f7b195f54e038dd76ed"
"experiments/kernel_replay_v66_regression_maintenance/coq/V66_PAIR_MIGRATION_013.v","d65c93c8207a6db3cd0aa418947e8e9d1507bfee781998b930d955428662e3ae"
"experiments/kernel_replay_v66_regression_maintenance/coq/V66_PAIR_MIGRATION_013.vo","0fc0d86b42a23f7a06d142d5d6ece62df04a13d21a24e887a7374f455b5b1910"
"experiments/kernel_replay_v66_regression_maintenance/coq/V66_PAIR_MIGRATION_013.vok","e3b0c44298fc1c149afbf4c8996fb92427ae41e4649b934ca495991b7852b855"
"experiments/kernel_replay_v66_regression_maintenance/coq/V66_PAIR_MIGRATION_013.vos","e3b0c44298fc1c149afbf4c8996fb92427ae41e4649b934ca495991b7852b855"
"experiments/kernel_replay_v66_regression_maintenance/coq/V66_PAIR_MIGRATION_014.glob","e8e9d1ab87d2ce9199d095f99b2138254b2eb62e5946e17f9e80417545317fd8"
"experiments/kernel_replay_v66_regression_maintenance/coq/V66_PAIR_MIGRATION_014.v","3a275c6b6d7e94fb1a47b70eb209e6d2eeb09960c98763d5eb1e56b146906e32"
"experiments/kernel_replay_v66_regression_maintenance/coq/V66_PAIR_MIGRATION_014.vo","0623255a2234fa04cbf28e0f60a5df4ddd483688e163f6919e0b986cbad2f843"
"experiments/kernel_replay_v66_regression_maintenance/coq/V66_PAIR_MIGRATION_014.vok","e3b0c44298fc1c149afbf4c8996fb92427ae41e4649b934ca495991b7852b855"
"experiments/kernel_replay_v66_regression_maintenance/coq/V66_PAIR_MIGRATION_014.vos","e3b0c44298fc1c149afbf4c8996fb92427ae41e4649b934ca495991b7852b855"
"experiments/kernel_replay_v66_regression_maintenance/coq/V66_PAIR_MIGRATION_015.glob","48f37782f2c415a30d1e2823da89e2270157d3be6a6e676a4ecc1c84f42c2f6d"
"experiments/kernel_replay_v66_regression_maintenance/coq/V66_PAIR_MIGRATION_015.v","173e8b8b98ebe4086484ab81c0b0b0e53052fadda089906e51c57ef68b03d322"
"experiments/kernel_replay_v66_regression_maintenance/coq/V66_PAIR_MIGRATION_015.vo","014595a333ada8dd736073d27364a78fa3e3454e171b63183faa83d3116c910a"
"experiments/kernel_replay_v66_regression_maintenance/coq/V66_PAIR_MIGRATION_015.vok","e3b0c44298fc1c149afbf4c8996fb92427ae41e4649b934ca495991b7852b855"
"experiments/kernel_replay_v66_regression_maintenance/coq/V66_PAIR_MIGRATION_015.vos","e3b0c44298fc1c149afbf4c8996fb92427ae41e4649b934ca495991b7852b855"
"experiments/kernel_replay_v66_regression_maintenance/coq/V66_PAIR_MIGRATION_016.glob","6d507eca6f9194a702c2756eae53e560359a64743c4bd8a04aa0ac19ff238a92"
"experiments/kernel_replay_v66_regression_maintenance/coq/V66_PAIR_MIGRATION_016.v","7bb5ccb46654a58ff8a87add013776c45a18c0ed6e1d2e095a342f642f601822"
"experiments/kernel_replay_v66_regression_maintenance/coq/V66_PAIR_MIGRATION_016.vo","73de3da59c11825b7714cd45a2972dfa7fb8fffe8dd1e5f49a94c83cdd276d76"
"experiments/kernel_replay_v66_regression_maintenance/coq/V66_PAIR_MIGRATION_016.vok","e3b0c44298fc1c149afbf4c8996fb92427ae41e4649b934ca495991b7852b855"
"experiments/kernel_replay_v66_regression_maintenance/coq/V66_PAIR_MIGRATION_016.vos","e3b0c44298fc1c149afbf4c8996fb92427ae41e4649b934ca495991b7852b855"
"experiments/kernel_replay_v66_regression_maintenance/coq/V66_PAIR_MIGRATION_017.glob","66599ec0105afdbd04a5c227cc2e12f614cd37c4db0ea57a52975ae33dccd390"
"experiments/kernel_replay_v66_regression_maintenance/coq/V66_PAIR_MIGRATION_017.v","0c47cab3f9dad79f0fa70ab685bdb435bd10d5e79b5c4d3c51ad6310d22be95e"
"experiments/kernel_replay_v66_regression_maintenance/coq/V66_PAIR_MIGRATION_017.vo","1fcdc2aa271880cd277efe5d9e0bad7049cac758a5a31d4905e025dbc73b8303"
"experiments/kernel_replay_v66_regression_maintenance/coq/V66_PAIR_MIGRATION_017.vok","e3b0c44298fc1c149afbf4c8996fb92427ae41e4649b934ca495991b7852b855"
"experiments/kernel_replay_v66_regression_maintenance/coq/V66_PAIR_MIGRATION_017.vos","e3b0c44298fc1c149afbf4c8996fb92427ae41e4649b934ca495991b7852b855"
"experiments/kernel_replay_v66_regression_maintenance/coq/V66_PAIR_MIGRATION_018.glob","78bac5b804caf86bca52bc0c0fa9d3f5fa8482b449d6ee84c73311e1f3ff57de"
"experiments/kernel_replay_v66_regression_maintenance/coq/V66_PAIR_MIGRATION_018.v","426faf75bf4e5fca20720efc771b6cb241fb7a0f0816ad19581d7c6b6fc9bec4"
"experiments/kernel_replay_v66_regression_maintenance/coq/V66_PAIR_MIGRATION_018.vo","4860876946f385949e65f1f64a0fec6d678be178a1606962c99a8f440eeae676"
"experiments/kernel_replay_v66_regression_maintenance/coq/V66_PAIR_MIGRATION_018.vok","e3b0c44298fc1c149afbf4c8996fb92427ae41e4649b934ca495991b7852b855"
"experiments/kernel_replay_v66_regression_maintenance/coq/V66_PAIR_MIGRATION_018.vos","e3b0c44298fc1c149afbf4c8996fb92427ae41e4649b934ca495991b7852b855"
"experiments/kernel_replay_v66_regression_maintenance/coq/V66_PAIR_MIGRATION_019.glob","fff426568fd60e88cd0284e7fd3fb975b0407fa2e76e3b1873c8d99f07a24166"
"experiments/kernel_replay_v66_regression_maintenance/coq/V66_PAIR_MIGRATION_019.v","b4436c33ef35207e9b82567ca990af246edfa761e80700098e067b0dded8473a"
"experiments/kernel_replay_v66_regression_maintenance/coq/V66_PAIR_MIGRATION_019.vo","b5e929a42d1132e7885925c1bf179c9d070c333f0fbc0931dd84b3244f02b9d4"
"experiments/kernel_replay_v66_regression_maintenance/coq/V66_PAIR_MIGRATION_019.vok","e3b0c44298fc1c149afbf4c8996fb92427ae41e4649b934ca495991b7852b855"
"experiments/kernel_replay_v66_regression_maintenance/coq/V66_PAIR_MIGRATION_019.vos","e3b0c44298fc1c149afbf4c8996fb92427ae41e4649b934ca495991b7852b855"
"experiments/kernel_replay_v66_regression_maintenance/coq/V66_PAIR_MIGRATION_020.glob","3682dc4808a1548c78651b6adc5fd1b2a98cfa8ad6f3e891679099fe1ea21eb2"
"experiments/kernel_replay_v66_regression_maintenance/coq/V66_PAIR_MIGRATION_020.v","9dae2a455910dca0ce4f37c9e42e9410e7bdf960b4ee9ddc6355cdf8d5fd72a1"
"experiments/kernel_replay_v66_regression_maintenance/coq/V66_PAIR_MIGRATION_020.vo","1fb4933754901056f2bf324543f82e2663ef633463f6f25d2aea2417575ce772"
"experiments/kernel_replay_v66_regression_maintenance/coq/V66_PAIR_MIGRATION_020.vok","e3b0c44298fc1c149afbf4c8996fb92427ae41e4649b934ca495991b7852b855"
"experiments/kernel_replay_v66_regression_maintenance/coq/V66_PAIR_MIGRATION_020.vos","e3b0c44298fc1c149afbf4c8996fb92427ae41e4649b934ca495991b7852b855"
"experiments/kernel_replay_v66_regression_maintenance/coq/V66_PAIR_MIGRATION_021.glob","31b973a13b2e5e0dbb9aa38460717b646c0029b864988cc551df297496410a75"
"experiments/kernel_replay_v66_regression_maintenance/coq/V66_PAIR_MIGRATION_021.v","1002217d80eabe516e453e1ef02be84547ed1d9b2c4cf3491f3cb40cdb783210"
"experiments/kernel_replay_v66_regression_maintenance/coq/V66_PAIR_MIGRATION_021.vo","04cb4ae8b683d54643bdf24d414f27b87bf3bb5f4e9c6f059b40842680deaa64"
"experiments/kernel_replay_v66_regression_maintenance/coq/V66_PAIR_MIGRATION_021.vok","e3b0c44298fc1c149afbf4c8996fb92427ae41e4649b934ca495991b7852b855"
"experiments/kernel_replay_v66_regression_maintenance/coq/V66_PAIR_MIGRATION_021.vos","e3b0c44298fc1c149afbf4c8996fb92427ae41e4649b934ca495991b7852b855"
"experiments/kernel_replay_v66_regression_maintenance/coq/V66_PAIR_MIGRATION_022.glob","e79a2dd9588853541102eb6c33415d5b078b07ca0c0789b010a0b4fab6d9a78c"
"experiments/kernel_replay_v66_regression_maintenance/coq/V66_PAIR_MIGRATION_022.v","62887f850545f52af0008d518bea5324d6efe6a3fb5bacdc5d21c699d183fe6b"
"experiments/kernel_replay_v66_regression_maintenance/coq/V66_PAIR_MIGRATION_022.vo","bfc7ec346baec99a8b71b57e40f8d2819cbfb1845cffc29cf4cab9f4c50cdec0"
"experiments/kernel_replay_v66_regression_maintenance/coq/V66_PAIR_MIGRATION_022.vok","e3b0c44298fc1c149afbf4c8996fb92427ae41e4649b934ca495991b7852b855"
"experiments/kernel_replay_v66_regression_maintenance/coq/V66_PAIR_MIGRATION_022.vos","e3b0c44298fc1c149afbf4c8996fb92427ae41e4649b934ca495991b7852b855"
"experiments/kernel_replay_v66_regression_maintenance/coq/V66_PAIR_MIGRATION_023.glob","4c436b9c459447264291e20ef0ebee40329b9d647fca587a1ef2fbbf2ea9b19a"
"experiments/kernel_replay_v66_regression_maintenance/coq/V66_PAIR_MIGRATION_023.v","9c7afb8cf238af5b6c30515437a1b5439d2d8bcb802d9f2f6d91761f99656689"
"experiments/kernel_replay_v66_regression_maintenance/coq/V66_PAIR_MIGRATION_023.vo","6c9a5650cc41cefbd1a1c53dc77aca054530fff0d13c1275078e0c9b71e9110b"
"experiments/kernel_replay_v66_regression_maintenance/coq/V66_PAIR_MIGRATION_023.vok","e3b0c44298fc1c149afbf4c8996fb92427ae41e4649b934ca495991b7852b855"
"experiments/kernel_replay_v66_regression_maintenance/coq/V66_PAIR_MIGRATION_023.vos","e3b0c44298fc1c149afbf4c8996fb92427ae41e4649b934ca495991b7852b855"
"experiments/kernel_replay_v66_regression_maintenance/coq/V66_PAIR_MIGRATION_024.glob","550985ad118dd5c54a67d1943dcdcc07d3adf0f99edad849b28c4edfdef076a7"
"experiments/kernel_replay_v66_regression_maintenance/coq/V66_PAIR_MIGRATION_024.v","0b1f002adfc0c6b9cbfbfe07b551573907fd66fedf4b079bf3924bae235d72bd"
"experiments/kernel_replay_v66_regression_maintenance/coq/V66_PAIR_MIGRATION_024.vo","9fb4a05188c5aa31333ff56713ead9804ad6c7a13f5d64bfbdebd20970f758fc"
"experiments/kernel_replay_v66_regression_maintenance/coq/V66_PAIR_MIGRATION_024.vok","e3b0c44298fc1c149afbf4c8996fb92427ae41e4649b934ca495991b7852b855"
"experiments/kernel_replay_v66_regression_maintenance/coq/V66_PAIR_MIGRATION_024.vos","e3b0c44298fc1c149afbf4c8996fb92427ae41e4649b934ca495991b7852b855"
"experiments/kernel_replay_v66_regression_maintenance/coq/V66_PAIR_MIGRATION_025.glob","0a5a63d776b33ade39d8cdd9d2ad91cc632ed5e50c689d7d42ac37bcbe8a9bab"
"experiments/kernel_replay_v66_regression_maintenance/coq/V66_PAIR_MIGRATION_025.v","0109816f43a38455f46249133d7544baceb6281a0ce9cf5d79c0a3ac94323a27"
"experiments/kernel_replay_v66_regression_maintenance/coq/V66_PAIR_MIGRATION_025.vo","77bc6da4b66d82997f1b85c8beb87e5fcca5b12bc1e36c82572f830f53e4f0e1"
"experiments/kernel_replay_v66_regression_maintenance/coq/V66_PAIR_MIGRATION_025.vok","e3b0c44298fc1c149afbf4c8996fb92427ae41e4649b934ca495991b7852b855"
"experiments/kernel_replay_v66_regression_maintenance/coq/V66_PAIR_MIGRATION_025.vos","e3b0c44298fc1c149afbf4c8996fb92427ae41e4649b934ca495991b7852b855"
"experiments/kernel_replay_v66_regression_maintenance/coq/V66_PAIR_MIGRATION_026.glob","a7a6d41a6f80d05d0022b60b56eb956f19c34b3781a174ccea57a224739b4075"
"experiments/kernel_replay_v66_regression_maintenance/coq/V66_PAIR_MIGRATION_026.v","e87de3b3d557a1ec295e7e8051e10a13ebb131d52b513d892dbdf8b8f78b687a"
"experiments/kernel_replay_v66_regression_maintenance/coq/V66_PAIR_MIGRATION_026.vo","095e86dc1693c029a5a22fe0b80e1629af577eb93402d0632a10baad1448abe7"
"experiments/kernel_replay_v66_regression_maintenance/coq/V66_PAIR_MIGRATION_026.vok","e3b0c44298fc1c149afbf4c8996fb92427ae41e4649b934ca495991b7852b855"
"experiments/kernel_replay_v66_regression_maintenance/coq/V66_PAIR_MIGRATION_026.vos","e3b0c44298fc1c149afbf4c8996fb92427ae41e4649b934ca495991b7852b855"
"experiments/kernel_replay_v66_regression_maintenance/coq/V66_PAIR_MIGRATION_027.glob","b311a0936be62c6dd8f023360460b19311bdade086b5f5039afc156d27b35b25"
"experiments/kernel_replay_v66_regression_maintenance/coq/V66_PAIR_MIGRATION_027.v","866112e3559b3dc42e0a36ee88c4e670cb9576532e78719ce38f95ddf03f61b5"
"experiments/kernel_replay_v66_regression_maintenance/coq/V66_PAIR_MIGRATION_027.vo","65873bd61aee14d36de62f5c801edea4997e03f4325f747968bf7a5ae95d2410"
"experiments/kernel_replay_v66_regression_maintenance/coq/V66_PAIR_MIGRATION_027.vok","e3b0c44298fc1c149afbf4c8996fb92427ae41e4649b934ca495991b7852b855"
"experiments/kernel_replay_v66_regression_maintenance/coq/V66_PAIR_MIGRATION_027.vos","e3b0c44298fc1c149afbf4c8996fb92427ae41e4649b934ca495991b7852b855"
"experiments/kernel_replay_v66_regression_maintenance/coq/V66_PAIR_MIGRATION_028.glob","f598792d99280a6565fc84c374e2d6a4ca2edad4c10985a848d73feefbd5499f"
"experiments/kernel_replay_v66_regression_maintenance/coq/V66_PAIR_MIGRATION_028.v","33d254e9403c2832466b860533662d663fc8c4334adae171c882b81bcbc9d489"
"experiments/kernel_replay_v66_regression_maintenance/coq/V66_PAIR_MIGRATION_028.vo","e2d8c381b808c24f331825b585f3778b7edd567d3fc521ddf543098a692a9013"
"experiments/kernel_replay_v66_regression_maintenance/coq/V66_PAIR_MIGRATION_028.vok","e3b0c44298fc1c149afbf4c8996fb92427ae41e4649b934ca495991b7852b855"
"experiments/kernel_replay_v66_regression_maintenance/coq/V66_PAIR_MIGRATION_028.vos","e3b0c44298fc1c149afbf4c8996fb92427ae41e4649b934ca495991b7852b855"
"experiments/kernel_replay_v66_regression_maintenance/coq/V66_PAIR_MIGRATION_029.glob","486283ccee9e5d4e52ae5ab683c1f712039f45d8a822b9432bfae82ae50a0896"
"experiments/kernel_replay_v66_regression_maintenance/coq/V66_PAIR_MIGRATION_029.v","674cd1c80aa2888fbd46fcff11b901f4d51b973ab5ac38c7f0e082b41e7f6230"
"experiments/kernel_replay_v66_regression_maintenance/coq/V66_PAIR_MIGRATION_029.vo","47b87ae784d702cca8260b125baeaee4b20368ee8ce0aedfb8371234d85f8fb3"
"experiments/kernel_replay_v66_regression_maintenance/coq/V66_PAIR_MIGRATION_029.vok","e3b0c44298fc1c149afbf4c8996fb92427ae41e4649b934ca495991b7852b855"
"experiments/kernel_replay_v66_regression_maintenance/coq/V66_PAIR_MIGRATION_029.vos","e3b0c44298fc1c149afbf4c8996fb92427ae41e4649b934ca495991b7852b855"
"experiments/kernel_replay_v66_regression_maintenance/coq/V66_PAIR_MIGRATION_030.glob","3b3eb009f4dad2d9b74b5a81f98b615e5904872a8a4c9b5bd26dcbe2c76b4934"
"experiments/kernel_replay_v66_regression_maintenance/coq/V66_PAIR_MIGRATION_030.v","49a5fcd5b60df9d33bf49f38d0130d1df419bfcfa4289b912c663a94d4fbd9f9"
"experiments/kernel_replay_v66_regression_maintenance/coq/V66_PAIR_MIGRATION_030.vo","a68180249e71c6f0f583888ca30e606824615f1939d9d8897c006b7de577737e"
"experiments/kernel_replay_v66_regression_maintenance/coq/V66_PAIR_MIGRATION_030.vok","e3b0c44298fc1c149afbf4c8996fb92427ae41e4649b934ca495991b7852b855"
"experiments/kernel_replay_v66_regression_maintenance/coq/V66_PAIR_MIGRATION_030.vos","e3b0c44298fc1c149afbf4c8996fb92427ae41e4649b934ca495991b7852b855"
"experiments/kernel_replay_v66_regression_maintenance/coq/V66_PAIR_MIGRATION_031.glob","90e1045dfeaf9ad15a7b05e062676c4b50a4ae308cb65b4d54c6c96db167dbef"
"experiments/kernel_replay_v66_regression_maintenance/coq/V66_PAIR_MIGRATION_031.v","eadceb1d4a18f9faa3dc60bc4303bb162131d74b0633080c95c8b4193ef78dd2"
"experiments/kernel_replay_v66_regression_maintenance/coq/V66_PAIR_MIGRATION_031.vo","5d33333f3e43f2bf01bef12fb78dc35610032b85481d483352b61e168bfdf57c"
"experiments/kernel_replay_v66_regression_maintenance/coq/V66_PAIR_MIGRATION_031.vok","e3b0c44298fc1c149afbf4c8996fb92427ae41e4649b934ca495991b7852b855"
"experiments/kernel_replay_v66_regression_maintenance/coq/V66_PAIR_MIGRATION_031.vos","e3b0c44298fc1c149afbf4c8996fb92427ae41e4649b934ca495991b7852b855"
"experiments/kernel_replay_v66_regression_maintenance/coq/V66_PAIR_MIGRATION_032.glob","b8727913fe0d0b1e416f55ed4d7fd428eee54ad54fde0ed12e4d13f658524ae0"
"experiments/kernel_replay_v66_regression_maintenance/coq/V66_PAIR_MIGRATION_032.v","2ba36420fc30ca168e56ac65dd7f4d7fd43a6206677bcd6e19e93d34efae3995"
"experiments/kernel_replay_v66_regression_maintenance/coq/V66_PAIR_MIGRATION_032.vo","7e7550ec3f87dcb9d4ded746ea0ce65a8039ed314980a5841147f9529d7807b9"
"experiments/kernel_replay_v66_regression_maintenance/coq/V66_PAIR_MIGRATION_032.vok","e3b0c44298fc1c149afbf4c8996fb92427ae41e4649b934ca495991b7852b855"
"experiments/kernel_replay_v66_regression_maintenance/coq/V66_PAIR_MIGRATION_032.vos","e3b0c44298fc1c149afbf4c8996fb92427ae41e4649b934ca495991b7852b855"
"experiments/kernel_replay_v66_regression_maintenance/coq/V66_PAIR_MIGRATION_033.glob","9e9cefbd6ae43dbdf297438f3b61ce68ecc6bca549698542b0caa9459c1470e4"
"experiments/kernel_replay_v66_regression_maintenance/coq/V66_PAIR_MIGRATION_033.v","8a4cfba67449886175050388a43008c20d9d3a7295cdff044196790576730be7"
"experiments/kernel_replay_v66_regression_maintenance/coq/V66_PAIR_MIGRATION_033.vo","5709d3b14ac85e29f903c85bfb62fb1ef1effdca268b187c4f02c7e094ac284d"
"experiments/kernel_replay_v66_regression_maintenance/coq/V66_PAIR_MIGRATION_033.vok","e3b0c44298fc1c149afbf4c8996fb92427ae41e4649b934ca495991b7852b855"
"experiments/kernel_replay_v66_regression_maintenance/coq/V66_PAIR_MIGRATION_033.vos","e3b0c44298fc1c149afbf4c8996fb92427ae41e4649b934ca495991b7852b855"
"experiments/kernel_replay_v66_regression_maintenance/coq/V66_PAIR_MIGRATION_034.glob","5cf9d146beaaeef86086083eb65786c93bb8f0554919c701222d975acf25672f"
"experiments/kernel_replay_v66_regression_maintenance/coq/V66_PAIR_MIGRATION_034.v","fa82082c9a5eed79dd811572b7492b1a1aa67957a786ff019d1ccf9176fe62a8"
"experiments/kernel_replay_v66_regression_maintenance/coq/V66_PAIR_MIGRATION_034.vo","4ef9c5f5f2ef7fd56221e73de755f6638da61f1842b2812d05637f3fb307d986"
"experiments/kernel_replay_v66_regression_maintenance/coq/V66_PAIR_MIGRATION_034.vok","e3b0c44298fc1c149afbf4c8996fb92427ae41e4649b934ca495991b7852b855"
"experiments/kernel_replay_v66_regression_maintenance/coq/V66_PAIR_MIGRATION_034.vos","e3b0c44298fc1c149afbf4c8996fb92427ae41e4649b934ca495991b7852b855"
"experiments/kernel_replay_v66_regression_maintenance/coq/V66_PAIR_MIGRATION_035.glob","61654da29e6266d6252af2d762580bce4045a5d86b149bd1617f89ca95523907"
"experiments/kernel_replay_v66_regression_maintenance/coq/V66_PAIR_MIGRATION_035.v","e65e7d9d4c32bc913a1447bb58197c8adb07e5b9ee70ed78846676fb5ec1725c"
"experiments/kernel_replay_v66_regression_maintenance/coq/V66_PAIR_MIGRATION_035.vo","866fbea74ca055a69668224e45b0363ded40a7d7daee6c4c00c4fe9ee32c0407"
"experiments/kernel_replay_v66_regression_maintenance/coq/V66_PAIR_MIGRATION_035.vok","e3b0c44298fc1c149afbf4c8996fb92427ae41e4649b934ca495991b7852b855"
"experiments/kernel_replay_v66_regression_maintenance/coq/V66_PAIR_MIGRATION_035.vos","e3b0c44298fc1c149afbf4c8996fb92427ae41e4649b934ca495991b7852b855"
"experiments/kernel_replay_v66_regression_maintenance/coq/V66_PAIR_MIGRATION_036.glob","b5ffd7148029868be1bb646e5e0b96e564be99ae7cb8bf3f30536f099270cfbe"
"experiments/kernel_replay_v66_regression_maintenance/coq/V66_PAIR_MIGRATION_036.v","08c0a6d60fd484c98990ae8dec616a3d3e87302ad22b12bfab659291eae31aca"
"experiments/kernel_replay_v66_regression_maintenance/coq/V66_PAIR_MIGRATION_036.vo","158a9aeed5cc9bb004a3a1aa8c55c704056aa33339536a072862f71cdaaa8dd5"
"experiments/kernel_replay_v66_regression_maintenance/coq/V66_PAIR_MIGRATION_036.vok","e3b0c44298fc1c149afbf4c8996fb92427ae41e4649b934ca495991b7852b855"
"experiments/kernel_replay_v66_regression_maintenance/coq/V66_PAIR_MIGRATION_036.vos","e3b0c44298fc1c149afbf4c8996fb92427ae41e4649b934ca495991b7852b855"
"experiments/kernel_replay_v66_regression_maintenance/coq/V66_PAIR_MIGRATION_037.glob","c6d61d881636c05e545026fff4540523d82b4474157746782c86e4c13193086c"
"experiments/kernel_replay_v66_regression_maintenance/coq/V66_PAIR_MIGRATION_037.v","8e762f19c355ed5398438c63d879209d764e562b5ad0ba434eee1f1555357fd9"
"experiments/kernel_replay_v66_regression_maintenance/coq/V66_PAIR_MIGRATION_037.vo","619e821207810198bb6ff2e4520764e8bd4946cd0e70a0114428b619443a8570"
"experiments/kernel_replay_v66_regression_maintenance/coq/V66_PAIR_MIGRATION_037.vok","e3b0c44298fc1c149afbf4c8996fb92427ae41e4649b934ca495991b7852b855"
"experiments/kernel_replay_v66_regression_maintenance/coq/V66_PAIR_MIGRATION_037.vos","e3b0c44298fc1c149afbf4c8996fb92427ae41e4649b934ca495991b7852b855"
"experiments/kernel_replay_v66_regression_maintenance/coq/V66_PAIR_MIGRATION_038.glob","9f90ef1fb99d76b058e3bcfae5e0e88db178af3f0456e757a59126b9ee40efc1"
"experiments/kernel_replay_v66_regression_maintenance/coq/V66_PAIR_MIGRATION_038.v","f2902d9a794332d527d44133f17793417611002006f98085e0c2c61e8944dad2"
"experiments/kernel_replay_v66_regression_maintenance/coq/V66_PAIR_MIGRATION_038.vo","80e5166b543d68c4b42c3de4802c63bcd9b404ba480fab872b5f0d7e7866027a"
"experiments/kernel_replay_v66_regression_maintenance/coq/V66_PAIR_MIGRATION_038.vok","e3b0c44298fc1c149afbf4c8996fb92427ae41e4649b934ca495991b7852b855"
"experiments/kernel_replay_v66_regression_maintenance/coq/V66_PAIR_MIGRATION_038.vos","e3b0c44298fc1c149afbf4c8996fb92427ae41e4649b934ca495991b7852b855"
"experiments/kernel_replay_v66_regression_maintenance/coq/V66_PAIR_MIGRATION_039.glob","d1f575982a01aa1913a66d12741786e68cc0d3253b6fda2b9b994447548da884"
"experiments/kernel_replay_v66_regression_maintenance/coq/V66_PAIR_MIGRATION_039.v","10a66ab2e749c790f2016a1545fb3eba98d669b18a59da46141903743a800e8d"
"experiments/kernel_replay_v66_regression_maintenance/coq/V66_PAIR_MIGRATION_039.vo","517b34dcffd8d9702ff26aa17fd5caadd9b5a15526c5a2d287e893d7236700a2"
"experiments/kernel_replay_v66_regression_maintenance/coq/V66_PAIR_MIGRATION_039.vok","e3b0c44298fc1c149afbf4c8996fb92427ae41e4649b934ca495991b7852b855"
"experiments/kernel_replay_v66_regression_maintenance/coq/V66_PAIR_MIGRATION_039.vos","e3b0c44298fc1c149afbf4c8996fb92427ae41e4649b934ca495991b7852b855"
"experiments/kernel_replay_v66_regression_maintenance/coq/V66_PAIR_MIGRATION_040.glob","b99f2bfc16bdb74154354f89bbd7d08485f5fdbbff7a1942318aea4aa0dead50"
"experiments/kernel_replay_v66_regression_maintenance/coq/V66_PAIR_MIGRATION_040.v","e47d9677643d8b461d9573297b70f489d92fe89f4c2ccb9bafabdccffceec836"
"experiments/kernel_replay_v66_regression_maintenance/coq/V66_PAIR_MIGRATION_040.vo","c282c2ae02e67fa2d3cae60b00f2c91bf1372ed8d41c35073c09ac340dd551b6"
"experiments/kernel_replay_v66_regression_maintenance/coq/V66_PAIR_MIGRATION_040.vok","e3b0c44298fc1c149afbf4c8996fb92427ae41e4649b934ca495991b7852b855"
"experiments/kernel_replay_v66_regression_maintenance/coq/V66_PAIR_MIGRATION_040.vos","e3b0c44298fc1c149afbf4c8996fb92427ae41e4649b934ca495991b7852b855"
"experiments/kernel_replay_v66_regression_maintenance/coq/V66_PAIR_MIGRATION_041.glob","977890f6e43f5013b2b02fba7f3843e55f138c5a2d8bd7049048e9fccacb903a"
"experiments/kernel_replay_v66_regression_maintenance/coq/V66_PAIR_MIGRATION_041.v","5d6a65ae2541bccc2977ef9ba9b6a8a63223f1bdf35cddcec225f1816969be46"
"experiments/kernel_replay_v66_regression_maintenance/coq/V66_PAIR_MIGRATION_041.vo","93d6a9cb37e848e1abe80ae8779ed2aaf9ab82e3662df6e6cf54c5481ea972e5"
"experiments/kernel_replay_v66_regression_maintenance/coq/V66_PAIR_MIGRATION_041.vok","e3b0c44298fc1c149afbf4c8996fb92427ae41e4649b934ca495991b7852b855"
"experiments/kernel_replay_v66_regression_maintenance/coq/V66_PAIR_MIGRATION_041.vos","e3b0c44298fc1c149afbf4c8996fb92427ae41e4649b934ca495991b7852b855"
"experiments/kernel_replay_v66_regression_maintenance/coq/V66_PAIR_MIGRATION_042.glob","d8afc2350748daea396849bebffe2ed29029d1722f7deb43a9fc9f143189ba78"
"experiments/kernel_replay_v66_regression_maintenance/coq/V66_PAIR_MIGRATION_042.v","886430736ed35050618c7bcf6529ebff6bf40d82c5e9e790310dfc7c5f575d58"
"experiments/kernel_replay_v66_regression_maintenance/coq/V66_PAIR_MIGRATION_042.vo","dac0250484013a946cb0d63452c0bddcad46c9612fb640e863122da3432ad611"
"experiments/kernel_replay_v66_regression_maintenance/coq/V66_PAIR_MIGRATION_042.vok","e3b0c44298fc1c149afbf4c8996fb92427ae41e4649b934ca495991b7852b855"
"experiments/kernel_replay_v66_regression_maintenance/coq/V66_PAIR_MIGRATION_042.vos","e3b0c44298fc1c149afbf4c8996fb92427ae41e4649b934ca495991b7852b855"
"experiments/kernel_replay_v66_regression_maintenance/coq/V66_PAIR_MIGRATION_043.glob","da886bc94c1569aa4e64ee27e8182b148be92b7e6efaaf2af739162c23f44a8d"
"experiments/kernel_replay_v66_regression_maintenance/coq/V66_PAIR_MIGRATION_043.v","c339e104c8694f08587d9f51802a31278aca011cdb43e55a15e133755ec21bbe"
"experiments/kernel_replay_v66_regression_maintenance/coq/V66_PAIR_MIGRATION_043.vo","4e861c11a9b1306032f47997a2a07551697d2d0692898b04b83296e32b5d0108"
"experiments/kernel_replay_v66_regression_maintenance/coq/V66_PAIR_MIGRATION_043.vok","e3b0c44298fc1c149afbf4c8996fb92427ae41e4649b934ca495991b7852b855"
"experiments/kernel_replay_v66_regression_maintenance/coq/V66_PAIR_MIGRATION_043.vos","e3b0c44298fc1c149afbf4c8996fb92427ae41e4649b934ca495991b7852b855"
"experiments/kernel_replay_v66_regression_maintenance/coq/V66_PAIR_MIGRATION_044.glob","7dcdb9d5daf136c241c18289c2cb5fb91d3e45aee1374680caa46701f95f2197"
"experiments/kernel_replay_v66_regression_maintenance/coq/V66_PAIR_MIGRATION_044.v","9225349e44921cbd601cc43dbc6b7a4c4826483326103e94ca4ac1ab8e920cdc"
"experiments/kernel_replay_v66_regression_maintenance/coq/V66_PAIR_MIGRATION_044.vo","77d407735cb9c9a1ff15df0190189497ffe953e8c7e887df508b1c4dd429cbcc"
"experiments/kernel_replay_v66_regression_maintenance/coq/V66_PAIR_MIGRATION_044.vok","e3b0c44298fc1c149afbf4c8996fb92427ae41e4649b934ca495991b7852b855"
"experiments/kernel_replay_v66_regression_maintenance/coq/V66_PAIR_MIGRATION_044.vos","e3b0c44298fc1c149afbf4c8996fb92427ae41e4649b934ca495991b7852b855"
"experiments/kernel_replay_v66_regression_maintenance/coq/V66_PAIR_MIGRATION_045.glob","4d85ed23a517f1c49dd8df8c2d025ca4405ad246c1dfccd97023c123e3a56b10"
"experiments/kernel_replay_v66_regression_maintenance/coq/V66_PAIR_MIGRATION_045.v","5c3adda20d2ddb0f143759023cb9f0f520a7638ceea26f1eede04d55c6a6390f"
"experiments/kernel_replay_v66_regression_maintenance/coq/V66_PAIR_MIGRATION_045.vo","85d82123977123e0dc8eff16df8ecbe48ded48f9497edce10e925d41532fdc29"
"experiments/kernel_replay_v66_regression_maintenance/coq/V66_PAIR_MIGRATION_045.vok","e3b0c44298fc1c149afbf4c8996fb92427ae41e4649b934ca495991b7852b855"
"experiments/kernel_replay_v66_regression_maintenance/coq/V66_PAIR_MIGRATION_045.vos","e3b0c44298fc1c149afbf4c8996fb92427ae41e4649b934ca495991b7852b855"
"experiments/kernel_replay_v66_regression_maintenance/coq/V66_PAIR_MIGRATION_046.glob","d01b87ad956c6f9f4001a02f20f2a48f5588f479293a0e3721da4bcc1bdd95a1"
"experiments/kernel_replay_v66_regression_maintenance/coq/V66_PAIR_MIGRATION_046.v","ffb8419d3576eed1dab436479d0d76b0f314464359b0a3697400dd733ce831b7"
"experiments/kernel_replay_v66_regression_maintenance/coq/V66_PAIR_MIGRATION_046.vo","062fb960d345f1b87aa6f199f4db05d9f8ab2928ca9b65e5e8b587210d48be79"
"experiments/kernel_replay_v66_regression_maintenance/coq/V66_PAIR_MIGRATION_046.vok","e3b0c44298fc1c149afbf4c8996fb92427ae41e4649b934ca495991b7852b855"
"experiments/kernel_replay_v66_regression_maintenance/coq/V66_PAIR_MIGRATION_046.vos","e3b0c44298fc1c149afbf4c8996fb92427ae41e4649b934ca495991b7852b855"
"experiments/kernel_replay_v66_regression_maintenance/coq/V66_PAIR_MIGRATION_047.glob","2ccfc313d0e22641c64e2641aa2624fc8ddbc2ae936f5b6e1dec8ba51c98b2ce"
"experiments/kernel_replay_v66_regression_maintenance/coq/V66_PAIR_MIGRATION_047.v","fb2c7cd54c68f883aa45b9d26ff602b47d585767ea0ee3527ee3828615d57f53"
"experiments/kernel_replay_v66_regression_maintenance/coq/V66_PAIR_MIGRATION_047.vo","c9b4141bcb5f2ed21c5e7507a4e3048b9d0dd5c8bcc5a1c6d52cc38764612a30"
"experiments/kernel_replay_v66_regression_maintenance/coq/V66_PAIR_MIGRATION_047.vok","e3b0c44298fc1c149afbf4c8996fb92427ae41e4649b934ca495991b7852b855"
"experiments/kernel_replay_v66_regression_maintenance/coq/V66_PAIR_MIGRATION_047.vos","e3b0c44298fc1c149afbf4c8996fb92427ae41e4649b934ca495991b7852b855"
"experiments/kernel_replay_v66_regression_maintenance/coq/V66_PAIR_MIGRATION_048.glob","17374be7936476262faccc04a3fef99a99304b876a09a671d273426f66ce8bc5"
"experiments/kernel_replay_v66_regression_maintenance/coq/V66_PAIR_MIGRATION_048.v","6180bab090c1431c5ab678b62bd8879a1070aa175651cd60f32eaace1c0d885f"
"experiments/kernel_replay_v66_regression_maintenance/coq/V66_PAIR_MIGRATION_048.vo","77e33178590c5908d685e0ddcfd7bd7c3729985ef6e08226485012fae84643e1"
"experiments/kernel_replay_v66_regression_maintenance/coq/V66_PAIR_MIGRATION_048.vok","e3b0c44298fc1c149afbf4c8996fb92427ae41e4649b934ca495991b7852b855"
"experiments/kernel_replay_v66_regression_maintenance/coq/V66_PAIR_MIGRATION_048.vos","e3b0c44298fc1c149afbf4c8996fb92427ae41e4649b934ca495991b7852b855"
"experiments/kernel_replay_v66_regression_maintenance/coq/V66_PAIR_MIGRATION_049.glob","16408bc00ae99c0abba5892b29ed73e84f84e8dd1038bbc62d3edc99c214df52"
"experiments/kernel_replay_v66_regression_maintenance/coq/V66_PAIR_MIGRATION_049.v","a89376667d1c8af2fb6e61d2564646c96e7d1f99b120a81fa2853f57b9c6d5ba"
"experiments/kernel_replay_v66_regression_maintenance/coq/V66_PAIR_MIGRATION_049.vo","9b0526095cc2d14c8984130e849a3db331b76da36280ebe27e2696bc04d58254"
"experiments/kernel_replay_v66_regression_maintenance/coq/V66_PAIR_MIGRATION_049.vok","e3b0c44298fc1c149afbf4c8996fb92427ae41e4649b934ca495991b7852b855"
"experiments/kernel_replay_v66_regression_maintenance/coq/V66_PAIR_MIGRATION_049.vos","e3b0c44298fc1c149afbf4c8996fb92427ae41e4649b934ca495991b7852b855"
"experiments/kernel_replay_v66_regression_maintenance/coq/V66_PAIR_MIGRATION_050.glob","e57bca1a07ba243a34aeff57af92e37ed211ed66df4834fc27bdd47e4f20f73c"
"experiments/kernel_replay_v66_regression_maintenance/coq/V66_PAIR_MIGRATION_050.v","34d4bb2b9321ef2289edbc47a4eaacf1b64ab9b6862482e5f79c98e1ba77bf30"
"experiments/kernel_replay_v66_regression_maintenance/coq/V66_PAIR_MIGRATION_050.vo","c1a435bae43d158f39a595bd6a22b4bbd030caff1584cc5b3e80ea15ec76c75d"
"experiments/kernel_replay_v66_regression_maintenance/coq/V66_PAIR_MIGRATION_050.vok","e3b0c44298fc1c149afbf4c8996fb92427ae41e4649b934ca495991b7852b855"
"experiments/kernel_replay_v66_regression_maintenance/coq/V66_PAIR_MIGRATION_050.vos","e3b0c44298fc1c149afbf4c8996fb92427ae41e4649b934ca495991b7852b855"
"experiments/kernel_replay_v66_regression_maintenance/coq/V66_PAIR_MIGRATION_051.glob","1da893b14c15a334ada0e71da56ba2a8fb90d50dd817b0e7ae5b72da7a87a869"
"experiments/kernel_replay_v66_regression_maintenance/coq/V66_PAIR_MIGRATION_051.v","47bbf1ea26b943499e35221163551e895d16bc7ee0c5fb4d4204c83c76de68ef"
"experiments/kernel_replay_v66_regression_maintenance/coq/V66_PAIR_MIGRATION_051.vo","d07638d88030e13ee053bb1f898811fb818cb3c4a138155fdaaf4ed0f81322f7"
"experiments/kernel_replay_v66_regression_maintenance/coq/V66_PAIR_MIGRATION_051.vok","e3b0c44298fc1c149afbf4c8996fb92427ae41e4649b934ca495991b7852b855"
"experiments/kernel_replay_v66_regression_maintenance/coq/V66_PAIR_MIGRATION_051.vos","e3b0c44298fc1c149afbf4c8996fb92427ae41e4649b934ca495991b7852b855"
"experiments/kernel_replay_v66_regression_maintenance/coq/V66_PAIR_MIGRATION_052.glob","3ad00de5e90c55d7c086da6d0c5e9c9a06dd87d2e653942029c31ea80f5d8d00"
"experiments/kernel_replay_v66_regression_maintenance/coq/V66_PAIR_MIGRATION_052.v","6abbf81829fbcd0af33855a7e1107e86959a0b403f07fbf73b3b5bde311a130f"
"experiments/kernel_replay_v66_regression_maintenance/coq/V66_PAIR_MIGRATION_052.vo","72d082f214efda13189da53d30600eb8bcc280280b07f26b4e72f6e85075c377"
"experiments/kernel_replay_v66_regression_maintenance/coq/V66_PAIR_MIGRATION_052.vok","e3b0c44298fc1c149afbf4c8996fb92427ae41e4649b934ca495991b7852b855"
"experiments/kernel_replay_v66_regression_maintenance/coq/V66_PAIR_MIGRATION_052.vos","e3b0c44298fc1c149afbf4c8996fb92427ae41e4649b934ca495991b7852b855"
"experiments/kernel_replay_v66_regression_maintenance/coq/V66_PAIR_MIGRATION_053.glob","17aa414e2a337118b02917c1fbb9029ceeee158bcef9ed6f6769693c64e1b461"
"experiments/kernel_replay_v66_regression_maintenance/coq/V66_PAIR_MIGRATION_053.v","0cb17aaf26956779d91ccbb821846ff7df933488ad3cb13c51617ac7324ad3f9"
"experiments/kernel_replay_v66_regression_maintenance/coq/V66_PAIR_MIGRATION_053.vo","c8a4e77a6b6b478ca1867dcb2c218ed33a5c4cac0c13da82ea2f4e3a15259e0e"
"experiments/kernel_replay_v66_regression_maintenance/coq/V66_PAIR_MIGRATION_053.vok","e3b0c44298fc1c149afbf4c8996fb92427ae41e4649b934ca495991b7852b855"
"experiments/kernel_replay_v66_regression_maintenance/coq/V66_PAIR_MIGRATION_053.vos","e3b0c44298fc1c149afbf4c8996fb92427ae41e4649b934ca495991b7852b855"
"experiments/kernel_replay_v66_regression_maintenance/coq/V66_PAIR_MIGRATION_054.glob","ebe3608346b4f6a3edf00f3a889ce33696a738b89bc37b02dbc1bf9e5ed74f4f"
"experiments/kernel_replay_v66_regression_maintenance/coq/V66_PAIR_MIGRATION_054.v","fb830ebf7ce7069931155f6417564fa0624bb6ba9438f8ba78b82fa848c4ac1e"
"experiments/kernel_replay_v66_regression_maintenance/coq/V66_PAIR_MIGRATION_054.vo","cf6aca641bb60a0ab608ef314542fa0f1d4a74e39a9b9a98e3d4169e821a83ef"
"experiments/kernel_replay_v66_regression_maintenance/coq/V66_PAIR_MIGRATION_054.vok","e3b0c44298fc1c149afbf4c8996fb92427ae41e4649b934ca495991b7852b855"
"experiments/kernel_replay_v66_regression_maintenance/coq/V66_PAIR_MIGRATION_054.vos","e3b0c44298fc1c149afbf4c8996fb92427ae41e4649b934ca495991b7852b855"
"experiments/kernel_replay_v66_regression_maintenance/coq/V66_PAIR_MIGRATION_055.glob","69c86269467469f647ecf238355436317d07b7eca518c79b8b04128aba3b9848"
"experiments/kernel_replay_v66_regression_maintenance/coq/V66_PAIR_MIGRATION_055.v","6bf9c3548ed326764a13e2a0a2ce82e5907674b5e9ee25b9995357257203c11b"
"experiments/kernel_replay_v66_regression_maintenance/coq/V66_PAIR_MIGRATION_055.vo","b9923ee82f18b79c20dc1f9c23c553e63a790ddb66e0e779d943e5a8510ebcbc"
"experiments/kernel_replay_v66_regression_maintenance/coq/V66_PAIR_MIGRATION_055.vok","e3b0c44298fc1c149afbf4c8996fb92427ae41e4649b934ca495991b7852b855"
"experiments/kernel_replay_v66_regression_maintenance/coq/V66_PAIR_MIGRATION_055.vos","e3b0c44298fc1c149afbf4c8996fb92427ae41e4649b934ca495991b7852b855"
"experiments/kernel_replay_v66_regression_maintenance/coq/V66_PAIR_MIGRATION_056.glob","618603eda5d95a4c985f1157aceb27d3dd3aa7854784bb1b88ce86e45abdc6ac"
"experiments/kernel_replay_v66_regression_maintenance/coq/V66_PAIR_MIGRATION_056.v","e855593550ebdd431ce89a19290c2699306c47bc5faf40f6ea9028394a43e413"
"experiments/kernel_replay_v66_regression_maintenance/coq/V66_PAIR_MIGRATION_056.vo","e319fc2ec73418eee4eef7123ae8ae130477fdce4467b64ca1152d43e5afcc6d"
"experiments/kernel_replay_v66_regression_maintenance/coq/V66_PAIR_MIGRATION_056.vok","e3b0c44298fc1c149afbf4c8996fb92427ae41e4649b934ca495991b7852b855"
"experiments/kernel_replay_v66_regression_maintenance/coq/V66_PAIR_MIGRATION_056.vos","e3b0c44298fc1c149afbf4c8996fb92427ae41e4649b934ca495991b7852b855"
"experiments/kernel_replay_v66_regression_maintenance/coq/V66_PAIR_MIGRATION_057.glob","921742631e2babc24f8490a3f74b962b65687318b1472111d11903d79dcf014f"
"experiments/kernel_replay_v66_regression_maintenance/coq/V66_PAIR_MIGRATION_057.v","41bd773d9eb4a8067c237fa3291ff32184bbabcdc50c837d97fa52f72d234b71"
"experiments/kernel_replay_v66_regression_maintenance/coq/V66_PAIR_MIGRATION_057.vo","9af48e7af27fabd58bf74a139acd1b4e4e96baf4297016e997cc927f1ae9611a"
"experiments/kernel_replay_v66_regression_maintenance/coq/V66_PAIR_MIGRATION_057.vok","e3b0c44298fc1c149afbf4c8996fb92427ae41e4649b934ca495991b7852b855"
"experiments/kernel_replay_v66_regression_maintenance/coq/V66_PAIR_MIGRATION_057.vos","e3b0c44298fc1c149afbf4c8996fb92427ae41e4649b934ca495991b7852b855"
"experiments/kernel_replay_v66_regression_maintenance/coq/V66_PAIR_MIGRATION_058.glob","372955010fdbc0311408b733a914667ea704f9707de87156662611788adb18db"
"experiments/kernel_replay_v66_regression_maintenance/coq/V66_PAIR_MIGRATION_058.v","337baf843132cfa8e26fc06fa5f466cd9c4dec63e789b632ad4674f5c99c640c"
"experiments/kernel_replay_v66_regression_maintenance/coq/V66_PAIR_MIGRATION_058.vo","97b44a62001839b7a25f5dfd318142b966e58ecc8d647f52479479717cad348a"
"experiments/kernel_replay_v66_regression_maintenance/coq/V66_PAIR_MIGRATION_058.vok","e3b0c44298fc1c149afbf4c8996fb92427ae41e4649b934ca495991b7852b855"
"experiments/kernel_replay_v66_regression_maintenance/coq/V66_PAIR_MIGRATION_058.vos","e3b0c44298fc1c149afbf4c8996fb92427ae41e4649b934ca495991b7852b855"
"experiments/kernel_replay_v66_regression_maintenance/coq/V66_PAIR_MIGRATION_059.glob","7273749a4bddcd2ece7db5e6db836df1fae96c45afbdb5abd4c0abb39c5cb838"
"experiments/kernel_replay_v66_regression_maintenance/coq/V66_PAIR_MIGRATION_059.v","30a0dd0b929f8db643058fc6d50f9494e548f852053f5635394fc68468e435b3"
"experiments/kernel_replay_v66_regression_maintenance/coq/V66_PAIR_MIGRATION_059.vo","70149f3c11a212930b4e1e816df29ba7b450c244f76247032353eb0b6fa369b0"
"experiments/kernel_replay_v66_regression_maintenance/coq/V66_PAIR_MIGRATION_059.vok","e3b0c44298fc1c149afbf4c8996fb92427ae41e4649b934ca495991b7852b855"
"experiments/kernel_replay_v66_regression_maintenance/coq/V66_PAIR_MIGRATION_059.vos","e3b0c44298fc1c149afbf4c8996fb92427ae41e4649b934ca495991b7852b855"
"experiments/kernel_replay_v66_regression_maintenance/coq/V66_PAIR_MIGRATION_060.glob","f248dba239526e1804699e8e856a9428a1947a4c4e6788725000cb235c2a3374"
"experiments/kernel_replay_v66_regression_maintenance/coq/V66_PAIR_MIGRATION_060.v","c8ae2ce329678e9abc3c8db5c33e4f97d3003926ea39d5377daf453ff4f15808"
"experiments/kernel_replay_v66_regression_maintenance/coq/V66_PAIR_MIGRATION_060.vo","33097bc3cb489c00f0d792b2917abecd3ddb10ceb768f1c098b6ab14d14abaef"
"experiments/kernel_replay_v66_regression_maintenance/coq/V66_PAIR_MIGRATION_060.vok","e3b0c44298fc1c149afbf4c8996fb92427ae41e4649b934ca495991b7852b855"
"experiments/kernel_replay_v66_regression_maintenance/coq/V66_PAIR_MIGRATION_060.vos","e3b0c44298fc1c149afbf4c8996fb92427ae41e4649b934ca495991b7852b855"
"experiments/kernel_replay_v66_regression_maintenance/coq/V66_RECORD_MIGRATION_001.glob","5e51c4cd55a342a80e0af926062d9a945b30009872f8c54c8b4c75a99611da88"
"experiments/kernel_replay_v66_regression_maintenance/coq/V66_RECORD_MIGRATION_001.v","9f38c9a8539e315e63432fea026624c54d2c816598bbde0253c142d2e8c0c1b7"
"experiments/kernel_replay_v66_regression_maintenance/coq/V66_RECORD_MIGRATION_001.vo","706eb4dc1dad0c831e083bc35fe9495fae915c6bef88273b1bad4916dec2ed2b"
"experiments/kernel_replay_v66_regression_maintenance/coq/V66_RECORD_MIGRATION_001.vok","e3b0c44298fc1c149afbf4c8996fb92427ae41e4649b934ca495991b7852b855"
"experiments/kernel_replay_v66_regression_maintenance/coq/V66_RECORD_MIGRATION_001.vos","e3b0c44298fc1c149afbf4c8996fb92427ae41e4649b934ca495991b7852b855"
"experiments/kernel_replay_v66_regression_maintenance/coq/V66_RECORD_MIGRATION_002.glob","b7bde2b68b473ea95155114a5f7665b2ed86c7c5525741d28ae7e9b2e42c7122"
"experiments/kernel_replay_v66_regression_maintenance/coq/V66_RECORD_MIGRATION_002.v","8a95da8424b112f67befb16c8ee115f5bdb91605b34399d13007112e37ec815c"
"experiments/kernel_replay_v66_regression_maintenance/coq/V66_RECORD_MIGRATION_002.vo","fe84a7c1d2ba265a34ddd257e2e365b8188cee81e6e86b8293e7e52e2557bb8a"
"experiments/kernel_replay_v66_regression_maintenance/coq/V66_RECORD_MIGRATION_002.vok","e3b0c44298fc1c149afbf4c8996fb92427ae41e4649b934ca495991b7852b855"
"experiments/kernel_replay_v66_regression_maintenance/coq/V66_RECORD_MIGRATION_002.vos","e3b0c44298fc1c149afbf4c8996fb92427ae41e4649b934ca495991b7852b855"
"experiments/kernel_replay_v66_regression_maintenance/coq/V66_RECORD_MIGRATION_003.glob","9f91ca6bc307e8aa96dc48a891433d83b4be4987d30edb0b67cf77396227cfad"
"experiments/kernel_replay_v66_regression_maintenance/coq/V66_RECORD_MIGRATION_003.v","285eb05ea639f62b26587ab407dd61bfbf84bf9dd815d3e226d1e5915a1885e3"
"experiments/kernel_replay_v66_regression_maintenance/coq/V66_RECORD_MIGRATION_003.vo","a14e0ed37f1644fe8838e2e6ac56b5c2d2a8ade6d0b392028c2357211dfb1966"
"experiments/kernel_replay_v66_regression_maintenance/coq/V66_RECORD_MIGRATION_003.vok","e3b0c44298fc1c149afbf4c8996fb92427ae41e4649b934ca495991b7852b855"
"experiments/kernel_replay_v66_regression_maintenance/coq/V66_RECORD_MIGRATION_003.vos","e3b0c44298fc1c149afbf4c8996fb92427ae41e4649b934ca495991b7852b855"
"experiments/kernel_replay_v66_regression_maintenance/coq/V66_RECORD_MIGRATION_004.glob","9799e0d01788a30948347ff5354c7d5bd446ca73d60f8404fbc19f5edee142a8"
"experiments/kernel_replay_v66_regression_maintenance/coq/V66_RECORD_MIGRATION_004.v","2a093522a4aa6d4d565ca5ff6be385a01ebfe140c3ac584a14f815670cb383c5"
"experiments/kernel_replay_v66_regression_maintenance/coq/V66_RECORD_MIGRATION_004.vo","ca0195659491111ea4ec84cb6e41cfec5ada04c6a4ac2be26dbed32b69a1834e"
"experiments/kernel_replay_v66_regression_maintenance/coq/V66_RECORD_MIGRATION_004.vok","e3b0c44298fc1c149afbf4c8996fb92427ae41e4649b934ca495991b7852b855"
"experiments/kernel_replay_v66_regression_maintenance/coq/V66_RECORD_MIGRATION_004.vos","e3b0c44298fc1c149afbf4c8996fb92427ae41e4649b934ca495991b7852b855"
"experiments/kernel_replay_v66_regression_maintenance/coq/V66_RECORD_MIGRATION_005.glob","f33288fda42c5be4c58efe0e20f34fe7a83351030a86e743a70e75476a1fdd94"
"experiments/kernel_replay_v66_regression_maintenance/coq/V66_RECORD_MIGRATION_005.v","21e88a93f6cefe86554e9fc9638a64cf8dd5cf4020163b80c01d72b2bd609d57"
"experiments/kernel_replay_v66_regression_maintenance/coq/V66_RECORD_MIGRATION_005.vo","48962c2b29b4d5c4e4ed7f12a93df51133e8d5b433a2a9df7356d2f410f920f7"
"experiments/kernel_replay_v66_regression_maintenance/coq/V66_RECORD_MIGRATION_005.vok","e3b0c44298fc1c149afbf4c8996fb92427ae41e4649b934ca495991b7852b855"
"experiments/kernel_replay_v66_regression_maintenance/coq/V66_RECORD_MIGRATION_005.vos","e3b0c44298fc1c149afbf4c8996fb92427ae41e4649b934ca495991b7852b855"
"experiments/kernel_replay_v66_regression_maintenance/coq/V66_RECORD_MIGRATION_006.glob","77736d748f173e39bfa30a79ad6d6f18e76ffff67dbf8a2aefc1d5818841a9ba"
"experiments/kernel_replay_v66_regression_maintenance/coq/V66_RECORD_MIGRATION_006.v","1dacb9898c309c83ddf259cd635bec7187af120b887b8d8be437c1b74b99121c"
"experiments/kernel_replay_v66_regression_maintenance/coq/V66_RECORD_MIGRATION_006.vo","7099d0e1b75ef74ea8c5478f90462207ed00b2d59287c953ff740173ff4ece0f"
"experiments/kernel_replay_v66_regression_maintenance/coq/V66_RECORD_MIGRATION_006.vok","e3b0c44298fc1c149afbf4c8996fb92427ae41e4649b934ca495991b7852b855"
"experiments/kernel_replay_v66_regression_maintenance/coq/V66_RECORD_MIGRATION_006.vos","e3b0c44298fc1c149afbf4c8996fb92427ae41e4649b934ca495991b7852b855"
"experiments/kernel_replay_v66_regression_maintenance/coq/V66_RECORD_MIGRATION_007.glob","ee5b7f00ec339282ca496911bf23ff608d30483b9f07bfc9d4cada271a28fddc"
"experiments/kernel_replay_v66_regression_maintenance/coq/V66_RECORD_MIGRATION_007.v","0aed3266956ae78c1ee781b6c2583aa291fec932adf6ebe23f29995966855d96"
"experiments/kernel_replay_v66_regression_maintenance/coq/V66_RECORD_MIGRATION_007.vo","2ef0e74a4fdfc2c125f250d17b9ddffb3bd1b29b89195e9ef15e2b4a7b774c59"
"experiments/kernel_replay_v66_regression_maintenance/coq/V66_RECORD_MIGRATION_007.vok","e3b0c44298fc1c149afbf4c8996fb92427ae41e4649b934ca495991b7852b855"
"experiments/kernel_replay_v66_regression_maintenance/coq/V66_RECORD_MIGRATION_007.vos","e3b0c44298fc1c149afbf4c8996fb92427ae41e4649b934ca495991b7852b855"
"experiments/kernel_replay_v66_regression_maintenance/coq/V66_RECORD_MIGRATION_008.glob","3f0667b3a44d753554a0a87385aec7b90ebbd533e380b5227f4ac5796fcc09bc"
"experiments/kernel_replay_v66_regression_maintenance/coq/V66_RECORD_MIGRATION_008.v","08f5ec4236ddac714ec741ab4e093ffe7e2079857848a9323d541ebd8898e9af"
"experiments/kernel_replay_v66_regression_maintenance/coq/V66_RECORD_MIGRATION_008.vo","e2a5022897542948d631516f6b652a3e99fc4f00b19616a49e914896f7c680b5"
"experiments/kernel_replay_v66_regression_maintenance/coq/V66_RECORD_MIGRATION_008.vok","e3b0c44298fc1c149afbf4c8996fb92427ae41e4649b934ca495991b7852b855"
"experiments/kernel_replay_v66_regression_maintenance/coq/V66_RECORD_MIGRATION_008.vos","e3b0c44298fc1c149afbf4c8996fb92427ae41e4649b934ca495991b7852b855"
"experiments/kernel_replay_v66_regression_maintenance/coq/V66_RECORD_MIGRATION_009.glob","ee3205692a88472c766d3ac1e5618dae1c8d18c2e5eaa36114cefecb1844e1a2"
"experiments/kernel_replay_v66_regression_maintenance/coq/V66_RECORD_MIGRATION_009.v","a5bedd8ad4b7a28c8518572f9e9ffb8b948f85f2f7f6153583a9894e5cbc179a"
"experiments/kernel_replay_v66_regression_maintenance/coq/V66_RECORD_MIGRATION_009.vo","e6cfdaad5b559fd02a19ca4c3ca582bae63c4b22563707f3ea554216d00df878"
"experiments/kernel_replay_v66_regression_maintenance/coq/V66_RECORD_MIGRATION_009.vok","e3b0c44298fc1c149afbf4c8996fb92427ae41e4649b934ca495991b7852b855"
"experiments/kernel_replay_v66_regression_maintenance/coq/V66_RECORD_MIGRATION_009.vos","e3b0c44298fc1c149afbf4c8996fb92427ae41e4649b934ca495991b7852b855"
"experiments/kernel_replay_v66_regression_maintenance/coq/V66_RECORD_MIGRATION_010.glob","d57132ce021402ee8c23cc1f75a8bfaf5530f558a19212b787b379859be2d0f3"
"experiments/kernel_replay_v66_regression_maintenance/coq/V66_RECORD_MIGRATION_010.v","cf04ffa705d6c7bbf64dd9008e21a989716044d51f618a5b227f75e55e5e3ef7"
"experiments/kernel_replay_v66_regression_maintenance/coq/V66_RECORD_MIGRATION_010.vo","1aaa1d588f9fac430d1b22a1df3e7bea9eda784ca56142a493a7a6b97cafbab8"
"experiments/kernel_replay_v66_regression_maintenance/coq/V66_RECORD_MIGRATION_010.vok","e3b0c44298fc1c149afbf4c8996fb92427ae41e4649b934ca495991b7852b855"
"experiments/kernel_replay_v66_regression_maintenance/coq/V66_RECORD_MIGRATION_010.vos","e3b0c44298fc1c149afbf4c8996fb92427ae41e4649b934ca495991b7852b855"
"experiments/kernel_replay_v66_regression_maintenance/coq/V66_RECORD_MIGRATION_011.glob","de93532c80223d900cc6d650f861b9f87234413bd6025abed0a5b23f6127360b"
"experiments/kernel_replay_v66_regression_maintenance/coq/V66_RECORD_MIGRATION_011.v","9400875f022c0536506033a88cb5408937c3c2977c1d50cd66d3469c4fd4aba9"
"experiments/kernel_replay_v66_regression_maintenance/coq/V66_RECORD_MIGRATION_011.vo","00ad6dc34db4dfdb343488c717add1336cfff6dc05c9e0843919f0b5894fe9c8"
"experiments/kernel_replay_v66_regression_maintenance/coq/V66_RECORD_MIGRATION_011.vok","e3b0c44298fc1c149afbf4c8996fb92427ae41e4649b934ca495991b7852b855"
"experiments/kernel_replay_v66_regression_maintenance/coq/V66_RECORD_MIGRATION_011.vos","e3b0c44298fc1c149afbf4c8996fb92427ae41e4649b934ca495991b7852b855"
"experiments/kernel_replay_v66_regression_maintenance/coq/V66_RECORD_MIGRATION_012.glob","259facd9511aca710cc50ea0f19f0c55c4724a2070dddc41f3bd912bc2d2e016"
"experiments/kernel_replay_v66_regression_maintenance/coq/V66_RECORD_MIGRATION_012.v","36e55fd4c7846a8f06c992ea1d1c1502f87b7d49201a707126af27ed04af11a6"
"experiments/kernel_replay_v66_regression_maintenance/coq/V66_RECORD_MIGRATION_012.vo","1ff8b5ff58ebadca001f6640ae4b29ba07ccd2fa5ccdd17a20072771a1e9ae1e"
"experiments/kernel_replay_v66_regression_maintenance/coq/V66_RECORD_MIGRATION_012.vok","e3b0c44298fc1c149afbf4c8996fb92427ae41e4649b934ca495991b7852b855"
"experiments/kernel_replay_v66_regression_maintenance/coq/V66_RECORD_MIGRATION_012.vos","e3b0c44298fc1c149afbf4c8996fb92427ae41e4649b934ca495991b7852b855"
"experiments/kernel_replay_v66_regression_maintenance/coq/V66_RECORD_MIGRATION_013.glob","ef562eb02c7a46ffc7379deeafc5749f7d9a777661b32f4e9c47402fff839464"
"experiments/kernel_replay_v66_regression_maintenance/coq/V66_RECORD_MIGRATION_013.v","654cedcf5748e22bceeaff1b2211761a70215ecad32c22ea06c2aa386caad64a"
"experiments/kernel_replay_v66_regression_maintenance/coq/V66_RECORD_MIGRATION_013.vo","96f50f67fab3b6971805c42a1af5b051abbc11905f7aebddd6a8ed4d7b4abc3c"
"experiments/kernel_replay_v66_regression_maintenance/coq/V66_RECORD_MIGRATION_013.vok","e3b0c44298fc1c149afbf4c8996fb92427ae41e4649b934ca495991b7852b855"
"experiments/kernel_replay_v66_regression_maintenance/coq/V66_RECORD_MIGRATION_013.vos","e3b0c44298fc1c149afbf4c8996fb92427ae41e4649b934ca495991b7852b855"
"experiments/kernel_replay_v66_regression_maintenance/coq/V66_RECORD_MIGRATION_014.glob","e6d69dc93fac0b8a3dd8e9ff2a4aac01f6c865732c2303677feb66f94c1a2e40"
"experiments/kernel_replay_v66_regression_maintenance/coq/V66_RECORD_MIGRATION_014.v","7624da8f6e627bfa2c46aa4266d82d792869d79fe3c3c4c577ce235d154dbcc3"
"experiments/kernel_replay_v66_regression_maintenance/coq/V66_RECORD_MIGRATION_014.vo","731441e24e2326b5b996dbe4ebdb846340119a2ec3d7d29a444134d661eaac27"
"experiments/kernel_replay_v66_regression_maintenance/coq/V66_RECORD_MIGRATION_014.vok","e3b0c44298fc1c149afbf4c8996fb92427ae41e4649b934ca495991b7852b855"
"experiments/kernel_replay_v66_regression_maintenance/coq/V66_RECORD_MIGRATION_014.vos","e3b0c44298fc1c149afbf4c8996fb92427ae41e4649b934ca495991b7852b855"
"experiments/kernel_replay_v66_regression_maintenance/coq/V66_RECORD_MIGRATION_015.glob","a692fb43277fe146b24310970b342c6b62a7c7d9d82e14f1a15e426f982a37db"
"experiments/kernel_replay_v66_regression_maintenance/coq/V66_RECORD_MIGRATION_015.v","be827343922024c1013523b5fd3b7ac6912de8f3e0da4aa97aec6c47cef645ce"
"experiments/kernel_replay_v66_regression_maintenance/coq/V66_RECORD_MIGRATION_015.vo","a8d92609ea7b4f2c057782a4a11cc0ec67f4dfdbb110464788e06d5b671c209a"
"experiments/kernel_replay_v66_regression_maintenance/coq/V66_RECORD_MIGRATION_015.vok","e3b0c44298fc1c149afbf4c8996fb92427ae41e4649b934ca495991b7852b855"
"experiments/kernel_replay_v66_regression_maintenance/coq/V66_RECORD_MIGRATION_015.vos","e3b0c44298fc1c149afbf4c8996fb92427ae41e4649b934ca495991b7852b855"
"experiments/kernel_replay_v66_regression_maintenance/coq/V66_RECORD_MIGRATION_016.glob","a4529ff115545784a04338462332666db026bdc94c920db12a3f283a704049a5"
"experiments/kernel_replay_v66_regression_maintenance/coq/V66_RECORD_MIGRATION_016.v","f819bbe9ea11afef0840f4125bdce8bb55dfcb919acd1e84d55cf1b9e0e34255"
"experiments/kernel_replay_v66_regression_maintenance/coq/V66_RECORD_MIGRATION_016.vo","2c724c438aeabde178d00be7ec177ccf69d2ee7f30b55a0f4a79ff17fac03985"
"experiments/kernel_replay_v66_regression_maintenance/coq/V66_RECORD_MIGRATION_016.vok","e3b0c44298fc1c149afbf4c8996fb92427ae41e4649b934ca495991b7852b855"
"experiments/kernel_replay_v66_regression_maintenance/coq/V66_RECORD_MIGRATION_016.vos","e3b0c44298fc1c149afbf4c8996fb92427ae41e4649b934ca495991b7852b855"
"experiments/kernel_replay_v66_regression_maintenance/coq/V66_RECORD_MIGRATION_017.glob","9565ff9fa914b298d9667a22ecb9af7b9808d2ffe913a5c71306cc3ca1b46d92"
"experiments/kernel_replay_v66_regression_maintenance/coq/V66_RECORD_MIGRATION_017.v","e23212dbe78e405e26f6d15c33fc2a265cffb749e7a186542d49ef8f66169b14"
"experiments/kernel_replay_v66_regression_maintenance/coq/V66_RECORD_MIGRATION_017.vo","0cef0da894681a19ec9c692548efcb44f4c24cb48510812bc5f3024d8241be59"
"experiments/kernel_replay_v66_regression_maintenance/coq/V66_RECORD_MIGRATION_017.vok","e3b0c44298fc1c149afbf4c8996fb92427ae41e4649b934ca495991b7852b855"
"experiments/kernel_replay_v66_regression_maintenance/coq/V66_RECORD_MIGRATION_017.vos","e3b0c44298fc1c149afbf4c8996fb92427ae41e4649b934ca495991b7852b855"
"experiments/kernel_replay_v66_regression_maintenance/coq/V66_RECORD_MIGRATION_018.glob","323fc3be7ad47301f57bf6b24d4426cdfccabfcda86bd4ac3c2f452b650aabf1"
"experiments/kernel_replay_v66_regression_maintenance/coq/V66_RECORD_MIGRATION_018.v","c6b9429e7e57cda57480e223ce61d42bc64ad362326a8fb28093748b2808a359"
"experiments/kernel_replay_v66_regression_maintenance/coq/V66_RECORD_MIGRATION_018.vo","7064d99dadc3a51d2369eaf871865e2720889958faa267c819e6717000975b24"
"experiments/kernel_replay_v66_regression_maintenance/coq/V66_RECORD_MIGRATION_018.vok","e3b0c44298fc1c149afbf4c8996fb92427ae41e4649b934ca495991b7852b855"
"experiments/kernel_replay_v66_regression_maintenance/coq/V66_RECORD_MIGRATION_018.vos","e3b0c44298fc1c149afbf4c8996fb92427ae41e4649b934ca495991b7852b855"
"experiments/kernel_replay_v66_regression_maintenance/coq/V66_RECORD_MIGRATION_019.glob","aacaa1e48212566b0295d2864b9cad524fd4f5510a7fc186e01300a909fd6d3e"
"experiments/kernel_replay_v66_regression_maintenance/coq/V66_RECORD_MIGRATION_019.v","eca47788d48b76fe47d36deef1ee533c8cf5970d30bc8d326f9dbf4e8ac5de54"
"experiments/kernel_replay_v66_regression_maintenance/coq/V66_RECORD_MIGRATION_019.vo","9c23594e83b669e7e02599f7e948a5a6adbfe837ff49ff33712ad7ebec17a55d"
"experiments/kernel_replay_v66_regression_maintenance/coq/V66_RECORD_MIGRATION_019.vok","e3b0c44298fc1c149afbf4c8996fb92427ae41e4649b934ca495991b7852b855"
"experiments/kernel_replay_v66_regression_maintenance/coq/V66_RECORD_MIGRATION_019.vos","e3b0c44298fc1c149afbf4c8996fb92427ae41e4649b934ca495991b7852b855"
"experiments/kernel_replay_v66_regression_maintenance/coq/V66_RECORD_MIGRATION_020.glob","1e8863ab36ff0fb7a34467024142091343b6e5a6850ab8ec7fd05e8c31937d0f"
"experiments/kernel_replay_v66_regression_maintenance/coq/V66_RECORD_MIGRATION_020.v","02f0b459004f211a9eeaf9bdf7f1c412e1dc2bb1370795ae9afdf6c2e78455a9"
"experiments/kernel_replay_v66_regression_maintenance/coq/V66_RECORD_MIGRATION_020.vo","0de053d40c43cdbab56d1f4a1c1a3e8fe1ac526cdc3588169b3bb0a875d13808"
"experiments/kernel_replay_v66_regression_maintenance/coq/V66_RECORD_MIGRATION_020.vok","e3b0c44298fc1c149afbf4c8996fb92427ae41e4649b934ca495991b7852b855"
"experiments/kernel_replay_v66_regression_maintenance/coq/V66_RECORD_MIGRATION_020.vos","e3b0c44298fc1c149afbf4c8996fb92427ae41e4649b934ca495991b7852b855"
"experiments/kernel_replay_v66_regression_maintenance/coq/V66_RECORD_MIGRATION_021.glob","7fb19a816d8cb160565f5cdbc6423577b9cc70c83b8ee9575ee574ff486367f5"
"experiments/kernel_replay_v66_regression_maintenance/coq/V66_RECORD_MIGRATION_021.v","7ab2eddeaf4fa01458ca3c38d83b06b90531dc16d2f31a762135360b16260474"
"experiments/kernel_replay_v66_regression_maintenance/coq/V66_RECORD_MIGRATION_021.vo","7da4ba57040160790029db85f962a809f7ec0e268ddd5b1c9a882d7730551d9c"
"experiments/kernel_replay_v66_regression_maintenance/coq/V66_RECORD_MIGRATION_021.vok","e3b0c44298fc1c149afbf4c8996fb92427ae41e4649b934ca495991b7852b855"
"experiments/kernel_replay_v66_regression_maintenance/coq/V66_RECORD_MIGRATION_021.vos","e3b0c44298fc1c149afbf4c8996fb92427ae41e4649b934ca495991b7852b855"
"experiments/kernel_replay_v66_regression_maintenance/coq/V66_RECORD_MIGRATION_022.glob","0a9618ecc926fb3741f14c1588f621982ce587a133143bc609d778753ade5e03"
"experiments/kernel_replay_v66_regression_maintenance/coq/V66_RECORD_MIGRATION_022.v","3b7b04d396dc710b6fe863e721e84b80897c70f6ccc9fe174098d987a4095510"
"experiments/kernel_replay_v66_regression_maintenance/coq/V66_RECORD_MIGRATION_022.vo","f539c17ee012f60573c55e457b2dd1db0f299f46c83d744276be08dfe0eba489"
"experiments/kernel_replay_v66_regression_maintenance/coq/V66_RECORD_MIGRATION_022.vok","e3b0c44298fc1c149afbf4c8996fb92427ae41e4649b934ca495991b7852b855"
"experiments/kernel_replay_v66_regression_maintenance/coq/V66_RECORD_MIGRATION_022.vos","e3b0c44298fc1c149afbf4c8996fb92427ae41e4649b934ca495991b7852b855"
"experiments/kernel_replay_v66_regression_maintenance/coq/V66_RECORD_MIGRATION_023.glob","585720c063cde760d80fecbcf3df2bc1228eb071d9050bf1ef2c932b1f4f4207"
"experiments/kernel_replay_v66_regression_maintenance/coq/V66_RECORD_MIGRATION_023.v","a068949b3eb18f84fe50ed0807e41075215cc6899e952a07142f287d1196ce12"
"experiments/kernel_replay_v66_regression_maintenance/coq/V66_RECORD_MIGRATION_023.vo","ec44e392d7389b3252781aa6ad25714e4414d156bce1d41a8476629a63463646"
"experiments/kernel_replay_v66_regression_maintenance/coq/V66_RECORD_MIGRATION_023.vok","e3b0c44298fc1c149afbf4c8996fb92427ae41e4649b934ca495991b7852b855"
"experiments/kernel_replay_v66_regression_maintenance/coq/V66_RECORD_MIGRATION_023.vos","e3b0c44298fc1c149afbf4c8996fb92427ae41e4649b934ca495991b7852b855"
"experiments/kernel_replay_v66_regression_maintenance/coq/V66_RECORD_MIGRATION_024.glob","2c9bf2b327f397a7fdccfe9167b00a6b3237aa8c804a6f390e89cfcf3620f674"
"experiments/kernel_replay_v66_regression_maintenance/coq/V66_RECORD_MIGRATION_024.v","76a1885861779fca9593c48c19a05d5c76f03d8aa18d347c2ad721064a018c6e"
"experiments/kernel_replay_v66_regression_maintenance/coq/V66_RECORD_MIGRATION_024.vo","8a83ba90c7809f10c313374cbf705397eadb0187af7b4f4380864635df3cd5a1"
"experiments/kernel_replay_v66_regression_maintenance/coq/V66_RECORD_MIGRATION_024.vok","e3b0c44298fc1c149afbf4c8996fb92427ae41e4649b934ca495991b7852b855"
"experiments/kernel_replay_v66_regression_maintenance/coq/V66_RECORD_MIGRATION_024.vos","e3b0c44298fc1c149afbf4c8996fb92427ae41e4649b934ca495991b7852b855"
"experiments/kernel_replay_v66_regression_maintenance/coq/V66_RECORD_MIGRATION_025.glob","0a728d264af2e86e79a723bc7f898d3ae0e4654bc1b6193a9457b46bf727ce75"
"experiments/kernel_replay_v66_regression_maintenance/coq/V66_RECORD_MIGRATION_025.v","836210f9245578fcdb789e311a809f24828ea1a2f2676d571a5fceca4065396e"
"experiments/kernel_replay_v66_regression_maintenance/coq/V66_RECORD_MIGRATION_025.vo","024c405ad26e5fbb9e5155bfe4f6c1dda9f9c18debe303baf021fbee1304a22f"
"experiments/kernel_replay_v66_regression_maintenance/coq/V66_RECORD_MIGRATION_025.vok","e3b0c44298fc1c149afbf4c8996fb92427ae41e4649b934ca495991b7852b855"
"experiments/kernel_replay_v66_regression_maintenance/coq/V66_RECORD_MIGRATION_025.vos","e3b0c44298fc1c149afbf4c8996fb92427ae41e4649b934ca495991b7852b855"
"experiments/kernel_replay_v66_regression_maintenance/coq/V66_RECORD_MIGRATION_026.glob","6e62dc78e4d45531b271302bca89cc4920295f1e79d77d27fe4439a517ad85c8"
"experiments/kernel_replay_v66_regression_maintenance/coq/V66_RECORD_MIGRATION_026.v","80ab89e9481c0a56082017869979458df84a42346ec08e8951ad719b036a75ca"
"experiments/kernel_replay_v66_regression_maintenance/coq/V66_RECORD_MIGRATION_026.vo","39b68851bea2c8e98a7428e259972d9d16daaa4ceb28a770831eb4decbc2b633"
"experiments/kernel_replay_v66_regression_maintenance/coq/V66_RECORD_MIGRATION_026.vok","e3b0c44298fc1c149afbf4c8996fb92427ae41e4649b934ca495991b7852b855"
"experiments/kernel_replay_v66_regression_maintenance/coq/V66_RECORD_MIGRATION_026.vos","e3b0c44298fc1c149afbf4c8996fb92427ae41e4649b934ca495991b7852b855"
"experiments/kernel_replay_v66_regression_maintenance/coq/V66_RECORD_MIGRATION_027.glob","dd69d14b6dd25b0842a16d84e48e4985891e3a91eb472b4de90af7d1938510fb"
"experiments/kernel_replay_v66_regression_maintenance/coq/V66_RECORD_MIGRATION_027.v","af6b9482120778c907457bfabb4d42b8538e9060b65ec1ef75d88f9cab1efd8e"
"experiments/kernel_replay_v66_regression_maintenance/coq/V66_RECORD_MIGRATION_027.vo","be338d2a89ed703cd279dbff3ab743f7a440cb7e8f819930675a3ae7be1003e6"
"experiments/kernel_replay_v66_regression_maintenance/coq/V66_RECORD_MIGRATION_027.vok","e3b0c44298fc1c149afbf4c8996fb92427ae41e4649b934ca495991b7852b855"
"experiments/kernel_replay_v66_regression_maintenance/coq/V66_RECORD_MIGRATION_027.vos","e3b0c44298fc1c149afbf4c8996fb92427ae41e4649b934ca495991b7852b855"
"experiments/kernel_replay_v66_regression_maintenance/coq/V66_RECORD_MIGRATION_028.glob","4e9456801a12bc8e0e08570d74d3895f6048cdf55eb5242712cb901e5755b26e"
"experiments/kernel_replay_v66_regression_maintenance/coq/V66_RECORD_MIGRATION_028.v","eed89a4d7eb246eaa333294e7244960a546d0d6bd659a9e6072941400cf9d912"
"experiments/kernel_replay_v66_regression_maintenance/coq/V66_RECORD_MIGRATION_028.vo","3e01973c5759d8bd139dd5d2c7ab2e33f948a67b9eeb7ea7fa96d6075414f1c4"
"experiments/kernel_replay_v66_regression_maintenance/coq/V66_RECORD_MIGRATION_028.vok","e3b0c44298fc1c149afbf4c8996fb92427ae41e4649b934ca495991b7852b855"
"experiments/kernel_replay_v66_regression_maintenance/coq/V66_RECORD_MIGRATION_028.vos","e3b0c44298fc1c149afbf4c8996fb92427ae41e4649b934ca495991b7852b855"
"experiments/kernel_replay_v66_regression_maintenance/coq/V66_RECORD_MIGRATION_029.glob","bc05fd382d96f55cce225069439ffa99f9953a3010717fa918959d1b48a3d560"
"experiments/kernel_replay_v66_regression_maintenance/coq/V66_RECORD_MIGRATION_029.v","70625dcefcbcfd80c20bfb60cd3aa3a98d7c7e4155adf67dbb2d4952778ba45c"
"experiments/kernel_replay_v66_regression_maintenance/coq/V66_RECORD_MIGRATION_029.vo","d5e84d11d9c253692682db80143fe92c3a1103479b546fed7f219860e0d8b215"
"experiments/kernel_replay_v66_regression_maintenance/coq/V66_RECORD_MIGRATION_029.vok","e3b0c44298fc1c149afbf4c8996fb92427ae41e4649b934ca495991b7852b855"
"experiments/kernel_replay_v66_regression_maintenance/coq/V66_RECORD_MIGRATION_029.vos","e3b0c44298fc1c149afbf4c8996fb92427ae41e4649b934ca495991b7852b855"
"experiments/kernel_replay_v66_regression_maintenance/coq/V66_RECORD_MIGRATION_030.glob","5270bc803536d61d6da664e27acbe4fd6bbddc73cc6049e836bf50741f93aebb"
"experiments/kernel_replay_v66_regression_maintenance/coq/V66_RECORD_MIGRATION_030.v","58f52ae2152b60c65b01b748b63f35464152b8cad212c67d81d294daacd52a92"
"experiments/kernel_replay_v66_regression_maintenance/coq/V66_RECORD_MIGRATION_030.vo","5b54b46ef0369fd2d60a426eccdefbf9694a1f9fa4cded6b8d9b3cf3ed98237b"
"experiments/kernel_replay_v66_regression_maintenance/coq/V66_RECORD_MIGRATION_030.vok","e3b0c44298fc1c149afbf4c8996fb92427ae41e4649b934ca495991b7852b855"
"experiments/kernel_replay_v66_regression_maintenance/coq/V66_RECORD_MIGRATION_030.vos","e3b0c44298fc1c149afbf4c8996fb92427ae41e4649b934ca495991b7852b855"
"experiments/kernel_replay_v66_regression_maintenance/coq/V66_RECORD_MIGRATION_031.glob","6a32e40b1589a70e201664e3b76d358343e880ae15700fe0b0535bb590228fa9"
"experiments/kernel_replay_v66_regression_maintenance/coq/V66_RECORD_MIGRATION_031.v","49996ab60c16262e23eb37b1c3c3bfdce57ba2ab963a4f369f5360fa4c12427c"
"experiments/kernel_replay_v66_regression_maintenance/coq/V66_RECORD_MIGRATION_031.vo","833eaad31067886f44e2994ffa932daf92dc845b403009d609a38e88b7fd5686"
"experiments/kernel_replay_v66_regression_maintenance/coq/V66_RECORD_MIGRATION_031.vok","e3b0c44298fc1c149afbf4c8996fb92427ae41e4649b934ca495991b7852b855"
"experiments/kernel_replay_v66_regression_maintenance/coq/V66_RECORD_MIGRATION_031.vos","e3b0c44298fc1c149afbf4c8996fb92427ae41e4649b934ca495991b7852b855"
"experiments/kernel_replay_v66_regression_maintenance/coq/V66_RECORD_MIGRATION_032.glob","7b5c208a4bf8a034f7d93039a9e2ed04930e0b709bf058599f9cf79f4ea6a311"
"experiments/kernel_replay_v66_regression_maintenance/coq/V66_RECORD_MIGRATION_032.v","4222060c68197b677646a0b66e1d5230b2b9f2d619a07ffca3538a9f83b293a0"
"experiments/kernel_replay_v66_regression_maintenance/coq/V66_RECORD_MIGRATION_032.vo","64e552f9c4024ba69b31f751e9e2dffbfef2d68a4d2094a1e01a8268244832c6"
"experiments/kernel_replay_v66_regression_maintenance/coq/V66_RECORD_MIGRATION_032.vok","e3b0c44298fc1c149afbf4c8996fb92427ae41e4649b934ca495991b7852b855"
"experiments/kernel_replay_v66_regression_maintenance/coq/V66_RECORD_MIGRATION_032.vos","e3b0c44298fc1c149afbf4c8996fb92427ae41e4649b934ca495991b7852b855"
"experiments/kernel_replay_v66_regression_maintenance/coq/V66_RECORD_MIGRATION_033.glob","0806b98dc3a7ec72e9f6744a7589a0535655fcd51365f17df46dca950e46e39f"
"experiments/kernel_replay_v66_regression_maintenance/coq/V66_RECORD_MIGRATION_033.v","a7a7201b9660eb01d4ad057bfcffa45e56c7718588f7eb11506e8ea59c3113b1"
"experiments/kernel_replay_v66_regression_maintenance/coq/V66_RECORD_MIGRATION_033.vo","e1256341488d684d296f7a1c6c0c727265c13b4206b8bc600864980f1e483689"
"experiments/kernel_replay_v66_regression_maintenance/coq/V66_RECORD_MIGRATION_033.vok","e3b0c44298fc1c149afbf4c8996fb92427ae41e4649b934ca495991b7852b855"
"experiments/kernel_replay_v66_regression_maintenance/coq/V66_RECORD_MIGRATION_033.vos","e3b0c44298fc1c149afbf4c8996fb92427ae41e4649b934ca495991b7852b855"
"experiments/kernel_replay_v66_regression_maintenance/coq/V66_RECORD_MIGRATION_034.glob","e11caf892d5c98c43c785c3ca84bed8b8a8b2193b67adc53720f6aeb8b9e3218"
"experiments/kernel_replay_v66_regression_maintenance/coq/V66_RECORD_MIGRATION_034.v","0310f281e002f6874d8c45f9c20a77f7ccdef3749bb06e776b20a78ffd508b81"
"experiments/kernel_replay_v66_regression_maintenance/coq/V66_RECORD_MIGRATION_034.vo","f0e3436f01fc6e77c49d800e3c63e220c83206f24b46a5daba97f307dec3b4ec"
"experiments/kernel_replay_v66_regression_maintenance/coq/V66_RECORD_MIGRATION_034.vok","e3b0c44298fc1c149afbf4c8996fb92427ae41e4649b934ca495991b7852b855"
"experiments/kernel_replay_v66_regression_maintenance/coq/V66_RECORD_MIGRATION_034.vos","e3b0c44298fc1c149afbf4c8996fb92427ae41e4649b934ca495991b7852b855"
"experiments/kernel_replay_v66_regression_maintenance/coq/V66_RECORD_MIGRATION_035.glob","a998fa2e479efe9febed08a3b4f68d4166125c7fb46054a90ebf8401176273b3"
"experiments/kernel_replay_v66_regression_maintenance/coq/V66_RECORD_MIGRATION_035.v","46e7ff9de0ceb7fc114fd97731aef2567bea4e0d933a35a7a05f36f29d28d8df"
"experiments/kernel_replay_v66_regression_maintenance/coq/V66_RECORD_MIGRATION_035.vo","c70b8c7ec2549615f1f830568c78a60203961bd6c1681125ce14ed6bc1699463"
"experiments/kernel_replay_v66_regression_maintenance/coq/V66_RECORD_MIGRATION_035.vok","e3b0c44298fc1c149afbf4c8996fb92427ae41e4649b934ca495991b7852b855"
"experiments/kernel_replay_v66_regression_maintenance/coq/V66_RECORD_MIGRATION_035.vos","e3b0c44298fc1c149afbf4c8996fb92427ae41e4649b934ca495991b7852b855"
"experiments/kernel_replay_v66_regression_maintenance/coq/V66_RECORD_MIGRATION_036.glob","e2a701c1f9a121e4a2ff3b632fe567cb3926e74801b5fc0143f59d6c1c9bb43f"
"experiments/kernel_replay_v66_regression_maintenance/coq/V66_RECORD_MIGRATION_036.v","ac7d37d185bdb53deef3c8f321ab73efac22d74b74e7444130f14c41225ccff6"
"experiments/kernel_replay_v66_regression_maintenance/coq/V66_RECORD_MIGRATION_036.vo","00de543ff8923cc2ab3809faecdd195ebc0a21e469c96884f15c4fd50939173c"
"experiments/kernel_replay_v66_regression_maintenance/coq/V66_RECORD_MIGRATION_036.vok","e3b0c44298fc1c149afbf4c8996fb92427ae41e4649b934ca495991b7852b855"
"experiments/kernel_replay_v66_regression_maintenance/coq/V66_RECORD_MIGRATION_036.vos","e3b0c44298fc1c149afbf4c8996fb92427ae41e4649b934ca495991b7852b855"
"experiments/kernel_replay_v66_regression_maintenance/coq/V66_RECORD_MIGRATION_037.glob","828bda78a04675db4eaf1a7e520107698fe9cfda6858b7db7dec6012bffaef92"
"experiments/kernel_replay_v66_regression_maintenance/coq/V66_RECORD_MIGRATION_037.v","25eab74dbd86ded0e87261ec8f09dc6e30338afa1d28627fcffd2f745ffe4ef5"
"experiments/kernel_replay_v66_regression_maintenance/coq/V66_RECORD_MIGRATION_037.vo","6bb6cd352545fcfbe0bf9f9f635764bd4cb633732886554029cf1bd3a4dcd09c"
"experiments/kernel_replay_v66_regression_maintenance/coq/V66_RECORD_MIGRATION_037.vok","e3b0c44298fc1c149afbf4c8996fb92427ae41e4649b934ca495991b7852b855"
"experiments/kernel_replay_v66_regression_maintenance/coq/V66_RECORD_MIGRATION_037.vos","e3b0c44298fc1c149afbf4c8996fb92427ae41e4649b934ca495991b7852b855"
"experiments/kernel_replay_v66_regression_maintenance/coq/V66_RECORD_MIGRATION_038.glob","f0834e0f603c8c1fa429b9d9ae650be6422bee948b90b1ba72a6e02f6f7718c2"
"experiments/kernel_replay_v66_regression_maintenance/coq/V66_RECORD_MIGRATION_038.v","98d3b53065c45b9213ab3ce3b18951a3a4048ae30513c2f358ec47c4049e2e9b"
"experiments/kernel_replay_v66_regression_maintenance/coq/V66_RECORD_MIGRATION_038.vo","a4f9a0cecf0a8b6658da29e6a628369b697883f69b8ffb48e4dff92168b31eb9"
"experiments/kernel_replay_v66_regression_maintenance/coq/V66_RECORD_MIGRATION_038.vok","e3b0c44298fc1c149afbf4c8996fb92427ae41e4649b934ca495991b7852b855"
"experiments/kernel_replay_v66_regression_maintenance/coq/V66_RECORD_MIGRATION_038.vos","e3b0c44298fc1c149afbf4c8996fb92427ae41e4649b934ca495991b7852b855"
"experiments/kernel_replay_v66_regression_maintenance/coq/V66_RECORD_MIGRATION_039.glob","ca462936d90cc930a051737ca308c6ec209e05fb5f5c60f2caf85df6bda50727"
"experiments/kernel_replay_v66_regression_maintenance/coq/V66_RECORD_MIGRATION_039.v","0abb60ef2cae19c86b68a08248fe290d96064b8b09c39c94bb2f9e97634a3b59"
"experiments/kernel_replay_v66_regression_maintenance/coq/V66_RECORD_MIGRATION_039.vo","700db001bfe2f68d44c32205d32999dafea9b1225b499c9b1ea27f038c5e55ca"
"experiments/kernel_replay_v66_regression_maintenance/coq/V66_RECORD_MIGRATION_039.vok","e3b0c44298fc1c149afbf4c8996fb92427ae41e4649b934ca495991b7852b855"
"experiments/kernel_replay_v66_regression_maintenance/coq/V66_RECORD_MIGRATION_039.vos","e3b0c44298fc1c149afbf4c8996fb92427ae41e4649b934ca495991b7852b855"
"experiments/kernel_replay_v66_regression_maintenance/coq/V66_RECORD_MIGRATION_040.glob","3dd5c43dccc25019206d2c4ed66f516b08ddd08c025e04bb204f1dc11f7d41f4"
"experiments/kernel_replay_v66_regression_maintenance/coq/V66_RECORD_MIGRATION_040.v","87b52d5a49c54796c3e988ed077c28eb9b3a8cad5b7704e6451c579120fccf38"
"experiments/kernel_replay_v66_regression_maintenance/coq/V66_RECORD_MIGRATION_040.vo","edd23b22dc1c37b2c47379b7685cd1caddeb45f465cab504d10ff6d59de8d86e"
"experiments/kernel_replay_v66_regression_maintenance/coq/V66_RECORD_MIGRATION_040.vok","e3b0c44298fc1c149afbf4c8996fb92427ae41e4649b934ca495991b7852b855"
"experiments/kernel_replay_v66_regression_maintenance/coq/V66_RECORD_MIGRATION_040.vos","e3b0c44298fc1c149afbf4c8996fb92427ae41e4649b934ca495991b7852b855"
"experiments/kernel_replay_v66_regression_maintenance/coq/V66_RECORD_MIGRATION_041.glob","566bf3aaa14649b802aa900785c8b4c1c2a6c63bbb902b51148c65bac4729e9e"
"experiments/kernel_replay_v66_regression_maintenance/coq/V66_RECORD_MIGRATION_041.v","083fd2c09db6b14c7809bf7c971226f1ba50b03156c6691a197c2b7b4a9a9985"
"experiments/kernel_replay_v66_regression_maintenance/coq/V66_RECORD_MIGRATION_041.vo","137af9709ba3e35bd45bb7fca9fda2b42292a5fb9b217d2283c5073d4613e0ae"
"experiments/kernel_replay_v66_regression_maintenance/coq/V66_RECORD_MIGRATION_041.vok","e3b0c44298fc1c149afbf4c8996fb92427ae41e4649b934ca495991b7852b855"
"experiments/kernel_replay_v66_regression_maintenance/coq/V66_RECORD_MIGRATION_041.vos","e3b0c44298fc1c149afbf4c8996fb92427ae41e4649b934ca495991b7852b855"
"experiments/kernel_replay_v66_regression_maintenance/coq/V66_RECORD_MIGRATION_042.glob","f7efc56c3ed1b4eeabf3810929a703471bc0bf68696e6221aad9ba68203de0a5"
"experiments/kernel_replay_v66_regression_maintenance/coq/V66_RECORD_MIGRATION_042.v","a663a929c9ad3177d625f0d2c5f288bb5729da63bc422a8c9549adaacba08e45"
"experiments/kernel_replay_v66_regression_maintenance/coq/V66_RECORD_MIGRATION_042.vo","452b91f8656f8b11e03f8b80397722e3c452c41b136d9cc020fc247922143467"
"experiments/kernel_replay_v66_regression_maintenance/coq/V66_RECORD_MIGRATION_042.vok","e3b0c44298fc1c149afbf4c8996fb92427ae41e4649b934ca495991b7852b855"
"experiments/kernel_replay_v66_regression_maintenance/coq/V66_RECORD_MIGRATION_042.vos","e3b0c44298fc1c149afbf4c8996fb92427ae41e4649b934ca495991b7852b855"
"experiments/kernel_replay_v66_regression_maintenance/coq/V66_RECORD_MIGRATION_043.glob","a1482616b49aa99a2ed7a7c0d63cf8498fdbff4cd6a8b59b4ec3af7cd43e6889"
"experiments/kernel_replay_v66_regression_maintenance/coq/V66_RECORD_MIGRATION_043.v","865b69954d27c9d61e53e46618e46e72371fbcb3449fe1a586ebc9513e36fcbf"
"experiments/kernel_replay_v66_regression_maintenance/coq/V66_RECORD_MIGRATION_043.vo","c7b4d35c00ec6cab38aadcedd95bb87640ff9ff92254a4ca0a435df1c0dd5526"
"experiments/kernel_replay_v66_regression_maintenance/coq/V66_RECORD_MIGRATION_043.vok","e3b0c44298fc1c149afbf4c8996fb92427ae41e4649b934ca495991b7852b855"
"experiments/kernel_replay_v66_regression_maintenance/coq/V66_RECORD_MIGRATION_043.vos","e3b0c44298fc1c149afbf4c8996fb92427ae41e4649b934ca495991b7852b855"
"experiments/kernel_replay_v66_regression_maintenance/coq/V66_RECORD_MIGRATION_044.glob","3925d7516072add112f706c9c5f16501837df2a0ec6986f230cde36968076cfc"
"experiments/kernel_replay_v66_regression_maintenance/coq/V66_RECORD_MIGRATION_044.v","302602494f463831ea754e8407a5d354cfcf28d346fe31e28a0f83bab6aae5c7"
"experiments/kernel_replay_v66_regression_maintenance/coq/V66_RECORD_MIGRATION_044.vo","4ee064fb1140eacd0dc7424ee210ef7cb4944399c68243bc2d32b94b57e72b21"
"experiments/kernel_replay_v66_regression_maintenance/coq/V66_RECORD_MIGRATION_044.vok","e3b0c44298fc1c149afbf4c8996fb92427ae41e4649b934ca495991b7852b855"
"experiments/kernel_replay_v66_regression_maintenance/coq/V66_RECORD_MIGRATION_044.vos","e3b0c44298fc1c149afbf4c8996fb92427ae41e4649b934ca495991b7852b855"
"experiments/kernel_replay_v66_regression_maintenance/coq/V66_RECORD_MIGRATION_045.glob","113ac6c132f5aacb904b99e51fabd8767655bbab122c7354802c827fc9583e51"
"experiments/kernel_replay_v66_regression_maintenance/coq/V66_RECORD_MIGRATION_045.v","7b32640863320e414bf427375f97ea572d0706dc331a1fdb88f1b7bf99b58d02"
"experiments/kernel_replay_v66_regression_maintenance/coq/V66_RECORD_MIGRATION_045.vo","9aae5960650a6b419381426a836c45647f1fdb73601d6c4ec5c4735436e6fccb"
"experiments/kernel_replay_v66_regression_maintenance/coq/V66_RECORD_MIGRATION_045.vok","e3b0c44298fc1c149afbf4c8996fb92427ae41e4649b934ca495991b7852b855"
"experiments/kernel_replay_v66_regression_maintenance/coq/V66_RECORD_MIGRATION_045.vos","e3b0c44298fc1c149afbf4c8996fb92427ae41e4649b934ca495991b7852b855"
"experiments/kernel_replay_v66_regression_maintenance/coq/V66_RECORD_MIGRATION_046.glob","bb95ad87750a455da3683a9f5b9db62d162dbc9ad3b334ccd577a745a350730e"
"experiments/kernel_replay_v66_regression_maintenance/coq/V66_RECORD_MIGRATION_046.v","464e38601828a31cdbc846e6cf531380ffa8d938c14c7905155418c3a97514d4"
"experiments/kernel_replay_v66_regression_maintenance/coq/V66_RECORD_MIGRATION_046.vo","c63bd49de38f215c4df7189ae99404d069a386e3f035cd0f2e03ac1fa23fc02b"
"experiments/kernel_replay_v66_regression_maintenance/coq/V66_RECORD_MIGRATION_046.vok","e3b0c44298fc1c149afbf4c8996fb92427ae41e4649b934ca495991b7852b855"
"experiments/kernel_replay_v66_regression_maintenance/coq/V66_RECORD_MIGRATION_046.vos","e3b0c44298fc1c149afbf4c8996fb92427ae41e4649b934ca495991b7852b855"
"experiments/kernel_replay_v66_regression_maintenance/coq/V66_RECORD_MIGRATION_047.glob","810526159c729ee04b235873d91d46ebd57c522fc3b7fa0845fe530e21f77eab"
"experiments/kernel_replay_v66_regression_maintenance/coq/V66_RECORD_MIGRATION_047.v","0c0e68c66da00c3d52225dbcda21defc6787fffd600e844266d161b8c6acbd26"
"experiments/kernel_replay_v66_regression_maintenance/coq/V66_RECORD_MIGRATION_047.vo","16b36357a74c5a4e80eaa52a98d52335776589524f00d9fb037bb467c7dfb9e2"
"experiments/kernel_replay_v66_regression_maintenance/coq/V66_RECORD_MIGRATION_047.vok","e3b0c44298fc1c149afbf4c8996fb92427ae41e4649b934ca495991b7852b855"
"experiments/kernel_replay_v66_regression_maintenance/coq/V66_RECORD_MIGRATION_047.vos","e3b0c44298fc1c149afbf4c8996fb92427ae41e4649b934ca495991b7852b855"
"experiments/kernel_replay_v66_regression_maintenance/coq/V66_RECORD_MIGRATION_048.glob","72300aa2419c90d81b9f134a9be0f686f4f83face88023aee58a3cb2c1fc5e20"
"experiments/kernel_replay_v66_regression_maintenance/coq/V66_RECORD_MIGRATION_048.v","aefb3b0d14144cccdf19d802305f1617b86e04a4fbe17e8c51fc58cc654812bc"
"experiments/kernel_replay_v66_regression_maintenance/coq/V66_RECORD_MIGRATION_048.vo","f54adca6c82fe23f0c139864f5d23072cd8609210b51f06da3ef77731cf4539a"
"experiments/kernel_replay_v66_regression_maintenance/coq/V66_RECORD_MIGRATION_048.vok","e3b0c44298fc1c149afbf4c8996fb92427ae41e4649b934ca495991b7852b855"
"experiments/kernel_replay_v66_regression_maintenance/coq/V66_RECORD_MIGRATION_048.vos","e3b0c44298fc1c149afbf4c8996fb92427ae41e4649b934ca495991b7852b855"
"experiments/kernel_replay_v66_regression_maintenance/coq/V66_RECORD_MIGRATION_049.glob","b7fb8d3e399b802c356cbbafead8f8e3903554c72e2daae54f8296b0c24c90c0"
"experiments/kernel_replay_v66_regression_maintenance/coq/V66_RECORD_MIGRATION_049.v","9d930901196e8435e558850a7b98a719bd15cd74197248778372c9db3cf798b3"
"experiments/kernel_replay_v66_regression_maintenance/coq/V66_RECORD_MIGRATION_049.vo","396180a33d1aab6e7663c183bce30509f8d978bbe914b9efb07226cd8b8a5d16"
"experiments/kernel_replay_v66_regression_maintenance/coq/V66_RECORD_MIGRATION_049.vok","e3b0c44298fc1c149afbf4c8996fb92427ae41e4649b934ca495991b7852b855"
"experiments/kernel_replay_v66_regression_maintenance/coq/V66_RECORD_MIGRATION_049.vos","e3b0c44298fc1c149afbf4c8996fb92427ae41e4649b934ca495991b7852b855"
"experiments/kernel_replay_v66_regression_maintenance/coq/V66_RECORD_MIGRATION_050.glob","015dc7a4149ae16477cdf8853c931ab584edd173e273c2569d071c06f1e03055"
"experiments/kernel_replay_v66_regression_maintenance/coq/V66_RECORD_MIGRATION_050.v","52b399e0f3ae5dbc74af3324ae4d5a060bd7cfc8be59acd698a1a5fb9b24e0ea"
"experiments/kernel_replay_v66_regression_maintenance/coq/V66_RECORD_MIGRATION_050.vo","57a6ee68937640f56e5ba1f46ca132bc11ea1e36322ecbec6bd1826ba7d1caca"
"experiments/kernel_replay_v66_regression_maintenance/coq/V66_RECORD_MIGRATION_050.vok","e3b0c44298fc1c149afbf4c8996fb92427ae41e4649b934ca495991b7852b855"
"experiments/kernel_replay_v66_regression_maintenance/coq/V66_RECORD_MIGRATION_050.vos","e3b0c44298fc1c149afbf4c8996fb92427ae41e4649b934ca495991b7852b855"
"experiments/kernel_replay_v66_regression_maintenance/coq/V66_RECORD_MIGRATION_051.glob","43dddc452943a1c276aadf6952e5750d29c2ccdb58d37a29f9074351c4a5930d"
"experiments/kernel_replay_v66_regression_maintenance/coq/V66_RECORD_MIGRATION_051.v","82f9b3aa0e882837fa29dbb0bcc8e38a1fbfd8f5e9bcbc7422cfcf63eac607a6"
"experiments/kernel_replay_v66_regression_maintenance/coq/V66_RECORD_MIGRATION_051.vo","4f112cb392d0aa1b41641d2afe480ab3996f1d1cb8bdbabebc2d1eef2619566e"
"experiments/kernel_replay_v66_regression_maintenance/coq/V66_RECORD_MIGRATION_051.vok","e3b0c44298fc1c149afbf4c8996fb92427ae41e4649b934ca495991b7852b855"
"experiments/kernel_replay_v66_regression_maintenance/coq/V66_RECORD_MIGRATION_051.vos","e3b0c44298fc1c149afbf4c8996fb92427ae41e4649b934ca495991b7852b855"
"experiments/kernel_replay_v66_regression_maintenance/coq/V66_RECORD_MIGRATION_052.glob","e0982d0656fa367b7a26edbd39ab7b00c1a83b4ac837128de404e2f476cc0fe5"
"experiments/kernel_replay_v66_regression_maintenance/coq/V66_RECORD_MIGRATION_052.v","b7cf5ac55ae06dc7fa47f283d81d6c341ddaf81531b711c60632cd7d1428b4ca"
"experiments/kernel_replay_v66_regression_maintenance/coq/V66_RECORD_MIGRATION_052.vo","737f4eec5adaaf0939dafb865efbd0db581ecce83a10f84c5f5b46c69f226024"
"experiments/kernel_replay_v66_regression_maintenance/coq/V66_RECORD_MIGRATION_052.vok","e3b0c44298fc1c149afbf4c8996fb92427ae41e4649b934ca495991b7852b855"
"experiments/kernel_replay_v66_regression_maintenance/coq/V66_RECORD_MIGRATION_052.vos","e3b0c44298fc1c149afbf4c8996fb92427ae41e4649b934ca495991b7852b855"
"experiments/kernel_replay_v66_regression_maintenance/coq/V66_RECORD_MIGRATION_053.glob","bc12cb22bc76b5887b292e1f64328dcbad4c0cd5f02103a359ea7ac3c32d6501"
"experiments/kernel_replay_v66_regression_maintenance/coq/V66_RECORD_MIGRATION_053.v","7ed6922b736002d56e818e1354b0da2947b1aa6053c12f43246a77b4625cbd54"
"experiments/kernel_replay_v66_regression_maintenance/coq/V66_RECORD_MIGRATION_053.vo","8619fe746661eb700ce2c8d7f60fbfa54db8734c16e27cf62eddcff65cbf21ac"
"experiments/kernel_replay_v66_regression_maintenance/coq/V66_RECORD_MIGRATION_053.vok","e3b0c44298fc1c149afbf4c8996fb92427ae41e4649b934ca495991b7852b855"
"experiments/kernel_replay_v66_regression_maintenance/coq/V66_RECORD_MIGRATION_053.vos","e3b0c44298fc1c149afbf4c8996fb92427ae41e4649b934ca495991b7852b855"
"experiments/kernel_replay_v66_regression_maintenance/coq/V66_RECORD_MIGRATION_054.glob","761688ffb86c7c3e0b6898c7784c2364519e4b1a6cbf7a6b3e62ab065fa0eea3"
"experiments/kernel_replay_v66_regression_maintenance/coq/V66_RECORD_MIGRATION_054.v","38a17526d33c2326c85ee4917ffa93d2137b3f14143732b5e438c93963fa9271"
"experiments/kernel_replay_v66_regression_maintenance/coq/V66_RECORD_MIGRATION_054.vo","08e00bfa3da0c7333234673b0a51b52123b45e26bff2f967df853f4d2f019ced"
"experiments/kernel_replay_v66_regression_maintenance/coq/V66_RECORD_MIGRATION_054.vok","e3b0c44298fc1c149afbf4c8996fb92427ae41e4649b934ca495991b7852b855"
"experiments/kernel_replay_v66_regression_maintenance/coq/V66_RECORD_MIGRATION_054.vos","e3b0c44298fc1c149afbf4c8996fb92427ae41e4649b934ca495991b7852b855"
"experiments/kernel_replay_v66_regression_maintenance/coq/V66_RECORD_MIGRATION_055.glob","bda2383179f67f1a8e2ca33490b10c7bc2d87c69ed6c9f554ec176e57b6b2932"
"experiments/kernel_replay_v66_regression_maintenance/coq/V66_RECORD_MIGRATION_055.v","7f5ad9eac1b5e630ea4b2e7bcd2c88ad6423a7670bf3e0fed907e16b89852fa1"
"experiments/kernel_replay_v66_regression_maintenance/coq/V66_RECORD_MIGRATION_055.vo","d9087bc4144bcfd839742688c3d409bffdacd600448791d0add5a52810ccc5d1"
"experiments/kernel_replay_v66_regression_maintenance/coq/V66_RECORD_MIGRATION_055.vok","e3b0c44298fc1c149afbf4c8996fb92427ae41e4649b934ca495991b7852b855"
"experiments/kernel_replay_v66_regression_maintenance/coq/V66_RECORD_MIGRATION_055.vos","e3b0c44298fc1c149afbf4c8996fb92427ae41e4649b934ca495991b7852b855"
"experiments/kernel_replay_v66_regression_maintenance/coq/V66_RECORD_MIGRATION_056.glob","f3a9da1f1896226c50ba3b735f1890090144c27b2edec41c2f34ad50513faa76"
"experiments/kernel_replay_v66_regression_maintenance/coq/V66_RECORD_MIGRATION_056.v","e3f16aab36fea59f0473508c7dc914760b919cc14fff3374cc36b0eaa56e65e7"
"experiments/kernel_replay_v66_regression_maintenance/coq/V66_RECORD_MIGRATION_056.vo","7c5ea7be12ac7b7732aaae71f84ad2cd62a9d809b5a67bfe459d9a30504b9ce8"
"experiments/kernel_replay_v66_regression_maintenance/coq/V66_RECORD_MIGRATION_056.vok","e3b0c44298fc1c149afbf4c8996fb92427ae41e4649b934ca495991b7852b855"
"experiments/kernel_replay_v66_regression_maintenance/coq/V66_RECORD_MIGRATION_056.vos","e3b0c44298fc1c149afbf4c8996fb92427ae41e4649b934ca495991b7852b855"
"experiments/kernel_replay_v66_regression_maintenance/coq/V66_RECORD_MIGRATION_057.glob","0bcb42fbeb8de21dfc059c6c1f0f679830e070435230ed3cb8a0e409395c3824"
"experiments/kernel_replay_v66_regression_maintenance/coq/V66_RECORD_MIGRATION_057.v","a4afbe0c70ac1a03d3c4009a5a4834c552a80b560955084fdcb7edc1bb4667ab"
"experiments/kernel_replay_v66_regression_maintenance/coq/V66_RECORD_MIGRATION_057.vo","b17a4cd9ba81678240c22d04e672e094828bad07e827f19308b26dff8e6c19ba"
"experiments/kernel_replay_v66_regression_maintenance/coq/V66_RECORD_MIGRATION_057.vok","e3b0c44298fc1c149afbf4c8996fb92427ae41e4649b934ca495991b7852b855"
"experiments/kernel_replay_v66_regression_maintenance/coq/V66_RECORD_MIGRATION_057.vos","e3b0c44298fc1c149afbf4c8996fb92427ae41e4649b934ca495991b7852b855"
"experiments/kernel_replay_v66_regression_maintenance/coq/V66_RECORD_MIGRATION_058.glob","1ca4db66bfd0a90fd036a29cc65690bc1e682ac8c149435c0065722738975186"
"experiments/kernel_replay_v66_regression_maintenance/coq/V66_RECORD_MIGRATION_058.v","3a151e89748cd80dc009678eb5057bb2c3c3ecbe4eb5ef5c240fdd1789569757"
"experiments/kernel_replay_v66_regression_maintenance/coq/V66_RECORD_MIGRATION_058.vo","3b6cc637046629e02053cc2204417f0bda6b28871ecf79ba4487f2a9cefeb1c1"
"experiments/kernel_replay_v66_regression_maintenance/coq/V66_RECORD_MIGRATION_058.vok","e3b0c44298fc1c149afbf4c8996fb92427ae41e4649b934ca495991b7852b855"
"experiments/kernel_replay_v66_regression_maintenance/coq/V66_RECORD_MIGRATION_058.vos","e3b0c44298fc1c149afbf4c8996fb92427ae41e4649b934ca495991b7852b855"
"experiments/kernel_replay_v66_regression_maintenance/coq/V66_RECORD_MIGRATION_059.glob","2e0379b9c9e73fbc45eef16452138d1487561edb7c5de4121579cdcb3599643f"
"experiments/kernel_replay_v66_regression_maintenance/coq/V66_RECORD_MIGRATION_059.v","f4b0ab033606052c0c3190731f58a1694a258102bd1c2d5d3e96b614986dd8a8"
"experiments/kernel_replay_v66_regression_maintenance/coq/V66_RECORD_MIGRATION_059.vo","89aea5f60a2a4ccc2dee93b958332bc70b501085af7e3dcaf5b5255972b45e6a"
"experiments/kernel_replay_v66_regression_maintenance/coq/V66_RECORD_MIGRATION_059.vok","e3b0c44298fc1c149afbf4c8996fb92427ae41e4649b934ca495991b7852b855"
"experiments/kernel_replay_v66_regression_maintenance/coq/V66_RECORD_MIGRATION_059.vos","e3b0c44298fc1c149afbf4c8996fb92427ae41e4649b934ca495991b7852b855"
"experiments/kernel_replay_v66_regression_maintenance/coq/V66_RECORD_MIGRATION_060.glob","8db52969a06ac65cc294e0a636be0cff71c8c5209edf27ceb725b2f7e584034e"
"experiments/kernel_replay_v66_regression_maintenance/coq/V66_RECORD_MIGRATION_060.v","492938ae077f7bc4764ef556b2d7371b1409f2bd57a70eaa595bbf06f25dd9f0"
"experiments/kernel_replay_v66_regression_maintenance/coq/V66_RECORD_MIGRATION_060.vo","02725235d4992a19c324f6998c84fae2f89dd90d1e716f9d92463e1f55e67a77"
"experiments/kernel_replay_v66_regression_maintenance/coq/V66_RECORD_MIGRATION_060.vok","e3b0c44298fc1c149afbf4c8996fb92427ae41e4649b934ca495991b7852b855"
"experiments/kernel_replay_v66_regression_maintenance/coq/V66_RECORD_MIGRATION_060.vos","e3b0c44298fc1c149afbf4c8996fb92427ae41e4649b934ca495991b7852b855"
"experiments/kernel_replay_v66_regression_maintenance/coq/V66_TREE_MAINTENANCE_001.glob","013be69c7985287f882ae78d609798cbe3df46e571009f948dce4a1d8711e993"
"experiments/kernel_replay_v66_regression_maintenance/coq/V66_TREE_MAINTENANCE_001.v","fc5c4a62e95f4f253e30f4fa984261af6c838a3dbb71f0666ec6a4f7fbf31388"
"experiments/kernel_replay_v66_regression_maintenance/coq/V66_TREE_MAINTENANCE_001.vo","0b924790536178f46edf5ea4e2521ae9b269b5510f737cad80ae6b57f0f8cb59"
"experiments/kernel_replay_v66_regression_maintenance/coq/V66_TREE_MAINTENANCE_001.vok","e3b0c44298fc1c149afbf4c8996fb92427ae41e4649b934ca495991b7852b855"
"experiments/kernel_replay_v66_regression_maintenance/coq/V66_TREE_MAINTENANCE_001.vos","e3b0c44298fc1c149afbf4c8996fb92427ae41e4649b934ca495991b7852b855"
"experiments/kernel_replay_v66_regression_maintenance/coq/V66_TREE_MAINTENANCE_002.glob","000dee918992742d77ab3161bd8cd3089e0a85298ad75c8f52ca4c2715f70f3a"
"experiments/kernel_replay_v66_regression_maintenance/coq/V66_TREE_MAINTENANCE_002.v","5aa107dbe7d3be34676af954bbe3c79aa89c3c303a014946ecc51e0fd81a41ff"
"experiments/kernel_replay_v66_regression_maintenance/coq/V66_TREE_MAINTENANCE_002.vo","2763ab1fc8f815473587a89e3244894add2b3b288050e736dea65b113607015c"
"experiments/kernel_replay_v66_regression_maintenance/coq/V66_TREE_MAINTENANCE_002.vok","e3b0c44298fc1c149afbf4c8996fb92427ae41e4649b934ca495991b7852b855"
"experiments/kernel_replay_v66_regression_maintenance/coq/V66_TREE_MAINTENANCE_002.vos","e3b0c44298fc1c149afbf4c8996fb92427ae41e4649b934ca495991b7852b855"
"experiments/kernel_replay_v66_regression_maintenance/coq/V66_TREE_MAINTENANCE_003.glob","a606cd077e336030e351a5c3c58aa6891cbfdc0d23b27675e20e8c8ff28985a0"
"experiments/kernel_replay_v66_regression_maintenance/coq/V66_TREE_MAINTENANCE_003.v","350b882ebd10a4e0f3d42d31d5693765079c71bb019f3ecb59e127d5ea39966e"
"experiments/kernel_replay_v66_regression_maintenance/coq/V66_TREE_MAINTENANCE_003.vo","f981af66aa65e99b7566f2cb14dfeebd386eaed08dd431b068839d6ce2009c78"
"experiments/kernel_replay_v66_regression_maintenance/coq/V66_TREE_MAINTENANCE_003.vok","e3b0c44298fc1c149afbf4c8996fb92427ae41e4649b934ca495991b7852b855"
"experiments/kernel_replay_v66_regression_maintenance/coq/V66_TREE_MAINTENANCE_003.vos","e3b0c44298fc1c149afbf4c8996fb92427ae41e4649b934ca495991b7852b855"
"experiments/kernel_replay_v66_regression_maintenance/coq/V66_TREE_MAINTENANCE_004.glob","eaf68af93e5c90613e921bfbdd96817c60a6942ecc96a84793fc91dba24f11b0"
"experiments/kernel_replay_v66_regression_maintenance/coq/V66_TREE_MAINTENANCE_004.v","4a0329c22073768bb5f390e1d1dc0bd3a571b97374708f4d9e8f996114533876"
"experiments/kernel_replay_v66_regression_maintenance/coq/V66_TREE_MAINTENANCE_004.vo","f497ea0f92c0a42ed38dad4c9b88775a297cefbf34faade03ba1280f50f2e59b"
"experiments/kernel_replay_v66_regression_maintenance/coq/V66_TREE_MAINTENANCE_004.vok","e3b0c44298fc1c149afbf4c8996fb92427ae41e4649b934ca495991b7852b855"
"experiments/kernel_replay_v66_regression_maintenance/coq/V66_TREE_MAINTENANCE_004.vos","e3b0c44298fc1c149afbf4c8996fb92427ae41e4649b934ca495991b7852b855"
"experiments/kernel_replay_v66_regression_maintenance/coq/V66_TREE_MAINTENANCE_005.glob","f6d27a9564d30fc573a18baf24096a278d0f1c4bee3798cca1ab9cd6a34d5b17"
"experiments/kernel_replay_v66_regression_maintenance/coq/V66_TREE_MAINTENANCE_005.v","577bc8c605904df0556a3a7e89677daa9743599d27865e7ac2df3b9904cf9def"
"experiments/kernel_replay_v66_regression_maintenance/coq/V66_TREE_MAINTENANCE_005.vo","89a02cb2174474340cb9851e78a150ab68cb200b575c9edba3fe3fbca87b0dd8"
"experiments/kernel_replay_v66_regression_maintenance/coq/V66_TREE_MAINTENANCE_005.vok","e3b0c44298fc1c149afbf4c8996fb92427ae41e4649b934ca495991b7852b855"
"experiments/kernel_replay_v66_regression_maintenance/coq/V66_TREE_MAINTENANCE_005.vos","e3b0c44298fc1c149afbf4c8996fb92427ae41e4649b934ca495991b7852b855"
"experiments/kernel_replay_v66_regression_maintenance/coq/V66_TREE_MAINTENANCE_006.glob","773ba0c141ea20ac556e0e15980932fc42980ea712210e65a0b0d84227d2f87c"
"experiments/kernel_replay_v66_regression_maintenance/coq/V66_TREE_MAINTENANCE_006.v","e90cf894078244c7b91f3770db9abefec75d9fcbf33e72206d690427fae89e3f"
"experiments/kernel_replay_v66_regression_maintenance/coq/V66_TREE_MAINTENANCE_006.vo","a4cedecbd6118750eccd3907528ffd77b11279c85082789addd373974af2b9a2"
"experiments/kernel_replay_v66_regression_maintenance/coq/V66_TREE_MAINTENANCE_006.vok","e3b0c44298fc1c149afbf4c8996fb92427ae41e4649b934ca495991b7852b855"
"experiments/kernel_replay_v66_regression_maintenance/coq/V66_TREE_MAINTENANCE_006.vos","e3b0c44298fc1c149afbf4c8996fb92427ae41e4649b934ca495991b7852b855"
"experiments/kernel_replay_v66_regression_maintenance/coq/V66_TREE_MAINTENANCE_007.glob","98be0c5959a0da5e19dd637cd8f09db46dd3688631f6133918830259cc0e1cfa"
"experiments/kernel_replay_v66_regression_maintenance/coq/V66_TREE_MAINTENANCE_007.v","ddddbd483546b0923617de526b5e92e27662a3d001f53d8d8424b7a5fb1979e9"
"experiments/kernel_replay_v66_regression_maintenance/coq/V66_TREE_MAINTENANCE_007.vo","d4274c9940a744753bdbc49f8fde3838c6c1c6f742311a5b9b3f1928cd7f6e0f"
"experiments/kernel_replay_v66_regression_maintenance/coq/V66_TREE_MAINTENANCE_007.vok","e3b0c44298fc1c149afbf4c8996fb92427ae41e4649b934ca495991b7852b855"
"experiments/kernel_replay_v66_regression_maintenance/coq/V66_TREE_MAINTENANCE_007.vos","e3b0c44298fc1c149afbf4c8996fb92427ae41e4649b934ca495991b7852b855"
"experiments/kernel_replay_v66_regression_maintenance/coq/V66_TREE_MAINTENANCE_008.glob","03bd940b4a94a7b94c4348c131d9f2e6e84221a5a33d990a0366f7a1f2c836de"
"experiments/kernel_replay_v66_regression_maintenance/coq/V66_TREE_MAINTENANCE_008.v","69e3acc4a097bcabba67aefd12062f786694f95e81aceeff90e87ad239b713c4"
"experiments/kernel_replay_v66_regression_maintenance/coq/V66_TREE_MAINTENANCE_008.vo","b069f4862d4e82543e4baca1708fcea151a91cd5913642d1b9d978752fa166c8"
"experiments/kernel_replay_v66_regression_maintenance/coq/V66_TREE_MAINTENANCE_008.vok","e3b0c44298fc1c149afbf4c8996fb92427ae41e4649b934ca495991b7852b855"
"experiments/kernel_replay_v66_regression_maintenance/coq/V66_TREE_MAINTENANCE_008.vos","e3b0c44298fc1c149afbf4c8996fb92427ae41e4649b934ca495991b7852b855"
"experiments/kernel_replay_v66_regression_maintenance/coq/V66_TREE_MAINTENANCE_009.glob","ef3dddcdc8c724912e848fd93ac994aa6550346f4075c75036b39ec761759d55"
"experiments/kernel_replay_v66_regression_maintenance/coq/V66_TREE_MAINTENANCE_009.v","a5f4461b437c3e9567399f87904217d009af036de8cd9bc22457bf8936f07885"
"experiments/kernel_replay_v66_regression_maintenance/coq/V66_TREE_MAINTENANCE_009.vo","c0fe17cc9629254c266080ff8c6d07dc747eeb35c5a0b7609b7ef7ec3c9dae8a"
"experiments/kernel_replay_v66_regression_maintenance/coq/V66_TREE_MAINTENANCE_009.vok","e3b0c44298fc1c149afbf4c8996fb92427ae41e4649b934ca495991b7852b855"
"experiments/kernel_replay_v66_regression_maintenance/coq/V66_TREE_MAINTENANCE_009.vos","e3b0c44298fc1c149afbf4c8996fb92427ae41e4649b934ca495991b7852b855"
"experiments/kernel_replay_v66_regression_maintenance/coq/V66_TREE_MAINTENANCE_010.glob","cae623c2a4116f90168d5378a62c9ebce9e6dcc07a98dcba4101f4dfe84dd790"
"experiments/kernel_replay_v66_regression_maintenance/coq/V66_TREE_MAINTENANCE_010.v","17dbea0d67ce02da07812840d362ff38db0e2877f7f4defc3c32e7bbbf8dc30c"
"experiments/kernel_replay_v66_regression_maintenance/coq/V66_TREE_MAINTENANCE_010.vo","1b4d50c6f604df36717db0e23cbdabc4ed11f8056df469617ca32a5756ad83cb"
"experiments/kernel_replay_v66_regression_maintenance/coq/V66_TREE_MAINTENANCE_010.vok","e3b0c44298fc1c149afbf4c8996fb92427ae41e4649b934ca495991b7852b855"
"experiments/kernel_replay_v66_regression_maintenance/coq/V66_TREE_MAINTENANCE_010.vos","e3b0c44298fc1c149afbf4c8996fb92427ae41e4649b934ca495991b7852b855"
"experiments/kernel_replay_v66_regression_maintenance/coq/V66_TREE_MAINTENANCE_011.glob","3bb619fe86804a7bdbf3d45f2af7908d1ecf82f3f0ab63544a5edfa74b2c95ab"
"experiments/kernel_replay_v66_regression_maintenance/coq/V66_TREE_MAINTENANCE_011.v","378e2615beba2ea51d07c88d585e72212ef8e03217fe06561aaf57c241b4010f"
"experiments/kernel_replay_v66_regression_maintenance/coq/V66_TREE_MAINTENANCE_011.vo","1acc873570c66adaea28c955c5426e0a51ef9f845e3e3e1c0637b0c30c98e4c4"
"experiments/kernel_replay_v66_regression_maintenance/coq/V66_TREE_MAINTENANCE_011.vok","e3b0c44298fc1c149afbf4c8996fb92427ae41e4649b934ca495991b7852b855"
"experiments/kernel_replay_v66_regression_maintenance/coq/V66_TREE_MAINTENANCE_011.vos","e3b0c44298fc1c149afbf4c8996fb92427ae41e4649b934ca495991b7852b855"
"experiments/kernel_replay_v66_regression_maintenance/coq/V66_TREE_MAINTENANCE_012.glob","6e37e968be6c12bd7f98f1b010933060ba22b773b91653886eb727f10953e9f6"
"experiments/kernel_replay_v66_regression_maintenance/coq/V66_TREE_MAINTENANCE_012.v","6b87ff550e85931c42394241bba043d3a6bcf7d8f2da89e595b5d95cf1ef157e"
"experiments/kernel_replay_v66_regression_maintenance/coq/V66_TREE_MAINTENANCE_012.vo","a4156f6c41d75a7c84ab45593a68af47705d292af6e3ed2db790dac08d0e2b67"
"experiments/kernel_replay_v66_regression_maintenance/coq/V66_TREE_MAINTENANCE_012.vok","e3b0c44298fc1c149afbf4c8996fb92427ae41e4649b934ca495991b7852b855"
"experiments/kernel_replay_v66_regression_maintenance/coq/V66_TREE_MAINTENANCE_012.vos","e3b0c44298fc1c149afbf4c8996fb92427ae41e4649b934ca495991b7852b855"
"experiments/kernel_replay_v66_regression_maintenance/coq/V66_TREE_MAINTENANCE_013.glob","11eae8bf5a0e377c25886f04d179a88a17520476999a4ffb2c0c52c3d5e02348"
"experiments/kernel_replay_v66_regression_maintenance/coq/V66_TREE_MAINTENANCE_013.v","87993360ea4d3c131d06f4b3f8fec2a6cc47251dfcd1485e12751b0f782211bc"
"experiments/kernel_replay_v66_regression_maintenance/coq/V66_TREE_MAINTENANCE_013.vo","1d318e9e60a321597fa5ff08d02037f48ac18ad6b44f91862098c1160c784e8b"
"experiments/kernel_replay_v66_regression_maintenance/coq/V66_TREE_MAINTENANCE_013.vok","e3b0c44298fc1c149afbf4c8996fb92427ae41e4649b934ca495991b7852b855"
"experiments/kernel_replay_v66_regression_maintenance/coq/V66_TREE_MAINTENANCE_013.vos","e3b0c44298fc1c149afbf4c8996fb92427ae41e4649b934ca495991b7852b855"
"experiments/kernel_replay_v66_regression_maintenance/coq/V66_TREE_MAINTENANCE_014.glob","7325b9f0ea2ab4a4bddc0d5e6711bbcb293222b82b8c8a445f23d977428dca54"
"experiments/kernel_replay_v66_regression_maintenance/coq/V66_TREE_MAINTENANCE_014.v","622372e90862804245331dbc1ecf77e88e83bc737c093edfc162b0b90c744759"
"experiments/kernel_replay_v66_regression_maintenance/coq/V66_TREE_MAINTENANCE_014.vo","66a333dfbb66282a77895cb8a7ae46d87f7527d7084c6e3e2eb038106e2d7f1a"
"experiments/kernel_replay_v66_regression_maintenance/coq/V66_TREE_MAINTENANCE_014.vok","e3b0c44298fc1c149afbf4c8996fb92427ae41e4649b934ca495991b7852b855"
"experiments/kernel_replay_v66_regression_maintenance/coq/V66_TREE_MAINTENANCE_014.vos","e3b0c44298fc1c149afbf4c8996fb92427ae41e4649b934ca495991b7852b855"
"experiments/kernel_replay_v66_regression_maintenance/coq/V66_TREE_MAINTENANCE_015.glob","b5f1af92123530800ccdf987b57c892136893ef02e1343d1e03600f4c272e323"
"experiments/kernel_replay_v66_regression_maintenance/coq/V66_TREE_MAINTENANCE_015.v","950971af10afb9a36b8cca4e04150c575f6ef0ed6c5d80840d99d3f53e558191"
"experiments/kernel_replay_v66_regression_maintenance/coq/V66_TREE_MAINTENANCE_015.vo","7659bab1a169ea385e441a4fa8a3214fc54065d6fd6d8e33208fa98fb4226b2e"
"experiments/kernel_replay_v66_regression_maintenance/coq/V66_TREE_MAINTENANCE_015.vok","e3b0c44298fc1c149afbf4c8996fb92427ae41e4649b934ca495991b7852b855"
"experiments/kernel_replay_v66_regression_maintenance/coq/V66_TREE_MAINTENANCE_015.vos","e3b0c44298fc1c149afbf4c8996fb92427ae41e4649b934ca495991b7852b855"
"experiments/kernel_replay_v66_regression_maintenance/coq/V66_TREE_MAINTENANCE_016.glob","fcbf720be5ca8217c0c08165b633bc4f4c8565ded694f834d3067c1645580e27"
"experiments/kernel_replay_v66_regression_maintenance/coq/V66_TREE_MAINTENANCE_016.v","377622891c9eee3f93e184223e7263f55cd31aeca10385f54d1d7e403b293afb"
"experiments/kernel_replay_v66_regression_maintenance/coq/V66_TREE_MAINTENANCE_016.vo","fbf58cd83c77953284083a5dd6b53125c7285516f748b7ab9bf25d4b71b0b372"
"experiments/kernel_replay_v66_regression_maintenance/coq/V66_TREE_MAINTENANCE_016.vok","e3b0c44298fc1c149afbf4c8996fb92427ae41e4649b934ca495991b7852b855"
"experiments/kernel_replay_v66_regression_maintenance/coq/V66_TREE_MAINTENANCE_016.vos","e3b0c44298fc1c149afbf4c8996fb92427ae41e4649b934ca495991b7852b855"
"experiments/kernel_replay_v66_regression_maintenance/coq/V66_TREE_MAINTENANCE_017.glob","2f3e62fd261748f98ea1a983c603de81d861fd6c9d69f539c9c5ef4b1f2f2b27"
"experiments/kernel_replay_v66_regression_maintenance/coq/V66_TREE_MAINTENANCE_017.v","fdece9a543d5ab26b13148c8c7189c9c5ee2e46933d519547e62466ce6ad9029"
"experiments/kernel_replay_v66_regression_maintenance/coq/V66_TREE_MAINTENANCE_017.vo","53a9f8c9a5be7605841e5826aed2a13a3463ceb2a603aa76171929859d118856"
"experiments/kernel_replay_v66_regression_maintenance/coq/V66_TREE_MAINTENANCE_017.vok","e3b0c44298fc1c149afbf4c8996fb92427ae41e4649b934ca495991b7852b855"
"experiments/kernel_replay_v66_regression_maintenance/coq/V66_TREE_MAINTENANCE_017.vos","e3b0c44298fc1c149afbf4c8996fb92427ae41e4649b934ca495991b7852b855"
"experiments/kernel_replay_v66_regression_maintenance/coq/V66_TREE_MAINTENANCE_018.glob","23501258ae1ea72b52c25973640033b66ce3f897f1ddd675f40a1c0651b21b4b"
"experiments/kernel_replay_v66_regression_maintenance/coq/V66_TREE_MAINTENANCE_018.v","99ad10c560baf19e29680925641b7d50d8eb4ef46feec7ee65be9f40c6ee05e3"
"experiments/kernel_replay_v66_regression_maintenance/coq/V66_TREE_MAINTENANCE_018.vo","6982af8025d6a790e1890dda5a8b507499a697ffe29c06e7b3d9610b658bbdd6"
"experiments/kernel_replay_v66_regression_maintenance/coq/V66_TREE_MAINTENANCE_018.vok","e3b0c44298fc1c149afbf4c8996fb92427ae41e4649b934ca495991b7852b855"
"experiments/kernel_replay_v66_regression_maintenance/coq/V66_TREE_MAINTENANCE_018.vos","e3b0c44298fc1c149afbf4c8996fb92427ae41e4649b934ca495991b7852b855"
"experiments/kernel_replay_v66_regression_maintenance/coq/V66_TREE_MAINTENANCE_019.glob","57624a1b5ff748202a2e1af5cffc76abd81f7fa9ca007c06ac309827c0f9fdb3"
"experiments/kernel_replay_v66_regression_maintenance/coq/V66_TREE_MAINTENANCE_019.v","9525cabb1fbca2a194d19850422bb17c172f68db5d6e3b6b01650041f8fe54f7"
"experiments/kernel_replay_v66_regression_maintenance/coq/V66_TREE_MAINTENANCE_019.vo","71fc3ee747b71cb008b7d8224d708d395bd7d804cc0797434a2254535353c34d"
"experiments/kernel_replay_v66_regression_maintenance/coq/V66_TREE_MAINTENANCE_019.vok","e3b0c44298fc1c149afbf4c8996fb92427ae41e4649b934ca495991b7852b855"
"experiments/kernel_replay_v66_regression_maintenance/coq/V66_TREE_MAINTENANCE_019.vos","e3b0c44298fc1c149afbf4c8996fb92427ae41e4649b934ca495991b7852b855"
"experiments/kernel_replay_v66_regression_maintenance/coq/V66_TREE_MAINTENANCE_020.glob","fbec0c69eca75520f899ed3e9e03d6bfdce45f8d02710fd3f354ad55a49ab43b"
"experiments/kernel_replay_v66_regression_maintenance/coq/V66_TREE_MAINTENANCE_020.v","87d823c9148ac444709c0e8f7dde292ea2678a830a3ca263706f5be289214fe2"
"experiments/kernel_replay_v66_regression_maintenance/coq/V66_TREE_MAINTENANCE_020.vo","f31f8a9af5e792b7ba29e298a852fed1228183a0844010e84613e28f904fd3b2"
"experiments/kernel_replay_v66_regression_maintenance/coq/V66_TREE_MAINTENANCE_020.vok","e3b0c44298fc1c149afbf4c8996fb92427ae41e4649b934ca495991b7852b855"
"experiments/kernel_replay_v66_regression_maintenance/coq/V66_TREE_MAINTENANCE_020.vos","e3b0c44298fc1c149afbf4c8996fb92427ae41e4649b934ca495991b7852b855"
"experiments/kernel_replay_v66_regression_maintenance/coq/V66_TREE_MAINTENANCE_021.glob","3fa1c6fee9b59d54337c548122257828f36210fa121ba9c35caa274cda828898"
"experiments/kernel_replay_v66_regression_maintenance/coq/V66_TREE_MAINTENANCE_021.v","140e81c1fc0100199902eacd8c4c1c2e5f3a80aead6122eb552b89f366a8104e"
"experiments/kernel_replay_v66_regression_maintenance/coq/V66_TREE_MAINTENANCE_021.vo","cc01d12df4bfcb91ecf7befadb5ebf6f762f2a2196efe2e0e73dffbf30c37e33"
"experiments/kernel_replay_v66_regression_maintenance/coq/V66_TREE_MAINTENANCE_021.vok","e3b0c44298fc1c149afbf4c8996fb92427ae41e4649b934ca495991b7852b855"
"experiments/kernel_replay_v66_regression_maintenance/coq/V66_TREE_MAINTENANCE_021.vos","e3b0c44298fc1c149afbf4c8996fb92427ae41e4649b934ca495991b7852b855"
"experiments/kernel_replay_v66_regression_maintenance/coq/V66_TREE_MAINTENANCE_022.glob","7aa953955b50e4760a7811e503c87ae5d8b8e7ccdc307f3a1416976a04f93cf5"
"experiments/kernel_replay_v66_regression_maintenance/coq/V66_TREE_MAINTENANCE_022.v","813d134a4a4f394b610ffc292982d50b56b0b7a7dc1bbc2d307965688d2a994c"
"experiments/kernel_replay_v66_regression_maintenance/coq/V66_TREE_MAINTENANCE_022.vo","9bd209e8589a1d7d6ad60387a984d9ae3c3bdf97becb47c1fbb548392ffa6bb8"
"experiments/kernel_replay_v66_regression_maintenance/coq/V66_TREE_MAINTENANCE_022.vok","e3b0c44298fc1c149afbf4c8996fb92427ae41e4649b934ca495991b7852b855"
"experiments/kernel_replay_v66_regression_maintenance/coq/V66_TREE_MAINTENANCE_022.vos","e3b0c44298fc1c149afbf4c8996fb92427ae41e4649b934ca495991b7852b855"
"experiments/kernel_replay_v66_regression_maintenance/coq/V66_TREE_MAINTENANCE_023.glob","fc985041ec8d128341bdadeaba5e6d223186b460365bdca5289c54cf4932372b"
"experiments/kernel_replay_v66_regression_maintenance/coq/V66_TREE_MAINTENANCE_023.v","91993df4cf345b37fd0edfec3e74b8fbed25a0003f950145a7f91c15ef4baaed"
"experiments/kernel_replay_v66_regression_maintenance/coq/V66_TREE_MAINTENANCE_023.vo","db587a58f50ec45accaaf990dc6d25da7cc24dfa4dd785e141d7b91dbeab8159"
"experiments/kernel_replay_v66_regression_maintenance/coq/V66_TREE_MAINTENANCE_023.vok","e3b0c44298fc1c149afbf4c8996fb92427ae41e4649b934ca495991b7852b855"
"experiments/kernel_replay_v66_regression_maintenance/coq/V66_TREE_MAINTENANCE_023.vos","e3b0c44298fc1c149afbf4c8996fb92427ae41e4649b934ca495991b7852b855"
"experiments/kernel_replay_v66_regression_maintenance/coq/V66_TREE_MAINTENANCE_024.glob","8182da45e80a38a9e9bf235535760b981e8fd6d499f3b0ecdd723d02d0ecd762"
"experiments/kernel_replay_v66_regression_maintenance/coq/V66_TREE_MAINTENANCE_024.v","b69c63966de4d0c18126951cd2061a2a13e0389d26769a96b5e233b7225809fa"
"experiments/kernel_replay_v66_regression_maintenance/coq/V66_TREE_MAINTENANCE_024.vo","da20e4f82734b18c7b975e028dda1de50d1fd90f3b93280692e40d7116f9f3cc"
"experiments/kernel_replay_v66_regression_maintenance/coq/V66_TREE_MAINTENANCE_024.vok","e3b0c44298fc1c149afbf4c8996fb92427ae41e4649b934ca495991b7852b855"
"experiments/kernel_replay_v66_regression_maintenance/coq/V66_TREE_MAINTENANCE_024.vos","e3b0c44298fc1c149afbf4c8996fb92427ae41e4649b934ca495991b7852b855"
"experiments/kernel_replay_v66_regression_maintenance/coq/V66_TREE_MAINTENANCE_025.glob","6c1fda5e2cf9b6afc45f7972ca4bdf060290e6d4041a706ff813eb8e7db24e7a"
"experiments/kernel_replay_v66_regression_maintenance/coq/V66_TREE_MAINTENANCE_025.v","0f8e9cfa6b86e65140ec0f371df6098514c251f89e9234a69430972ea56426a5"
"experiments/kernel_replay_v66_regression_maintenance/coq/V66_TREE_MAINTENANCE_025.vo","69a494b4b5c54bc6e3d222c700586ad4284afcb9661265e722298ea3ca0830f4"
"experiments/kernel_replay_v66_regression_maintenance/coq/V66_TREE_MAINTENANCE_025.vok","e3b0c44298fc1c149afbf4c8996fb92427ae41e4649b934ca495991b7852b855"
"experiments/kernel_replay_v66_regression_maintenance/coq/V66_TREE_MAINTENANCE_025.vos","e3b0c44298fc1c149afbf4c8996fb92427ae41e4649b934ca495991b7852b855"
"experiments/kernel_replay_v66_regression_maintenance/coq/V66_TREE_MAINTENANCE_026.glob","9cf2f3f3802ccc9e6a0e46025b4061b0ef426d0780bc1c9358677ad99a8d32ef"
"experiments/kernel_replay_v66_regression_maintenance/coq/V66_TREE_MAINTENANCE_026.v","f8926587f5e2aaf43de123f6365a70701897009557abe996f1ce2e3088748313"
"experiments/kernel_replay_v66_regression_maintenance/coq/V66_TREE_MAINTENANCE_026.vo","3884975b04ca9ccdc7e296e56e35ef168b791a024b0494f2e28ca8f5694e1ac3"
"experiments/kernel_replay_v66_regression_maintenance/coq/V66_TREE_MAINTENANCE_026.vok","e3b0c44298fc1c149afbf4c8996fb92427ae41e4649b934ca495991b7852b855"
"experiments/kernel_replay_v66_regression_maintenance/coq/V66_TREE_MAINTENANCE_026.vos","e3b0c44298fc1c149afbf4c8996fb92427ae41e4649b934ca495991b7852b855"
"experiments/kernel_replay_v66_regression_maintenance/coq/V66_TREE_MAINTENANCE_027.glob","4d3aa31cd6f64b8a684825613152b87f9bd1e4e73b016cba5676077f79416e6f"
"experiments/kernel_replay_v66_regression_maintenance/coq/V66_TREE_MAINTENANCE_027.v","9253b77b8eecaa9faed58a8be98f3a93a9cfea7054a8d666ee1729bad07d426d"
"experiments/kernel_replay_v66_regression_maintenance/coq/V66_TREE_MAINTENANCE_027.vo","03d12715a40c8c9a158be98570e02d902d7f8465c993ec00b07e560ab0d31a8f"
"experiments/kernel_replay_v66_regression_maintenance/coq/V66_TREE_MAINTENANCE_027.vok","e3b0c44298fc1c149afbf4c8996fb92427ae41e4649b934ca495991b7852b855"
"experiments/kernel_replay_v66_regression_maintenance/coq/V66_TREE_MAINTENANCE_027.vos","e3b0c44298fc1c149afbf4c8996fb92427ae41e4649b934ca495991b7852b855"
"experiments/kernel_replay_v66_regression_maintenance/coq/V66_TREE_MAINTENANCE_028.glob","2303c4596e0ff745d8720931ca39c51d499beba8dc25fc0282649620ee3c5da8"
"experiments/kernel_replay_v66_regression_maintenance/coq/V66_TREE_MAINTENANCE_028.v","f71172c0f1cccfae1b709d3dcb57c349815f3c9bb018988372289050bd9e9f03"
"experiments/kernel_replay_v66_regression_maintenance/coq/V66_TREE_MAINTENANCE_028.vo","1a60308ea674c743fb65d75724ef8516ac645ecfeaf5bf7e9d3da37936157570"
"experiments/kernel_replay_v66_regression_maintenance/coq/V66_TREE_MAINTENANCE_028.vok","e3b0c44298fc1c149afbf4c8996fb92427ae41e4649b934ca495991b7852b855"
"experiments/kernel_replay_v66_regression_maintenance/coq/V66_TREE_MAINTENANCE_028.vos","e3b0c44298fc1c149afbf4c8996fb92427ae41e4649b934ca495991b7852b855"
"experiments/kernel_replay_v66_regression_maintenance/coq/V66_TREE_MAINTENANCE_029.glob","b4a91f9340e11b8968a13ab750091fd69ff5ab5352da7a4840c71e3daed0997b"
"experiments/kernel_replay_v66_regression_maintenance/coq/V66_TREE_MAINTENANCE_029.v","f0b0ea18c5b9bae831b103cb42647ce2961e41e9615d7ed78da72eb8be802e36"
"experiments/kernel_replay_v66_regression_maintenance/coq/V66_TREE_MAINTENANCE_029.vo","7b59b076acaeee70d058cd0a89a7312f010dd797bff37adef3b7e0e196e5cae0"
"experiments/kernel_replay_v66_regression_maintenance/coq/V66_TREE_MAINTENANCE_029.vok","e3b0c44298fc1c149afbf4c8996fb92427ae41e4649b934ca495991b7852b855"
"experiments/kernel_replay_v66_regression_maintenance/coq/V66_TREE_MAINTENANCE_029.vos","e3b0c44298fc1c149afbf4c8996fb92427ae41e4649b934ca495991b7852b855"
"experiments/kernel_replay_v66_regression_maintenance/coq/V66_TREE_MAINTENANCE_030.glob","806e15abedd0015a478a08beb5fc5f27dd2d4cf777bdbd16885d7c0a6347e623"
"experiments/kernel_replay_v66_regression_maintenance/coq/V66_TREE_MAINTENANCE_030.v","ff66aedebea35ecf893207b636a8062d2fd3b878bc94186592a62fc68dcb6bb7"
"experiments/kernel_replay_v66_regression_maintenance/coq/V66_TREE_MAINTENANCE_030.vo","a117e46f409dfef8817873862aefe7f566ffb64f27cda39e0fa64ac0316d41af"
"experiments/kernel_replay_v66_regression_maintenance/coq/V66_TREE_MAINTENANCE_030.vok","e3b0c44298fc1c149afbf4c8996fb92427ae41e4649b934ca495991b7852b855"
"experiments/kernel_replay_v66_regression_maintenance/coq/V66_TREE_MAINTENANCE_030.vos","e3b0c44298fc1c149afbf4c8996fb92427ae41e4649b934ca495991b7852b855"
"experiments/kernel_replay_v66_regression_maintenance/coq/V66_TREE_MAINTENANCE_031.glob","b96d40e7cc73407cbd768c2fd4fca66837c8dc810ba5db0d173a51a085537a9a"
"experiments/kernel_replay_v66_regression_maintenance/coq/V66_TREE_MAINTENANCE_031.v","7229891799453e1c1143341ffc6b50332f27e5065c174b200db88c0f3b29f07a"
"experiments/kernel_replay_v66_regression_maintenance/coq/V66_TREE_MAINTENANCE_031.vo","dab9b61c9e79842a8441bd2552a53eea22be499fa500ada27b0d3a88a5969d5f"
"experiments/kernel_replay_v66_regression_maintenance/coq/V66_TREE_MAINTENANCE_031.vok","e3b0c44298fc1c149afbf4c8996fb92427ae41e4649b934ca495991b7852b855"
"experiments/kernel_replay_v66_regression_maintenance/coq/V66_TREE_MAINTENANCE_031.vos","e3b0c44298fc1c149afbf4c8996fb92427ae41e4649b934ca495991b7852b855"
"experiments/kernel_replay_v66_regression_maintenance/coq/V66_TREE_MAINTENANCE_032.glob","b600f7a9ec261026838b258625cea7fedda68ec26e41d5c19944480eb540bb7b"
"experiments/kernel_replay_v66_regression_maintenance/coq/V66_TREE_MAINTENANCE_032.v","112b5c70337f73fa7a1a3cebc277c6def92ab7d7270d7c2d15c901cabd025b6e"
"experiments/kernel_replay_v66_regression_maintenance/coq/V66_TREE_MAINTENANCE_032.vo","d4c4ce0f6a93c8bdf8c7d690d9638b1ccfab656a5d8094852ad176ff8d8b78bb"
"experiments/kernel_replay_v66_regression_maintenance/coq/V66_TREE_MAINTENANCE_032.vok","e3b0c44298fc1c149afbf4c8996fb92427ae41e4649b934ca495991b7852b855"
"experiments/kernel_replay_v66_regression_maintenance/coq/V66_TREE_MAINTENANCE_032.vos","e3b0c44298fc1c149afbf4c8996fb92427ae41e4649b934ca495991b7852b855"
"experiments/kernel_replay_v66_regression_maintenance/coq/V66_TREE_MAINTENANCE_033.glob","e6777d76c6445e20c83bc373b175f95e68bb93924e9a740a28b1c48331913078"
"experiments/kernel_replay_v66_regression_maintenance/coq/V66_TREE_MAINTENANCE_033.v","a8cf96d6ae99fd675962e39d74c60c537b3bddd6677d9940f0b8db2dbedcb49b"
"experiments/kernel_replay_v66_regression_maintenance/coq/V66_TREE_MAINTENANCE_033.vo","6148d5ead92fc9c30bc8c4d7d8caebd39e78f81c05e7646eb46653b0269c255b"
"experiments/kernel_replay_v66_regression_maintenance/coq/V66_TREE_MAINTENANCE_033.vok","e3b0c44298fc1c149afbf4c8996fb92427ae41e4649b934ca495991b7852b855"
"experiments/kernel_replay_v66_regression_maintenance/coq/V66_TREE_MAINTENANCE_033.vos","e3b0c44298fc1c149afbf4c8996fb92427ae41e4649b934ca495991b7852b855"
"experiments/kernel_replay_v66_regression_maintenance/coq/V66_TREE_MAINTENANCE_034.glob","43f1b5370eefcedb4fd3328475bab6a2daa7032a28debe66fcad04261f6ea0cb"
"experiments/kernel_replay_v66_regression_maintenance/coq/V66_TREE_MAINTENANCE_034.v","747d1a18bf9f50c98ba15bbd642df9e394d18754b343285dea3b9cc205a75180"
"experiments/kernel_replay_v66_regression_maintenance/coq/V66_TREE_MAINTENANCE_034.vo","e67b0b4129af5bd94afe4a53648222574c971772704977d7a07b264cab734bcc"
"experiments/kernel_replay_v66_regression_maintenance/coq/V66_TREE_MAINTENANCE_034.vok","e3b0c44298fc1c149afbf4c8996fb92427ae41e4649b934ca495991b7852b855"
"experiments/kernel_replay_v66_regression_maintenance/coq/V66_TREE_MAINTENANCE_034.vos","e3b0c44298fc1c149afbf4c8996fb92427ae41e4649b934ca495991b7852b855"
"experiments/kernel_replay_v66_regression_maintenance/coq/V66_TREE_MAINTENANCE_035.glob","77c6068cf194150a7a049310403c554dc63015c752b612738811a6cf844a205e"
"experiments/kernel_replay_v66_regression_maintenance/coq/V66_TREE_MAINTENANCE_035.v","1b1e84ba61ab5dd35d10a947ede61abf6d901bce5059041301699bbaf87cdc99"
"experiments/kernel_replay_v66_regression_maintenance/coq/V66_TREE_MAINTENANCE_035.vo","40b0b8c86bb4f052cf2640943e05b0a69d3bcc9dca7798a8846e81fae29e97e7"
"experiments/kernel_replay_v66_regression_maintenance/coq/V66_TREE_MAINTENANCE_035.vok","e3b0c44298fc1c149afbf4c8996fb92427ae41e4649b934ca495991b7852b855"
"experiments/kernel_replay_v66_regression_maintenance/coq/V66_TREE_MAINTENANCE_035.vos","e3b0c44298fc1c149afbf4c8996fb92427ae41e4649b934ca495991b7852b855"
"experiments/kernel_replay_v66_regression_maintenance/coq/V66_TREE_MAINTENANCE_036.glob","44761b25f03727d3860f9b1d89991f16dcb7d5436894406e6ad125161602b05d"
"experiments/kernel_replay_v66_regression_maintenance/coq/V66_TREE_MAINTENANCE_036.v","ea2b58bd7bd7ac69a7df6cad114acb361549b65199013b16b6cecef09ad25509"
"experiments/kernel_replay_v66_regression_maintenance/coq/V66_TREE_MAINTENANCE_036.vo","ec9916005975ade66a877f45360e82b216d2e1d7d2e62b22f323402cc4ed17c3"
"experiments/kernel_replay_v66_regression_maintenance/coq/V66_TREE_MAINTENANCE_036.vok","e3b0c44298fc1c149afbf4c8996fb92427ae41e4649b934ca495991b7852b855"
"experiments/kernel_replay_v66_regression_maintenance/coq/V66_TREE_MAINTENANCE_036.vos","e3b0c44298fc1c149afbf4c8996fb92427ae41e4649b934ca495991b7852b855"
"experiments/kernel_replay_v66_regression_maintenance/coq/V66_TREE_MAINTENANCE_037.glob","862570b4b119e78942778cf5c84e68010f0743db5b73c0f0582ed2880ba18b68"
"experiments/kernel_replay_v66_regression_maintenance/coq/V66_TREE_MAINTENANCE_037.v","34e6f5ed73332e408b916cd02e386dfc5913e8b655d6569f3ae45b681e62ae78"
"experiments/kernel_replay_v66_regression_maintenance/coq/V66_TREE_MAINTENANCE_037.vo","31a9cabf720f8a58705c2a8ba59b73e8036cce5e98490b5cedcabf40f044ee6b"
"experiments/kernel_replay_v66_regression_maintenance/coq/V66_TREE_MAINTENANCE_037.vok","e3b0c44298fc1c149afbf4c8996fb92427ae41e4649b934ca495991b7852b855"
"experiments/kernel_replay_v66_regression_maintenance/coq/V66_TREE_MAINTENANCE_037.vos","e3b0c44298fc1c149afbf4c8996fb92427ae41e4649b934ca495991b7852b855"
"experiments/kernel_replay_v66_regression_maintenance/coq/V66_TREE_MAINTENANCE_038.glob","6e5a95c3629c0b0a4d052d9daed44d04dafa120079e9b10e898da60839cada91"
"experiments/kernel_replay_v66_regression_maintenance/coq/V66_TREE_MAINTENANCE_038.v","258ca38e23b4b721570a9d42cc651fec87b1c916425eb41a990fd4a02b5448b7"
"experiments/kernel_replay_v66_regression_maintenance/coq/V66_TREE_MAINTENANCE_038.vo","bcf4213e982ba8827e3cd0ed8b2d1ae78a509a94f7d94cb95e86f9eb3ef3c23e"
"experiments/kernel_replay_v66_regression_maintenance/coq/V66_TREE_MAINTENANCE_038.vok","e3b0c44298fc1c149afbf4c8996fb92427ae41e4649b934ca495991b7852b855"
"experiments/kernel_replay_v66_regression_maintenance/coq/V66_TREE_MAINTENANCE_038.vos","e3b0c44298fc1c149afbf4c8996fb92427ae41e4649b934ca495991b7852b855"
"experiments/kernel_replay_v66_regression_maintenance/coq/V66_TREE_MAINTENANCE_039.glob","c147d16e712bc953b4791d63e76829feb780c8f0046d70dc81bbdeff1f819e27"
"experiments/kernel_replay_v66_regression_maintenance/coq/V66_TREE_MAINTENANCE_039.v","a6c0491cb1f6ce3622aa1d31680b3ae79e5a52a490dba3d55294f3a656f62eed"
"experiments/kernel_replay_v66_regression_maintenance/coq/V66_TREE_MAINTENANCE_039.vo","a47c037e620a71f13336ef624cc50c2c201210c79d6a317637493cebd8c900b1"
"experiments/kernel_replay_v66_regression_maintenance/coq/V66_TREE_MAINTENANCE_039.vok","e3b0c44298fc1c149afbf4c8996fb92427ae41e4649b934ca495991b7852b855"
"experiments/kernel_replay_v66_regression_maintenance/coq/V66_TREE_MAINTENANCE_039.vos","e3b0c44298fc1c149afbf4c8996fb92427ae41e4649b934ca495991b7852b855"
"experiments/kernel_replay_v66_regression_maintenance/coq/V66_TREE_MAINTENANCE_040.glob","e723494cc17a0be3a79f27e16b85721399d1fb25ffac1d07c900c56fee6b0153"
"experiments/kernel_replay_v66_regression_maintenance/coq/V66_TREE_MAINTENANCE_040.v","f1d247e69d4133e135a5bdc0f9dc9001454d24bb08c9751d759cf58d4e4259a9"
"experiments/kernel_replay_v66_regression_maintenance/coq/V66_TREE_MAINTENANCE_040.vo","28635f6f943c14701e9aa23a22e3fcef6736ac2b19a67d47ce5ddc2946243697"
"experiments/kernel_replay_v66_regression_maintenance/coq/V66_TREE_MAINTENANCE_040.vok","e3b0c44298fc1c149afbf4c8996fb92427ae41e4649b934ca495991b7852b855"
"experiments/kernel_replay_v66_regression_maintenance/coq/V66_TREE_MAINTENANCE_040.vos","e3b0c44298fc1c149afbf4c8996fb92427ae41e4649b934ca495991b7852b855"
"experiments/kernel_replay_v66_regression_maintenance/coq/V66_TREE_MAINTENANCE_041.glob","7bb4c8eb06c1b521a4db40bb3016b0666bf2a23b3f9d0560ad3f09ce70928251"
"experiments/kernel_replay_v66_regression_maintenance/coq/V66_TREE_MAINTENANCE_041.v","43cdc695b375bcb913af3818f917aa9ba1cd2f3679409d8ca8a086f4f8b735e6"
"experiments/kernel_replay_v66_regression_maintenance/coq/V66_TREE_MAINTENANCE_041.vo","b5473ac0c2fe8ebdfbdd6f41f76b299c3001597bb88505ea3ca1fdf91d1f6501"
"experiments/kernel_replay_v66_regression_maintenance/coq/V66_TREE_MAINTENANCE_041.vok","e3b0c44298fc1c149afbf4c8996fb92427ae41e4649b934ca495991b7852b855"
"experiments/kernel_replay_v66_regression_maintenance/coq/V66_TREE_MAINTENANCE_041.vos","e3b0c44298fc1c149afbf4c8996fb92427ae41e4649b934ca495991b7852b855"
"experiments/kernel_replay_v66_regression_maintenance/coq/V66_TREE_MAINTENANCE_042.glob","7940d158cd1425fd3214d521e65af491e746ad7f72d83d488a260b0c55f64d60"
"experiments/kernel_replay_v66_regression_maintenance/coq/V66_TREE_MAINTENANCE_042.v","9dbe4fdee57bed5df778b5cbe8d71e3d609ac4b01a1c94b07de6d96612c1a596"
"experiments/kernel_replay_v66_regression_maintenance/coq/V66_TREE_MAINTENANCE_042.vo","5de2aea32672065d8a87661ee8e4300ed7eb3f28e14c46d34ed355c2bed5c67c"
"experiments/kernel_replay_v66_regression_maintenance/coq/V66_TREE_MAINTENANCE_042.vok","e3b0c44298fc1c149afbf4c8996fb92427ae41e4649b934ca495991b7852b855"
"experiments/kernel_replay_v66_regression_maintenance/coq/V66_TREE_MAINTENANCE_042.vos","e3b0c44298fc1c149afbf4c8996fb92427ae41e4649b934ca495991b7852b855"
"experiments/kernel_replay_v66_regression_maintenance/coq/V66_TREE_MAINTENANCE_043.glob","3e8f7c34a83cb7d5b291ff624ccbf96c7f6841c13fe89021b20def0cc42da625"
"experiments/kernel_replay_v66_regression_maintenance/coq/V66_TREE_MAINTENANCE_043.v","8c01f708dfa38fc1bf5ec51b0343fc7d14413d1806ccb2cc3bc7632ee5289239"
"experiments/kernel_replay_v66_regression_maintenance/coq/V66_TREE_MAINTENANCE_043.vo","98c67f181894e9b0e826ddcc8ed17fa6ce38a558fcc806d3b32f071da7d5faa5"
"experiments/kernel_replay_v66_regression_maintenance/coq/V66_TREE_MAINTENANCE_043.vok","e3b0c44298fc1c149afbf4c8996fb92427ae41e4649b934ca495991b7852b855"
"experiments/kernel_replay_v66_regression_maintenance/coq/V66_TREE_MAINTENANCE_043.vos","e3b0c44298fc1c149afbf4c8996fb92427ae41e4649b934ca495991b7852b855"
"experiments/kernel_replay_v66_regression_maintenance/coq/V66_TREE_MAINTENANCE_044.glob","7015360e0f0205caa04e787acb40b7e570c0ecf2f0e68ea2f1fb75431abdcfd3"
"experiments/kernel_replay_v66_regression_maintenance/coq/V66_TREE_MAINTENANCE_044.v","ced034a4052d6ba7c3a54e0419d9e2f7705c64f4f68ed074fb39bac7de9a2830"
"experiments/kernel_replay_v66_regression_maintenance/coq/V66_TREE_MAINTENANCE_044.vo","173848f3c0b3bdc5786193863228761dbc62f3e80cbf5222f16c91e94d273575"
"experiments/kernel_replay_v66_regression_maintenance/coq/V66_TREE_MAINTENANCE_044.vok","e3b0c44298fc1c149afbf4c8996fb92427ae41e4649b934ca495991b7852b855"
"experiments/kernel_replay_v66_regression_maintenance/coq/V66_TREE_MAINTENANCE_044.vos","e3b0c44298fc1c149afbf4c8996fb92427ae41e4649b934ca495991b7852b855"
"experiments/kernel_replay_v66_regression_maintenance/coq/V66_TREE_MAINTENANCE_045.glob","f71379a2024474b6bf50d0f1ed3b45761f3a24028f2c5c830b127f358600f791"
"experiments/kernel_replay_v66_regression_maintenance/coq/V66_TREE_MAINTENANCE_045.v","ce188391267dddb2f36d00fc3b320787732283e4d8de3221a2f63351c6c28368"
"experiments/kernel_replay_v66_regression_maintenance/coq/V66_TREE_MAINTENANCE_045.vo","4ae3e9773088b1ffb078cfc709f9474777e022c962bce7d9ddbe7a8f7b3db00f"
"experiments/kernel_replay_v66_regression_maintenance/coq/V66_TREE_MAINTENANCE_045.vok","e3b0c44298fc1c149afbf4c8996fb92427ae41e4649b934ca495991b7852b855"
"experiments/kernel_replay_v66_regression_maintenance/coq/V66_TREE_MAINTENANCE_045.vos","e3b0c44298fc1c149afbf4c8996fb92427ae41e4649b934ca495991b7852b855"
"experiments/kernel_replay_v66_regression_maintenance/coq/V66_TREE_MAINTENANCE_046.glob","17d29bd1d6af52433a3614242535d22580108933f8b45acf25f1d219f9733157"
"experiments/kernel_replay_v66_regression_maintenance/coq/V66_TREE_MAINTENANCE_046.v","1305bd8c50ef29a03daf76e1d62435b47d70bf932e715e402203a2f692c30741"
"experiments/kernel_replay_v66_regression_maintenance/coq/V66_TREE_MAINTENANCE_046.vo","a4b0c5b314d2cbe0b6d689d00e1141e6dba94dc0f68e80473f56aadc0ef09c5e"
"experiments/kernel_replay_v66_regression_maintenance/coq/V66_TREE_MAINTENANCE_046.vok","e3b0c44298fc1c149afbf4c8996fb92427ae41e4649b934ca495991b7852b855"
"experiments/kernel_replay_v66_regression_maintenance/coq/V66_TREE_MAINTENANCE_046.vos","e3b0c44298fc1c149afbf4c8996fb92427ae41e4649b934ca495991b7852b855"
"experiments/kernel_replay_v66_regression_maintenance/coq/V66_TREE_MAINTENANCE_047.glob","4056fb3684d6e536404e125647c136b1d75c0a80155dc6cbe097dc53fb418af4"
"experiments/kernel_replay_v66_regression_maintenance/coq/V66_TREE_MAINTENANCE_047.v","467e635dcddb0f57a2e0cf2d06c1c29f575d182c373fde820ea140641f9cdf21"
"experiments/kernel_replay_v66_regression_maintenance/coq/V66_TREE_MAINTENANCE_047.vo","63f03c76c3e298a82675677b339d98f1a8af7d38be04de95ab65402c96636c05"
"experiments/kernel_replay_v66_regression_maintenance/coq/V66_TREE_MAINTENANCE_047.vok","e3b0c44298fc1c149afbf4c8996fb92427ae41e4649b934ca495991b7852b855"
"experiments/kernel_replay_v66_regression_maintenance/coq/V66_TREE_MAINTENANCE_047.vos","e3b0c44298fc1c149afbf4c8996fb92427ae41e4649b934ca495991b7852b855"
"experiments/kernel_replay_v66_regression_maintenance/coq/V66_TREE_MAINTENANCE_048.glob","41e1eaad4fae4798d3173ba991aa1f38e27215f92472e32483bcd199e6538ee6"
"experiments/kernel_replay_v66_regression_maintenance/coq/V66_TREE_MAINTENANCE_048.v","9896c2842a694d7136d2aca8a752a8cdb4bb487826c6a2fadf4f74366236602f"
"experiments/kernel_replay_v66_regression_maintenance/coq/V66_TREE_MAINTENANCE_048.vo","11111f84589bf020dd9a42578eaa87ab43260a2b1400f90ba1ce4ca814174750"
"experiments/kernel_replay_v66_regression_maintenance/coq/V66_TREE_MAINTENANCE_048.vok","e3b0c44298fc1c149afbf4c8996fb92427ae41e4649b934ca495991b7852b855"
"experiments/kernel_replay_v66_regression_maintenance/coq/V66_TREE_MAINTENANCE_048.vos","e3b0c44298fc1c149afbf4c8996fb92427ae41e4649b934ca495991b7852b855"
"experiments/kernel_replay_v66_regression_maintenance/coq/V66_TREE_MAINTENANCE_049.glob","6aea8957dcc6b7b3974ca3f5da148c04ff8da691b3f9918b0179b5fcbb2822da"
"experiments/kernel_replay_v66_regression_maintenance/coq/V66_TREE_MAINTENANCE_049.v","14a7a97bee2dc681d9d9853bf48702eb104ff02a0f2823bacd90e587d4a4a9ca"
"experiments/kernel_replay_v66_regression_maintenance/coq/V66_TREE_MAINTENANCE_049.vo","9027a752577429f7b43641c921af249003684a0711daac96d833d16773a97612"
"experiments/kernel_replay_v66_regression_maintenance/coq/V66_TREE_MAINTENANCE_049.vok","e3b0c44298fc1c149afbf4c8996fb92427ae41e4649b934ca495991b7852b855"
"experiments/kernel_replay_v66_regression_maintenance/coq/V66_TREE_MAINTENANCE_049.vos","e3b0c44298fc1c149afbf4c8996fb92427ae41e4649b934ca495991b7852b855"
"experiments/kernel_replay_v66_regression_maintenance/coq/V66_TREE_MAINTENANCE_050.glob","4a329adad8b78949e79112258f79aaa65c01e1b99a3ce44393179a1ede624c95"
"experiments/kernel_replay_v66_regression_maintenance/coq/V66_TREE_MAINTENANCE_050.v","eb2ed950e0f79ba115dd6ec848aaf748938fd1bf35a714b8fe8baf75c4cf4f37"
"experiments/kernel_replay_v66_regression_maintenance/coq/V66_TREE_MAINTENANCE_050.vo","1f53cbe1f91b272f6b0f707d03221e60e04f367b8aa205abd49ac76d3a65d838"
"experiments/kernel_replay_v66_regression_maintenance/coq/V66_TREE_MAINTENANCE_050.vok","e3b0c44298fc1c149afbf4c8996fb92427ae41e4649b934ca495991b7852b855"
"experiments/kernel_replay_v66_regression_maintenance/coq/V66_TREE_MAINTENANCE_050.vos","e3b0c44298fc1c149afbf4c8996fb92427ae41e4649b934ca495991b7852b855"
"experiments/kernel_replay_v66_regression_maintenance/coq/V66_TREE_MAINTENANCE_051.glob","a43b8cd7d78f7d14c3e8bb7d19a5bda709f3b613d760487df9044ad8d314af81"
"experiments/kernel_replay_v66_regression_maintenance/coq/V66_TREE_MAINTENANCE_051.v","76b7b8ce0c8d0e515bc051f708946994157f369dc9264616366295f7369f4e5e"
"experiments/kernel_replay_v66_regression_maintenance/coq/V66_TREE_MAINTENANCE_051.vo","d610b90ae32c013b46f495653359416b699111e01132b84c0dd747b7ab65f3db"
"experiments/kernel_replay_v66_regression_maintenance/coq/V66_TREE_MAINTENANCE_051.vok","e3b0c44298fc1c149afbf4c8996fb92427ae41e4649b934ca495991b7852b855"
"experiments/kernel_replay_v66_regression_maintenance/coq/V66_TREE_MAINTENANCE_051.vos","e3b0c44298fc1c149afbf4c8996fb92427ae41e4649b934ca495991b7852b855"
"experiments/kernel_replay_v66_regression_maintenance/coq/V66_TREE_MAINTENANCE_052.glob","8c0db7160cfa445b24349737078d4c6f5f57469c69cd6297ae4023810fb924b1"
"experiments/kernel_replay_v66_regression_maintenance/coq/V66_TREE_MAINTENANCE_052.v","242afd98c5117fb70d44b2687268131f7e9019f53640fd7aab436c78e21bd86b"
"experiments/kernel_replay_v66_regression_maintenance/coq/V66_TREE_MAINTENANCE_052.vo","b62d272de8b60b44862774d51adebce597f372ab8448dc092b93b6a8230968c0"
"experiments/kernel_replay_v66_regression_maintenance/coq/V66_TREE_MAINTENANCE_052.vok","e3b0c44298fc1c149afbf4c8996fb92427ae41e4649b934ca495991b7852b855"
"experiments/kernel_replay_v66_regression_maintenance/coq/V66_TREE_MAINTENANCE_052.vos","e3b0c44298fc1c149afbf4c8996fb92427ae41e4649b934ca495991b7852b855"
"experiments/kernel_replay_v66_regression_maintenance/coq/V66_TREE_MAINTENANCE_053.glob","d76f7f0777b8023a493be35530370043a0d61b9fc6bb4ba4ee793cbe8fb21737"
"experiments/kernel_replay_v66_regression_maintenance/coq/V66_TREE_MAINTENANCE_053.v","801d5a7460d4903fe752e745949a0c20cfe473bdecbd1a010cf9878e230512ff"
"experiments/kernel_replay_v66_regression_maintenance/coq/V66_TREE_MAINTENANCE_053.vo","1f2db76a558f0f4d83128d2d4dfcfe7096a6d7ccd0eafb54e6ad0545a4b5755e"
"experiments/kernel_replay_v66_regression_maintenance/coq/V66_TREE_MAINTENANCE_053.vok","e3b0c44298fc1c149afbf4c8996fb92427ae41e4649b934ca495991b7852b855"
"experiments/kernel_replay_v66_regression_maintenance/coq/V66_TREE_MAINTENANCE_053.vos","e3b0c44298fc1c149afbf4c8996fb92427ae41e4649b934ca495991b7852b855"
"experiments/kernel_replay_v66_regression_maintenance/coq/V66_TREE_MAINTENANCE_054.glob","106740ceaad2179867df23153eec89c0c9a5ab753e73a5496607ff9457bdec2e"
"experiments/kernel_replay_v66_regression_maintenance/coq/V66_TREE_MAINTENANCE_054.v","b8ce3d00160ed7fd50e567c5ece119ad76decd1f87381340dbf596c369dad2ab"
"experiments/kernel_replay_v66_regression_maintenance/coq/V66_TREE_MAINTENANCE_054.vo","b4178131e2cd5d857b5dea7657733ff7c2b4f23ee19cef1cde8c07aeb3de3e5c"
"experiments/kernel_replay_v66_regression_maintenance/coq/V66_TREE_MAINTENANCE_054.vok","e3b0c44298fc1c149afbf4c8996fb92427ae41e4649b934ca495991b7852b855"
"experiments/kernel_replay_v66_regression_maintenance/coq/V66_TREE_MAINTENANCE_054.vos","e3b0c44298fc1c149afbf4c8996fb92427ae41e4649b934ca495991b7852b855"
"experiments/kernel_replay_v66_regression_maintenance/coq/V66_TREE_MAINTENANCE_055.glob","48a5b511cd7285ff11abd29531da35c83f75c7d6edc1c5b638ac4a55c0ab8d28"
"experiments/kernel_replay_v66_regression_maintenance/coq/V66_TREE_MAINTENANCE_055.v","c1384841fce719f64791164f3d5b69dda07009ac498fdedc7f22871f8e8e8f2a"
"experiments/kernel_replay_v66_regression_maintenance/coq/V66_TREE_MAINTENANCE_055.vo","7c9c485ae79f9314aa303e0fb61ae2526ebaed290cfabbdc1ceadd42cc4802f7"
"experiments/kernel_replay_v66_regression_maintenance/coq/V66_TREE_MAINTENANCE_055.vok","e3b0c44298fc1c149afbf4c8996fb92427ae41e4649b934ca495991b7852b855"
"experiments/kernel_replay_v66_regression_maintenance/coq/V66_TREE_MAINTENANCE_055.vos","e3b0c44298fc1c149afbf4c8996fb92427ae41e4649b934ca495991b7852b855"
"experiments/kernel_replay_v66_regression_maintenance/coq/V66_TREE_MAINTENANCE_056.glob","4d407f189b7f7987e991b913cf672de0b682e3e2cbcd3190c3abe426b1869179"
"experiments/kernel_replay_v66_regression_maintenance/coq/V66_TREE_MAINTENANCE_056.v","df06eba0ea5aac9470412d55f81c53ed0c070054fe4c99ba55e79a74cc777057"
"experiments/kernel_replay_v66_regression_maintenance/coq/V66_TREE_MAINTENANCE_056.vo","fdba66e75dfd0da0e0cc02aee458de75441c0bdb98eaef6590279cb7865dbd99"
"experiments/kernel_replay_v66_regression_maintenance/coq/V66_TREE_MAINTENANCE_056.vok","e3b0c44298fc1c149afbf4c8996fb92427ae41e4649b934ca495991b7852b855"
"experiments/kernel_replay_v66_regression_maintenance/coq/V66_TREE_MAINTENANCE_056.vos","e3b0c44298fc1c149afbf4c8996fb92427ae41e4649b934ca495991b7852b855"
"experiments/kernel_replay_v66_regression_maintenance/coq/V66_TREE_MAINTENANCE_057.glob","080992a4e45f5a3f2ae30c7b344c805cb7082ce9647de1d9991a25f544fcc309"
"experiments/kernel_replay_v66_regression_maintenance/coq/V66_TREE_MAINTENANCE_057.v","7cd12507c6a2ebf75525f0b57507ac58f6bd9fa3952911e63d1ec0564fa2a480"
"experiments/kernel_replay_v66_regression_maintenance/coq/V66_TREE_MAINTENANCE_057.vo","50ce8df7dda32a93fe067025e952ed4a404dcd8cd375eea01cfab2f9f95f23d0"
"experiments/kernel_replay_v66_regression_maintenance/coq/V66_TREE_MAINTENANCE_057.vok","e3b0c44298fc1c149afbf4c8996fb92427ae41e4649b934ca495991b7852b855"
"experiments/kernel_replay_v66_regression_maintenance/coq/V66_TREE_MAINTENANCE_057.vos","e3b0c44298fc1c149afbf4c8996fb92427ae41e4649b934ca495991b7852b855"
"experiments/kernel_replay_v66_regression_maintenance/coq/V66_TREE_MAINTENANCE_058.glob","fc3e4624c3a186d1a0e0ebd3f28b31aa2d6b6a94aeba37e199bb756b3ca0e5e8"
"experiments/kernel_replay_v66_regression_maintenance/coq/V66_TREE_MAINTENANCE_058.v","9143d76359d5351eff0c6c0205c029dd67c69e5214080af5ac79ab1f9a885bce"
"experiments/kernel_replay_v66_regression_maintenance/coq/V66_TREE_MAINTENANCE_058.vo","604a0873f7709be8aa5f00299476a8495001f9765f33317522125c494be0cb49"
"experiments/kernel_replay_v66_regression_maintenance/coq/V66_TREE_MAINTENANCE_058.vok","e3b0c44298fc1c149afbf4c8996fb92427ae41e4649b934ca495991b7852b855"
"experiments/kernel_replay_v66_regression_maintenance/coq/V66_TREE_MAINTENANCE_058.vos","e3b0c44298fc1c149afbf4c8996fb92427ae41e4649b934ca495991b7852b855"
"experiments/kernel_replay_v66_regression_maintenance/coq/V66_TREE_MAINTENANCE_059.glob","d7e8987b1ad28063a396dfdf5e51161b0b7e34a844ab15d881b5774750cc157e"
"experiments/kernel_replay_v66_regression_maintenance/coq/V66_TREE_MAINTENANCE_059.v","eb1b6d06d573eb720e245f52f22fc25cfc3517a665069a8204b553ec87d1955f"
"experiments/kernel_replay_v66_regression_maintenance/coq/V66_TREE_MAINTENANCE_059.vo","9996b2f5baa146d2d9fda8dd03a3f67f028051b95b39e6369139429cfa8f1f7d"
"experiments/kernel_replay_v66_regression_maintenance/coq/V66_TREE_MAINTENANCE_059.vok","e3b0c44298fc1c149afbf4c8996fb92427ae41e4649b934ca495991b7852b855"
"experiments/kernel_replay_v66_regression_maintenance/coq/V66_TREE_MAINTENANCE_059.vos","e3b0c44298fc1c149afbf4c8996fb92427ae41e4649b934ca495991b7852b855"
"experiments/kernel_replay_v66_regression_maintenance/coq/V66_TREE_MAINTENANCE_060.glob","4a39e4082b0427b8be884ff7e181d26d98b6ada8926c330085023b6525455a6c"
"experiments/kernel_replay_v66_regression_maintenance/coq/V66_TREE_MAINTENANCE_060.v","97e7af8f3102a2f35fe187fb728f36dc77949e227161d053924c23ac982c07e2"
"experiments/kernel_replay_v66_regression_maintenance/coq/V66_TREE_MAINTENANCE_060.vo","27a799697e83cf08f77bf72134ce1df13c03e9c119e6c30fde5229d66783b935"
"experiments/kernel_replay_v66_regression_maintenance/coq/V66_TREE_MAINTENANCE_060.vok","e3b0c44298fc1c149afbf4c8996fb92427ae41e4649b934ca495991b7852b855"
"experiments/kernel_replay_v66_regression_maintenance/coq/V66_TREE_MAINTENANCE_060.vos","e3b0c44298fc1c149afbf4c8996fb92427ae41e4649b934ca495991b7852b855"
"experiments/kernel_replay_v66_regression_maintenance/logs/environment_probe.txt","a0b4f15df5fb051f99ac4510d6e2f52bf2e6f598701c0e190a2d0b91e2d7bb39"
"experiments/kernel_replay_v66_regression_maintenance/logs/plot_v66_regression_maintenance.py","9861679bbf2190e079c865d4f0b54f845d1788a02637ccf0b1646f640f003ebf"
"experiments/kernel_replay_v66_regression_maintenance/logs/regression_maintenance_family_summary.csv","552205a70e6dc070d9e3993d72174fef75b2fe5948eba5dd61596e6b2ccbf683"
"experiments/kernel_replay_v66_regression_maintenance/logs/regression_maintenance_results.csv","b3ae6308cc4980727e80932d0c08d9dadcb6f2cfa15c353ebfe0d724a2def06f"
"experiments/kernel_replay_v66_regression_maintenance/logs/regression_maintenance_summary.txt","7a09235f8469f9373a3573f6b0aa9889d22a673bd9c5307b64d3ed7588b60bef"
"experiments/kernel_replay_v66_regression_maintenance/logs/V66_BATCH.coqchk.log","07c2d8740f14644f3c7bc41bdbe1aea761b65929df63cb2819d4f686700d0b3a"
"experiments/kernel_replay_v66_regression_maintenance/logs/V66_BOOL_REWRITE_MAINTENANCE_001.coqc.log","e3b0c44298fc1c149afbf4c8996fb92427ae41e4649b934ca495991b7852b855"
"experiments/kernel_replay_v66_regression_maintenance/logs/V66_BOOL_REWRITE_MAINTENANCE_002.coqc.log","e3b0c44298fc1c149afbf4c8996fb92427ae41e4649b934ca495991b7852b855"
"experiments/kernel_replay_v66_regression_maintenance/logs/V66_BOOL_REWRITE_MAINTENANCE_003.coqc.log","e3b0c44298fc1c149afbf4c8996fb92427ae41e4649b934ca495991b7852b855"
"experiments/kernel_replay_v66_regression_maintenance/logs/V66_BOOL_REWRITE_MAINTENANCE_004.coqc.log","e3b0c44298fc1c149afbf4c8996fb92427ae41e4649b934ca495991b7852b855"
"experiments/kernel_replay_v66_regression_maintenance/logs/V66_BOOL_REWRITE_MAINTENANCE_005.coqc.log","e3b0c44298fc1c149afbf4c8996fb92427ae41e4649b934ca495991b7852b855"
"experiments/kernel_replay_v66_regression_maintenance/logs/V66_BOOL_REWRITE_MAINTENANCE_006.coqc.log","e3b0c44298fc1c149afbf4c8996fb92427ae41e4649b934ca495991b7852b855"
"experiments/kernel_replay_v66_regression_maintenance/logs/V66_BOOL_REWRITE_MAINTENANCE_007.coqc.log","e3b0c44298fc1c149afbf4c8996fb92427ae41e4649b934ca495991b7852b855"
"experiments/kernel_replay_v66_regression_maintenance/logs/V66_BOOL_REWRITE_MAINTENANCE_008.coqc.log","e3b0c44298fc1c149afbf4c8996fb92427ae41e4649b934ca495991b7852b855"
"experiments/kernel_replay_v66_regression_maintenance/logs/V66_BOOL_REWRITE_MAINTENANCE_009.coqc.log","e3b0c44298fc1c149afbf4c8996fb92427ae41e4649b934ca495991b7852b855"
"experiments/kernel_replay_v66_regression_maintenance/logs/V66_BOOL_REWRITE_MAINTENANCE_010.coqc.log","e3b0c44298fc1c149afbf4c8996fb92427ae41e4649b934ca495991b7852b855"
"experiments/kernel_replay_v66_regression_maintenance/logs/V66_BOOL_REWRITE_MAINTENANCE_011.coqc.log","e3b0c44298fc1c149afbf4c8996fb92427ae41e4649b934ca495991b7852b855"
"experiments/kernel_replay_v66_regression_maintenance/logs/V66_BOOL_REWRITE_MAINTENANCE_012.coqc.log","e3b0c44298fc1c149afbf4c8996fb92427ae41e4649b934ca495991b7852b855"
"experiments/kernel_replay_v66_regression_maintenance/logs/V66_BOOL_REWRITE_MAINTENANCE_013.coqc.log","e3b0c44298fc1c149afbf4c8996fb92427ae41e4649b934ca495991b7852b855"
"experiments/kernel_replay_v66_regression_maintenance/logs/V66_BOOL_REWRITE_MAINTENANCE_014.coqc.log","e3b0c44298fc1c149afbf4c8996fb92427ae41e4649b934ca495991b7852b855"
"experiments/kernel_replay_v66_regression_maintenance/logs/V66_BOOL_REWRITE_MAINTENANCE_015.coqc.log","e3b0c44298fc1c149afbf4c8996fb92427ae41e4649b934ca495991b7852b855"
"experiments/kernel_replay_v66_regression_maintenance/logs/V66_BOOL_REWRITE_MAINTENANCE_016.coqc.log","e3b0c44298fc1c149afbf4c8996fb92427ae41e4649b934ca495991b7852b855"
"experiments/kernel_replay_v66_regression_maintenance/logs/V66_BOOL_REWRITE_MAINTENANCE_017.coqc.log","e3b0c44298fc1c149afbf4c8996fb92427ae41e4649b934ca495991b7852b855"
"experiments/kernel_replay_v66_regression_maintenance/logs/V66_BOOL_REWRITE_MAINTENANCE_018.coqc.log","e3b0c44298fc1c149afbf4c8996fb92427ae41e4649b934ca495991b7852b855"
"experiments/kernel_replay_v66_regression_maintenance/logs/V66_BOOL_REWRITE_MAINTENANCE_019.coqc.log","e3b0c44298fc1c149afbf4c8996fb92427ae41e4649b934ca495991b7852b855"
"experiments/kernel_replay_v66_regression_maintenance/logs/V66_BOOL_REWRITE_MAINTENANCE_020.coqc.log","e3b0c44298fc1c149afbf4c8996fb92427ae41e4649b934ca495991b7852b855"
"experiments/kernel_replay_v66_regression_maintenance/logs/V66_BOOL_REWRITE_MAINTENANCE_021.coqc.log","e3b0c44298fc1c149afbf4c8996fb92427ae41e4649b934ca495991b7852b855"
"experiments/kernel_replay_v66_regression_maintenance/logs/V66_BOOL_REWRITE_MAINTENANCE_022.coqc.log","e3b0c44298fc1c149afbf4c8996fb92427ae41e4649b934ca495991b7852b855"
"experiments/kernel_replay_v66_regression_maintenance/logs/V66_BOOL_REWRITE_MAINTENANCE_023.coqc.log","e3b0c44298fc1c149afbf4c8996fb92427ae41e4649b934ca495991b7852b855"
"experiments/kernel_replay_v66_regression_maintenance/logs/V66_BOOL_REWRITE_MAINTENANCE_024.coqc.log","e3b0c44298fc1c149afbf4c8996fb92427ae41e4649b934ca495991b7852b855"
"experiments/kernel_replay_v66_regression_maintenance/logs/V66_BOOL_REWRITE_MAINTENANCE_025.coqc.log","e3b0c44298fc1c149afbf4c8996fb92427ae41e4649b934ca495991b7852b855"
"experiments/kernel_replay_v66_regression_maintenance/logs/V66_BOOL_REWRITE_MAINTENANCE_026.coqc.log","e3b0c44298fc1c149afbf4c8996fb92427ae41e4649b934ca495991b7852b855"
"experiments/kernel_replay_v66_regression_maintenance/logs/V66_BOOL_REWRITE_MAINTENANCE_027.coqc.log","e3b0c44298fc1c149afbf4c8996fb92427ae41e4649b934ca495991b7852b855"
"experiments/kernel_replay_v66_regression_maintenance/logs/V66_BOOL_REWRITE_MAINTENANCE_028.coqc.log","e3b0c44298fc1c149afbf4c8996fb92427ae41e4649b934ca495991b7852b855"
"experiments/kernel_replay_v66_regression_maintenance/logs/V66_BOOL_REWRITE_MAINTENANCE_029.coqc.log","e3b0c44298fc1c149afbf4c8996fb92427ae41e4649b934ca495991b7852b855"
"experiments/kernel_replay_v66_regression_maintenance/logs/V66_BOOL_REWRITE_MAINTENANCE_030.coqc.log","e3b0c44298fc1c149afbf4c8996fb92427ae41e4649b934ca495991b7852b855"
"experiments/kernel_replay_v66_regression_maintenance/logs/V66_BOOL_REWRITE_MAINTENANCE_031.coqc.log","e3b0c44298fc1c149afbf4c8996fb92427ae41e4649b934ca495991b7852b855"
"experiments/kernel_replay_v66_regression_maintenance/logs/V66_BOOL_REWRITE_MAINTENANCE_032.coqc.log","e3b0c44298fc1c149afbf4c8996fb92427ae41e4649b934ca495991b7852b855"
"experiments/kernel_replay_v66_regression_maintenance/logs/V66_BOOL_REWRITE_MAINTENANCE_033.coqc.log","e3b0c44298fc1c149afbf4c8996fb92427ae41e4649b934ca495991b7852b855"
"experiments/kernel_replay_v66_regression_maintenance/logs/V66_BOOL_REWRITE_MAINTENANCE_034.coqc.log","e3b0c44298fc1c149afbf4c8996fb92427ae41e4649b934ca495991b7852b855"
"experiments/kernel_replay_v66_regression_maintenance/logs/V66_BOOL_REWRITE_MAINTENANCE_035.coqc.log","e3b0c44298fc1c149afbf4c8996fb92427ae41e4649b934ca495991b7852b855"
"experiments/kernel_replay_v66_regression_maintenance/logs/V66_BOOL_REWRITE_MAINTENANCE_036.coqc.log","e3b0c44298fc1c149afbf4c8996fb92427ae41e4649b934ca495991b7852b855"
"experiments/kernel_replay_v66_regression_maintenance/logs/V66_BOOL_REWRITE_MAINTENANCE_037.coqc.log","e3b0c44298fc1c149afbf4c8996fb92427ae41e4649b934ca495991b7852b855"
"experiments/kernel_replay_v66_regression_maintenance/logs/V66_BOOL_REWRITE_MAINTENANCE_038.coqc.log","e3b0c44298fc1c149afbf4c8996fb92427ae41e4649b934ca495991b7852b855"
"experiments/kernel_replay_v66_regression_maintenance/logs/V66_BOOL_REWRITE_MAINTENANCE_039.coqc.log","e3b0c44298fc1c149afbf4c8996fb92427ae41e4649b934ca495991b7852b855"
"experiments/kernel_replay_v66_regression_maintenance/logs/V66_BOOL_REWRITE_MAINTENANCE_040.coqc.log","e3b0c44298fc1c149afbf4c8996fb92427ae41e4649b934ca495991b7852b855"
"experiments/kernel_replay_v66_regression_maintenance/logs/V66_BOOL_REWRITE_MAINTENANCE_041.coqc.log","e3b0c44298fc1c149afbf4c8996fb92427ae41e4649b934ca495991b7852b855"
"experiments/kernel_replay_v66_regression_maintenance/logs/V66_BOOL_REWRITE_MAINTENANCE_042.coqc.log","e3b0c44298fc1c149afbf4c8996fb92427ae41e4649b934ca495991b7852b855"
"experiments/kernel_replay_v66_regression_maintenance/logs/V66_BOOL_REWRITE_MAINTENANCE_043.coqc.log","e3b0c44298fc1c149afbf4c8996fb92427ae41e4649b934ca495991b7852b855"
"experiments/kernel_replay_v66_regression_maintenance/logs/V66_BOOL_REWRITE_MAINTENANCE_044.coqc.log","e3b0c44298fc1c149afbf4c8996fb92427ae41e4649b934ca495991b7852b855"
"experiments/kernel_replay_v66_regression_maintenance/logs/V66_BOOL_REWRITE_MAINTENANCE_045.coqc.log","e3b0c44298fc1c149afbf4c8996fb92427ae41e4649b934ca495991b7852b855"
"experiments/kernel_replay_v66_regression_maintenance/logs/V66_BOOL_REWRITE_MAINTENANCE_046.coqc.log","e3b0c44298fc1c149afbf4c8996fb92427ae41e4649b934ca495991b7852b855"
"experiments/kernel_replay_v66_regression_maintenance/logs/V66_BOOL_REWRITE_MAINTENANCE_047.coqc.log","e3b0c44298fc1c149afbf4c8996fb92427ae41e4649b934ca495991b7852b855"
"experiments/kernel_replay_v66_regression_maintenance/logs/V66_BOOL_REWRITE_MAINTENANCE_048.coqc.log","e3b0c44298fc1c149afbf4c8996fb92427ae41e4649b934ca495991b7852b855"
"experiments/kernel_replay_v66_regression_maintenance/logs/V66_BOOL_REWRITE_MAINTENANCE_049.coqc.log","e3b0c44298fc1c149afbf4c8996fb92427ae41e4649b934ca495991b7852b855"
"experiments/kernel_replay_v66_regression_maintenance/logs/V66_BOOL_REWRITE_MAINTENANCE_050.coqc.log","e3b0c44298fc1c149afbf4c8996fb92427ae41e4649b934ca495991b7852b855"
"experiments/kernel_replay_v66_regression_maintenance/logs/V66_BOOL_REWRITE_MAINTENANCE_051.coqc.log","e3b0c44298fc1c149afbf4c8996fb92427ae41e4649b934ca495991b7852b855"
"experiments/kernel_replay_v66_regression_maintenance/logs/V66_BOOL_REWRITE_MAINTENANCE_052.coqc.log","e3b0c44298fc1c149afbf4c8996fb92427ae41e4649b934ca495991b7852b855"
"experiments/kernel_replay_v66_regression_maintenance/logs/V66_BOOL_REWRITE_MAINTENANCE_053.coqc.log","e3b0c44298fc1c149afbf4c8996fb92427ae41e4649b934ca495991b7852b855"
"experiments/kernel_replay_v66_regression_maintenance/logs/V66_BOOL_REWRITE_MAINTENANCE_054.coqc.log","e3b0c44298fc1c149afbf4c8996fb92427ae41e4649b934ca495991b7852b855"
"experiments/kernel_replay_v66_regression_maintenance/logs/V66_BOOL_REWRITE_MAINTENANCE_055.coqc.log","e3b0c44298fc1c149afbf4c8996fb92427ae41e4649b934ca495991b7852b855"
"experiments/kernel_replay_v66_regression_maintenance/logs/V66_BOOL_REWRITE_MAINTENANCE_056.coqc.log","e3b0c44298fc1c149afbf4c8996fb92427ae41e4649b934ca495991b7852b855"
"experiments/kernel_replay_v66_regression_maintenance/logs/V66_BOOL_REWRITE_MAINTENANCE_057.coqc.log","e3b0c44298fc1c149afbf4c8996fb92427ae41e4649b934ca495991b7852b855"
"experiments/kernel_replay_v66_regression_maintenance/logs/V66_BOOL_REWRITE_MAINTENANCE_058.coqc.log","e3b0c44298fc1c149afbf4c8996fb92427ae41e4649b934ca495991b7852b855"
"experiments/kernel_replay_v66_regression_maintenance/logs/V66_BOOL_REWRITE_MAINTENANCE_059.coqc.log","e3b0c44298fc1c149afbf4c8996fb92427ae41e4649b934ca495991b7852b855"
"experiments/kernel_replay_v66_regression_maintenance/logs/V66_BOOL_REWRITE_MAINTENANCE_060.coqc.log","e3b0c44298fc1c149afbf4c8996fb92427ae41e4649b934ca495991b7852b855"
"experiments/kernel_replay_v66_regression_maintenance/logs/V66_LIST_FILTER_REGRESSION_001.coqc.log","e3b0c44298fc1c149afbf4c8996fb92427ae41e4649b934ca495991b7852b855"
"experiments/kernel_replay_v66_regression_maintenance/logs/V66_LIST_FILTER_REGRESSION_002.coqc.log","e3b0c44298fc1c149afbf4c8996fb92427ae41e4649b934ca495991b7852b855"
"experiments/kernel_replay_v66_regression_maintenance/logs/V66_LIST_FILTER_REGRESSION_003.coqc.log","e3b0c44298fc1c149afbf4c8996fb92427ae41e4649b934ca495991b7852b855"
"experiments/kernel_replay_v66_regression_maintenance/logs/V66_LIST_FILTER_REGRESSION_004.coqc.log","e3b0c44298fc1c149afbf4c8996fb92427ae41e4649b934ca495991b7852b855"
"experiments/kernel_replay_v66_regression_maintenance/logs/V66_LIST_FILTER_REGRESSION_005.coqc.log","e3b0c44298fc1c149afbf4c8996fb92427ae41e4649b934ca495991b7852b855"
"experiments/kernel_replay_v66_regression_maintenance/logs/V66_LIST_FILTER_REGRESSION_006.coqc.log","e3b0c44298fc1c149afbf4c8996fb92427ae41e4649b934ca495991b7852b855"
"experiments/kernel_replay_v66_regression_maintenance/logs/V66_LIST_FILTER_REGRESSION_007.coqc.log","e3b0c44298fc1c149afbf4c8996fb92427ae41e4649b934ca495991b7852b855"
"experiments/kernel_replay_v66_regression_maintenance/logs/V66_LIST_FILTER_REGRESSION_008.coqc.log","e3b0c44298fc1c149afbf4c8996fb92427ae41e4649b934ca495991b7852b855"
"experiments/kernel_replay_v66_regression_maintenance/logs/V66_LIST_FILTER_REGRESSION_009.coqc.log","e3b0c44298fc1c149afbf4c8996fb92427ae41e4649b934ca495991b7852b855"
"experiments/kernel_replay_v66_regression_maintenance/logs/V66_LIST_FILTER_REGRESSION_010.coqc.log","e3b0c44298fc1c149afbf4c8996fb92427ae41e4649b934ca495991b7852b855"
"experiments/kernel_replay_v66_regression_maintenance/logs/V66_LIST_FILTER_REGRESSION_011.coqc.log","e3b0c44298fc1c149afbf4c8996fb92427ae41e4649b934ca495991b7852b855"
"experiments/kernel_replay_v66_regression_maintenance/logs/V66_LIST_FILTER_REGRESSION_012.coqc.log","e3b0c44298fc1c149afbf4c8996fb92427ae41e4649b934ca495991b7852b855"
"experiments/kernel_replay_v66_regression_maintenance/logs/V66_LIST_FILTER_REGRESSION_013.coqc.log","e3b0c44298fc1c149afbf4c8996fb92427ae41e4649b934ca495991b7852b855"
"experiments/kernel_replay_v66_regression_maintenance/logs/V66_LIST_FILTER_REGRESSION_014.coqc.log","e3b0c44298fc1c149afbf4c8996fb92427ae41e4649b934ca495991b7852b855"
"experiments/kernel_replay_v66_regression_maintenance/logs/V66_LIST_FILTER_REGRESSION_015.coqc.log","e3b0c44298fc1c149afbf4c8996fb92427ae41e4649b934ca495991b7852b855"
"experiments/kernel_replay_v66_regression_maintenance/logs/V66_LIST_FILTER_REGRESSION_016.coqc.log","e3b0c44298fc1c149afbf4c8996fb92427ae41e4649b934ca495991b7852b855"
"experiments/kernel_replay_v66_regression_maintenance/logs/V66_LIST_FILTER_REGRESSION_017.coqc.log","e3b0c44298fc1c149afbf4c8996fb92427ae41e4649b934ca495991b7852b855"
"experiments/kernel_replay_v66_regression_maintenance/logs/V66_LIST_FILTER_REGRESSION_018.coqc.log","e3b0c44298fc1c149afbf4c8996fb92427ae41e4649b934ca495991b7852b855"
"experiments/kernel_replay_v66_regression_maintenance/logs/V66_LIST_FILTER_REGRESSION_019.coqc.log","e3b0c44298fc1c149afbf4c8996fb92427ae41e4649b934ca495991b7852b855"
"experiments/kernel_replay_v66_regression_maintenance/logs/V66_LIST_FILTER_REGRESSION_020.coqc.log","e3b0c44298fc1c149afbf4c8996fb92427ae41e4649b934ca495991b7852b855"
"experiments/kernel_replay_v66_regression_maintenance/logs/V66_LIST_FILTER_REGRESSION_021.coqc.log","e3b0c44298fc1c149afbf4c8996fb92427ae41e4649b934ca495991b7852b855"
"experiments/kernel_replay_v66_regression_maintenance/logs/V66_LIST_FILTER_REGRESSION_022.coqc.log","e3b0c44298fc1c149afbf4c8996fb92427ae41e4649b934ca495991b7852b855"
"experiments/kernel_replay_v66_regression_maintenance/logs/V66_LIST_FILTER_REGRESSION_023.coqc.log","e3b0c44298fc1c149afbf4c8996fb92427ae41e4649b934ca495991b7852b855"
"experiments/kernel_replay_v66_regression_maintenance/logs/V66_LIST_FILTER_REGRESSION_024.coqc.log","e3b0c44298fc1c149afbf4c8996fb92427ae41e4649b934ca495991b7852b855"
"experiments/kernel_replay_v66_regression_maintenance/logs/V66_LIST_FILTER_REGRESSION_025.coqc.log","e3b0c44298fc1c149afbf4c8996fb92427ae41e4649b934ca495991b7852b855"
"experiments/kernel_replay_v66_regression_maintenance/logs/V66_LIST_FILTER_REGRESSION_026.coqc.log","e3b0c44298fc1c149afbf4c8996fb92427ae41e4649b934ca495991b7852b855"
"experiments/kernel_replay_v66_regression_maintenance/logs/V66_LIST_FILTER_REGRESSION_027.coqc.log","e3b0c44298fc1c149afbf4c8996fb92427ae41e4649b934ca495991b7852b855"
"experiments/kernel_replay_v66_regression_maintenance/logs/V66_LIST_FILTER_REGRESSION_028.coqc.log","e3b0c44298fc1c149afbf4c8996fb92427ae41e4649b934ca495991b7852b855"
"experiments/kernel_replay_v66_regression_maintenance/logs/V66_LIST_FILTER_REGRESSION_029.coqc.log","e3b0c44298fc1c149afbf4c8996fb92427ae41e4649b934ca495991b7852b855"
"experiments/kernel_replay_v66_regression_maintenance/logs/V66_LIST_FILTER_REGRESSION_030.coqc.log","e3b0c44298fc1c149afbf4c8996fb92427ae41e4649b934ca495991b7852b855"
"experiments/kernel_replay_v66_regression_maintenance/logs/V66_LIST_FILTER_REGRESSION_031.coqc.log","e3b0c44298fc1c149afbf4c8996fb92427ae41e4649b934ca495991b7852b855"
"experiments/kernel_replay_v66_regression_maintenance/logs/V66_LIST_FILTER_REGRESSION_032.coqc.log","e3b0c44298fc1c149afbf4c8996fb92427ae41e4649b934ca495991b7852b855"
"experiments/kernel_replay_v66_regression_maintenance/logs/V66_LIST_FILTER_REGRESSION_033.coqc.log","e3b0c44298fc1c149afbf4c8996fb92427ae41e4649b934ca495991b7852b855"
"experiments/kernel_replay_v66_regression_maintenance/logs/V66_LIST_FILTER_REGRESSION_034.coqc.log","e3b0c44298fc1c149afbf4c8996fb92427ae41e4649b934ca495991b7852b855"
"experiments/kernel_replay_v66_regression_maintenance/logs/V66_LIST_FILTER_REGRESSION_035.coqc.log","e3b0c44298fc1c149afbf4c8996fb92427ae41e4649b934ca495991b7852b855"
"experiments/kernel_replay_v66_regression_maintenance/logs/V66_LIST_FILTER_REGRESSION_036.coqc.log","e3b0c44298fc1c149afbf4c8996fb92427ae41e4649b934ca495991b7852b855"
"experiments/kernel_replay_v66_regression_maintenance/logs/V66_LIST_FILTER_REGRESSION_037.coqc.log","e3b0c44298fc1c149afbf4c8996fb92427ae41e4649b934ca495991b7852b855"
"experiments/kernel_replay_v66_regression_maintenance/logs/V66_LIST_FILTER_REGRESSION_038.coqc.log","e3b0c44298fc1c149afbf4c8996fb92427ae41e4649b934ca495991b7852b855"
"experiments/kernel_replay_v66_regression_maintenance/logs/V66_LIST_FILTER_REGRESSION_039.coqc.log","e3b0c44298fc1c149afbf4c8996fb92427ae41e4649b934ca495991b7852b855"
"experiments/kernel_replay_v66_regression_maintenance/logs/V66_LIST_FILTER_REGRESSION_040.coqc.log","e3b0c44298fc1c149afbf4c8996fb92427ae41e4649b934ca495991b7852b855"
"experiments/kernel_replay_v66_regression_maintenance/logs/V66_LIST_FILTER_REGRESSION_041.coqc.log","e3b0c44298fc1c149afbf4c8996fb92427ae41e4649b934ca495991b7852b855"
"experiments/kernel_replay_v66_regression_maintenance/logs/V66_LIST_FILTER_REGRESSION_042.coqc.log","e3b0c44298fc1c149afbf4c8996fb92427ae41e4649b934ca495991b7852b855"
"experiments/kernel_replay_v66_regression_maintenance/logs/V66_LIST_FILTER_REGRESSION_043.coqc.log","e3b0c44298fc1c149afbf4c8996fb92427ae41e4649b934ca495991b7852b855"
"experiments/kernel_replay_v66_regression_maintenance/logs/V66_LIST_FILTER_REGRESSION_044.coqc.log","e3b0c44298fc1c149afbf4c8996fb92427ae41e4649b934ca495991b7852b855"
"experiments/kernel_replay_v66_regression_maintenance/logs/V66_LIST_FILTER_REGRESSION_045.coqc.log","e3b0c44298fc1c149afbf4c8996fb92427ae41e4649b934ca495991b7852b855"
"experiments/kernel_replay_v66_regression_maintenance/logs/V66_LIST_FILTER_REGRESSION_046.coqc.log","e3b0c44298fc1c149afbf4c8996fb92427ae41e4649b934ca495991b7852b855"
"experiments/kernel_replay_v66_regression_maintenance/logs/V66_LIST_FILTER_REGRESSION_047.coqc.log","e3b0c44298fc1c149afbf4c8996fb92427ae41e4649b934ca495991b7852b855"
"experiments/kernel_replay_v66_regression_maintenance/logs/V66_LIST_FILTER_REGRESSION_048.coqc.log","e3b0c44298fc1c149afbf4c8996fb92427ae41e4649b934ca495991b7852b855"
"experiments/kernel_replay_v66_regression_maintenance/logs/V66_LIST_FILTER_REGRESSION_049.coqc.log","e3b0c44298fc1c149afbf4c8996fb92427ae41e4649b934ca495991b7852b855"
"experiments/kernel_replay_v66_regression_maintenance/logs/V66_LIST_FILTER_REGRESSION_050.coqc.log","e3b0c44298fc1c149afbf4c8996fb92427ae41e4649b934ca495991b7852b855"
"experiments/kernel_replay_v66_regression_maintenance/logs/V66_LIST_FILTER_REGRESSION_051.coqc.log","e3b0c44298fc1c149afbf4c8996fb92427ae41e4649b934ca495991b7852b855"
"experiments/kernel_replay_v66_regression_maintenance/logs/V66_LIST_FILTER_REGRESSION_052.coqc.log","e3b0c44298fc1c149afbf4c8996fb92427ae41e4649b934ca495991b7852b855"
"experiments/kernel_replay_v66_regression_maintenance/logs/V66_LIST_FILTER_REGRESSION_053.coqc.log","e3b0c44298fc1c149afbf4c8996fb92427ae41e4649b934ca495991b7852b855"
"experiments/kernel_replay_v66_regression_maintenance/logs/V66_LIST_FILTER_REGRESSION_054.coqc.log","e3b0c44298fc1c149afbf4c8996fb92427ae41e4649b934ca495991b7852b855"
"experiments/kernel_replay_v66_regression_maintenance/logs/V66_LIST_FILTER_REGRESSION_055.coqc.log","e3b0c44298fc1c149afbf4c8996fb92427ae41e4649b934ca495991b7852b855"
"experiments/kernel_replay_v66_regression_maintenance/logs/V66_LIST_FILTER_REGRESSION_056.coqc.log","e3b0c44298fc1c149afbf4c8996fb92427ae41e4649b934ca495991b7852b855"
"experiments/kernel_replay_v66_regression_maintenance/logs/V66_LIST_FILTER_REGRESSION_057.coqc.log","e3b0c44298fc1c149afbf4c8996fb92427ae41e4649b934ca495991b7852b855"
"experiments/kernel_replay_v66_regression_maintenance/logs/V66_LIST_FILTER_REGRESSION_058.coqc.log","e3b0c44298fc1c149afbf4c8996fb92427ae41e4649b934ca495991b7852b855"
"experiments/kernel_replay_v66_regression_maintenance/logs/V66_LIST_FILTER_REGRESSION_059.coqc.log","e3b0c44298fc1c149afbf4c8996fb92427ae41e4649b934ca495991b7852b855"
"experiments/kernel_replay_v66_regression_maintenance/logs/V66_LIST_FILTER_REGRESSION_060.coqc.log","e3b0c44298fc1c149afbf4c8996fb92427ae41e4649b934ca495991b7852b855"
"experiments/kernel_replay_v66_regression_maintenance/logs/V66_LIST_MAP_REGRESSION_001.coqc.log","e3b0c44298fc1c149afbf4c8996fb92427ae41e4649b934ca495991b7852b855"
"experiments/kernel_replay_v66_regression_maintenance/logs/V66_LIST_MAP_REGRESSION_002.coqc.log","e3b0c44298fc1c149afbf4c8996fb92427ae41e4649b934ca495991b7852b855"
"experiments/kernel_replay_v66_regression_maintenance/logs/V66_LIST_MAP_REGRESSION_003.coqc.log","e3b0c44298fc1c149afbf4c8996fb92427ae41e4649b934ca495991b7852b855"
"experiments/kernel_replay_v66_regression_maintenance/logs/V66_LIST_MAP_REGRESSION_004.coqc.log","e3b0c44298fc1c149afbf4c8996fb92427ae41e4649b934ca495991b7852b855"
"experiments/kernel_replay_v66_regression_maintenance/logs/V66_LIST_MAP_REGRESSION_005.coqc.log","e3b0c44298fc1c149afbf4c8996fb92427ae41e4649b934ca495991b7852b855"
"experiments/kernel_replay_v66_regression_maintenance/logs/V66_LIST_MAP_REGRESSION_006.coqc.log","e3b0c44298fc1c149afbf4c8996fb92427ae41e4649b934ca495991b7852b855"
"experiments/kernel_replay_v66_regression_maintenance/logs/V66_LIST_MAP_REGRESSION_007.coqc.log","e3b0c44298fc1c149afbf4c8996fb92427ae41e4649b934ca495991b7852b855"
"experiments/kernel_replay_v66_regression_maintenance/logs/V66_LIST_MAP_REGRESSION_008.coqc.log","e3b0c44298fc1c149afbf4c8996fb92427ae41e4649b934ca495991b7852b855"
"experiments/kernel_replay_v66_regression_maintenance/logs/V66_LIST_MAP_REGRESSION_009.coqc.log","e3b0c44298fc1c149afbf4c8996fb92427ae41e4649b934ca495991b7852b855"
"experiments/kernel_replay_v66_regression_maintenance/logs/V66_LIST_MAP_REGRESSION_010.coqc.log","e3b0c44298fc1c149afbf4c8996fb92427ae41e4649b934ca495991b7852b855"
"experiments/kernel_replay_v66_regression_maintenance/logs/V66_LIST_MAP_REGRESSION_011.coqc.log","e3b0c44298fc1c149afbf4c8996fb92427ae41e4649b934ca495991b7852b855"
"experiments/kernel_replay_v66_regression_maintenance/logs/V66_LIST_MAP_REGRESSION_012.coqc.log","e3b0c44298fc1c149afbf4c8996fb92427ae41e4649b934ca495991b7852b855"
"experiments/kernel_replay_v66_regression_maintenance/logs/V66_LIST_MAP_REGRESSION_013.coqc.log","e3b0c44298fc1c149afbf4c8996fb92427ae41e4649b934ca495991b7852b855"
"experiments/kernel_replay_v66_regression_maintenance/logs/V66_LIST_MAP_REGRESSION_014.coqc.log","e3b0c44298fc1c149afbf4c8996fb92427ae41e4649b934ca495991b7852b855"
"experiments/kernel_replay_v66_regression_maintenance/logs/V66_LIST_MAP_REGRESSION_015.coqc.log","e3b0c44298fc1c149afbf4c8996fb92427ae41e4649b934ca495991b7852b855"
"experiments/kernel_replay_v66_regression_maintenance/logs/V66_LIST_MAP_REGRESSION_016.coqc.log","e3b0c44298fc1c149afbf4c8996fb92427ae41e4649b934ca495991b7852b855"
"experiments/kernel_replay_v66_regression_maintenance/logs/V66_LIST_MAP_REGRESSION_017.coqc.log","e3b0c44298fc1c149afbf4c8996fb92427ae41e4649b934ca495991b7852b855"
"experiments/kernel_replay_v66_regression_maintenance/logs/V66_LIST_MAP_REGRESSION_018.coqc.log","e3b0c44298fc1c149afbf4c8996fb92427ae41e4649b934ca495991b7852b855"
"experiments/kernel_replay_v66_regression_maintenance/logs/V66_LIST_MAP_REGRESSION_019.coqc.log","e3b0c44298fc1c149afbf4c8996fb92427ae41e4649b934ca495991b7852b855"
"experiments/kernel_replay_v66_regression_maintenance/logs/V66_LIST_MAP_REGRESSION_020.coqc.log","e3b0c44298fc1c149afbf4c8996fb92427ae41e4649b934ca495991b7852b855"
"experiments/kernel_replay_v66_regression_maintenance/logs/V66_LIST_MAP_REGRESSION_021.coqc.log","e3b0c44298fc1c149afbf4c8996fb92427ae41e4649b934ca495991b7852b855"
"experiments/kernel_replay_v66_regression_maintenance/logs/V66_LIST_MAP_REGRESSION_022.coqc.log","e3b0c44298fc1c149afbf4c8996fb92427ae41e4649b934ca495991b7852b855"
"experiments/kernel_replay_v66_regression_maintenance/logs/V66_LIST_MAP_REGRESSION_023.coqc.log","e3b0c44298fc1c149afbf4c8996fb92427ae41e4649b934ca495991b7852b855"
"experiments/kernel_replay_v66_regression_maintenance/logs/V66_LIST_MAP_REGRESSION_024.coqc.log","e3b0c44298fc1c149afbf4c8996fb92427ae41e4649b934ca495991b7852b855"
"experiments/kernel_replay_v66_regression_maintenance/logs/V66_LIST_MAP_REGRESSION_025.coqc.log","e3b0c44298fc1c149afbf4c8996fb92427ae41e4649b934ca495991b7852b855"
"experiments/kernel_replay_v66_regression_maintenance/logs/V66_LIST_MAP_REGRESSION_026.coqc.log","e3b0c44298fc1c149afbf4c8996fb92427ae41e4649b934ca495991b7852b855"
"experiments/kernel_replay_v66_regression_maintenance/logs/V66_LIST_MAP_REGRESSION_027.coqc.log","e3b0c44298fc1c149afbf4c8996fb92427ae41e4649b934ca495991b7852b855"
"experiments/kernel_replay_v66_regression_maintenance/logs/V66_LIST_MAP_REGRESSION_028.coqc.log","e3b0c44298fc1c149afbf4c8996fb92427ae41e4649b934ca495991b7852b855"
"experiments/kernel_replay_v66_regression_maintenance/logs/V66_LIST_MAP_REGRESSION_029.coqc.log","e3b0c44298fc1c149afbf4c8996fb92427ae41e4649b934ca495991b7852b855"
"experiments/kernel_replay_v66_regression_maintenance/logs/V66_LIST_MAP_REGRESSION_030.coqc.log","e3b0c44298fc1c149afbf4c8996fb92427ae41e4649b934ca495991b7852b855"
"experiments/kernel_replay_v66_regression_maintenance/logs/V66_LIST_MAP_REGRESSION_031.coqc.log","e3b0c44298fc1c149afbf4c8996fb92427ae41e4649b934ca495991b7852b855"
"experiments/kernel_replay_v66_regression_maintenance/logs/V66_LIST_MAP_REGRESSION_032.coqc.log","e3b0c44298fc1c149afbf4c8996fb92427ae41e4649b934ca495991b7852b855"
"experiments/kernel_replay_v66_regression_maintenance/logs/V66_LIST_MAP_REGRESSION_033.coqc.log","e3b0c44298fc1c149afbf4c8996fb92427ae41e4649b934ca495991b7852b855"
"experiments/kernel_replay_v66_regression_maintenance/logs/V66_LIST_MAP_REGRESSION_034.coqc.log","e3b0c44298fc1c149afbf4c8996fb92427ae41e4649b934ca495991b7852b855"
"experiments/kernel_replay_v66_regression_maintenance/logs/V66_LIST_MAP_REGRESSION_035.coqc.log","e3b0c44298fc1c149afbf4c8996fb92427ae41e4649b934ca495991b7852b855"
"experiments/kernel_replay_v66_regression_maintenance/logs/V66_LIST_MAP_REGRESSION_036.coqc.log","e3b0c44298fc1c149afbf4c8996fb92427ae41e4649b934ca495991b7852b855"
"experiments/kernel_replay_v66_regression_maintenance/logs/V66_LIST_MAP_REGRESSION_037.coqc.log","e3b0c44298fc1c149afbf4c8996fb92427ae41e4649b934ca495991b7852b855"
"experiments/kernel_replay_v66_regression_maintenance/logs/V66_LIST_MAP_REGRESSION_038.coqc.log","e3b0c44298fc1c149afbf4c8996fb92427ae41e4649b934ca495991b7852b855"
"experiments/kernel_replay_v66_regression_maintenance/logs/V66_LIST_MAP_REGRESSION_039.coqc.log","e3b0c44298fc1c149afbf4c8996fb92427ae41e4649b934ca495991b7852b855"
"experiments/kernel_replay_v66_regression_maintenance/logs/V66_LIST_MAP_REGRESSION_040.coqc.log","e3b0c44298fc1c149afbf4c8996fb92427ae41e4649b934ca495991b7852b855"
"experiments/kernel_replay_v66_regression_maintenance/logs/V66_LIST_MAP_REGRESSION_041.coqc.log","e3b0c44298fc1c149afbf4c8996fb92427ae41e4649b934ca495991b7852b855"
"experiments/kernel_replay_v66_regression_maintenance/logs/V66_LIST_MAP_REGRESSION_042.coqc.log","e3b0c44298fc1c149afbf4c8996fb92427ae41e4649b934ca495991b7852b855"
"experiments/kernel_replay_v66_regression_maintenance/logs/V66_LIST_MAP_REGRESSION_043.coqc.log","e3b0c44298fc1c149afbf4c8996fb92427ae41e4649b934ca495991b7852b855"
"experiments/kernel_replay_v66_regression_maintenance/logs/V66_LIST_MAP_REGRESSION_044.coqc.log","e3b0c44298fc1c149afbf4c8996fb92427ae41e4649b934ca495991b7852b855"
"experiments/kernel_replay_v66_regression_maintenance/logs/V66_LIST_MAP_REGRESSION_045.coqc.log","e3b0c44298fc1c149afbf4c8996fb92427ae41e4649b934ca495991b7852b855"
"experiments/kernel_replay_v66_regression_maintenance/logs/V66_LIST_MAP_REGRESSION_046.coqc.log","e3b0c44298fc1c149afbf4c8996fb92427ae41e4649b934ca495991b7852b855"
"experiments/kernel_replay_v66_regression_maintenance/logs/V66_LIST_MAP_REGRESSION_047.coqc.log","e3b0c44298fc1c149afbf4c8996fb92427ae41e4649b934ca495991b7852b855"
"experiments/kernel_replay_v66_regression_maintenance/logs/V66_LIST_MAP_REGRESSION_048.coqc.log","e3b0c44298fc1c149afbf4c8996fb92427ae41e4649b934ca495991b7852b855"
"experiments/kernel_replay_v66_regression_maintenance/logs/V66_LIST_MAP_REGRESSION_049.coqc.log","e3b0c44298fc1c149afbf4c8996fb92427ae41e4649b934ca495991b7852b855"
"experiments/kernel_replay_v66_regression_maintenance/logs/V66_LIST_MAP_REGRESSION_050.coqc.log","e3b0c44298fc1c149afbf4c8996fb92427ae41e4649b934ca495991b7852b855"
"experiments/kernel_replay_v66_regression_maintenance/logs/V66_LIST_MAP_REGRESSION_051.coqc.log","e3b0c44298fc1c149afbf4c8996fb92427ae41e4649b934ca495991b7852b855"
"experiments/kernel_replay_v66_regression_maintenance/logs/V66_LIST_MAP_REGRESSION_052.coqc.log","e3b0c44298fc1c149afbf4c8996fb92427ae41e4649b934ca495991b7852b855"
"experiments/kernel_replay_v66_regression_maintenance/logs/V66_LIST_MAP_REGRESSION_053.coqc.log","e3b0c44298fc1c149afbf4c8996fb92427ae41e4649b934ca495991b7852b855"
"experiments/kernel_replay_v66_regression_maintenance/logs/V66_LIST_MAP_REGRESSION_054.coqc.log","e3b0c44298fc1c149afbf4c8996fb92427ae41e4649b934ca495991b7852b855"
"experiments/kernel_replay_v66_regression_maintenance/logs/V66_LIST_MAP_REGRESSION_055.coqc.log","e3b0c44298fc1c149afbf4c8996fb92427ae41e4649b934ca495991b7852b855"
"experiments/kernel_replay_v66_regression_maintenance/logs/V66_LIST_MAP_REGRESSION_056.coqc.log","e3b0c44298fc1c149afbf4c8996fb92427ae41e4649b934ca495991b7852b855"
"experiments/kernel_replay_v66_regression_maintenance/logs/V66_LIST_MAP_REGRESSION_057.coqc.log","e3b0c44298fc1c149afbf4c8996fb92427ae41e4649b934ca495991b7852b855"
"experiments/kernel_replay_v66_regression_maintenance/logs/V66_LIST_MAP_REGRESSION_058.coqc.log","e3b0c44298fc1c149afbf4c8996fb92427ae41e4649b934ca495991b7852b855"
"experiments/kernel_replay_v66_regression_maintenance/logs/V66_LIST_MAP_REGRESSION_059.coqc.log","e3b0c44298fc1c149afbf4c8996fb92427ae41e4649b934ca495991b7852b855"
"experiments/kernel_replay_v66_regression_maintenance/logs/V66_LIST_MAP_REGRESSION_060.coqc.log","e3b0c44298fc1c149afbf4c8996fb92427ae41e4649b934ca495991b7852b855"
"experiments/kernel_replay_v66_regression_maintenance/logs/V66_NAT_REWRITE_MAINTENANCE_001.coqc.log","e3b0c44298fc1c149afbf4c8996fb92427ae41e4649b934ca495991b7852b855"
"experiments/kernel_replay_v66_regression_maintenance/logs/V66_NAT_REWRITE_MAINTENANCE_002.coqc.log","e3b0c44298fc1c149afbf4c8996fb92427ae41e4649b934ca495991b7852b855"
"experiments/kernel_replay_v66_regression_maintenance/logs/V66_NAT_REWRITE_MAINTENANCE_003.coqc.log","e3b0c44298fc1c149afbf4c8996fb92427ae41e4649b934ca495991b7852b855"
"experiments/kernel_replay_v66_regression_maintenance/logs/V66_NAT_REWRITE_MAINTENANCE_004.coqc.log","e3b0c44298fc1c149afbf4c8996fb92427ae41e4649b934ca495991b7852b855"
"experiments/kernel_replay_v66_regression_maintenance/logs/V66_NAT_REWRITE_MAINTENANCE_005.coqc.log","e3b0c44298fc1c149afbf4c8996fb92427ae41e4649b934ca495991b7852b855"
"experiments/kernel_replay_v66_regression_maintenance/logs/V66_NAT_REWRITE_MAINTENANCE_006.coqc.log","e3b0c44298fc1c149afbf4c8996fb92427ae41e4649b934ca495991b7852b855"
"experiments/kernel_replay_v66_regression_maintenance/logs/V66_NAT_REWRITE_MAINTENANCE_007.coqc.log","e3b0c44298fc1c149afbf4c8996fb92427ae41e4649b934ca495991b7852b855"
"experiments/kernel_replay_v66_regression_maintenance/logs/V66_NAT_REWRITE_MAINTENANCE_008.coqc.log","e3b0c44298fc1c149afbf4c8996fb92427ae41e4649b934ca495991b7852b855"
"experiments/kernel_replay_v66_regression_maintenance/logs/V66_NAT_REWRITE_MAINTENANCE_009.coqc.log","e3b0c44298fc1c149afbf4c8996fb92427ae41e4649b934ca495991b7852b855"
"experiments/kernel_replay_v66_regression_maintenance/logs/V66_NAT_REWRITE_MAINTENANCE_010.coqc.log","e3b0c44298fc1c149afbf4c8996fb92427ae41e4649b934ca495991b7852b855"
"experiments/kernel_replay_v66_regression_maintenance/logs/V66_NAT_REWRITE_MAINTENANCE_011.coqc.log","e3b0c44298fc1c149afbf4c8996fb92427ae41e4649b934ca495991b7852b855"
"experiments/kernel_replay_v66_regression_maintenance/logs/V66_NAT_REWRITE_MAINTENANCE_012.coqc.log","e3b0c44298fc1c149afbf4c8996fb92427ae41e4649b934ca495991b7852b855"
"experiments/kernel_replay_v66_regression_maintenance/logs/V66_NAT_REWRITE_MAINTENANCE_013.coqc.log","e3b0c44298fc1c149afbf4c8996fb92427ae41e4649b934ca495991b7852b855"
"experiments/kernel_replay_v66_regression_maintenance/logs/V66_NAT_REWRITE_MAINTENANCE_014.coqc.log","e3b0c44298fc1c149afbf4c8996fb92427ae41e4649b934ca495991b7852b855"
"experiments/kernel_replay_v66_regression_maintenance/logs/V66_NAT_REWRITE_MAINTENANCE_015.coqc.log","e3b0c44298fc1c149afbf4c8996fb92427ae41e4649b934ca495991b7852b855"
"experiments/kernel_replay_v66_regression_maintenance/logs/V66_NAT_REWRITE_MAINTENANCE_016.coqc.log","e3b0c44298fc1c149afbf4c8996fb92427ae41e4649b934ca495991b7852b855"
"experiments/kernel_replay_v66_regression_maintenance/logs/V66_NAT_REWRITE_MAINTENANCE_017.coqc.log","e3b0c44298fc1c149afbf4c8996fb92427ae41e4649b934ca495991b7852b855"
"experiments/kernel_replay_v66_regression_maintenance/logs/V66_NAT_REWRITE_MAINTENANCE_018.coqc.log","e3b0c44298fc1c149afbf4c8996fb92427ae41e4649b934ca495991b7852b855"
"experiments/kernel_replay_v66_regression_maintenance/logs/V66_NAT_REWRITE_MAINTENANCE_019.coqc.log","e3b0c44298fc1c149afbf4c8996fb92427ae41e4649b934ca495991b7852b855"
"experiments/kernel_replay_v66_regression_maintenance/logs/V66_NAT_REWRITE_MAINTENANCE_020.coqc.log","e3b0c44298fc1c149afbf4c8996fb92427ae41e4649b934ca495991b7852b855"
"experiments/kernel_replay_v66_regression_maintenance/logs/V66_NAT_REWRITE_MAINTENANCE_021.coqc.log","e3b0c44298fc1c149afbf4c8996fb92427ae41e4649b934ca495991b7852b855"
"experiments/kernel_replay_v66_regression_maintenance/logs/V66_NAT_REWRITE_MAINTENANCE_022.coqc.log","e3b0c44298fc1c149afbf4c8996fb92427ae41e4649b934ca495991b7852b855"
"experiments/kernel_replay_v66_regression_maintenance/logs/V66_NAT_REWRITE_MAINTENANCE_023.coqc.log","e3b0c44298fc1c149afbf4c8996fb92427ae41e4649b934ca495991b7852b855"
"experiments/kernel_replay_v66_regression_maintenance/logs/V66_NAT_REWRITE_MAINTENANCE_024.coqc.log","e3b0c44298fc1c149afbf4c8996fb92427ae41e4649b934ca495991b7852b855"
"experiments/kernel_replay_v66_regression_maintenance/logs/V66_NAT_REWRITE_MAINTENANCE_025.coqc.log","e3b0c44298fc1c149afbf4c8996fb92427ae41e4649b934ca495991b7852b855"
"experiments/kernel_replay_v66_regression_maintenance/logs/V66_NAT_REWRITE_MAINTENANCE_026.coqc.log","e3b0c44298fc1c149afbf4c8996fb92427ae41e4649b934ca495991b7852b855"
"experiments/kernel_replay_v66_regression_maintenance/logs/V66_NAT_REWRITE_MAINTENANCE_027.coqc.log","e3b0c44298fc1c149afbf4c8996fb92427ae41e4649b934ca495991b7852b855"
"experiments/kernel_replay_v66_regression_maintenance/logs/V66_NAT_REWRITE_MAINTENANCE_028.coqc.log","e3b0c44298fc1c149afbf4c8996fb92427ae41e4649b934ca495991b7852b855"
"experiments/kernel_replay_v66_regression_maintenance/logs/V66_NAT_REWRITE_MAINTENANCE_029.coqc.log","e3b0c44298fc1c149afbf4c8996fb92427ae41e4649b934ca495991b7852b855"
"experiments/kernel_replay_v66_regression_maintenance/logs/V66_NAT_REWRITE_MAINTENANCE_030.coqc.log","e3b0c44298fc1c149afbf4c8996fb92427ae41e4649b934ca495991b7852b855"
"experiments/kernel_replay_v66_regression_maintenance/logs/V66_NAT_REWRITE_MAINTENANCE_031.coqc.log","e3b0c44298fc1c149afbf4c8996fb92427ae41e4649b934ca495991b7852b855"
"experiments/kernel_replay_v66_regression_maintenance/logs/V66_NAT_REWRITE_MAINTENANCE_032.coqc.log","e3b0c44298fc1c149afbf4c8996fb92427ae41e4649b934ca495991b7852b855"
"experiments/kernel_replay_v66_regression_maintenance/logs/V66_NAT_REWRITE_MAINTENANCE_033.coqc.log","e3b0c44298fc1c149afbf4c8996fb92427ae41e4649b934ca495991b7852b855"
"experiments/kernel_replay_v66_regression_maintenance/logs/V66_NAT_REWRITE_MAINTENANCE_034.coqc.log","e3b0c44298fc1c149afbf4c8996fb92427ae41e4649b934ca495991b7852b855"
"experiments/kernel_replay_v66_regression_maintenance/logs/V66_NAT_REWRITE_MAINTENANCE_035.coqc.log","e3b0c44298fc1c149afbf4c8996fb92427ae41e4649b934ca495991b7852b855"
"experiments/kernel_replay_v66_regression_maintenance/logs/V66_NAT_REWRITE_MAINTENANCE_036.coqc.log","e3b0c44298fc1c149afbf4c8996fb92427ae41e4649b934ca495991b7852b855"
"experiments/kernel_replay_v66_regression_maintenance/logs/V66_NAT_REWRITE_MAINTENANCE_037.coqc.log","e3b0c44298fc1c149afbf4c8996fb92427ae41e4649b934ca495991b7852b855"
"experiments/kernel_replay_v66_regression_maintenance/logs/V66_NAT_REWRITE_MAINTENANCE_038.coqc.log","e3b0c44298fc1c149afbf4c8996fb92427ae41e4649b934ca495991b7852b855"
"experiments/kernel_replay_v66_regression_maintenance/logs/V66_NAT_REWRITE_MAINTENANCE_039.coqc.log","e3b0c44298fc1c149afbf4c8996fb92427ae41e4649b934ca495991b7852b855"
"experiments/kernel_replay_v66_regression_maintenance/logs/V66_NAT_REWRITE_MAINTENANCE_040.coqc.log","e3b0c44298fc1c149afbf4c8996fb92427ae41e4649b934ca495991b7852b855"
"experiments/kernel_replay_v66_regression_maintenance/logs/V66_NAT_REWRITE_MAINTENANCE_041.coqc.log","e3b0c44298fc1c149afbf4c8996fb92427ae41e4649b934ca495991b7852b855"
"experiments/kernel_replay_v66_regression_maintenance/logs/V66_NAT_REWRITE_MAINTENANCE_042.coqc.log","e3b0c44298fc1c149afbf4c8996fb92427ae41e4649b934ca495991b7852b855"
"experiments/kernel_replay_v66_regression_maintenance/logs/V66_NAT_REWRITE_MAINTENANCE_043.coqc.log","e3b0c44298fc1c149afbf4c8996fb92427ae41e4649b934ca495991b7852b855"
"experiments/kernel_replay_v66_regression_maintenance/logs/V66_NAT_REWRITE_MAINTENANCE_044.coqc.log","e3b0c44298fc1c149afbf4c8996fb92427ae41e4649b934ca495991b7852b855"
"experiments/kernel_replay_v66_regression_maintenance/logs/V66_NAT_REWRITE_MAINTENANCE_045.coqc.log","e3b0c44298fc1c149afbf4c8996fb92427ae41e4649b934ca495991b7852b855"
"experiments/kernel_replay_v66_regression_maintenance/logs/V66_NAT_REWRITE_MAINTENANCE_046.coqc.log","e3b0c44298fc1c149afbf4c8996fb92427ae41e4649b934ca495991b7852b855"
"experiments/kernel_replay_v66_regression_maintenance/logs/V66_NAT_REWRITE_MAINTENANCE_047.coqc.log","e3b0c44298fc1c149afbf4c8996fb92427ae41e4649b934ca495991b7852b855"
"experiments/kernel_replay_v66_regression_maintenance/logs/V66_NAT_REWRITE_MAINTENANCE_048.coqc.log","e3b0c44298fc1c149afbf4c8996fb92427ae41e4649b934ca495991b7852b855"
"experiments/kernel_replay_v66_regression_maintenance/logs/V66_NAT_REWRITE_MAINTENANCE_049.coqc.log","e3b0c44298fc1c149afbf4c8996fb92427ae41e4649b934ca495991b7852b855"
"experiments/kernel_replay_v66_regression_maintenance/logs/V66_NAT_REWRITE_MAINTENANCE_050.coqc.log","e3b0c44298fc1c149afbf4c8996fb92427ae41e4649b934ca495991b7852b855"
"experiments/kernel_replay_v66_regression_maintenance/logs/V66_NAT_REWRITE_MAINTENANCE_051.coqc.log","e3b0c44298fc1c149afbf4c8996fb92427ae41e4649b934ca495991b7852b855"
"experiments/kernel_replay_v66_regression_maintenance/logs/V66_NAT_REWRITE_MAINTENANCE_052.coqc.log","e3b0c44298fc1c149afbf4c8996fb92427ae41e4649b934ca495991b7852b855"
"experiments/kernel_replay_v66_regression_maintenance/logs/V66_NAT_REWRITE_MAINTENANCE_053.coqc.log","e3b0c44298fc1c149afbf4c8996fb92427ae41e4649b934ca495991b7852b855"
"experiments/kernel_replay_v66_regression_maintenance/logs/V66_NAT_REWRITE_MAINTENANCE_054.coqc.log","e3b0c44298fc1c149afbf4c8996fb92427ae41e4649b934ca495991b7852b855"
"experiments/kernel_replay_v66_regression_maintenance/logs/V66_NAT_REWRITE_MAINTENANCE_055.coqc.log","e3b0c44298fc1c149afbf4c8996fb92427ae41e4649b934ca495991b7852b855"
"experiments/kernel_replay_v66_regression_maintenance/logs/V66_NAT_REWRITE_MAINTENANCE_056.coqc.log","e3b0c44298fc1c149afbf4c8996fb92427ae41e4649b934ca495991b7852b855"
"experiments/kernel_replay_v66_regression_maintenance/logs/V66_NAT_REWRITE_MAINTENANCE_057.coqc.log","e3b0c44298fc1c149afbf4c8996fb92427ae41e4649b934ca495991b7852b855"
"experiments/kernel_replay_v66_regression_maintenance/logs/V66_NAT_REWRITE_MAINTENANCE_058.coqc.log","e3b0c44298fc1c149afbf4c8996fb92427ae41e4649b934ca495991b7852b855"
"experiments/kernel_replay_v66_regression_maintenance/logs/V66_NAT_REWRITE_MAINTENANCE_059.coqc.log","e3b0c44298fc1c149afbf4c8996fb92427ae41e4649b934ca495991b7852b855"
"experiments/kernel_replay_v66_regression_maintenance/logs/V66_NAT_REWRITE_MAINTENANCE_060.coqc.log","e3b0c44298fc1c149afbf4c8996fb92427ae41e4649b934ca495991b7852b855"
"experiments/kernel_replay_v66_regression_maintenance/logs/V66_OPTION_MAINTENANCE_001.coqc.log","e3b0c44298fc1c149afbf4c8996fb92427ae41e4649b934ca495991b7852b855"
"experiments/kernel_replay_v66_regression_maintenance/logs/V66_OPTION_MAINTENANCE_002.coqc.log","e3b0c44298fc1c149afbf4c8996fb92427ae41e4649b934ca495991b7852b855"
"experiments/kernel_replay_v66_regression_maintenance/logs/V66_OPTION_MAINTENANCE_003.coqc.log","e3b0c44298fc1c149afbf4c8996fb92427ae41e4649b934ca495991b7852b855"
"experiments/kernel_replay_v66_regression_maintenance/logs/V66_OPTION_MAINTENANCE_004.coqc.log","e3b0c44298fc1c149afbf4c8996fb92427ae41e4649b934ca495991b7852b855"
"experiments/kernel_replay_v66_regression_maintenance/logs/V66_OPTION_MAINTENANCE_005.coqc.log","e3b0c44298fc1c149afbf4c8996fb92427ae41e4649b934ca495991b7852b855"
"experiments/kernel_replay_v66_regression_maintenance/logs/V66_OPTION_MAINTENANCE_006.coqc.log","e3b0c44298fc1c149afbf4c8996fb92427ae41e4649b934ca495991b7852b855"
"experiments/kernel_replay_v66_regression_maintenance/logs/V66_OPTION_MAINTENANCE_007.coqc.log","e3b0c44298fc1c149afbf4c8996fb92427ae41e4649b934ca495991b7852b855"
"experiments/kernel_replay_v66_regression_maintenance/logs/V66_OPTION_MAINTENANCE_008.coqc.log","e3b0c44298fc1c149afbf4c8996fb92427ae41e4649b934ca495991b7852b855"
"experiments/kernel_replay_v66_regression_maintenance/logs/V66_OPTION_MAINTENANCE_009.coqc.log","e3b0c44298fc1c149afbf4c8996fb92427ae41e4649b934ca495991b7852b855"
"experiments/kernel_replay_v66_regression_maintenance/logs/V66_OPTION_MAINTENANCE_010.coqc.log","e3b0c44298fc1c149afbf4c8996fb92427ae41e4649b934ca495991b7852b855"
"experiments/kernel_replay_v66_regression_maintenance/logs/V66_OPTION_MAINTENANCE_011.coqc.log","e3b0c44298fc1c149afbf4c8996fb92427ae41e4649b934ca495991b7852b855"
"experiments/kernel_replay_v66_regression_maintenance/logs/V66_OPTION_MAINTENANCE_012.coqc.log","e3b0c44298fc1c149afbf4c8996fb92427ae41e4649b934ca495991b7852b855"
"experiments/kernel_replay_v66_regression_maintenance/logs/V66_OPTION_MAINTENANCE_013.coqc.log","e3b0c44298fc1c149afbf4c8996fb92427ae41e4649b934ca495991b7852b855"
"experiments/kernel_replay_v66_regression_maintenance/logs/V66_OPTION_MAINTENANCE_014.coqc.log","e3b0c44298fc1c149afbf4c8996fb92427ae41e4649b934ca495991b7852b855"
"experiments/kernel_replay_v66_regression_maintenance/logs/V66_OPTION_MAINTENANCE_015.coqc.log","e3b0c44298fc1c149afbf4c8996fb92427ae41e4649b934ca495991b7852b855"
"experiments/kernel_replay_v66_regression_maintenance/logs/V66_OPTION_MAINTENANCE_016.coqc.log","e3b0c44298fc1c149afbf4c8996fb92427ae41e4649b934ca495991b7852b855"
"experiments/kernel_replay_v66_regression_maintenance/logs/V66_OPTION_MAINTENANCE_017.coqc.log","e3b0c44298fc1c149afbf4c8996fb92427ae41e4649b934ca495991b7852b855"
"experiments/kernel_replay_v66_regression_maintenance/logs/V66_OPTION_MAINTENANCE_018.coqc.log","e3b0c44298fc1c149afbf4c8996fb92427ae41e4649b934ca495991b7852b855"
"experiments/kernel_replay_v66_regression_maintenance/logs/V66_OPTION_MAINTENANCE_019.coqc.log","e3b0c44298fc1c149afbf4c8996fb92427ae41e4649b934ca495991b7852b855"
"experiments/kernel_replay_v66_regression_maintenance/logs/V66_OPTION_MAINTENANCE_020.coqc.log","e3b0c44298fc1c149afbf4c8996fb92427ae41e4649b934ca495991b7852b855"
"experiments/kernel_replay_v66_regression_maintenance/logs/V66_OPTION_MAINTENANCE_021.coqc.log","e3b0c44298fc1c149afbf4c8996fb92427ae41e4649b934ca495991b7852b855"
"experiments/kernel_replay_v66_regression_maintenance/logs/V66_OPTION_MAINTENANCE_022.coqc.log","e3b0c44298fc1c149afbf4c8996fb92427ae41e4649b934ca495991b7852b855"
"experiments/kernel_replay_v66_regression_maintenance/logs/V66_OPTION_MAINTENANCE_023.coqc.log","e3b0c44298fc1c149afbf4c8996fb92427ae41e4649b934ca495991b7852b855"
"experiments/kernel_replay_v66_regression_maintenance/logs/V66_OPTION_MAINTENANCE_024.coqc.log","e3b0c44298fc1c149afbf4c8996fb92427ae41e4649b934ca495991b7852b855"
"experiments/kernel_replay_v66_regression_maintenance/logs/V66_OPTION_MAINTENANCE_025.coqc.log","e3b0c44298fc1c149afbf4c8996fb92427ae41e4649b934ca495991b7852b855"
"experiments/kernel_replay_v66_regression_maintenance/logs/V66_OPTION_MAINTENANCE_026.coqc.log","e3b0c44298fc1c149afbf4c8996fb92427ae41e4649b934ca495991b7852b855"
"experiments/kernel_replay_v66_regression_maintenance/logs/V66_OPTION_MAINTENANCE_027.coqc.log","e3b0c44298fc1c149afbf4c8996fb92427ae41e4649b934ca495991b7852b855"
"experiments/kernel_replay_v66_regression_maintenance/logs/V66_OPTION_MAINTENANCE_028.coqc.log","e3b0c44298fc1c149afbf4c8996fb92427ae41e4649b934ca495991b7852b855"
"experiments/kernel_replay_v66_regression_maintenance/logs/V66_OPTION_MAINTENANCE_029.coqc.log","e3b0c44298fc1c149afbf4c8996fb92427ae41e4649b934ca495991b7852b855"
"experiments/kernel_replay_v66_regression_maintenance/logs/V66_OPTION_MAINTENANCE_030.coqc.log","e3b0c44298fc1c149afbf4c8996fb92427ae41e4649b934ca495991b7852b855"
"experiments/kernel_replay_v66_regression_maintenance/logs/V66_OPTION_MAINTENANCE_031.coqc.log","e3b0c44298fc1c149afbf4c8996fb92427ae41e4649b934ca495991b7852b855"
"experiments/kernel_replay_v66_regression_maintenance/logs/V66_OPTION_MAINTENANCE_032.coqc.log","e3b0c44298fc1c149afbf4c8996fb92427ae41e4649b934ca495991b7852b855"
"experiments/kernel_replay_v66_regression_maintenance/logs/V66_OPTION_MAINTENANCE_033.coqc.log","e3b0c44298fc1c149afbf4c8996fb92427ae41e4649b934ca495991b7852b855"
"experiments/kernel_replay_v66_regression_maintenance/logs/V66_OPTION_MAINTENANCE_034.coqc.log","e3b0c44298fc1c149afbf4c8996fb92427ae41e4649b934ca495991b7852b855"
"experiments/kernel_replay_v66_regression_maintenance/logs/V66_OPTION_MAINTENANCE_035.coqc.log","e3b0c44298fc1c149afbf4c8996fb92427ae41e4649b934ca495991b7852b855"
"experiments/kernel_replay_v66_regression_maintenance/logs/V66_OPTION_MAINTENANCE_036.coqc.log","e3b0c44298fc1c149afbf4c8996fb92427ae41e4649b934ca495991b7852b855"
"experiments/kernel_replay_v66_regression_maintenance/logs/V66_OPTION_MAINTENANCE_037.coqc.log","e3b0c44298fc1c149afbf4c8996fb92427ae41e4649b934ca495991b7852b855"
"experiments/kernel_replay_v66_regression_maintenance/logs/V66_OPTION_MAINTENANCE_038.coqc.log","e3b0c44298fc1c149afbf4c8996fb92427ae41e4649b934ca495991b7852b855"
"experiments/kernel_replay_v66_regression_maintenance/logs/V66_OPTION_MAINTENANCE_039.coqc.log","e3b0c44298fc1c149afbf4c8996fb92427ae41e4649b934ca495991b7852b855"
"experiments/kernel_replay_v66_regression_maintenance/logs/V66_OPTION_MAINTENANCE_040.coqc.log","e3b0c44298fc1c149afbf4c8996fb92427ae41e4649b934ca495991b7852b855"
"experiments/kernel_replay_v66_regression_maintenance/logs/V66_OPTION_MAINTENANCE_041.coqc.log","e3b0c44298fc1c149afbf4c8996fb92427ae41e4649b934ca495991b7852b855"
"experiments/kernel_replay_v66_regression_maintenance/logs/V66_OPTION_MAINTENANCE_042.coqc.log","e3b0c44298fc1c149afbf4c8996fb92427ae41e4649b934ca495991b7852b855"
"experiments/kernel_replay_v66_regression_maintenance/logs/V66_OPTION_MAINTENANCE_043.coqc.log","e3b0c44298fc1c149afbf4c8996fb92427ae41e4649b934ca495991b7852b855"
"experiments/kernel_replay_v66_regression_maintenance/logs/V66_OPTION_MAINTENANCE_044.coqc.log","e3b0c44298fc1c149afbf4c8996fb92427ae41e4649b934ca495991b7852b855"
"experiments/kernel_replay_v66_regression_maintenance/logs/V66_OPTION_MAINTENANCE_045.coqc.log","e3b0c44298fc1c149afbf4c8996fb92427ae41e4649b934ca495991b7852b855"
"experiments/kernel_replay_v66_regression_maintenance/logs/V66_OPTION_MAINTENANCE_046.coqc.log","e3b0c44298fc1c149afbf4c8996fb92427ae41e4649b934ca495991b7852b855"
"experiments/kernel_replay_v66_regression_maintenance/logs/V66_OPTION_MAINTENANCE_047.coqc.log","e3b0c44298fc1c149afbf4c8996fb92427ae41e4649b934ca495991b7852b855"
"experiments/kernel_replay_v66_regression_maintenance/logs/V66_OPTION_MAINTENANCE_048.coqc.log","e3b0c44298fc1c149afbf4c8996fb92427ae41e4649b934ca495991b7852b855"
"experiments/kernel_replay_v66_regression_maintenance/logs/V66_OPTION_MAINTENANCE_049.coqc.log","e3b0c44298fc1c149afbf4c8996fb92427ae41e4649b934ca495991b7852b855"
"experiments/kernel_replay_v66_regression_maintenance/logs/V66_OPTION_MAINTENANCE_050.coqc.log","e3b0c44298fc1c149afbf4c8996fb92427ae41e4649b934ca495991b7852b855"
"experiments/kernel_replay_v66_regression_maintenance/logs/V66_OPTION_MAINTENANCE_051.coqc.log","e3b0c44298fc1c149afbf4c8996fb92427ae41e4649b934ca495991b7852b855"
"experiments/kernel_replay_v66_regression_maintenance/logs/V66_OPTION_MAINTENANCE_052.coqc.log","e3b0c44298fc1c149afbf4c8996fb92427ae41e4649b934ca495991b7852b855"
"experiments/kernel_replay_v66_regression_maintenance/logs/V66_OPTION_MAINTENANCE_053.coqc.log","e3b0c44298fc1c149afbf4c8996fb92427ae41e4649b934ca495991b7852b855"
"experiments/kernel_replay_v66_regression_maintenance/logs/V66_OPTION_MAINTENANCE_054.coqc.log","e3b0c44298fc1c149afbf4c8996fb92427ae41e4649b934ca495991b7852b855"
"experiments/kernel_replay_v66_regression_maintenance/logs/V66_OPTION_MAINTENANCE_055.coqc.log","e3b0c44298fc1c149afbf4c8996fb92427ae41e4649b934ca495991b7852b855"
"experiments/kernel_replay_v66_regression_maintenance/logs/V66_OPTION_MAINTENANCE_056.coqc.log","e3b0c44298fc1c149afbf4c8996fb92427ae41e4649b934ca495991b7852b855"
"experiments/kernel_replay_v66_regression_maintenance/logs/V66_OPTION_MAINTENANCE_057.coqc.log","e3b0c44298fc1c149afbf4c8996fb92427ae41e4649b934ca495991b7852b855"
"experiments/kernel_replay_v66_regression_maintenance/logs/V66_OPTION_MAINTENANCE_058.coqc.log","e3b0c44298fc1c149afbf4c8996fb92427ae41e4649b934ca495991b7852b855"
"experiments/kernel_replay_v66_regression_maintenance/logs/V66_OPTION_MAINTENANCE_059.coqc.log","e3b0c44298fc1c149afbf4c8996fb92427ae41e4649b934ca495991b7852b855"
"experiments/kernel_replay_v66_regression_maintenance/logs/V66_OPTION_MAINTENANCE_060.coqc.log","e3b0c44298fc1c149afbf4c8996fb92427ae41e4649b934ca495991b7852b855"
"experiments/kernel_replay_v66_regression_maintenance/logs/V66_PAIR_MIGRATION_001.coqc.log","e3b0c44298fc1c149afbf4c8996fb92427ae41e4649b934ca495991b7852b855"
"experiments/kernel_replay_v66_regression_maintenance/logs/V66_PAIR_MIGRATION_002.coqc.log","e3b0c44298fc1c149afbf4c8996fb92427ae41e4649b934ca495991b7852b855"
"experiments/kernel_replay_v66_regression_maintenance/logs/V66_PAIR_MIGRATION_003.coqc.log","e3b0c44298fc1c149afbf4c8996fb92427ae41e4649b934ca495991b7852b855"
"experiments/kernel_replay_v66_regression_maintenance/logs/V66_PAIR_MIGRATION_004.coqc.log","e3b0c44298fc1c149afbf4c8996fb92427ae41e4649b934ca495991b7852b855"
"experiments/kernel_replay_v66_regression_maintenance/logs/V66_PAIR_MIGRATION_005.coqc.log","e3b0c44298fc1c149afbf4c8996fb92427ae41e4649b934ca495991b7852b855"
"experiments/kernel_replay_v66_regression_maintenance/logs/V66_PAIR_MIGRATION_006.coqc.log","e3b0c44298fc1c149afbf4c8996fb92427ae41e4649b934ca495991b7852b855"
"experiments/kernel_replay_v66_regression_maintenance/logs/V66_PAIR_MIGRATION_007.coqc.log","e3b0c44298fc1c149afbf4c8996fb92427ae41e4649b934ca495991b7852b855"
"experiments/kernel_replay_v66_regression_maintenance/logs/V66_PAIR_MIGRATION_008.coqc.log","e3b0c44298fc1c149afbf4c8996fb92427ae41e4649b934ca495991b7852b855"
"experiments/kernel_replay_v66_regression_maintenance/logs/V66_PAIR_MIGRATION_009.coqc.log","e3b0c44298fc1c149afbf4c8996fb92427ae41e4649b934ca495991b7852b855"
"experiments/kernel_replay_v66_regression_maintenance/logs/V66_PAIR_MIGRATION_010.coqc.log","e3b0c44298fc1c149afbf4c8996fb92427ae41e4649b934ca495991b7852b855"
"experiments/kernel_replay_v66_regression_maintenance/logs/V66_PAIR_MIGRATION_011.coqc.log","e3b0c44298fc1c149afbf4c8996fb92427ae41e4649b934ca495991b7852b855"
"experiments/kernel_replay_v66_regression_maintenance/logs/V66_PAIR_MIGRATION_012.coqc.log","e3b0c44298fc1c149afbf4c8996fb92427ae41e4649b934ca495991b7852b855"
"experiments/kernel_replay_v66_regression_maintenance/logs/V66_PAIR_MIGRATION_013.coqc.log","e3b0c44298fc1c149afbf4c8996fb92427ae41e4649b934ca495991b7852b855"
"experiments/kernel_replay_v66_regression_maintenance/logs/V66_PAIR_MIGRATION_014.coqc.log","e3b0c44298fc1c149afbf4c8996fb92427ae41e4649b934ca495991b7852b855"
"experiments/kernel_replay_v66_regression_maintenance/logs/V66_PAIR_MIGRATION_015.coqc.log","e3b0c44298fc1c149afbf4c8996fb92427ae41e4649b934ca495991b7852b855"
"experiments/kernel_replay_v66_regression_maintenance/logs/V66_PAIR_MIGRATION_016.coqc.log","e3b0c44298fc1c149afbf4c8996fb92427ae41e4649b934ca495991b7852b855"
"experiments/kernel_replay_v66_regression_maintenance/logs/V66_PAIR_MIGRATION_017.coqc.log","e3b0c44298fc1c149afbf4c8996fb92427ae41e4649b934ca495991b7852b855"
"experiments/kernel_replay_v66_regression_maintenance/logs/V66_PAIR_MIGRATION_018.coqc.log","e3b0c44298fc1c149afbf4c8996fb92427ae41e4649b934ca495991b7852b855"
"experiments/kernel_replay_v66_regression_maintenance/logs/V66_PAIR_MIGRATION_019.coqc.log","e3b0c44298fc1c149afbf4c8996fb92427ae41e4649b934ca495991b7852b855"
"experiments/kernel_replay_v66_regression_maintenance/logs/V66_PAIR_MIGRATION_020.coqc.log","e3b0c44298fc1c149afbf4c8996fb92427ae41e4649b934ca495991b7852b855"
"experiments/kernel_replay_v66_regression_maintenance/logs/V66_PAIR_MIGRATION_021.coqc.log","e3b0c44298fc1c149afbf4c8996fb92427ae41e4649b934ca495991b7852b855"
"experiments/kernel_replay_v66_regression_maintenance/logs/V66_PAIR_MIGRATION_022.coqc.log","e3b0c44298fc1c149afbf4c8996fb92427ae41e4649b934ca495991b7852b855"
"experiments/kernel_replay_v66_regression_maintenance/logs/V66_PAIR_MIGRATION_023.coqc.log","e3b0c44298fc1c149afbf4c8996fb92427ae41e4649b934ca495991b7852b855"
"experiments/kernel_replay_v66_regression_maintenance/logs/V66_PAIR_MIGRATION_024.coqc.log","e3b0c44298fc1c149afbf4c8996fb92427ae41e4649b934ca495991b7852b855"
"experiments/kernel_replay_v66_regression_maintenance/logs/V66_PAIR_MIGRATION_025.coqc.log","e3b0c44298fc1c149afbf4c8996fb92427ae41e4649b934ca495991b7852b855"
"experiments/kernel_replay_v66_regression_maintenance/logs/V66_PAIR_MIGRATION_026.coqc.log","e3b0c44298fc1c149afbf4c8996fb92427ae41e4649b934ca495991b7852b855"
"experiments/kernel_replay_v66_regression_maintenance/logs/V66_PAIR_MIGRATION_027.coqc.log","e3b0c44298fc1c149afbf4c8996fb92427ae41e4649b934ca495991b7852b855"
"experiments/kernel_replay_v66_regression_maintenance/logs/V66_PAIR_MIGRATION_028.coqc.log","e3b0c44298fc1c149afbf4c8996fb92427ae41e4649b934ca495991b7852b855"
"experiments/kernel_replay_v66_regression_maintenance/logs/V66_PAIR_MIGRATION_029.coqc.log","e3b0c44298fc1c149afbf4c8996fb92427ae41e4649b934ca495991b7852b855"
"experiments/kernel_replay_v66_regression_maintenance/logs/V66_PAIR_MIGRATION_030.coqc.log","e3b0c44298fc1c149afbf4c8996fb92427ae41e4649b934ca495991b7852b855"
"experiments/kernel_replay_v66_regression_maintenance/logs/V66_PAIR_MIGRATION_031.coqc.log","e3b0c44298fc1c149afbf4c8996fb92427ae41e4649b934ca495991b7852b855"
"experiments/kernel_replay_v66_regression_maintenance/logs/V66_PAIR_MIGRATION_032.coqc.log","e3b0c44298fc1c149afbf4c8996fb92427ae41e4649b934ca495991b7852b855"
"experiments/kernel_replay_v66_regression_maintenance/logs/V66_PAIR_MIGRATION_033.coqc.log","e3b0c44298fc1c149afbf4c8996fb92427ae41e4649b934ca495991b7852b855"
"experiments/kernel_replay_v66_regression_maintenance/logs/V66_PAIR_MIGRATION_034.coqc.log","e3b0c44298fc1c149afbf4c8996fb92427ae41e4649b934ca495991b7852b855"
"experiments/kernel_replay_v66_regression_maintenance/logs/V66_PAIR_MIGRATION_035.coqc.log","e3b0c44298fc1c149afbf4c8996fb92427ae41e4649b934ca495991b7852b855"
"experiments/kernel_replay_v66_regression_maintenance/logs/V66_PAIR_MIGRATION_036.coqc.log","e3b0c44298fc1c149afbf4c8996fb92427ae41e4649b934ca495991b7852b855"
"experiments/kernel_replay_v66_regression_maintenance/logs/V66_PAIR_MIGRATION_037.coqc.log","e3b0c44298fc1c149afbf4c8996fb92427ae41e4649b934ca495991b7852b855"
"experiments/kernel_replay_v66_regression_maintenance/logs/V66_PAIR_MIGRATION_038.coqc.log","e3b0c44298fc1c149afbf4c8996fb92427ae41e4649b934ca495991b7852b855"
"experiments/kernel_replay_v66_regression_maintenance/logs/V66_PAIR_MIGRATION_039.coqc.log","e3b0c44298fc1c149afbf4c8996fb92427ae41e4649b934ca495991b7852b855"
"experiments/kernel_replay_v66_regression_maintenance/logs/V66_PAIR_MIGRATION_040.coqc.log","e3b0c44298fc1c149afbf4c8996fb92427ae41e4649b934ca495991b7852b855"
"experiments/kernel_replay_v66_regression_maintenance/logs/V66_PAIR_MIGRATION_041.coqc.log","e3b0c44298fc1c149afbf4c8996fb92427ae41e4649b934ca495991b7852b855"
"experiments/kernel_replay_v66_regression_maintenance/logs/V66_PAIR_MIGRATION_042.coqc.log","e3b0c44298fc1c149afbf4c8996fb92427ae41e4649b934ca495991b7852b855"
"experiments/kernel_replay_v66_regression_maintenance/logs/V66_PAIR_MIGRATION_043.coqc.log","e3b0c44298fc1c149afbf4c8996fb92427ae41e4649b934ca495991b7852b855"
"experiments/kernel_replay_v66_regression_maintenance/logs/V66_PAIR_MIGRATION_044.coqc.log","e3b0c44298fc1c149afbf4c8996fb92427ae41e4649b934ca495991b7852b855"
"experiments/kernel_replay_v66_regression_maintenance/logs/V66_PAIR_MIGRATION_045.coqc.log","e3b0c44298fc1c149afbf4c8996fb92427ae41e4649b934ca495991b7852b855"
"experiments/kernel_replay_v66_regression_maintenance/logs/V66_PAIR_MIGRATION_046.coqc.log","e3b0c44298fc1c149afbf4c8996fb92427ae41e4649b934ca495991b7852b855"
"experiments/kernel_replay_v66_regression_maintenance/logs/V66_PAIR_MIGRATION_047.coqc.log","e3b0c44298fc1c149afbf4c8996fb92427ae41e4649b934ca495991b7852b855"
"experiments/kernel_replay_v66_regression_maintenance/logs/V66_PAIR_MIGRATION_048.coqc.log","e3b0c44298fc1c149afbf4c8996fb92427ae41e4649b934ca495991b7852b855"
"experiments/kernel_replay_v66_regression_maintenance/logs/V66_PAIR_MIGRATION_049.coqc.log","e3b0c44298fc1c149afbf4c8996fb92427ae41e4649b934ca495991b7852b855"
"experiments/kernel_replay_v66_regression_maintenance/logs/V66_PAIR_MIGRATION_050.coqc.log","e3b0c44298fc1c149afbf4c8996fb92427ae41e4649b934ca495991b7852b855"
"experiments/kernel_replay_v66_regression_maintenance/logs/V66_PAIR_MIGRATION_051.coqc.log","e3b0c44298fc1c149afbf4c8996fb92427ae41e4649b934ca495991b7852b855"
"experiments/kernel_replay_v66_regression_maintenance/logs/V66_PAIR_MIGRATION_052.coqc.log","e3b0c44298fc1c149afbf4c8996fb92427ae41e4649b934ca495991b7852b855"
"experiments/kernel_replay_v66_regression_maintenance/logs/V66_PAIR_MIGRATION_053.coqc.log","e3b0c44298fc1c149afbf4c8996fb92427ae41e4649b934ca495991b7852b855"
"experiments/kernel_replay_v66_regression_maintenance/logs/V66_PAIR_MIGRATION_054.coqc.log","e3b0c44298fc1c149afbf4c8996fb92427ae41e4649b934ca495991b7852b855"
"experiments/kernel_replay_v66_regression_maintenance/logs/V66_PAIR_MIGRATION_055.coqc.log","e3b0c44298fc1c149afbf4c8996fb92427ae41e4649b934ca495991b7852b855"
"experiments/kernel_replay_v66_regression_maintenance/logs/V66_PAIR_MIGRATION_056.coqc.log","e3b0c44298fc1c149afbf4c8996fb92427ae41e4649b934ca495991b7852b855"
"experiments/kernel_replay_v66_regression_maintenance/logs/V66_PAIR_MIGRATION_057.coqc.log","e3b0c44298fc1c149afbf4c8996fb92427ae41e4649b934ca495991b7852b855"
"experiments/kernel_replay_v66_regression_maintenance/logs/V66_PAIR_MIGRATION_058.coqc.log","e3b0c44298fc1c149afbf4c8996fb92427ae41e4649b934ca495991b7852b855"
"experiments/kernel_replay_v66_regression_maintenance/logs/V66_PAIR_MIGRATION_059.coqc.log","e3b0c44298fc1c149afbf4c8996fb92427ae41e4649b934ca495991b7852b855"
"experiments/kernel_replay_v66_regression_maintenance/logs/V66_PAIR_MIGRATION_060.coqc.log","e3b0c44298fc1c149afbf4c8996fb92427ae41e4649b934ca495991b7852b855"
"experiments/kernel_replay_v66_regression_maintenance/logs/V66_RECORD_MIGRATION_001.coqc.log","e3b0c44298fc1c149afbf4c8996fb92427ae41e4649b934ca495991b7852b855"
"experiments/kernel_replay_v66_regression_maintenance/logs/V66_RECORD_MIGRATION_002.coqc.log","e3b0c44298fc1c149afbf4c8996fb92427ae41e4649b934ca495991b7852b855"
"experiments/kernel_replay_v66_regression_maintenance/logs/V66_RECORD_MIGRATION_003.coqc.log","e3b0c44298fc1c149afbf4c8996fb92427ae41e4649b934ca495991b7852b855"
"experiments/kernel_replay_v66_regression_maintenance/logs/V66_RECORD_MIGRATION_004.coqc.log","e3b0c44298fc1c149afbf4c8996fb92427ae41e4649b934ca495991b7852b855"
"experiments/kernel_replay_v66_regression_maintenance/logs/V66_RECORD_MIGRATION_005.coqc.log","e3b0c44298fc1c149afbf4c8996fb92427ae41e4649b934ca495991b7852b855"
"experiments/kernel_replay_v66_regression_maintenance/logs/V66_RECORD_MIGRATION_006.coqc.log","e3b0c44298fc1c149afbf4c8996fb92427ae41e4649b934ca495991b7852b855"
"experiments/kernel_replay_v66_regression_maintenance/logs/V66_RECORD_MIGRATION_007.coqc.log","e3b0c44298fc1c149afbf4c8996fb92427ae41e4649b934ca495991b7852b855"
"experiments/kernel_replay_v66_regression_maintenance/logs/V66_RECORD_MIGRATION_008.coqc.log","e3b0c44298fc1c149afbf4c8996fb92427ae41e4649b934ca495991b7852b855"
"experiments/kernel_replay_v66_regression_maintenance/logs/V66_RECORD_MIGRATION_009.coqc.log","e3b0c44298fc1c149afbf4c8996fb92427ae41e4649b934ca495991b7852b855"
"experiments/kernel_replay_v66_regression_maintenance/logs/V66_RECORD_MIGRATION_010.coqc.log","e3b0c44298fc1c149afbf4c8996fb92427ae41e4649b934ca495991b7852b855"
"experiments/kernel_replay_v66_regression_maintenance/logs/V66_RECORD_MIGRATION_011.coqc.log","e3b0c44298fc1c149afbf4c8996fb92427ae41e4649b934ca495991b7852b855"
"experiments/kernel_replay_v66_regression_maintenance/logs/V66_RECORD_MIGRATION_012.coqc.log","e3b0c44298fc1c149afbf4c8996fb92427ae41e4649b934ca495991b7852b855"
"experiments/kernel_replay_v66_regression_maintenance/logs/V66_RECORD_MIGRATION_013.coqc.log","e3b0c44298fc1c149afbf4c8996fb92427ae41e4649b934ca495991b7852b855"
"experiments/kernel_replay_v66_regression_maintenance/logs/V66_RECORD_MIGRATION_014.coqc.log","e3b0c44298fc1c149afbf4c8996fb92427ae41e4649b934ca495991b7852b855"
"experiments/kernel_replay_v66_regression_maintenance/logs/V66_RECORD_MIGRATION_015.coqc.log","e3b0c44298fc1c149afbf4c8996fb92427ae41e4649b934ca495991b7852b855"
"experiments/kernel_replay_v66_regression_maintenance/logs/V66_RECORD_MIGRATION_016.coqc.log","e3b0c44298fc1c149afbf4c8996fb92427ae41e4649b934ca495991b7852b855"
"experiments/kernel_replay_v66_regression_maintenance/logs/V66_RECORD_MIGRATION_017.coqc.log","e3b0c44298fc1c149afbf4c8996fb92427ae41e4649b934ca495991b7852b855"
"experiments/kernel_replay_v66_regression_maintenance/logs/V66_RECORD_MIGRATION_018.coqc.log","e3b0c44298fc1c149afbf4c8996fb92427ae41e4649b934ca495991b7852b855"
"experiments/kernel_replay_v66_regression_maintenance/logs/V66_RECORD_MIGRATION_019.coqc.log","e3b0c44298fc1c149afbf4c8996fb92427ae41e4649b934ca495991b7852b855"
"experiments/kernel_replay_v66_regression_maintenance/logs/V66_RECORD_MIGRATION_020.coqc.log","e3b0c44298fc1c149afbf4c8996fb92427ae41e4649b934ca495991b7852b855"
"experiments/kernel_replay_v66_regression_maintenance/logs/V66_RECORD_MIGRATION_021.coqc.log","e3b0c44298fc1c149afbf4c8996fb92427ae41e4649b934ca495991b7852b855"
"experiments/kernel_replay_v66_regression_maintenance/logs/V66_RECORD_MIGRATION_022.coqc.log","e3b0c44298fc1c149afbf4c8996fb92427ae41e4649b934ca495991b7852b855"
"experiments/kernel_replay_v66_regression_maintenance/logs/V66_RECORD_MIGRATION_023.coqc.log","e3b0c44298fc1c149afbf4c8996fb92427ae41e4649b934ca495991b7852b855"
"experiments/kernel_replay_v66_regression_maintenance/logs/V66_RECORD_MIGRATION_024.coqc.log","e3b0c44298fc1c149afbf4c8996fb92427ae41e4649b934ca495991b7852b855"
"experiments/kernel_replay_v66_regression_maintenance/logs/V66_RECORD_MIGRATION_025.coqc.log","e3b0c44298fc1c149afbf4c8996fb92427ae41e4649b934ca495991b7852b855"
"experiments/kernel_replay_v66_regression_maintenance/logs/V66_RECORD_MIGRATION_026.coqc.log","e3b0c44298fc1c149afbf4c8996fb92427ae41e4649b934ca495991b7852b855"
"experiments/kernel_replay_v66_regression_maintenance/logs/V66_RECORD_MIGRATION_027.coqc.log","e3b0c44298fc1c149afbf4c8996fb92427ae41e4649b934ca495991b7852b855"
"experiments/kernel_replay_v66_regression_maintenance/logs/V66_RECORD_MIGRATION_028.coqc.log","e3b0c44298fc1c149afbf4c8996fb92427ae41e4649b934ca495991b7852b855"
"experiments/kernel_replay_v66_regression_maintenance/logs/V66_RECORD_MIGRATION_029.coqc.log","e3b0c44298fc1c149afbf4c8996fb92427ae41e4649b934ca495991b7852b855"
"experiments/kernel_replay_v66_regression_maintenance/logs/V66_RECORD_MIGRATION_030.coqc.log","e3b0c44298fc1c149afbf4c8996fb92427ae41e4649b934ca495991b7852b855"
"experiments/kernel_replay_v66_regression_maintenance/logs/V66_RECORD_MIGRATION_031.coqc.log","e3b0c44298fc1c149afbf4c8996fb92427ae41e4649b934ca495991b7852b855"
"experiments/kernel_replay_v66_regression_maintenance/logs/V66_RECORD_MIGRATION_032.coqc.log","e3b0c44298fc1c149afbf4c8996fb92427ae41e4649b934ca495991b7852b855"
"experiments/kernel_replay_v66_regression_maintenance/logs/V66_RECORD_MIGRATION_033.coqc.log","e3b0c44298fc1c149afbf4c8996fb92427ae41e4649b934ca495991b7852b855"
"experiments/kernel_replay_v66_regression_maintenance/logs/V66_RECORD_MIGRATION_034.coqc.log","e3b0c44298fc1c149afbf4c8996fb92427ae41e4649b934ca495991b7852b855"
"experiments/kernel_replay_v66_regression_maintenance/logs/V66_RECORD_MIGRATION_035.coqc.log","e3b0c44298fc1c149afbf4c8996fb92427ae41e4649b934ca495991b7852b855"
"experiments/kernel_replay_v66_regression_maintenance/logs/V66_RECORD_MIGRATION_036.coqc.log","e3b0c44298fc1c149afbf4c8996fb92427ae41e4649b934ca495991b7852b855"
"experiments/kernel_replay_v66_regression_maintenance/logs/V66_RECORD_MIGRATION_037.coqc.log","e3b0c44298fc1c149afbf4c8996fb92427ae41e4649b934ca495991b7852b855"
"experiments/kernel_replay_v66_regression_maintenance/logs/V66_RECORD_MIGRATION_038.coqc.log","e3b0c44298fc1c149afbf4c8996fb92427ae41e4649b934ca495991b7852b855"
"experiments/kernel_replay_v66_regression_maintenance/logs/V66_RECORD_MIGRATION_039.coqc.log","e3b0c44298fc1c149afbf4c8996fb92427ae41e4649b934ca495991b7852b855"
"experiments/kernel_replay_v66_regression_maintenance/logs/V66_RECORD_MIGRATION_040.coqc.log","e3b0c44298fc1c149afbf4c8996fb92427ae41e4649b934ca495991b7852b855"
"experiments/kernel_replay_v66_regression_maintenance/logs/V66_RECORD_MIGRATION_041.coqc.log","e3b0c44298fc1c149afbf4c8996fb92427ae41e4649b934ca495991b7852b855"
"experiments/kernel_replay_v66_regression_maintenance/logs/V66_RECORD_MIGRATION_042.coqc.log","e3b0c44298fc1c149afbf4c8996fb92427ae41e4649b934ca495991b7852b855"
"experiments/kernel_replay_v66_regression_maintenance/logs/V66_RECORD_MIGRATION_043.coqc.log","e3b0c44298fc1c149afbf4c8996fb92427ae41e4649b934ca495991b7852b855"
"experiments/kernel_replay_v66_regression_maintenance/logs/V66_RECORD_MIGRATION_044.coqc.log","e3b0c44298fc1c149afbf4c8996fb92427ae41e4649b934ca495991b7852b855"
"experiments/kernel_replay_v66_regression_maintenance/logs/V66_RECORD_MIGRATION_045.coqc.log","e3b0c44298fc1c149afbf4c8996fb92427ae41e4649b934ca495991b7852b855"
"experiments/kernel_replay_v66_regression_maintenance/logs/V66_RECORD_MIGRATION_046.coqc.log","e3b0c44298fc1c149afbf4c8996fb92427ae41e4649b934ca495991b7852b855"
"experiments/kernel_replay_v66_regression_maintenance/logs/V66_RECORD_MIGRATION_047.coqc.log","e3b0c44298fc1c149afbf4c8996fb92427ae41e4649b934ca495991b7852b855"
"experiments/kernel_replay_v66_regression_maintenance/logs/V66_RECORD_MIGRATION_048.coqc.log","e3b0c44298fc1c149afbf4c8996fb92427ae41e4649b934ca495991b7852b855"
"experiments/kernel_replay_v66_regression_maintenance/logs/V66_RECORD_MIGRATION_049.coqc.log","e3b0c44298fc1c149afbf4c8996fb92427ae41e4649b934ca495991b7852b855"
"experiments/kernel_replay_v66_regression_maintenance/logs/V66_RECORD_MIGRATION_050.coqc.log","e3b0c44298fc1c149afbf4c8996fb92427ae41e4649b934ca495991b7852b855"
"experiments/kernel_replay_v66_regression_maintenance/logs/V66_RECORD_MIGRATION_051.coqc.log","e3b0c44298fc1c149afbf4c8996fb92427ae41e4649b934ca495991b7852b855"
"experiments/kernel_replay_v66_regression_maintenance/logs/V66_RECORD_MIGRATION_052.coqc.log","e3b0c44298fc1c149afbf4c8996fb92427ae41e4649b934ca495991b7852b855"
"experiments/kernel_replay_v66_regression_maintenance/logs/V66_RECORD_MIGRATION_053.coqc.log","e3b0c44298fc1c149afbf4c8996fb92427ae41e4649b934ca495991b7852b855"
"experiments/kernel_replay_v66_regression_maintenance/logs/V66_RECORD_MIGRATION_054.coqc.log","e3b0c44298fc1c149afbf4c8996fb92427ae41e4649b934ca495991b7852b855"
"experiments/kernel_replay_v66_regression_maintenance/logs/V66_RECORD_MIGRATION_055.coqc.log","e3b0c44298fc1c149afbf4c8996fb92427ae41e4649b934ca495991b7852b855"
"experiments/kernel_replay_v66_regression_maintenance/logs/V66_RECORD_MIGRATION_056.coqc.log","e3b0c44298fc1c149afbf4c8996fb92427ae41e4649b934ca495991b7852b855"
"experiments/kernel_replay_v66_regression_maintenance/logs/V66_RECORD_MIGRATION_057.coqc.log","e3b0c44298fc1c149afbf4c8996fb92427ae41e4649b934ca495991b7852b855"
"experiments/kernel_replay_v66_regression_maintenance/logs/V66_RECORD_MIGRATION_058.coqc.log","e3b0c44298fc1c149afbf4c8996fb92427ae41e4649b934ca495991b7852b855"
"experiments/kernel_replay_v66_regression_maintenance/logs/V66_RECORD_MIGRATION_059.coqc.log","e3b0c44298fc1c149afbf4c8996fb92427ae41e4649b934ca495991b7852b855"
"experiments/kernel_replay_v66_regression_maintenance/logs/V66_RECORD_MIGRATION_060.coqc.log","e3b0c44298fc1c149afbf4c8996fb92427ae41e4649b934ca495991b7852b855"
"experiments/kernel_replay_v66_regression_maintenance/logs/V66_TREE_MAINTENANCE_001.coqc.log","e3b0c44298fc1c149afbf4c8996fb92427ae41e4649b934ca495991b7852b855"
"experiments/kernel_replay_v66_regression_maintenance/logs/V66_TREE_MAINTENANCE_002.coqc.log","e3b0c44298fc1c149afbf4c8996fb92427ae41e4649b934ca495991b7852b855"
"experiments/kernel_replay_v66_regression_maintenance/logs/V66_TREE_MAINTENANCE_003.coqc.log","e3b0c44298fc1c149afbf4c8996fb92427ae41e4649b934ca495991b7852b855"
"experiments/kernel_replay_v66_regression_maintenance/logs/V66_TREE_MAINTENANCE_004.coqc.log","e3b0c44298fc1c149afbf4c8996fb92427ae41e4649b934ca495991b7852b855"
"experiments/kernel_replay_v66_regression_maintenance/logs/V66_TREE_MAINTENANCE_005.coqc.log","e3b0c44298fc1c149afbf4c8996fb92427ae41e4649b934ca495991b7852b855"
"experiments/kernel_replay_v66_regression_maintenance/logs/V66_TREE_MAINTENANCE_006.coqc.log","e3b0c44298fc1c149afbf4c8996fb92427ae41e4649b934ca495991b7852b855"
"experiments/kernel_replay_v66_regression_maintenance/logs/V66_TREE_MAINTENANCE_007.coqc.log","e3b0c44298fc1c149afbf4c8996fb92427ae41e4649b934ca495991b7852b855"
"experiments/kernel_replay_v66_regression_maintenance/logs/V66_TREE_MAINTENANCE_008.coqc.log","e3b0c44298fc1c149afbf4c8996fb92427ae41e4649b934ca495991b7852b855"
"experiments/kernel_replay_v66_regression_maintenance/logs/V66_TREE_MAINTENANCE_009.coqc.log","e3b0c44298fc1c149afbf4c8996fb92427ae41e4649b934ca495991b7852b855"
"experiments/kernel_replay_v66_regression_maintenance/logs/V66_TREE_MAINTENANCE_010.coqc.log","e3b0c44298fc1c149afbf4c8996fb92427ae41e4649b934ca495991b7852b855"
"experiments/kernel_replay_v66_regression_maintenance/logs/V66_TREE_MAINTENANCE_011.coqc.log","e3b0c44298fc1c149afbf4c8996fb92427ae41e4649b934ca495991b7852b855"
"experiments/kernel_replay_v66_regression_maintenance/logs/V66_TREE_MAINTENANCE_012.coqc.log","e3b0c44298fc1c149afbf4c8996fb92427ae41e4649b934ca495991b7852b855"
"experiments/kernel_replay_v66_regression_maintenance/logs/V66_TREE_MAINTENANCE_013.coqc.log","e3b0c44298fc1c149afbf4c8996fb92427ae41e4649b934ca495991b7852b855"
"experiments/kernel_replay_v66_regression_maintenance/logs/V66_TREE_MAINTENANCE_014.coqc.log","e3b0c44298fc1c149afbf4c8996fb92427ae41e4649b934ca495991b7852b855"
"experiments/kernel_replay_v66_regression_maintenance/logs/V66_TREE_MAINTENANCE_015.coqc.log","e3b0c44298fc1c149afbf4c8996fb92427ae41e4649b934ca495991b7852b855"
"experiments/kernel_replay_v66_regression_maintenance/logs/V66_TREE_MAINTENANCE_016.coqc.log","e3b0c44298fc1c149afbf4c8996fb92427ae41e4649b934ca495991b7852b855"
"experiments/kernel_replay_v66_regression_maintenance/logs/V66_TREE_MAINTENANCE_017.coqc.log","e3b0c44298fc1c149afbf4c8996fb92427ae41e4649b934ca495991b7852b855"
"experiments/kernel_replay_v66_regression_maintenance/logs/V66_TREE_MAINTENANCE_018.coqc.log","e3b0c44298fc1c149afbf4c8996fb92427ae41e4649b934ca495991b7852b855"
"experiments/kernel_replay_v66_regression_maintenance/logs/V66_TREE_MAINTENANCE_019.coqc.log","e3b0c44298fc1c149afbf4c8996fb92427ae41e4649b934ca495991b7852b855"
"experiments/kernel_replay_v66_regression_maintenance/logs/V66_TREE_MAINTENANCE_020.coqc.log","e3b0c44298fc1c149afbf4c8996fb92427ae41e4649b934ca495991b7852b855"
"experiments/kernel_replay_v66_regression_maintenance/logs/V66_TREE_MAINTENANCE_021.coqc.log","e3b0c44298fc1c149afbf4c8996fb92427ae41e4649b934ca495991b7852b855"
"experiments/kernel_replay_v66_regression_maintenance/logs/V66_TREE_MAINTENANCE_022.coqc.log","e3b0c44298fc1c149afbf4c8996fb92427ae41e4649b934ca495991b7852b855"
"experiments/kernel_replay_v66_regression_maintenance/logs/V66_TREE_MAINTENANCE_023.coqc.log","e3b0c44298fc1c149afbf4c8996fb92427ae41e4649b934ca495991b7852b855"
"experiments/kernel_replay_v66_regression_maintenance/logs/V66_TREE_MAINTENANCE_024.coqc.log","e3b0c44298fc1c149afbf4c8996fb92427ae41e4649b934ca495991b7852b855"
"experiments/kernel_replay_v66_regression_maintenance/logs/V66_TREE_MAINTENANCE_025.coqc.log","e3b0c44298fc1c149afbf4c8996fb92427ae41e4649b934ca495991b7852b855"
"experiments/kernel_replay_v66_regression_maintenance/logs/V66_TREE_MAINTENANCE_026.coqc.log","e3b0c44298fc1c149afbf4c8996fb92427ae41e4649b934ca495991b7852b855"
"experiments/kernel_replay_v66_regression_maintenance/logs/V66_TREE_MAINTENANCE_027.coqc.log","e3b0c44298fc1c149afbf4c8996fb92427ae41e4649b934ca495991b7852b855"
"experiments/kernel_replay_v66_regression_maintenance/logs/V66_TREE_MAINTENANCE_028.coqc.log","e3b0c44298fc1c149afbf4c8996fb92427ae41e4649b934ca495991b7852b855"
"experiments/kernel_replay_v66_regression_maintenance/logs/V66_TREE_MAINTENANCE_029.coqc.log","e3b0c44298fc1c149afbf4c8996fb92427ae41e4649b934ca495991b7852b855"
"experiments/kernel_replay_v66_regression_maintenance/logs/V66_TREE_MAINTENANCE_030.coqc.log","e3b0c44298fc1c149afbf4c8996fb92427ae41e4649b934ca495991b7852b855"
"experiments/kernel_replay_v66_regression_maintenance/logs/V66_TREE_MAINTENANCE_031.coqc.log","e3b0c44298fc1c149afbf4c8996fb92427ae41e4649b934ca495991b7852b855"
"experiments/kernel_replay_v66_regression_maintenance/logs/V66_TREE_MAINTENANCE_032.coqc.log","e3b0c44298fc1c149afbf4c8996fb92427ae41e4649b934ca495991b7852b855"
"experiments/kernel_replay_v66_regression_maintenance/logs/V66_TREE_MAINTENANCE_033.coqc.log","e3b0c44298fc1c149afbf4c8996fb92427ae41e4649b934ca495991b7852b855"
"experiments/kernel_replay_v66_regression_maintenance/logs/V66_TREE_MAINTENANCE_034.coqc.log","e3b0c44298fc1c149afbf4c8996fb92427ae41e4649b934ca495991b7852b855"
"experiments/kernel_replay_v66_regression_maintenance/logs/V66_TREE_MAINTENANCE_035.coqc.log","e3b0c44298fc1c149afbf4c8996fb92427ae41e4649b934ca495991b7852b855"
"experiments/kernel_replay_v66_regression_maintenance/logs/V66_TREE_MAINTENANCE_036.coqc.log","e3b0c44298fc1c149afbf4c8996fb92427ae41e4649b934ca495991b7852b855"
"experiments/kernel_replay_v66_regression_maintenance/logs/V66_TREE_MAINTENANCE_037.coqc.log","e3b0c44298fc1c149afbf4c8996fb92427ae41e4649b934ca495991b7852b855"
"experiments/kernel_replay_v66_regression_maintenance/logs/V66_TREE_MAINTENANCE_038.coqc.log","e3b0c44298fc1c149afbf4c8996fb92427ae41e4649b934ca495991b7852b855"
"experiments/kernel_replay_v66_regression_maintenance/logs/V66_TREE_MAINTENANCE_039.coqc.log","e3b0c44298fc1c149afbf4c8996fb92427ae41e4649b934ca495991b7852b855"
"experiments/kernel_replay_v66_regression_maintenance/logs/V66_TREE_MAINTENANCE_040.coqc.log","e3b0c44298fc1c149afbf4c8996fb92427ae41e4649b934ca495991b7852b855"
"experiments/kernel_replay_v66_regression_maintenance/logs/V66_TREE_MAINTENANCE_041.coqc.log","e3b0c44298fc1c149afbf4c8996fb92427ae41e4649b934ca495991b7852b855"
"experiments/kernel_replay_v66_regression_maintenance/logs/V66_TREE_MAINTENANCE_042.coqc.log","e3b0c44298fc1c149afbf4c8996fb92427ae41e4649b934ca495991b7852b855"
"experiments/kernel_replay_v66_regression_maintenance/logs/V66_TREE_MAINTENANCE_043.coqc.log","e3b0c44298fc1c149afbf4c8996fb92427ae41e4649b934ca495991b7852b855"
"experiments/kernel_replay_v66_regression_maintenance/logs/V66_TREE_MAINTENANCE_044.coqc.log","e3b0c44298fc1c149afbf4c8996fb92427ae41e4649b934ca495991b7852b855"
"experiments/kernel_replay_v66_regression_maintenance/logs/V66_TREE_MAINTENANCE_045.coqc.log","e3b0c44298fc1c149afbf4c8996fb92427ae41e4649b934ca495991b7852b855"
"experiments/kernel_replay_v66_regression_maintenance/logs/V66_TREE_MAINTENANCE_046.coqc.log","e3b0c44298fc1c149afbf4c8996fb92427ae41e4649b934ca495991b7852b855"
"experiments/kernel_replay_v66_regression_maintenance/logs/V66_TREE_MAINTENANCE_047.coqc.log","e3b0c44298fc1c149afbf4c8996fb92427ae41e4649b934ca495991b7852b855"
"experiments/kernel_replay_v66_regression_maintenance/logs/V66_TREE_MAINTENANCE_048.coqc.log","e3b0c44298fc1c149afbf4c8996fb92427ae41e4649b934ca495991b7852b855"
"experiments/kernel_replay_v66_regression_maintenance/logs/V66_TREE_MAINTENANCE_049.coqc.log","e3b0c44298fc1c149afbf4c8996fb92427ae41e4649b934ca495991b7852b855"
"experiments/kernel_replay_v66_regression_maintenance/logs/V66_TREE_MAINTENANCE_050.coqc.log","e3b0c44298fc1c149afbf4c8996fb92427ae41e4649b934ca495991b7852b855"
"experiments/kernel_replay_v66_regression_maintenance/logs/V66_TREE_MAINTENANCE_051.coqc.log","e3b0c44298fc1c149afbf4c8996fb92427ae41e4649b934ca495991b7852b855"
"experiments/kernel_replay_v66_regression_maintenance/logs/V66_TREE_MAINTENANCE_052.coqc.log","e3b0c44298fc1c149afbf4c8996fb92427ae41e4649b934ca495991b7852b855"
"experiments/kernel_replay_v66_regression_maintenance/logs/V66_TREE_MAINTENANCE_053.coqc.log","e3b0c44298fc1c149afbf4c8996fb92427ae41e4649b934ca495991b7852b855"
"experiments/kernel_replay_v66_regression_maintenance/logs/V66_TREE_MAINTENANCE_054.coqc.log","e3b0c44298fc1c149afbf4c8996fb92427ae41e4649b934ca495991b7852b855"
"experiments/kernel_replay_v66_regression_maintenance/logs/V66_TREE_MAINTENANCE_055.coqc.log","e3b0c44298fc1c149afbf4c8996fb92427ae41e4649b934ca495991b7852b855"
"experiments/kernel_replay_v66_regression_maintenance/logs/V66_TREE_MAINTENANCE_056.coqc.log","e3b0c44298fc1c149afbf4c8996fb92427ae41e4649b934ca495991b7852b855"
"experiments/kernel_replay_v66_regression_maintenance/logs/V66_TREE_MAINTENANCE_057.coqc.log","e3b0c44298fc1c149afbf4c8996fb92427ae41e4649b934ca495991b7852b855"
"experiments/kernel_replay_v66_regression_maintenance/logs/V66_TREE_MAINTENANCE_058.coqc.log","e3b0c44298fc1c149afbf4c8996fb92427ae41e4649b934ca495991b7852b855"
"experiments/kernel_replay_v66_regression_maintenance/logs/V66_TREE_MAINTENANCE_059.coqc.log","e3b0c44298fc1c149afbf4c8996fb92427ae41e4649b934ca495991b7852b855"
"experiments/kernel_replay_v66_regression_maintenance/logs/V66_TREE_MAINTENANCE_060.coqc.log","e3b0c44298fc1c149afbf4c8996fb92427ae41e4649b934ca495991b7852b855"
"figures/v66_regression_maintenance_suite.pdf","a8b2edcd7f6668f6d8d1762fbe29d061fb722759750f5568ec552b675be5888f"
"figures/v66_regression_maintenance_suite.png","203135aefc851f460a60d854084cb9258b0b8f6dcb73bfa3c1649435405c7eba"
