suite,suite_name,request_index,request_id,module,source_file,source_present,policy_status,coqc_status,coqchk_status,coqchk_evidence,coqchk_evidence_verified,final_outcome
V43,minimal replay,1,D1_NAT_000,D1_NAT_000,experiments/kernel_replay_v43_minimal/coq/D1_NAT_000.v,1,accept,kernel_success,coqchk_success,experiments/kernel_replay_v43_minimal/logs/D1_NAT_000.coqchk.log,1,accepted_kernel_checked
V43,minimal replay,2,D2_LIST_RET_005,D2_LIST_RET_005,experiments/kernel_replay_v43_minimal/coq/D2_LIST_RET_005.v,1,accept,kernel_success,coqchk_success,experiments/kernel_replay_v43_minimal/logs/D2_LIST_RET_005.coqchk.log,1,accepted_kernel_checked
V43,minimal replay,3,D3_VECTOR_006,D3_VECTOR_006,experiments/kernel_replay_v43_minimal/coq/D3_VECTOR_006.v,1,accept,kernel_success,coqchk_success,experiments/kernel_replay_v43_minimal/logs/D3_VECTOR_006.coqchk.log,1,accepted_kernel_checked
V43,minimal replay,4,A1_LEM_010,A1_LEM_010,experiments/kernel_replay_v43_minimal/coq/A1_LEM_010.v,1,safe_reject,safe_reject_witness,coqchk_not_counted,experiments/kernel_replay_v43_minimal/logs/A1_LEM_010.coqchk.log,1,safe_reject_policy_blocked
V44,seed suite,1,B1_UNARY_BINARY_NAT,B1_UNARY_BINARY_NAT,experiments/kernel_replay_v44_seed_suite/coq/B1_UNARY_BINARY_NAT.v,1,accept,kernel_success,coqchk_success,experiments/kernel_replay_v44_seed_suite/logs/B1_UNARY_BINARY_NAT.coqchk.log,1,accepted_kernel_checked
V44,seed suite,2,B2_MODULO_ARITH,B2_MODULO_ARITH,experiments/kernel_replay_v44_seed_suite/coq/B2_MODULO_ARITH.v,1,accept,kernel_success,coqchk_success,experiments/kernel_replay_v44_seed_suite/logs/B2_MODULO_ARITH.coqchk.log,1,accepted_kernel_checked
V44,seed suite,3,D2_LIST_REFINED_ELEMENTS,D2_LIST_REFINED_ELEMENTS,experiments/kernel_replay_v44_seed_suite/coq/D2_LIST_REFINED_ELEMENTS.v,1,accept,kernel_success,coqchk_success,experiments/kernel_replay_v44_seed_suite/logs/D2_LIST_REFINED_ELEMENTS.coqchk.log,1,accepted_kernel_checked
V44,seed suite,4,D3_VECTOR_TUPLE,D3_VECTOR_TUPLE,experiments/kernel_replay_v44_seed_suite/coq/D3_VECTOR_TUPLE.v,1,accept,kernel_success,coqchk_success,experiments/kernel_replay_v44_seed_suite/logs/D3_VECTOR_TUPLE.coqchk.log,1,accepted_kernel_checked
V44,seed suite,5,E1_FINMAP_ENV,E1_FINMAP_ENV,experiments/kernel_replay_v44_seed_suite/coq/E1_FINMAP_ENV.v,1,accept,kernel_success,coqchk_success,experiments/kernel_replay_v44_seed_suite/logs/E1_FINMAP_ENV.coqchk.log,1,accepted_kernel_checked
V44,seed suite,6,F1_EXT_NNREAL,F1_EXT_NNREAL,experiments/kernel_replay_v44_seed_suite/coq/F1_EXT_NNREAL.v,1,accept,kernel_success,coqchk_success,experiments/kernel_replay_v44_seed_suite/logs/F1_EXT_NNREAL.coqchk.log,1,accepted_kernel_checked
V44,seed suite,7,G1_TYPED_SYNTAX,G1_TYPED_SYNTAX,experiments/kernel_replay_v44_seed_suite/coq/G1_TYPED_SYNTAX.v,1,accept,kernel_success,coqchk_success,experiments/kernel_replay_v44_seed_suite/logs/G1_TYPED_SYNTAX.coqchk.log,1,accepted_kernel_checked
V45,generated seed packages,1,V45_B1_UNARY_BINARY_NAT,V45_B1_UNARY_BINARY_NAT,experiments/kernel_replay_v45_generated_seed_packages/generated_coq/V45_B1_UNARY_BINARY_NAT.v,1,accept,kernel_success,coqchk_success,experiments/kernel_replay_v45_generated_seed_packages/logs/V45_B1_UNARY_BINARY_NAT.coqchk.log,1,accepted_kernel_checked
V45,generated seed packages,2,V45_B2_MODULO_ARITH,V45_B2_MODULO_ARITH,experiments/kernel_replay_v45_generated_seed_packages/generated_coq/V45_B2_MODULO_ARITH.v,1,accept,kernel_success,coqchk_success,experiments/kernel_replay_v45_generated_seed_packages/logs/V45_B2_MODULO_ARITH.coqchk.log,1,accepted_kernel_checked
V45,generated seed packages,3,V45_D2_LIST_REFINED_ELEMENTS,V45_D2_LIST_REFINED_ELEMENTS,experiments/kernel_replay_v45_generated_seed_packages/generated_coq/V45_D2_LIST_REFINED_ELEMENTS.v,1,accept,kernel_success,coqchk_success,experiments/kernel_replay_v45_generated_seed_packages/logs/V45_D2_LIST_REFINED_ELEMENTS.coqchk.log,1,accepted_kernel_checked
V45,generated seed packages,4,V45_D3_VECTOR_TUPLE,V45_D3_VECTOR_TUPLE,experiments/kernel_replay_v45_generated_seed_packages/generated_coq/V45_D3_VECTOR_TUPLE.v,1,accept,kernel_success,coqchk_success,experiments/kernel_replay_v45_generated_seed_packages/logs/V45_D3_VECTOR_TUPLE.coqchk.log,1,accepted_kernel_checked
V45,generated seed packages,5,V45_E1_FINMAP_ENV,V45_E1_FINMAP_ENV,experiments/kernel_replay_v45_generated_seed_packages/generated_coq/V45_E1_FINMAP_ENV.v,1,accept,kernel_success,coqchk_success,experiments/kernel_replay_v45_generated_seed_packages/logs/V45_E1_FINMAP_ENV.coqchk.log,1,accepted_kernel_checked
V45,generated seed packages,6,V45_F1_EXT_NNREAL,V45_F1_EXT_NNREAL,experiments/kernel_replay_v45_generated_seed_packages/generated_coq/V45_F1_EXT_NNREAL.v,1,accept,kernel_success,coqchk_success,experiments/kernel_replay_v45_generated_seed_packages/logs/V45_F1_EXT_NNREAL.coqchk.log,1,accepted_kernel_checked
V45,generated seed packages,7,V45_G1_TYPED_SYNTAX,V45_G1_TYPED_SYNTAX,experiments/kernel_replay_v45_generated_seed_packages/generated_coq/V45_G1_TYPED_SYNTAX.v,1,accept,kernel_success,coqchk_success,experiments/kernel_replay_v45_generated_seed_packages/logs/V45_G1_TYPED_SYNTAX.coqchk.log,1,accepted_kernel_checked
V50,axiom-policy stress,1,P0_CONSTRUCTIVE_RELATION,P0_CONSTRUCTIVE_RELATION,experiments/kernel_replay_v50_axiom_policy_stress/coq/P0_CONSTRUCTIVE_RELATION.v,1,accept,kernel_success,coqchk_success,experiments/kernel_replay_v50_axiom_policy_stress/logs/P0_CONSTRUCTIVE_RELATION.coqchk.log,1,accepted_kernel_checked
V50,axiom-policy stress,2,P1_PROOF_IRRELEVANCE_ALLOWED,P1_PROOF_IRRELEVANCE_ALLOWED,experiments/kernel_replay_v50_axiom_policy_stress/coq/P1_PROOF_IRRELEVANCE_ALLOWED.v,1,accept,kernel_success,coqchk_success,experiments/kernel_replay_v50_axiom_policy_stress/logs/P1_PROOF_IRRELEVANCE_ALLOWED.coqchk.log,1,accepted_kernel_checked
V50,axiom-policy stress,3,P2_FUNCTIONAL_EXT_REJECT,P2_FUNCTIONAL_EXT_REJECT,experiments/kernel_replay_v50_axiom_policy_stress/coq/P2_FUNCTIONAL_EXT_REJECT.v,1,safe_reject,kernel_success,coqchk_success,experiments/kernel_replay_v50_axiom_policy_stress/logs/P2_FUNCTIONAL_EXT_REJECT.coqchk.log,1,safe_reject_policy_blocked
V50,axiom-policy stress,4,P3_CHOICE_REJECT,P3_CHOICE_REJECT,experiments/kernel_replay_v50_axiom_policy_stress/coq/P3_CHOICE_REJECT.v,1,safe_reject,kernel_success,coqchk_success,experiments/kernel_replay_v50_axiom_policy_stress/logs/P3_CHOICE_REJECT.coqchk.log,1,safe_reject_policy_blocked
V50,axiom-policy stress,5,P4_CLASSICAL_REJECT,P4_CLASSICAL_REJECT,experiments/kernel_replay_v50_axiom_policy_stress/coq/P4_CLASSICAL_REJECT.v,1,safe_reject,kernel_success,coqchk_success,experiments/kernel_replay_v50_axiom_policy_stress/logs/P4_CLASSICAL_REJECT.coqchk.log,1,safe_reject_policy_blocked
V51,relation-strength suite,1,S0_PLAIN_RELATION,S0_PLAIN_RELATION,experiments/kernel_replay_v51_relation_strength_suite/coq/S0_PLAIN_RELATION.v,1,accept,kernel_success,coqchk_success,experiments/kernel_replay_v51_relation_strength_suite/logs/S0_PLAIN_RELATION.coqchk.log,1,accepted_kernel_checked
V51,relation-strength suite,2,S1_SECTION_WITNESS,S1_SECTION_WITNESS,experiments/kernel_replay_v51_relation_strength_suite/coq/S1_SECTION_WITNESS.v,1,accept,kernel_success,coqchk_success,experiments/kernel_replay_v51_relation_strength_suite/logs/S1_SECTION_WITNESS.coqchk.log,1,accepted_kernel_checked
V51,relation-strength suite,3,S2_RETRACTION_WITNESS,S2_RETRACTION_WITNESS,experiments/kernel_replay_v51_relation_strength_suite/coq/S2_RETRACTION_WITNESS.v,1,accept,kernel_success,coqchk_success,experiments/kernel_replay_v51_relation_strength_suite/logs/S2_RETRACTION_WITNESS.coqchk.log,1,accepted_kernel_checked
V51,relation-strength suite,4,S3_EQUIVALENCE_WITNESS,S3_EQUIVALENCE_WITNESS,experiments/kernel_replay_v51_relation_strength_suite/coq/S3_EQUIVALENCE_WITNESS.v,1,accept,kernel_success,coqchk_success,experiments/kernel_replay_v51_relation_strength_suite/logs/S3_EQUIVALENCE_WITNESS.coqchk.log,1,accepted_kernel_checked
V51,relation-strength suite,5,S4_LOGICAL_RELATION,S4_LOGICAL_RELATION,experiments/kernel_replay_v51_relation_strength_suite/coq/S4_LOGICAL_RELATION.v,1,accept,kernel_success,coqchk_success,experiments/kernel_replay_v51_relation_strength_suite/logs/S4_LOGICAL_RELATION.coqchk.log,1,accepted_kernel_checked
V51,relation-strength suite,6,S5_MISSING_EQUIVALENCE_POLICY,S5_MISSING_EQUIVALENCE_POLICY,,0,safe_reject,not_applicable,not_applicable,,0,safe_reject_policy_blocked
V58,large generated suite,1,V58_EQ_01,V58_EQ_01,experiments/kernel_replay_v58_large_generated_suite/generated_coq/V58_EQ_01.v,1,accept,kernel_success,coqchk_success,experiments/kernel_replay_v58_large_generated_suite/logs/batch_coqchk.log,1,accepted_kernel_checked
V58,large generated suite,2,V58_SECTION_02,V58_SECTION_02,experiments/kernel_replay_v58_large_generated_suite/generated_coq/V58_SECTION_02.v,1,accept,kernel_success,coqchk_success,experiments/kernel_replay_v58_large_generated_suite/logs/batch_coqchk.log,1,accepted_kernel_checked
V58,large generated suite,3,V58_RETRACTION_03,V58_RETRACTION_03,experiments/kernel_replay_v58_large_generated_suite/generated_coq/V58_RETRACTION_03.v,1,accept,kernel_success,coqchk_success,experiments/kernel_replay_v58_large_generated_suite/logs/batch_coqchk.log,1,accepted_kernel_checked
V58,large generated suite,4,V58_LOGICAL_04,V58_LOGICAL_04,experiments/kernel_replay_v58_large_generated_suite/generated_coq/V58_LOGICAL_04.v,1,accept,kernel_success,coqchk_success,experiments/kernel_replay_v58_large_generated_suite/logs/batch_coqchk.log,1,accepted_kernel_checked
V58,large generated suite,5,V58_PRODUCT_05,V58_PRODUCT_05,experiments/kernel_replay_v58_large_generated_suite/generated_coq/V58_PRODUCT_05.v,1,accept,kernel_success,coqchk_success,experiments/kernel_replay_v58_large_generated_suite/logs/batch_coqchk.log,1,accepted_kernel_checked
V58,large generated suite,6,V58_EQ_06,V58_EQ_06,experiments/kernel_replay_v58_large_generated_suite/generated_coq/V58_EQ_06.v,1,accept,kernel_success,coqchk_success,experiments/kernel_replay_v58_large_generated_suite/logs/batch_coqchk.log,1,accepted_kernel_checked
V58,large generated suite,7,V58_SECTION_07,V58_SECTION_07,experiments/kernel_replay_v58_large_generated_suite/generated_coq/V58_SECTION_07.v,1,accept,kernel_success,coqchk_success,experiments/kernel_replay_v58_large_generated_suite/logs/batch_coqchk.log,1,accepted_kernel_checked
V58,large generated suite,8,V58_RETRACTION_08,V58_RETRACTION_08,experiments/kernel_replay_v58_large_generated_suite/generated_coq/V58_RETRACTION_08.v,1,accept,kernel_success,coqchk_success,experiments/kernel_replay_v58_large_generated_suite/logs/batch_coqchk.log,1,accepted_kernel_checked
V58,large generated suite,9,V58_LOGICAL_09,V58_LOGICAL_09,experiments/kernel_replay_v58_large_generated_suite/generated_coq/V58_LOGICAL_09.v,1,accept,kernel_success,coqchk_success,experiments/kernel_replay_v58_large_generated_suite/logs/batch_coqchk.log,1,accepted_kernel_checked
V58,large generated suite,10,V58_PRODUCT_10,V58_PRODUCT_10,experiments/kernel_replay_v58_large_generated_suite/generated_coq/V58_PRODUCT_10.v,1,accept,kernel_success,coqchk_success,experiments/kernel_replay_v58_large_generated_suite/logs/batch_coqchk.log,1,accepted_kernel_checked
V58,large generated suite,11,V58_EQ_11,V58_EQ_11,experiments/kernel_replay_v58_large_generated_suite/generated_coq/V58_EQ_11.v,1,accept,kernel_success,coqchk_success,experiments/kernel_replay_v58_large_generated_suite/logs/batch_coqchk.log,1,accepted_kernel_checked
V58,large generated suite,12,V58_SECTION_12,V58_SECTION_12,experiments/kernel_replay_v58_large_generated_suite/generated_coq/V58_SECTION_12.v,1,accept,kernel_success,coqchk_success,experiments/kernel_replay_v58_large_generated_suite/logs/batch_coqchk.log,1,accepted_kernel_checked
V58,large generated suite,13,V58_RETRACTION_13,V58_RETRACTION_13,experiments/kernel_replay_v58_large_generated_suite/generated_coq/V58_RETRACTION_13.v,1,accept,kernel_success,coqchk_success,experiments/kernel_replay_v58_large_generated_suite/logs/batch_coqchk.log,1,accepted_kernel_checked
V58,large generated suite,14,V58_LOGICAL_14,V58_LOGICAL_14,experiments/kernel_replay_v58_large_generated_suite/generated_coq/V58_LOGICAL_14.v,1,accept,kernel_success,coqchk_success,experiments/kernel_replay_v58_large_generated_suite/logs/batch_coqchk.log,1,accepted_kernel_checked
V58,large generated suite,15,V58_PRODUCT_15,V58_PRODUCT_15,experiments/kernel_replay_v58_large_generated_suite/generated_coq/V58_PRODUCT_15.v,1,accept,kernel_success,coqchk_success,experiments/kernel_replay_v58_large_generated_suite/logs/batch_coqchk.log,1,accepted_kernel_checked
V58,large generated suite,16,V58_EQ_16,V58_EQ_16,experiments/kernel_replay_v58_large_generated_suite/generated_coq/V58_EQ_16.v,1,accept,kernel_success,coqchk_success,experiments/kernel_replay_v58_large_generated_suite/logs/batch_coqchk.log,1,accepted_kernel_checked
V58,large generated suite,17,V58_SECTION_17,V58_SECTION_17,experiments/kernel_replay_v58_large_generated_suite/generated_coq/V58_SECTION_17.v,1,accept,kernel_success,coqchk_success,experiments/kernel_replay_v58_large_generated_suite/logs/batch_coqchk.log,1,accepted_kernel_checked
V58,large generated suite,18,V58_RETRACTION_18,V58_RETRACTION_18,experiments/kernel_replay_v58_large_generated_suite/generated_coq/V58_RETRACTION_18.v,1,accept,kernel_success,coqchk_success,experiments/kernel_replay_v58_large_generated_suite/logs/batch_coqchk.log,1,accepted_kernel_checked
V58,large generated suite,19,V58_LOGICAL_19,V58_LOGICAL_19,experiments/kernel_replay_v58_large_generated_suite/generated_coq/V58_LOGICAL_19.v,1,accept,kernel_success,coqchk_success,experiments/kernel_replay_v58_large_generated_suite/logs/batch_coqchk.log,1,accepted_kernel_checked
V58,large generated suite,20,V58_PRODUCT_20,V58_PRODUCT_20,experiments/kernel_replay_v58_large_generated_suite/generated_coq/V58_PRODUCT_20.v,1,accept,kernel_success,coqchk_success,experiments/kernel_replay_v58_large_generated_suite/logs/batch_coqchk.log,1,accepted_kernel_checked
V58,large generated suite,21,V58_EQ_21,V58_EQ_21,experiments/kernel_replay_v58_large_generated_suite/generated_coq/V58_EQ_21.v,1,accept,kernel_success,coqchk_success,experiments/kernel_replay_v58_large_generated_suite/logs/batch_coqchk.log,1,accepted_kernel_checked
V58,large generated suite,22,V58_SECTION_22,V58_SECTION_22,experiments/kernel_replay_v58_large_generated_suite/generated_coq/V58_SECTION_22.v,1,accept,kernel_success,coqchk_success,experiments/kernel_replay_v58_large_generated_suite/logs/batch_coqchk.log,1,accepted_kernel_checked
V58,large generated suite,23,V58_RETRACTION_23,V58_RETRACTION_23,experiments/kernel_replay_v58_large_generated_suite/generated_coq/V58_RETRACTION_23.v,1,accept,kernel_success,coqchk_success,experiments/kernel_replay_v58_large_generated_suite/logs/batch_coqchk.log,1,accepted_kernel_checked
V58,large generated suite,24,V58_LOGICAL_24,V58_LOGICAL_24,experiments/kernel_replay_v58_large_generated_suite/generated_coq/V58_LOGICAL_24.v,1,accept,kernel_success,coqchk_success,experiments/kernel_replay_v58_large_generated_suite/logs/batch_coqchk.log,1,accepted_kernel_checked
V58,large generated suite,25,V58_PRODUCT_25,V58_PRODUCT_25,experiments/kernel_replay_v58_large_generated_suite/generated_coq/V58_PRODUCT_25.v,1,accept,kernel_success,coqchk_success,experiments/kernel_replay_v58_large_generated_suite/logs/batch_coqchk.log,1,accepted_kernel_checked
V58,large generated suite,26,V58_EQ_26,V58_EQ_26,experiments/kernel_replay_v58_large_generated_suite/generated_coq/V58_EQ_26.v,1,accept,kernel_success,coqchk_success,experiments/kernel_replay_v58_large_generated_suite/logs/batch_coqchk.log,1,accepted_kernel_checked
V58,large generated suite,27,V58_SECTION_27,V58_SECTION_27,experiments/kernel_replay_v58_large_generated_suite/generated_coq/V58_SECTION_27.v,1,accept,kernel_success,coqchk_success,experiments/kernel_replay_v58_large_generated_suite/logs/batch_coqchk.log,1,accepted_kernel_checked
V58,large generated suite,28,V58_RETRACTION_28,V58_RETRACTION_28,experiments/kernel_replay_v58_large_generated_suite/generated_coq/V58_RETRACTION_28.v,1,accept,kernel_success,coqchk_success,experiments/kernel_replay_v58_large_generated_suite/logs/batch_coqchk.log,1,accepted_kernel_checked
V58,large generated suite,29,V58_LOGICAL_29,V58_LOGICAL_29,experiments/kernel_replay_v58_large_generated_suite/generated_coq/V58_LOGICAL_29.v,1,accept,kernel_success,coqchk_success,experiments/kernel_replay_v58_large_generated_suite/logs/batch_coqchk.log,1,accepted_kernel_checked
V58,large generated suite,30,V58_PRODUCT_30,V58_PRODUCT_30,experiments/kernel_replay_v58_large_generated_suite/generated_coq/V58_PRODUCT_30.v,1,accept,kernel_success,coqchk_success,experiments/kernel_replay_v58_large_generated_suite/logs/batch_coqchk.log,1,accepted_kernel_checked
V58,large generated suite,31,V58_EQ_31,V58_EQ_31,experiments/kernel_replay_v58_large_generated_suite/generated_coq/V58_EQ_31.v,1,accept,kernel_success,coqchk_success,experiments/kernel_replay_v58_large_generated_suite/logs/batch_coqchk.log,1,accepted_kernel_checked
V58,large generated suite,32,V58_SECTION_32,V58_SECTION_32,experiments/kernel_replay_v58_large_generated_suite/generated_coq/V58_SECTION_32.v,1,accept,kernel_success,coqchk_success,experiments/kernel_replay_v58_large_generated_suite/logs/batch_coqchk.log,1,accepted_kernel_checked
V58,large generated suite,33,V58_RETRACTION_33,V58_RETRACTION_33,experiments/kernel_replay_v58_large_generated_suite/generated_coq/V58_RETRACTION_33.v,1,accept,kernel_success,coqchk_success,experiments/kernel_replay_v58_large_generated_suite/logs/batch_coqchk.log,1,accepted_kernel_checked
V58,large generated suite,34,V58_LOGICAL_34,V58_LOGICAL_34,experiments/kernel_replay_v58_large_generated_suite/generated_coq/V58_LOGICAL_34.v,1,accept,kernel_success,coqchk_success,experiments/kernel_replay_v58_large_generated_suite/logs/batch_coqchk.log,1,accepted_kernel_checked
V58,large generated suite,35,V58_PRODUCT_35,V58_PRODUCT_35,experiments/kernel_replay_v58_large_generated_suite/generated_coq/V58_PRODUCT_35.v,1,accept,kernel_success,coqchk_success,experiments/kernel_replay_v58_large_generated_suite/logs/batch_coqchk.log,1,accepted_kernel_checked
V58,large generated suite,36,V58_EQ_36,V58_EQ_36,experiments/kernel_replay_v58_large_generated_suite/generated_coq/V58_EQ_36.v,1,accept,kernel_success,coqchk_success,experiments/kernel_replay_v58_large_generated_suite/logs/batch_coqchk.log,1,accepted_kernel_checked
V58,large generated suite,37,V58_SECTION_37,V58_SECTION_37,experiments/kernel_replay_v58_large_generated_suite/generated_coq/V58_SECTION_37.v,1,accept,kernel_success,coqchk_success,experiments/kernel_replay_v58_large_generated_suite/logs/batch_coqchk.log,1,accepted_kernel_checked
V58,large generated suite,38,V58_RETRACTION_38,V58_RETRACTION_38,experiments/kernel_replay_v58_large_generated_suite/generated_coq/V58_RETRACTION_38.v,1,accept,kernel_success,coqchk_success,experiments/kernel_replay_v58_large_generated_suite/logs/batch_coqchk.log,1,accepted_kernel_checked
V58,large generated suite,39,V58_LOGICAL_39,V58_LOGICAL_39,experiments/kernel_replay_v58_large_generated_suite/generated_coq/V58_LOGICAL_39.v,1,accept,kernel_success,coqchk_success,experiments/kernel_replay_v58_large_generated_suite/logs/batch_coqchk.log,1,accepted_kernel_checked
V58,large generated suite,40,V58_PRODUCT_40,V58_PRODUCT_40,experiments/kernel_replay_v58_large_generated_suite/generated_coq/V58_PRODUCT_40.v,1,accept,kernel_success,coqchk_success,experiments/kernel_replay_v58_large_generated_suite/logs/batch_coqchk.log,1,accepted_kernel_checked
V58,large generated suite,41,V58_EQ_41,V58_EQ_41,experiments/kernel_replay_v58_large_generated_suite/generated_coq/V58_EQ_41.v,1,accept,kernel_success,coqchk_success,experiments/kernel_replay_v58_large_generated_suite/logs/batch_coqchk.log,1,accepted_kernel_checked
V58,large generated suite,42,V58_SECTION_42,V58_SECTION_42,experiments/kernel_replay_v58_large_generated_suite/generated_coq/V58_SECTION_42.v,1,accept,kernel_success,coqchk_success,experiments/kernel_replay_v58_large_generated_suite/logs/batch_coqchk.log,1,accepted_kernel_checked
V58,large generated suite,43,V58_RETRACTION_43,V58_RETRACTION_43,experiments/kernel_replay_v58_large_generated_suite/generated_coq/V58_RETRACTION_43.v,1,accept,kernel_success,coqchk_success,experiments/kernel_replay_v58_large_generated_suite/logs/batch_coqchk.log,1,accepted_kernel_checked
V58,large generated suite,44,V58_LOGICAL_44,V58_LOGICAL_44,experiments/kernel_replay_v58_large_generated_suite/generated_coq/V58_LOGICAL_44.v,1,accept,kernel_success,coqchk_success,experiments/kernel_replay_v58_large_generated_suite/logs/batch_coqchk.log,1,accepted_kernel_checked
V58,large generated suite,45,V58_PRODUCT_45,V58_PRODUCT_45,experiments/kernel_replay_v58_large_generated_suite/generated_coq/V58_PRODUCT_45.v,1,accept,kernel_success,coqchk_success,experiments/kernel_replay_v58_large_generated_suite/logs/batch_coqchk.log,1,accepted_kernel_checked
V58,large generated suite,46,V58_EQ_46,V58_EQ_46,experiments/kernel_replay_v58_large_generated_suite/generated_coq/V58_EQ_46.v,1,accept,kernel_success,coqchk_success,experiments/kernel_replay_v58_large_generated_suite/logs/batch_coqchk.log,1,accepted_kernel_checked
V58,large generated suite,47,V58_SECTION_47,V58_SECTION_47,experiments/kernel_replay_v58_large_generated_suite/generated_coq/V58_SECTION_47.v,1,accept,kernel_success,coqchk_success,experiments/kernel_replay_v58_large_generated_suite/logs/batch_coqchk.log,1,accepted_kernel_checked
V58,large generated suite,48,V58_RETRACTION_48,V58_RETRACTION_48,experiments/kernel_replay_v58_large_generated_suite/generated_coq/V58_RETRACTION_48.v,1,accept,kernel_success,coqchk_success,experiments/kernel_replay_v58_large_generated_suite/logs/batch_coqchk.log,1,accepted_kernel_checked
V58,large generated suite,49,V58_LOGICAL_49,V58_LOGICAL_49,experiments/kernel_replay_v58_large_generated_suite/generated_coq/V58_LOGICAL_49.v,1,accept,kernel_success,coqchk_success,experiments/kernel_replay_v58_large_generated_suite/logs/batch_coqchk.log,1,accepted_kernel_checked
V58,large generated suite,50,V58_PRODUCT_50,V58_PRODUCT_50,experiments/kernel_replay_v58_large_generated_suite/generated_coq/V58_PRODUCT_50.v,1,accept,kernel_success,coqchk_success,experiments/kernel_replay_v58_large_generated_suite/logs/batch_coqchk.log,1,accepted_kernel_checked
V58,large generated suite,51,V58_EQ_51,V58_EQ_51,experiments/kernel_replay_v58_large_generated_suite/generated_coq/V58_EQ_51.v,1,accept,kernel_success,coqchk_success,experiments/kernel_replay_v58_large_generated_suite/logs/batch_coqchk.log,1,accepted_kernel_checked
V58,large generated suite,52,V58_SECTION_52,V58_SECTION_52,experiments/kernel_replay_v58_large_generated_suite/generated_coq/V58_SECTION_52.v,1,accept,kernel_success,coqchk_success,experiments/kernel_replay_v58_large_generated_suite/logs/batch_coqchk.log,1,accepted_kernel_checked
V58,large generated suite,53,V58_RETRACTION_53,V58_RETRACTION_53,experiments/kernel_replay_v58_large_generated_suite/generated_coq/V58_RETRACTION_53.v,1,accept,kernel_success,coqchk_success,experiments/kernel_replay_v58_large_generated_suite/logs/batch_coqchk.log,1,accepted_kernel_checked
V58,large generated suite,54,V58_LOGICAL_54,V58_LOGICAL_54,experiments/kernel_replay_v58_large_generated_suite/generated_coq/V58_LOGICAL_54.v,1,accept,kernel_success,coqchk_success,experiments/kernel_replay_v58_large_generated_suite/logs/batch_coqchk.log,1,accepted_kernel_checked
V58,large generated suite,55,V58_PRODUCT_55,V58_PRODUCT_55,experiments/kernel_replay_v58_large_generated_suite/generated_coq/V58_PRODUCT_55.v,1,accept,kernel_success,coqchk_success,experiments/kernel_replay_v58_large_generated_suite/logs/batch_coqchk.log,1,accepted_kernel_checked
V58,large generated suite,56,V58_EQ_56,V58_EQ_56,experiments/kernel_replay_v58_large_generated_suite/generated_coq/V58_EQ_56.v,1,accept,kernel_success,coqchk_success,experiments/kernel_replay_v58_large_generated_suite/logs/batch_coqchk.log,1,accepted_kernel_checked
V58,large generated suite,57,V58_SECTION_57,V58_SECTION_57,experiments/kernel_replay_v58_large_generated_suite/generated_coq/V58_SECTION_57.v,1,accept,kernel_success,coqchk_success,experiments/kernel_replay_v58_large_generated_suite/logs/batch_coqchk.log,1,accepted_kernel_checked
V58,large generated suite,58,V58_RETRACTION_58,V58_RETRACTION_58,experiments/kernel_replay_v58_large_generated_suite/generated_coq/V58_RETRACTION_58.v,1,accept,kernel_success,coqchk_success,experiments/kernel_replay_v58_large_generated_suite/logs/batch_coqchk.log,1,accepted_kernel_checked
V58,large generated suite,59,V58_LOGICAL_59,V58_LOGICAL_59,experiments/kernel_replay_v58_large_generated_suite/generated_coq/V58_LOGICAL_59.v,1,accept,kernel_success,coqchk_success,experiments/kernel_replay_v58_large_generated_suite/logs/batch_coqchk.log,1,accepted_kernel_checked
V58,large generated suite,60,V58_PRODUCT_60,V58_PRODUCT_60,experiments/kernel_replay_v58_large_generated_suite/generated_coq/V58_PRODUCT_60.v,1,accept,kernel_success,coqchk_success,experiments/kernel_replay_v58_large_generated_suite/logs/batch_coqchk.log,1,accepted_kernel_checked
V59,scaling curve suite,1,V59_N120_EQ_001,V59_N120_EQ_001,experiments/kernel_replay_v59_scaling_curve/generated_coq/n120/V59_N120_EQ_001.v,1,accept,kernel_success,coqchk_success,experiments/kernel_replay_v59_scaling_curve/logs/n120.batch_coqchk.log,1,accepted_kernel_checked
V59,scaling curve suite,2,V59_N120_SECTION_002,V59_N120_SECTION_002,experiments/kernel_replay_v59_scaling_curve/generated_coq/n120/V59_N120_SECTION_002.v,1,accept,kernel_success,coqchk_success,experiments/kernel_replay_v59_scaling_curve/logs/n120.batch_coqchk.log,1,accepted_kernel_checked
V59,scaling curve suite,3,V59_N120_RETRACTION_003,V59_N120_RETRACTION_003,experiments/kernel_replay_v59_scaling_curve/generated_coq/n120/V59_N120_RETRACTION_003.v,1,accept,kernel_success,coqchk_success,experiments/kernel_replay_v59_scaling_curve/logs/n120.batch_coqchk.log,1,accepted_kernel_checked
V59,scaling curve suite,4,V59_N120_LOGICAL_004,V59_N120_LOGICAL_004,experiments/kernel_replay_v59_scaling_curve/generated_coq/n120/V59_N120_LOGICAL_004.v,1,accept,kernel_success,coqchk_success,experiments/kernel_replay_v59_scaling_curve/logs/n120.batch_coqchk.log,1,accepted_kernel_checked
V59,scaling curve suite,5,V59_N120_PRODUCT_005,V59_N120_PRODUCT_005,experiments/kernel_replay_v59_scaling_curve/generated_coq/n120/V59_N120_PRODUCT_005.v,1,accept,kernel_success,coqchk_success,experiments/kernel_replay_v59_scaling_curve/logs/n120.batch_coqchk.log,1,accepted_kernel_checked
V59,scaling curve suite,6,V59_N120_EQ_006,V59_N120_EQ_006,experiments/kernel_replay_v59_scaling_curve/generated_coq/n120/V59_N120_EQ_006.v,1,accept,kernel_success,coqchk_success,experiments/kernel_replay_v59_scaling_curve/logs/n120.batch_coqchk.log,1,accepted_kernel_checked
V59,scaling curve suite,7,V59_N120_SECTION_007,V59_N120_SECTION_007,experiments/kernel_replay_v59_scaling_curve/generated_coq/n120/V59_N120_SECTION_007.v,1,accept,kernel_success,coqchk_success,experiments/kernel_replay_v59_scaling_curve/logs/n120.batch_coqchk.log,1,accepted_kernel_checked
V59,scaling curve suite,8,V59_N120_RETRACTION_008,V59_N120_RETRACTION_008,experiments/kernel_replay_v59_scaling_curve/generated_coq/n120/V59_N120_RETRACTION_008.v,1,accept,kernel_success,coqchk_success,experiments/kernel_replay_v59_scaling_curve/logs/n120.batch_coqchk.log,1,accepted_kernel_checked
V59,scaling curve suite,9,V59_N120_LOGICAL_009,V59_N120_LOGICAL_009,experiments/kernel_replay_v59_scaling_curve/generated_coq/n120/V59_N120_LOGICAL_009.v,1,accept,kernel_success,coqchk_success,experiments/kernel_replay_v59_scaling_curve/logs/n120.batch_coqchk.log,1,accepted_kernel_checked
V59,scaling curve suite,10,V59_N120_PRODUCT_010,V59_N120_PRODUCT_010,experiments/kernel_replay_v59_scaling_curve/generated_coq/n120/V59_N120_PRODUCT_010.v,1,accept,kernel_success,coqchk_success,experiments/kernel_replay_v59_scaling_curve/logs/n120.batch_coqchk.log,1,accepted_kernel_checked
V59,scaling curve suite,11,V59_N120_EQ_011,V59_N120_EQ_011,experiments/kernel_replay_v59_scaling_curve/generated_coq/n120/V59_N120_EQ_011.v,1,accept,kernel_success,coqchk_success,experiments/kernel_replay_v59_scaling_curve/logs/n120.batch_coqchk.log,1,accepted_kernel_checked
V59,scaling curve suite,12,V59_N120_SECTION_012,V59_N120_SECTION_012,experiments/kernel_replay_v59_scaling_curve/generated_coq/n120/V59_N120_SECTION_012.v,1,accept,kernel_success,coqchk_success,experiments/kernel_replay_v59_scaling_curve/logs/n120.batch_coqchk.log,1,accepted_kernel_checked
V59,scaling curve suite,13,V59_N120_RETRACTION_013,V59_N120_RETRACTION_013,experiments/kernel_replay_v59_scaling_curve/generated_coq/n120/V59_N120_RETRACTION_013.v,1,accept,kernel_success,coqchk_success,experiments/kernel_replay_v59_scaling_curve/logs/n120.batch_coqchk.log,1,accepted_kernel_checked
V59,scaling curve suite,14,V59_N120_LOGICAL_014,V59_N120_LOGICAL_014,experiments/kernel_replay_v59_scaling_curve/generated_coq/n120/V59_N120_LOGICAL_014.v,1,accept,kernel_success,coqchk_success,experiments/kernel_replay_v59_scaling_curve/logs/n120.batch_coqchk.log,1,accepted_kernel_checked
V59,scaling curve suite,15,V59_N120_PRODUCT_015,V59_N120_PRODUCT_015,experiments/kernel_replay_v59_scaling_curve/generated_coq/n120/V59_N120_PRODUCT_015.v,1,accept,kernel_success,coqchk_success,experiments/kernel_replay_v59_scaling_curve/logs/n120.batch_coqchk.log,1,accepted_kernel_checked
V59,scaling curve suite,16,V59_N120_EQ_016,V59_N120_EQ_016,experiments/kernel_replay_v59_scaling_curve/generated_coq/n120/V59_N120_EQ_016.v,1,accept,kernel_success,coqchk_success,experiments/kernel_replay_v59_scaling_curve/logs/n120.batch_coqchk.log,1,accepted_kernel_checked
V59,scaling curve suite,17,V59_N120_SECTION_017,V59_N120_SECTION_017,experiments/kernel_replay_v59_scaling_curve/generated_coq/n120/V59_N120_SECTION_017.v,1,accept,kernel_success,coqchk_success,experiments/kernel_replay_v59_scaling_curve/logs/n120.batch_coqchk.log,1,accepted_kernel_checked
V59,scaling curve suite,18,V59_N120_RETRACTION_018,V59_N120_RETRACTION_018,experiments/kernel_replay_v59_scaling_curve/generated_coq/n120/V59_N120_RETRACTION_018.v,1,accept,kernel_success,coqchk_success,experiments/kernel_replay_v59_scaling_curve/logs/n120.batch_coqchk.log,1,accepted_kernel_checked
V59,scaling curve suite,19,V59_N120_LOGICAL_019,V59_N120_LOGICAL_019,experiments/kernel_replay_v59_scaling_curve/generated_coq/n120/V59_N120_LOGICAL_019.v,1,accept,kernel_success,coqchk_success,experiments/kernel_replay_v59_scaling_curve/logs/n120.batch_coqchk.log,1,accepted_kernel_checked
V59,scaling curve suite,20,V59_N120_PRODUCT_020,V59_N120_PRODUCT_020,experiments/kernel_replay_v59_scaling_curve/generated_coq/n120/V59_N120_PRODUCT_020.v,1,accept,kernel_success,coqchk_success,experiments/kernel_replay_v59_scaling_curve/logs/n120.batch_coqchk.log,1,accepted_kernel_checked
V59,scaling curve suite,21,V59_N120_EQ_021,V59_N120_EQ_021,experiments/kernel_replay_v59_scaling_curve/generated_coq/n120/V59_N120_EQ_021.v,1,accept,kernel_success,coqchk_success,experiments/kernel_replay_v59_scaling_curve/logs/n120.batch_coqchk.log,1,accepted_kernel_checked
V59,scaling curve suite,22,V59_N120_SECTION_022,V59_N120_SECTION_022,experiments/kernel_replay_v59_scaling_curve/generated_coq/n120/V59_N120_SECTION_022.v,1,accept,kernel_success,coqchk_success,experiments/kernel_replay_v59_scaling_curve/logs/n120.batch_coqchk.log,1,accepted_kernel_checked
V59,scaling curve suite,23,V59_N120_RETRACTION_023,V59_N120_RETRACTION_023,experiments/kernel_replay_v59_scaling_curve/generated_coq/n120/V59_N120_RETRACTION_023.v,1,accept,kernel_success,coqchk_success,experiments/kernel_replay_v59_scaling_curve/logs/n120.batch_coqchk.log,1,accepted_kernel_checked
V59,scaling curve suite,24,V59_N120_LOGICAL_024,V59_N120_LOGICAL_024,experiments/kernel_replay_v59_scaling_curve/generated_coq/n120/V59_N120_LOGICAL_024.v,1,accept,kernel_success,coqchk_success,experiments/kernel_replay_v59_scaling_curve/logs/n120.batch_coqchk.log,1,accepted_kernel_checked
V59,scaling curve suite,25,V59_N120_PRODUCT_025,V59_N120_PRODUCT_025,experiments/kernel_replay_v59_scaling_curve/generated_coq/n120/V59_N120_PRODUCT_025.v,1,accept,kernel_success,coqchk_success,experiments/kernel_replay_v59_scaling_curve/logs/n120.batch_coqchk.log,1,accepted_kernel_checked
V59,scaling curve suite,26,V59_N120_EQ_026,V59_N120_EQ_026,experiments/kernel_replay_v59_scaling_curve/generated_coq/n120/V59_N120_EQ_026.v,1,accept,kernel_success,coqchk_success,experiments/kernel_replay_v59_scaling_curve/logs/n120.batch_coqchk.log,1,accepted_kernel_checked
V59,scaling curve suite,27,V59_N120_SECTION_027,V59_N120_SECTION_027,experiments/kernel_replay_v59_scaling_curve/generated_coq/n120/V59_N120_SECTION_027.v,1,accept,kernel_success,coqchk_success,experiments/kernel_replay_v59_scaling_curve/logs/n120.batch_coqchk.log,1,accepted_kernel_checked
V59,scaling curve suite,28,V59_N120_RETRACTION_028,V59_N120_RETRACTION_028,experiments/kernel_replay_v59_scaling_curve/generated_coq/n120/V59_N120_RETRACTION_028.v,1,accept,kernel_success,coqchk_success,experiments/kernel_replay_v59_scaling_curve/logs/n120.batch_coqchk.log,1,accepted_kernel_checked
V59,scaling curve suite,29,V59_N120_LOGICAL_029,V59_N120_LOGICAL_029,experiments/kernel_replay_v59_scaling_curve/generated_coq/n120/V59_N120_LOGICAL_029.v,1,accept,kernel_success,coqchk_success,experiments/kernel_replay_v59_scaling_curve/logs/n120.batch_coqchk.log,1,accepted_kernel_checked
V59,scaling curve suite,30,V59_N120_PRODUCT_030,V59_N120_PRODUCT_030,experiments/kernel_replay_v59_scaling_curve/generated_coq/n120/V59_N120_PRODUCT_030.v,1,accept,kernel_success,coqchk_success,experiments/kernel_replay_v59_scaling_curve/logs/n120.batch_coqchk.log,1,accepted_kernel_checked
V59,scaling curve suite,31,V59_N120_EQ_031,V59_N120_EQ_031,experiments/kernel_replay_v59_scaling_curve/generated_coq/n120/V59_N120_EQ_031.v,1,accept,kernel_success,coqchk_success,experiments/kernel_replay_v59_scaling_curve/logs/n120.batch_coqchk.log,1,accepted_kernel_checked
V59,scaling curve suite,32,V59_N120_SECTION_032,V59_N120_SECTION_032,experiments/kernel_replay_v59_scaling_curve/generated_coq/n120/V59_N120_SECTION_032.v,1,accept,kernel_success,coqchk_success,experiments/kernel_replay_v59_scaling_curve/logs/n120.batch_coqchk.log,1,accepted_kernel_checked
V59,scaling curve suite,33,V59_N120_RETRACTION_033,V59_N120_RETRACTION_033,experiments/kernel_replay_v59_scaling_curve/generated_coq/n120/V59_N120_RETRACTION_033.v,1,accept,kernel_success,coqchk_success,experiments/kernel_replay_v59_scaling_curve/logs/n120.batch_coqchk.log,1,accepted_kernel_checked
V59,scaling curve suite,34,V59_N120_LOGICAL_034,V59_N120_LOGICAL_034,experiments/kernel_replay_v59_scaling_curve/generated_coq/n120/V59_N120_LOGICAL_034.v,1,accept,kernel_success,coqchk_success,experiments/kernel_replay_v59_scaling_curve/logs/n120.batch_coqchk.log,1,accepted_kernel_checked
V59,scaling curve suite,35,V59_N120_PRODUCT_035,V59_N120_PRODUCT_035,experiments/kernel_replay_v59_scaling_curve/generated_coq/n120/V59_N120_PRODUCT_035.v,1,accept,kernel_success,coqchk_success,experiments/kernel_replay_v59_scaling_curve/logs/n120.batch_coqchk.log,1,accepted_kernel_checked
V59,scaling curve suite,36,V59_N120_EQ_036,V59_N120_EQ_036,experiments/kernel_replay_v59_scaling_curve/generated_coq/n120/V59_N120_EQ_036.v,1,accept,kernel_success,coqchk_success,experiments/kernel_replay_v59_scaling_curve/logs/n120.batch_coqchk.log,1,accepted_kernel_checked
V59,scaling curve suite,37,V59_N120_SECTION_037,V59_N120_SECTION_037,experiments/kernel_replay_v59_scaling_curve/generated_coq/n120/V59_N120_SECTION_037.v,1,accept,kernel_success,coqchk_success,experiments/kernel_replay_v59_scaling_curve/logs/n120.batch_coqchk.log,1,accepted_kernel_checked
V59,scaling curve suite,38,V59_N120_RETRACTION_038,V59_N120_RETRACTION_038,experiments/kernel_replay_v59_scaling_curve/generated_coq/n120/V59_N120_RETRACTION_038.v,1,accept,kernel_success,coqchk_success,experiments/kernel_replay_v59_scaling_curve/logs/n120.batch_coqchk.log,1,accepted_kernel_checked
V59,scaling curve suite,39,V59_N120_LOGICAL_039,V59_N120_LOGICAL_039,experiments/kernel_replay_v59_scaling_curve/generated_coq/n120/V59_N120_LOGICAL_039.v,1,accept,kernel_success,coqchk_success,experiments/kernel_replay_v59_scaling_curve/logs/n120.batch_coqchk.log,1,accepted_kernel_checked
V59,scaling curve suite,40,V59_N120_PRODUCT_040,V59_N120_PRODUCT_040,experiments/kernel_replay_v59_scaling_curve/generated_coq/n120/V59_N120_PRODUCT_040.v,1,accept,kernel_success,coqchk_success,experiments/kernel_replay_v59_scaling_curve/logs/n120.batch_coqchk.log,1,accepted_kernel_checked
V59,scaling curve suite,41,V59_N120_EQ_041,V59_N120_EQ_041,experiments/kernel_replay_v59_scaling_curve/generated_coq/n120/V59_N120_EQ_041.v,1,accept,kernel_success,coqchk_success,experiments/kernel_replay_v59_scaling_curve/logs/n120.batch_coqchk.log,1,accepted_kernel_checked
V59,scaling curve suite,42,V59_N120_SECTION_042,V59_N120_SECTION_042,experiments/kernel_replay_v59_scaling_curve/generated_coq/n120/V59_N120_SECTION_042.v,1,accept,kernel_success,coqchk_success,experiments/kernel_replay_v59_scaling_curve/logs/n120.batch_coqchk.log,1,accepted_kernel_checked
V59,scaling curve suite,43,V59_N120_RETRACTION_043,V59_N120_RETRACTION_043,experiments/kernel_replay_v59_scaling_curve/generated_coq/n120/V59_N120_RETRACTION_043.v,1,accept,kernel_success,coqchk_success,experiments/kernel_replay_v59_scaling_curve/logs/n120.batch_coqchk.log,1,accepted_kernel_checked
V59,scaling curve suite,44,V59_N120_LOGICAL_044,V59_N120_LOGICAL_044,experiments/kernel_replay_v59_scaling_curve/generated_coq/n120/V59_N120_LOGICAL_044.v,1,accept,kernel_success,coqchk_success,experiments/kernel_replay_v59_scaling_curve/logs/n120.batch_coqchk.log,1,accepted_kernel_checked
V59,scaling curve suite,45,V59_N120_PRODUCT_045,V59_N120_PRODUCT_045,experiments/kernel_replay_v59_scaling_curve/generated_coq/n120/V59_N120_PRODUCT_045.v,1,accept,kernel_success,coqchk_success,experiments/kernel_replay_v59_scaling_curve/logs/n120.batch_coqchk.log,1,accepted_kernel_checked
V59,scaling curve suite,46,V59_N120_EQ_046,V59_N120_EQ_046,experiments/kernel_replay_v59_scaling_curve/generated_coq/n120/V59_N120_EQ_046.v,1,accept,kernel_success,coqchk_success,experiments/kernel_replay_v59_scaling_curve/logs/n120.batch_coqchk.log,1,accepted_kernel_checked
V59,scaling curve suite,47,V59_N120_SECTION_047,V59_N120_SECTION_047,experiments/kernel_replay_v59_scaling_curve/generated_coq/n120/V59_N120_SECTION_047.v,1,accept,kernel_success,coqchk_success,experiments/kernel_replay_v59_scaling_curve/logs/n120.batch_coqchk.log,1,accepted_kernel_checked
V59,scaling curve suite,48,V59_N120_RETRACTION_048,V59_N120_RETRACTION_048,experiments/kernel_replay_v59_scaling_curve/generated_coq/n120/V59_N120_RETRACTION_048.v,1,accept,kernel_success,coqchk_success,experiments/kernel_replay_v59_scaling_curve/logs/n120.batch_coqchk.log,1,accepted_kernel_checked
V59,scaling curve suite,49,V59_N120_LOGICAL_049,V59_N120_LOGICAL_049,experiments/kernel_replay_v59_scaling_curve/generated_coq/n120/V59_N120_LOGICAL_049.v,1,accept,kernel_success,coqchk_success,experiments/kernel_replay_v59_scaling_curve/logs/n120.batch_coqchk.log,1,accepted_kernel_checked
V59,scaling curve suite,50,V59_N120_PRODUCT_050,V59_N120_PRODUCT_050,experiments/kernel_replay_v59_scaling_curve/generated_coq/n120/V59_N120_PRODUCT_050.v,1,accept,kernel_success,coqchk_success,experiments/kernel_replay_v59_scaling_curve/logs/n120.batch_coqchk.log,1,accepted_kernel_checked
V59,scaling curve suite,51,V59_N120_EQ_051,V59_N120_EQ_051,experiments/kernel_replay_v59_scaling_curve/generated_coq/n120/V59_N120_EQ_051.v,1,accept,kernel_success,coqchk_success,experiments/kernel_replay_v59_scaling_curve/logs/n120.batch_coqchk.log,1,accepted_kernel_checked
V59,scaling curve suite,52,V59_N120_SECTION_052,V59_N120_SECTION_052,experiments/kernel_replay_v59_scaling_curve/generated_coq/n120/V59_N120_SECTION_052.v,1,accept,kernel_success,coqchk_success,experiments/kernel_replay_v59_scaling_curve/logs/n120.batch_coqchk.log,1,accepted_kernel_checked
V59,scaling curve suite,53,V59_N120_RETRACTION_053,V59_N120_RETRACTION_053,experiments/kernel_replay_v59_scaling_curve/generated_coq/n120/V59_N120_RETRACTION_053.v,1,accept,kernel_success,coqchk_success,experiments/kernel_replay_v59_scaling_curve/logs/n120.batch_coqchk.log,1,accepted_kernel_checked
V59,scaling curve suite,54,V59_N120_LOGICAL_054,V59_N120_LOGICAL_054,experiments/kernel_replay_v59_scaling_curve/generated_coq/n120/V59_N120_LOGICAL_054.v,1,accept,kernel_success,coqchk_success,experiments/kernel_replay_v59_scaling_curve/logs/n120.batch_coqchk.log,1,accepted_kernel_checked
V59,scaling curve suite,55,V59_N120_PRODUCT_055,V59_N120_PRODUCT_055,experiments/kernel_replay_v59_scaling_curve/generated_coq/n120/V59_N120_PRODUCT_055.v,1,accept,kernel_success,coqchk_success,experiments/kernel_replay_v59_scaling_curve/logs/n120.batch_coqchk.log,1,accepted_kernel_checked
V59,scaling curve suite,56,V59_N120_EQ_056,V59_N120_EQ_056,experiments/kernel_replay_v59_scaling_curve/generated_coq/n120/V59_N120_EQ_056.v,1,accept,kernel_success,coqchk_success,experiments/kernel_replay_v59_scaling_curve/logs/n120.batch_coqchk.log,1,accepted_kernel_checked
V59,scaling curve suite,57,V59_N120_SECTION_057,V59_N120_SECTION_057,experiments/kernel_replay_v59_scaling_curve/generated_coq/n120/V59_N120_SECTION_057.v,1,accept,kernel_success,coqchk_success,experiments/kernel_replay_v59_scaling_curve/logs/n120.batch_coqchk.log,1,accepted_kernel_checked
V59,scaling curve suite,58,V59_N120_RETRACTION_058,V59_N120_RETRACTION_058,experiments/kernel_replay_v59_scaling_curve/generated_coq/n120/V59_N120_RETRACTION_058.v,1,accept,kernel_success,coqchk_success,experiments/kernel_replay_v59_scaling_curve/logs/n120.batch_coqchk.log,1,accepted_kernel_checked
V59,scaling curve suite,59,V59_N120_LOGICAL_059,V59_N120_LOGICAL_059,experiments/kernel_replay_v59_scaling_curve/generated_coq/n120/V59_N120_LOGICAL_059.v,1,accept,kernel_success,coqchk_success,experiments/kernel_replay_v59_scaling_curve/logs/n120.batch_coqchk.log,1,accepted_kernel_checked
V59,scaling curve suite,60,V59_N120_PRODUCT_060,V59_N120_PRODUCT_060,experiments/kernel_replay_v59_scaling_curve/generated_coq/n120/V59_N120_PRODUCT_060.v,1,accept,kernel_success,coqchk_success,experiments/kernel_replay_v59_scaling_curve/logs/n120.batch_coqchk.log,1,accepted_kernel_checked
V59,scaling curve suite,61,V59_N120_EQ_061,V59_N120_EQ_061,experiments/kernel_replay_v59_scaling_curve/generated_coq/n120/V59_N120_EQ_061.v,1,accept,kernel_success,coqchk_success,experiments/kernel_replay_v59_scaling_curve/logs/n120.batch_coqchk.log,1,accepted_kernel_checked
V59,scaling curve suite,62,V59_N120_SECTION_062,V59_N120_SECTION_062,experiments/kernel_replay_v59_scaling_curve/generated_coq/n120/V59_N120_SECTION_062.v,1,accept,kernel_success,coqchk_success,experiments/kernel_replay_v59_scaling_curve/logs/n120.batch_coqchk.log,1,accepted_kernel_checked
V59,scaling curve suite,63,V59_N120_RETRACTION_063,V59_N120_RETRACTION_063,experiments/kernel_replay_v59_scaling_curve/generated_coq/n120/V59_N120_RETRACTION_063.v,1,accept,kernel_success,coqchk_success,experiments/kernel_replay_v59_scaling_curve/logs/n120.batch_coqchk.log,1,accepted_kernel_checked
V59,scaling curve suite,64,V59_N120_LOGICAL_064,V59_N120_LOGICAL_064,experiments/kernel_replay_v59_scaling_curve/generated_coq/n120/V59_N120_LOGICAL_064.v,1,accept,kernel_success,coqchk_success,experiments/kernel_replay_v59_scaling_curve/logs/n120.batch_coqchk.log,1,accepted_kernel_checked
V59,scaling curve suite,65,V59_N120_PRODUCT_065,V59_N120_PRODUCT_065,experiments/kernel_replay_v59_scaling_curve/generated_coq/n120/V59_N120_PRODUCT_065.v,1,accept,kernel_success,coqchk_success,experiments/kernel_replay_v59_scaling_curve/logs/n120.batch_coqchk.log,1,accepted_kernel_checked
V59,scaling curve suite,66,V59_N120_EQ_066,V59_N120_EQ_066,experiments/kernel_replay_v59_scaling_curve/generated_coq/n120/V59_N120_EQ_066.v,1,accept,kernel_success,coqchk_success,experiments/kernel_replay_v59_scaling_curve/logs/n120.batch_coqchk.log,1,accepted_kernel_checked
V59,scaling curve suite,67,V59_N120_SECTION_067,V59_N120_SECTION_067,experiments/kernel_replay_v59_scaling_curve/generated_coq/n120/V59_N120_SECTION_067.v,1,accept,kernel_success,coqchk_success,experiments/kernel_replay_v59_scaling_curve/logs/n120.batch_coqchk.log,1,accepted_kernel_checked
V59,scaling curve suite,68,V59_N120_RETRACTION_068,V59_N120_RETRACTION_068,experiments/kernel_replay_v59_scaling_curve/generated_coq/n120/V59_N120_RETRACTION_068.v,1,accept,kernel_success,coqchk_success,experiments/kernel_replay_v59_scaling_curve/logs/n120.batch_coqchk.log,1,accepted_kernel_checked
V59,scaling curve suite,69,V59_N120_LOGICAL_069,V59_N120_LOGICAL_069,experiments/kernel_replay_v59_scaling_curve/generated_coq/n120/V59_N120_LOGICAL_069.v,1,accept,kernel_success,coqchk_success,experiments/kernel_replay_v59_scaling_curve/logs/n120.batch_coqchk.log,1,accepted_kernel_checked
V59,scaling curve suite,70,V59_N120_PRODUCT_070,V59_N120_PRODUCT_070,experiments/kernel_replay_v59_scaling_curve/generated_coq/n120/V59_N120_PRODUCT_070.v,1,accept,kernel_success,coqchk_success,experiments/kernel_replay_v59_scaling_curve/logs/n120.batch_coqchk.log,1,accepted_kernel_checked
V59,scaling curve suite,71,V59_N120_EQ_071,V59_N120_EQ_071,experiments/kernel_replay_v59_scaling_curve/generated_coq/n120/V59_N120_EQ_071.v,1,accept,kernel_success,coqchk_success,experiments/kernel_replay_v59_scaling_curve/logs/n120.batch_coqchk.log,1,accepted_kernel_checked
V59,scaling curve suite,72,V59_N120_SECTION_072,V59_N120_SECTION_072,experiments/kernel_replay_v59_scaling_curve/generated_coq/n120/V59_N120_SECTION_072.v,1,accept,kernel_success,coqchk_success,experiments/kernel_replay_v59_scaling_curve/logs/n120.batch_coqchk.log,1,accepted_kernel_checked
V59,scaling curve suite,73,V59_N120_RETRACTION_073,V59_N120_RETRACTION_073,experiments/kernel_replay_v59_scaling_curve/generated_coq/n120/V59_N120_RETRACTION_073.v,1,accept,kernel_success,coqchk_success,experiments/kernel_replay_v59_scaling_curve/logs/n120.batch_coqchk.log,1,accepted_kernel_checked
V59,scaling curve suite,74,V59_N120_LOGICAL_074,V59_N120_LOGICAL_074,experiments/kernel_replay_v59_scaling_curve/generated_coq/n120/V59_N120_LOGICAL_074.v,1,accept,kernel_success,coqchk_success,experiments/kernel_replay_v59_scaling_curve/logs/n120.batch_coqchk.log,1,accepted_kernel_checked
V59,scaling curve suite,75,V59_N120_PRODUCT_075,V59_N120_PRODUCT_075,experiments/kernel_replay_v59_scaling_curve/generated_coq/n120/V59_N120_PRODUCT_075.v,1,accept,kernel_success,coqchk_success,experiments/kernel_replay_v59_scaling_curve/logs/n120.batch_coqchk.log,1,accepted_kernel_checked
V59,scaling curve suite,76,V59_N120_EQ_076,V59_N120_EQ_076,experiments/kernel_replay_v59_scaling_curve/generated_coq/n120/V59_N120_EQ_076.v,1,accept,kernel_success,coqchk_success,experiments/kernel_replay_v59_scaling_curve/logs/n120.batch_coqchk.log,1,accepted_kernel_checked
V59,scaling curve suite,77,V59_N120_SECTION_077,V59_N120_SECTION_077,experiments/kernel_replay_v59_scaling_curve/generated_coq/n120/V59_N120_SECTION_077.v,1,accept,kernel_success,coqchk_success,experiments/kernel_replay_v59_scaling_curve/logs/n120.batch_coqchk.log,1,accepted_kernel_checked
V59,scaling curve suite,78,V59_N120_RETRACTION_078,V59_N120_RETRACTION_078,experiments/kernel_replay_v59_scaling_curve/generated_coq/n120/V59_N120_RETRACTION_078.v,1,accept,kernel_success,coqchk_success,experiments/kernel_replay_v59_scaling_curve/logs/n120.batch_coqchk.log,1,accepted_kernel_checked
V59,scaling curve suite,79,V59_N120_LOGICAL_079,V59_N120_LOGICAL_079,experiments/kernel_replay_v59_scaling_curve/generated_coq/n120/V59_N120_LOGICAL_079.v,1,accept,kernel_success,coqchk_success,experiments/kernel_replay_v59_scaling_curve/logs/n120.batch_coqchk.log,1,accepted_kernel_checked
V59,scaling curve suite,80,V59_N120_PRODUCT_080,V59_N120_PRODUCT_080,experiments/kernel_replay_v59_scaling_curve/generated_coq/n120/V59_N120_PRODUCT_080.v,1,accept,kernel_success,coqchk_success,experiments/kernel_replay_v59_scaling_curve/logs/n120.batch_coqchk.log,1,accepted_kernel_checked
V59,scaling curve suite,81,V59_N120_EQ_081,V59_N120_EQ_081,experiments/kernel_replay_v59_scaling_curve/generated_coq/n120/V59_N120_EQ_081.v,1,accept,kernel_success,coqchk_success,experiments/kernel_replay_v59_scaling_curve/logs/n120.batch_coqchk.log,1,accepted_kernel_checked
V59,scaling curve suite,82,V59_N120_SECTION_082,V59_N120_SECTION_082,experiments/kernel_replay_v59_scaling_curve/generated_coq/n120/V59_N120_SECTION_082.v,1,accept,kernel_success,coqchk_success,experiments/kernel_replay_v59_scaling_curve/logs/n120.batch_coqchk.log,1,accepted_kernel_checked
V59,scaling curve suite,83,V59_N120_RETRACTION_083,V59_N120_RETRACTION_083,experiments/kernel_replay_v59_scaling_curve/generated_coq/n120/V59_N120_RETRACTION_083.v,1,accept,kernel_success,coqchk_success,experiments/kernel_replay_v59_scaling_curve/logs/n120.batch_coqchk.log,1,accepted_kernel_checked
V59,scaling curve suite,84,V59_N120_LOGICAL_084,V59_N120_LOGICAL_084,experiments/kernel_replay_v59_scaling_curve/generated_coq/n120/V59_N120_LOGICAL_084.v,1,accept,kernel_success,coqchk_success,experiments/kernel_replay_v59_scaling_curve/logs/n120.batch_coqchk.log,1,accepted_kernel_checked
V59,scaling curve suite,85,V59_N120_PRODUCT_085,V59_N120_PRODUCT_085,experiments/kernel_replay_v59_scaling_curve/generated_coq/n120/V59_N120_PRODUCT_085.v,1,accept,kernel_success,coqchk_success,experiments/kernel_replay_v59_scaling_curve/logs/n120.batch_coqchk.log,1,accepted_kernel_checked
V59,scaling curve suite,86,V59_N120_EQ_086,V59_N120_EQ_086,experiments/kernel_replay_v59_scaling_curve/generated_coq/n120/V59_N120_EQ_086.v,1,accept,kernel_success,coqchk_success,experiments/kernel_replay_v59_scaling_curve/logs/n120.batch_coqchk.log,1,accepted_kernel_checked
V59,scaling curve suite,87,V59_N120_SECTION_087,V59_N120_SECTION_087,experiments/kernel_replay_v59_scaling_curve/generated_coq/n120/V59_N120_SECTION_087.v,1,accept,kernel_success,coqchk_success,experiments/kernel_replay_v59_scaling_curve/logs/n120.batch_coqchk.log,1,accepted_kernel_checked
V59,scaling curve suite,88,V59_N120_RETRACTION_088,V59_N120_RETRACTION_088,experiments/kernel_replay_v59_scaling_curve/generated_coq/n120/V59_N120_RETRACTION_088.v,1,accept,kernel_success,coqchk_success,experiments/kernel_replay_v59_scaling_curve/logs/n120.batch_coqchk.log,1,accepted_kernel_checked
V59,scaling curve suite,89,V59_N120_LOGICAL_089,V59_N120_LOGICAL_089,experiments/kernel_replay_v59_scaling_curve/generated_coq/n120/V59_N120_LOGICAL_089.v,1,accept,kernel_success,coqchk_success,experiments/kernel_replay_v59_scaling_curve/logs/n120.batch_coqchk.log,1,accepted_kernel_checked
V59,scaling curve suite,90,V59_N120_PRODUCT_090,V59_N120_PRODUCT_090,experiments/kernel_replay_v59_scaling_curve/generated_coq/n120/V59_N120_PRODUCT_090.v,1,accept,kernel_success,coqchk_success,experiments/kernel_replay_v59_scaling_curve/logs/n120.batch_coqchk.log,1,accepted_kernel_checked
V59,scaling curve suite,91,V59_N120_EQ_091,V59_N120_EQ_091,experiments/kernel_replay_v59_scaling_curve/generated_coq/n120/V59_N120_EQ_091.v,1,accept,kernel_success,coqchk_success,experiments/kernel_replay_v59_scaling_curve/logs/n120.batch_coqchk.log,1,accepted_kernel_checked
V59,scaling curve suite,92,V59_N120_SECTION_092,V59_N120_SECTION_092,experiments/kernel_replay_v59_scaling_curve/generated_coq/n120/V59_N120_SECTION_092.v,1,accept,kernel_success,coqchk_success,experiments/kernel_replay_v59_scaling_curve/logs/n120.batch_coqchk.log,1,accepted_kernel_checked
V59,scaling curve suite,93,V59_N120_RETRACTION_093,V59_N120_RETRACTION_093,experiments/kernel_replay_v59_scaling_curve/generated_coq/n120/V59_N120_RETRACTION_093.v,1,accept,kernel_success,coqchk_success,experiments/kernel_replay_v59_scaling_curve/logs/n120.batch_coqchk.log,1,accepted_kernel_checked
V59,scaling curve suite,94,V59_N120_LOGICAL_094,V59_N120_LOGICAL_094,experiments/kernel_replay_v59_scaling_curve/generated_coq/n120/V59_N120_LOGICAL_094.v,1,accept,kernel_success,coqchk_success,experiments/kernel_replay_v59_scaling_curve/logs/n120.batch_coqchk.log,1,accepted_kernel_checked
V59,scaling curve suite,95,V59_N120_PRODUCT_095,V59_N120_PRODUCT_095,experiments/kernel_replay_v59_scaling_curve/generated_coq/n120/V59_N120_PRODUCT_095.v,1,accept,kernel_success,coqchk_success,experiments/kernel_replay_v59_scaling_curve/logs/n120.batch_coqchk.log,1,accepted_kernel_checked
V59,scaling curve suite,96,V59_N120_EQ_096,V59_N120_EQ_096,experiments/kernel_replay_v59_scaling_curve/generated_coq/n120/V59_N120_EQ_096.v,1,accept,kernel_success,coqchk_success,experiments/kernel_replay_v59_scaling_curve/logs/n120.batch_coqchk.log,1,accepted_kernel_checked
V59,scaling curve suite,97,V59_N120_SECTION_097,V59_N120_SECTION_097,experiments/kernel_replay_v59_scaling_curve/generated_coq/n120/V59_N120_SECTION_097.v,1,accept,kernel_success,coqchk_success,experiments/kernel_replay_v59_scaling_curve/logs/n120.batch_coqchk.log,1,accepted_kernel_checked
V59,scaling curve suite,98,V59_N120_RETRACTION_098,V59_N120_RETRACTION_098,experiments/kernel_replay_v59_scaling_curve/generated_coq/n120/V59_N120_RETRACTION_098.v,1,accept,kernel_success,coqchk_success,experiments/kernel_replay_v59_scaling_curve/logs/n120.batch_coqchk.log,1,accepted_kernel_checked
V59,scaling curve suite,99,V59_N120_LOGICAL_099,V59_N120_LOGICAL_099,experiments/kernel_replay_v59_scaling_curve/generated_coq/n120/V59_N120_LOGICAL_099.v,1,accept,kernel_success,coqchk_success,experiments/kernel_replay_v59_scaling_curve/logs/n120.batch_coqchk.log,1,accepted_kernel_checked
V59,scaling curve suite,100,V59_N120_PRODUCT_100,V59_N120_PRODUCT_100,experiments/kernel_replay_v59_scaling_curve/generated_coq/n120/V59_N120_PRODUCT_100.v,1,accept,kernel_success,coqchk_success,experiments/kernel_replay_v59_scaling_curve/logs/n120.batch_coqchk.log,1,accepted_kernel_checked
V59,scaling curve suite,101,V59_N120_EQ_101,V59_N120_EQ_101,experiments/kernel_replay_v59_scaling_curve/generated_coq/n120/V59_N120_EQ_101.v,1,accept,kernel_success,coqchk_success,experiments/kernel_replay_v59_scaling_curve/logs/n120.batch_coqchk.log,1,accepted_kernel_checked
V59,scaling curve suite,102,V59_N120_SECTION_102,V59_N120_SECTION_102,experiments/kernel_replay_v59_scaling_curve/generated_coq/n120/V59_N120_SECTION_102.v,1,accept,kernel_success,coqchk_success,experiments/kernel_replay_v59_scaling_curve/logs/n120.batch_coqchk.log,1,accepted_kernel_checked
V59,scaling curve suite,103,V59_N120_RETRACTION_103,V59_N120_RETRACTION_103,experiments/kernel_replay_v59_scaling_curve/generated_coq/n120/V59_N120_RETRACTION_103.v,1,accept,kernel_success,coqchk_success,experiments/kernel_replay_v59_scaling_curve/logs/n120.batch_coqchk.log,1,accepted_kernel_checked
V59,scaling curve suite,104,V59_N120_LOGICAL_104,V59_N120_LOGICAL_104,experiments/kernel_replay_v59_scaling_curve/generated_coq/n120/V59_N120_LOGICAL_104.v,1,accept,kernel_success,coqchk_success,experiments/kernel_replay_v59_scaling_curve/logs/n120.batch_coqchk.log,1,accepted_kernel_checked
V59,scaling curve suite,105,V59_N120_PRODUCT_105,V59_N120_PRODUCT_105,experiments/kernel_replay_v59_scaling_curve/generated_coq/n120/V59_N120_PRODUCT_105.v,1,accept,kernel_success,coqchk_success,experiments/kernel_replay_v59_scaling_curve/logs/n120.batch_coqchk.log,1,accepted_kernel_checked
V59,scaling curve suite,106,V59_N120_EQ_106,V59_N120_EQ_106,experiments/kernel_replay_v59_scaling_curve/generated_coq/n120/V59_N120_EQ_106.v,1,accept,kernel_success,coqchk_success,experiments/kernel_replay_v59_scaling_curve/logs/n120.batch_coqchk.log,1,accepted_kernel_checked
V59,scaling curve suite,107,V59_N120_SECTION_107,V59_N120_SECTION_107,experiments/kernel_replay_v59_scaling_curve/generated_coq/n120/V59_N120_SECTION_107.v,1,accept,kernel_success,coqchk_success,experiments/kernel_replay_v59_scaling_curve/logs/n120.batch_coqchk.log,1,accepted_kernel_checked
V59,scaling curve suite,108,V59_N120_RETRACTION_108,V59_N120_RETRACTION_108,experiments/kernel_replay_v59_scaling_curve/generated_coq/n120/V59_N120_RETRACTION_108.v,1,accept,kernel_success,coqchk_success,experiments/kernel_replay_v59_scaling_curve/logs/n120.batch_coqchk.log,1,accepted_kernel_checked
V59,scaling curve suite,109,V59_N120_LOGICAL_109,V59_N120_LOGICAL_109,experiments/kernel_replay_v59_scaling_curve/generated_coq/n120/V59_N120_LOGICAL_109.v,1,accept,kernel_success,coqchk_success,experiments/kernel_replay_v59_scaling_curve/logs/n120.batch_coqchk.log,1,accepted_kernel_checked
V59,scaling curve suite,110,V59_N120_PRODUCT_110,V59_N120_PRODUCT_110,experiments/kernel_replay_v59_scaling_curve/generated_coq/n120/V59_N120_PRODUCT_110.v,1,accept,kernel_success,coqchk_success,experiments/kernel_replay_v59_scaling_curve/logs/n120.batch_coqchk.log,1,accepted_kernel_checked
V59,scaling curve suite,111,V59_N120_EQ_111,V59_N120_EQ_111,experiments/kernel_replay_v59_scaling_curve/generated_coq/n120/V59_N120_EQ_111.v,1,accept,kernel_success,coqchk_success,experiments/kernel_replay_v59_scaling_curve/logs/n120.batch_coqchk.log,1,accepted_kernel_checked
V59,scaling curve suite,112,V59_N120_SECTION_112,V59_N120_SECTION_112,experiments/kernel_replay_v59_scaling_curve/generated_coq/n120/V59_N120_SECTION_112.v,1,accept,kernel_success,coqchk_success,experiments/kernel_replay_v59_scaling_curve/logs/n120.batch_coqchk.log,1,accepted_kernel_checked
V59,scaling curve suite,113,V59_N120_RETRACTION_113,V59_N120_RETRACTION_113,experiments/kernel_replay_v59_scaling_curve/generated_coq/n120/V59_N120_RETRACTION_113.v,1,accept,kernel_success,coqchk_success,experiments/kernel_replay_v59_scaling_curve/logs/n120.batch_coqchk.log,1,accepted_kernel_checked
V59,scaling curve suite,114,V59_N120_LOGICAL_114,V59_N120_LOGICAL_114,experiments/kernel_replay_v59_scaling_curve/generated_coq/n120/V59_N120_LOGICAL_114.v,1,accept,kernel_success,coqchk_success,experiments/kernel_replay_v59_scaling_curve/logs/n120.batch_coqchk.log,1,accepted_kernel_checked
V59,scaling curve suite,115,V59_N120_PRODUCT_115,V59_N120_PRODUCT_115,experiments/kernel_replay_v59_scaling_curve/generated_coq/n120/V59_N120_PRODUCT_115.v,1,accept,kernel_success,coqchk_success,experiments/kernel_replay_v59_scaling_curve/logs/n120.batch_coqchk.log,1,accepted_kernel_checked
V59,scaling curve suite,116,V59_N120_EQ_116,V59_N120_EQ_116,experiments/kernel_replay_v59_scaling_curve/generated_coq/n120/V59_N120_EQ_116.v,1,accept,kernel_success,coqchk_success,experiments/kernel_replay_v59_scaling_curve/logs/n120.batch_coqchk.log,1,accepted_kernel_checked
V59,scaling curve suite,117,V59_N120_SECTION_117,V59_N120_SECTION_117,experiments/kernel_replay_v59_scaling_curve/generated_coq/n120/V59_N120_SECTION_117.v,1,accept,kernel_success,coqchk_success,experiments/kernel_replay_v59_scaling_curve/logs/n120.batch_coqchk.log,1,accepted_kernel_checked
V59,scaling curve suite,118,V59_N120_RETRACTION_118,V59_N120_RETRACTION_118,experiments/kernel_replay_v59_scaling_curve/generated_coq/n120/V59_N120_RETRACTION_118.v,1,accept,kernel_success,coqchk_success,experiments/kernel_replay_v59_scaling_curve/logs/n120.batch_coqchk.log,1,accepted_kernel_checked
V59,scaling curve suite,119,V59_N120_LOGICAL_119,V59_N120_LOGICAL_119,experiments/kernel_replay_v59_scaling_curve/generated_coq/n120/V59_N120_LOGICAL_119.v,1,accept,kernel_success,coqchk_success,experiments/kernel_replay_v59_scaling_curve/logs/n120.batch_coqchk.log,1,accepted_kernel_checked
V59,scaling curve suite,120,V59_N120_PRODUCT_120,V59_N120_PRODUCT_120,experiments/kernel_replay_v59_scaling_curve/generated_coq/n120/V59_N120_PRODUCT_120.v,1,accept,kernel_success,coqchk_success,experiments/kernel_replay_v59_scaling_curve/logs/n120.batch_coqchk.log,1,accepted_kernel_checked
V59,scaling curve suite,121,V59_N240_EQ_001,V59_N240_EQ_001,experiments/kernel_replay_v59_scaling_curve/generated_coq/n240/V59_N240_EQ_001.v,1,accept,kernel_success,coqchk_success,experiments/kernel_replay_v59_scaling_curve/logs/n240.batch_coqchk.log,1,accepted_kernel_checked
V59,scaling curve suite,122,V59_N240_SECTION_002,V59_N240_SECTION_002,experiments/kernel_replay_v59_scaling_curve/generated_coq/n240/V59_N240_SECTION_002.v,1,accept,kernel_success,coqchk_success,experiments/kernel_replay_v59_scaling_curve/logs/n240.batch_coqchk.log,1,accepted_kernel_checked
V59,scaling curve suite,123,V59_N240_RETRACTION_003,V59_N240_RETRACTION_003,experiments/kernel_replay_v59_scaling_curve/generated_coq/n240/V59_N240_RETRACTION_003.v,1,accept,kernel_success,coqchk_success,experiments/kernel_replay_v59_scaling_curve/logs/n240.batch_coqchk.log,1,accepted_kernel_checked
V59,scaling curve suite,124,V59_N240_LOGICAL_004,V59_N240_LOGICAL_004,experiments/kernel_replay_v59_scaling_curve/generated_coq/n240/V59_N240_LOGICAL_004.v,1,accept,kernel_success,coqchk_success,experiments/kernel_replay_v59_scaling_curve/logs/n240.batch_coqchk.log,1,accepted_kernel_checked
V59,scaling curve suite,125,V59_N240_PRODUCT_005,V59_N240_PRODUCT_005,experiments/kernel_replay_v59_scaling_curve/generated_coq/n240/V59_N240_PRODUCT_005.v,1,accept,kernel_success,coqchk_success,experiments/kernel_replay_v59_scaling_curve/logs/n240.batch_coqchk.log,1,accepted_kernel_checked
V59,scaling curve suite,126,V59_N240_EQ_006,V59_N240_EQ_006,experiments/kernel_replay_v59_scaling_curve/generated_coq/n240/V59_N240_EQ_006.v,1,accept,kernel_success,coqchk_success,experiments/kernel_replay_v59_scaling_curve/logs/n240.batch_coqchk.log,1,accepted_kernel_checked
V59,scaling curve suite,127,V59_N240_SECTION_007,V59_N240_SECTION_007,experiments/kernel_replay_v59_scaling_curve/generated_coq/n240/V59_N240_SECTION_007.v,1,accept,kernel_success,coqchk_success,experiments/kernel_replay_v59_scaling_curve/logs/n240.batch_coqchk.log,1,accepted_kernel_checked
V59,scaling curve suite,128,V59_N240_RETRACTION_008,V59_N240_RETRACTION_008,experiments/kernel_replay_v59_scaling_curve/generated_coq/n240/V59_N240_RETRACTION_008.v,1,accept,kernel_success,coqchk_success,experiments/kernel_replay_v59_scaling_curve/logs/n240.batch_coqchk.log,1,accepted_kernel_checked
V59,scaling curve suite,129,V59_N240_LOGICAL_009,V59_N240_LOGICAL_009,experiments/kernel_replay_v59_scaling_curve/generated_coq/n240/V59_N240_LOGICAL_009.v,1,accept,kernel_success,coqchk_success,experiments/kernel_replay_v59_scaling_curve/logs/n240.batch_coqchk.log,1,accepted_kernel_checked
V59,scaling curve suite,130,V59_N240_PRODUCT_010,V59_N240_PRODUCT_010,experiments/kernel_replay_v59_scaling_curve/generated_coq/n240/V59_N240_PRODUCT_010.v,1,accept,kernel_success,coqchk_success,experiments/kernel_replay_v59_scaling_curve/logs/n240.batch_coqchk.log,1,accepted_kernel_checked
V59,scaling curve suite,131,V59_N240_EQ_011,V59_N240_EQ_011,experiments/kernel_replay_v59_scaling_curve/generated_coq/n240/V59_N240_EQ_011.v,1,accept,kernel_success,coqchk_success,experiments/kernel_replay_v59_scaling_curve/logs/n240.batch_coqchk.log,1,accepted_kernel_checked
V59,scaling curve suite,132,V59_N240_SECTION_012,V59_N240_SECTION_012,experiments/kernel_replay_v59_scaling_curve/generated_coq/n240/V59_N240_SECTION_012.v,1,accept,kernel_success,coqchk_success,experiments/kernel_replay_v59_scaling_curve/logs/n240.batch_coqchk.log,1,accepted_kernel_checked
V59,scaling curve suite,133,V59_N240_RETRACTION_013,V59_N240_RETRACTION_013,experiments/kernel_replay_v59_scaling_curve/generated_coq/n240/V59_N240_RETRACTION_013.v,1,accept,kernel_success,coqchk_success,experiments/kernel_replay_v59_scaling_curve/logs/n240.batch_coqchk.log,1,accepted_kernel_checked
V59,scaling curve suite,134,V59_N240_LOGICAL_014,V59_N240_LOGICAL_014,experiments/kernel_replay_v59_scaling_curve/generated_coq/n240/V59_N240_LOGICAL_014.v,1,accept,kernel_success,coqchk_success,experiments/kernel_replay_v59_scaling_curve/logs/n240.batch_coqchk.log,1,accepted_kernel_checked
V59,scaling curve suite,135,V59_N240_PRODUCT_015,V59_N240_PRODUCT_015,experiments/kernel_replay_v59_scaling_curve/generated_coq/n240/V59_N240_PRODUCT_015.v,1,accept,kernel_success,coqchk_success,experiments/kernel_replay_v59_scaling_curve/logs/n240.batch_coqchk.log,1,accepted_kernel_checked
V59,scaling curve suite,136,V59_N240_EQ_016,V59_N240_EQ_016,experiments/kernel_replay_v59_scaling_curve/generated_coq/n240/V59_N240_EQ_016.v,1,accept,kernel_success,coqchk_success,experiments/kernel_replay_v59_scaling_curve/logs/n240.batch_coqchk.log,1,accepted_kernel_checked
V59,scaling curve suite,137,V59_N240_SECTION_017,V59_N240_SECTION_017,experiments/kernel_replay_v59_scaling_curve/generated_coq/n240/V59_N240_SECTION_017.v,1,accept,kernel_success,coqchk_success,experiments/kernel_replay_v59_scaling_curve/logs/n240.batch_coqchk.log,1,accepted_kernel_checked
V59,scaling curve suite,138,V59_N240_RETRACTION_018,V59_N240_RETRACTION_018,experiments/kernel_replay_v59_scaling_curve/generated_coq/n240/V59_N240_RETRACTION_018.v,1,accept,kernel_success,coqchk_success,experiments/kernel_replay_v59_scaling_curve/logs/n240.batch_coqchk.log,1,accepted_kernel_checked
V59,scaling curve suite,139,V59_N240_LOGICAL_019,V59_N240_LOGICAL_019,experiments/kernel_replay_v59_scaling_curve/generated_coq/n240/V59_N240_LOGICAL_019.v,1,accept,kernel_success,coqchk_success,experiments/kernel_replay_v59_scaling_curve/logs/n240.batch_coqchk.log,1,accepted_kernel_checked
V59,scaling curve suite,140,V59_N240_PRODUCT_020,V59_N240_PRODUCT_020,experiments/kernel_replay_v59_scaling_curve/generated_coq/n240/V59_N240_PRODUCT_020.v,1,accept,kernel_success,coqchk_success,experiments/kernel_replay_v59_scaling_curve/logs/n240.batch_coqchk.log,1,accepted_kernel_checked
V59,scaling curve suite,141,V59_N240_EQ_021,V59_N240_EQ_021,experiments/kernel_replay_v59_scaling_curve/generated_coq/n240/V59_N240_EQ_021.v,1,accept,kernel_success,coqchk_success,experiments/kernel_replay_v59_scaling_curve/logs/n240.batch_coqchk.log,1,accepted_kernel_checked
V59,scaling curve suite,142,V59_N240_SECTION_022,V59_N240_SECTION_022,experiments/kernel_replay_v59_scaling_curve/generated_coq/n240/V59_N240_SECTION_022.v,1,accept,kernel_success,coqchk_success,experiments/kernel_replay_v59_scaling_curve/logs/n240.batch_coqchk.log,1,accepted_kernel_checked
V59,scaling curve suite,143,V59_N240_RETRACTION_023,V59_N240_RETRACTION_023,experiments/kernel_replay_v59_scaling_curve/generated_coq/n240/V59_N240_RETRACTION_023.v,1,accept,kernel_success,coqchk_success,experiments/kernel_replay_v59_scaling_curve/logs/n240.batch_coqchk.log,1,accepted_kernel_checked
V59,scaling curve suite,144,V59_N240_LOGICAL_024,V59_N240_LOGICAL_024,experiments/kernel_replay_v59_scaling_curve/generated_coq/n240/V59_N240_LOGICAL_024.v,1,accept,kernel_success,coqchk_success,experiments/kernel_replay_v59_scaling_curve/logs/n240.batch_coqchk.log,1,accepted_kernel_checked
V59,scaling curve suite,145,V59_N240_PRODUCT_025,V59_N240_PRODUCT_025,experiments/kernel_replay_v59_scaling_curve/generated_coq/n240/V59_N240_PRODUCT_025.v,1,accept,kernel_success,coqchk_success,experiments/kernel_replay_v59_scaling_curve/logs/n240.batch_coqchk.log,1,accepted_kernel_checked
V59,scaling curve suite,146,V59_N240_EQ_026,V59_N240_EQ_026,experiments/kernel_replay_v59_scaling_curve/generated_coq/n240/V59_N240_EQ_026.v,1,accept,kernel_success,coqchk_success,experiments/kernel_replay_v59_scaling_curve/logs/n240.batch_coqchk.log,1,accepted_kernel_checked
V59,scaling curve suite,147,V59_N240_SECTION_027,V59_N240_SECTION_027,experiments/kernel_replay_v59_scaling_curve/generated_coq/n240/V59_N240_SECTION_027.v,1,accept,kernel_success,coqchk_success,experiments/kernel_replay_v59_scaling_curve/logs/n240.batch_coqchk.log,1,accepted_kernel_checked
V59,scaling curve suite,148,V59_N240_RETRACTION_028,V59_N240_RETRACTION_028,experiments/kernel_replay_v59_scaling_curve/generated_coq/n240/V59_N240_RETRACTION_028.v,1,accept,kernel_success,coqchk_success,experiments/kernel_replay_v59_scaling_curve/logs/n240.batch_coqchk.log,1,accepted_kernel_checked
V59,scaling curve suite,149,V59_N240_LOGICAL_029,V59_N240_LOGICAL_029,experiments/kernel_replay_v59_scaling_curve/generated_coq/n240/V59_N240_LOGICAL_029.v,1,accept,kernel_success,coqchk_success,experiments/kernel_replay_v59_scaling_curve/logs/n240.batch_coqchk.log,1,accepted_kernel_checked
V59,scaling curve suite,150,V59_N240_PRODUCT_030,V59_N240_PRODUCT_030,experiments/kernel_replay_v59_scaling_curve/generated_coq/n240/V59_N240_PRODUCT_030.v,1,accept,kernel_success,coqchk_success,experiments/kernel_replay_v59_scaling_curve/logs/n240.batch_coqchk.log,1,accepted_kernel_checked
V59,scaling curve suite,151,V59_N240_EQ_031,V59_N240_EQ_031,experiments/kernel_replay_v59_scaling_curve/generated_coq/n240/V59_N240_EQ_031.v,1,accept,kernel_success,coqchk_success,experiments/kernel_replay_v59_scaling_curve/logs/n240.batch_coqchk.log,1,accepted_kernel_checked
V59,scaling curve suite,152,V59_N240_SECTION_032,V59_N240_SECTION_032,experiments/kernel_replay_v59_scaling_curve/generated_coq/n240/V59_N240_SECTION_032.v,1,accept,kernel_success,coqchk_success,experiments/kernel_replay_v59_scaling_curve/logs/n240.batch_coqchk.log,1,accepted_kernel_checked
V59,scaling curve suite,153,V59_N240_RETRACTION_033,V59_N240_RETRACTION_033,experiments/kernel_replay_v59_scaling_curve/generated_coq/n240/V59_N240_RETRACTION_033.v,1,accept,kernel_success,coqchk_success,experiments/kernel_replay_v59_scaling_curve/logs/n240.batch_coqchk.log,1,accepted_kernel_checked
V59,scaling curve suite,154,V59_N240_LOGICAL_034,V59_N240_LOGICAL_034,experiments/kernel_replay_v59_scaling_curve/generated_coq/n240/V59_N240_LOGICAL_034.v,1,accept,kernel_success,coqchk_success,experiments/kernel_replay_v59_scaling_curve/logs/n240.batch_coqchk.log,1,accepted_kernel_checked
V59,scaling curve suite,155,V59_N240_PRODUCT_035,V59_N240_PRODUCT_035,experiments/kernel_replay_v59_scaling_curve/generated_coq/n240/V59_N240_PRODUCT_035.v,1,accept,kernel_success,coqchk_success,experiments/kernel_replay_v59_scaling_curve/logs/n240.batch_coqchk.log,1,accepted_kernel_checked
V59,scaling curve suite,156,V59_N240_EQ_036,V59_N240_EQ_036,experiments/kernel_replay_v59_scaling_curve/generated_coq/n240/V59_N240_EQ_036.v,1,accept,kernel_success,coqchk_success,experiments/kernel_replay_v59_scaling_curve/logs/n240.batch_coqchk.log,1,accepted_kernel_checked
V59,scaling curve suite,157,V59_N240_SECTION_037,V59_N240_SECTION_037,experiments/kernel_replay_v59_scaling_curve/generated_coq/n240/V59_N240_SECTION_037.v,1,accept,kernel_success,coqchk_success,experiments/kernel_replay_v59_scaling_curve/logs/n240.batch_coqchk.log,1,accepted_kernel_checked
V59,scaling curve suite,158,V59_N240_RETRACTION_038,V59_N240_RETRACTION_038,experiments/kernel_replay_v59_scaling_curve/generated_coq/n240/V59_N240_RETRACTION_038.v,1,accept,kernel_success,coqchk_success,experiments/kernel_replay_v59_scaling_curve/logs/n240.batch_coqchk.log,1,accepted_kernel_checked
V59,scaling curve suite,159,V59_N240_LOGICAL_039,V59_N240_LOGICAL_039,experiments/kernel_replay_v59_scaling_curve/generated_coq/n240/V59_N240_LOGICAL_039.v,1,accept,kernel_success,coqchk_success,experiments/kernel_replay_v59_scaling_curve/logs/n240.batch_coqchk.log,1,accepted_kernel_checked
V59,scaling curve suite,160,V59_N240_PRODUCT_040,V59_N240_PRODUCT_040,experiments/kernel_replay_v59_scaling_curve/generated_coq/n240/V59_N240_PRODUCT_040.v,1,accept,kernel_success,coqchk_success,experiments/kernel_replay_v59_scaling_curve/logs/n240.batch_coqchk.log,1,accepted_kernel_checked
V59,scaling curve suite,161,V59_N240_EQ_041,V59_N240_EQ_041,experiments/kernel_replay_v59_scaling_curve/generated_coq/n240/V59_N240_EQ_041.v,1,accept,kernel_success,coqchk_success,experiments/kernel_replay_v59_scaling_curve/logs/n240.batch_coqchk.log,1,accepted_kernel_checked
V59,scaling curve suite,162,V59_N240_SECTION_042,V59_N240_SECTION_042,experiments/kernel_replay_v59_scaling_curve/generated_coq/n240/V59_N240_SECTION_042.v,1,accept,kernel_success,coqchk_success,experiments/kernel_replay_v59_scaling_curve/logs/n240.batch_coqchk.log,1,accepted_kernel_checked
V59,scaling curve suite,163,V59_N240_RETRACTION_043,V59_N240_RETRACTION_043,experiments/kernel_replay_v59_scaling_curve/generated_coq/n240/V59_N240_RETRACTION_043.v,1,accept,kernel_success,coqchk_success,experiments/kernel_replay_v59_scaling_curve/logs/n240.batch_coqchk.log,1,accepted_kernel_checked
V59,scaling curve suite,164,V59_N240_LOGICAL_044,V59_N240_LOGICAL_044,experiments/kernel_replay_v59_scaling_curve/generated_coq/n240/V59_N240_LOGICAL_044.v,1,accept,kernel_success,coqchk_success,experiments/kernel_replay_v59_scaling_curve/logs/n240.batch_coqchk.log,1,accepted_kernel_checked
V59,scaling curve suite,165,V59_N240_PRODUCT_045,V59_N240_PRODUCT_045,experiments/kernel_replay_v59_scaling_curve/generated_coq/n240/V59_N240_PRODUCT_045.v,1,accept,kernel_success,coqchk_success,experiments/kernel_replay_v59_scaling_curve/logs/n240.batch_coqchk.log,1,accepted_kernel_checked
V59,scaling curve suite,166,V59_N240_EQ_046,V59_N240_EQ_046,experiments/kernel_replay_v59_scaling_curve/generated_coq/n240/V59_N240_EQ_046.v,1,accept,kernel_success,coqchk_success,experiments/kernel_replay_v59_scaling_curve/logs/n240.batch_coqchk.log,1,accepted_kernel_checked
V59,scaling curve suite,167,V59_N240_SECTION_047,V59_N240_SECTION_047,experiments/kernel_replay_v59_scaling_curve/generated_coq/n240/V59_N240_SECTION_047.v,1,accept,kernel_success,coqchk_success,experiments/kernel_replay_v59_scaling_curve/logs/n240.batch_coqchk.log,1,accepted_kernel_checked
V59,scaling curve suite,168,V59_N240_RETRACTION_048,V59_N240_RETRACTION_048,experiments/kernel_replay_v59_scaling_curve/generated_coq/n240/V59_N240_RETRACTION_048.v,1,accept,kernel_success,coqchk_success,experiments/kernel_replay_v59_scaling_curve/logs/n240.batch_coqchk.log,1,accepted_kernel_checked
V59,scaling curve suite,169,V59_N240_LOGICAL_049,V59_N240_LOGICAL_049,experiments/kernel_replay_v59_scaling_curve/generated_coq/n240/V59_N240_LOGICAL_049.v,1,accept,kernel_success,coqchk_success,experiments/kernel_replay_v59_scaling_curve/logs/n240.batch_coqchk.log,1,accepted_kernel_checked
V59,scaling curve suite,170,V59_N240_PRODUCT_050,V59_N240_PRODUCT_050,experiments/kernel_replay_v59_scaling_curve/generated_coq/n240/V59_N240_PRODUCT_050.v,1,accept,kernel_success,coqchk_success,experiments/kernel_replay_v59_scaling_curve/logs/n240.batch_coqchk.log,1,accepted_kernel_checked
V59,scaling curve suite,171,V59_N240_EQ_051,V59_N240_EQ_051,experiments/kernel_replay_v59_scaling_curve/generated_coq/n240/V59_N240_EQ_051.v,1,accept,kernel_success,coqchk_success,experiments/kernel_replay_v59_scaling_curve/logs/n240.batch_coqchk.log,1,accepted_kernel_checked
V59,scaling curve suite,172,V59_N240_SECTION_052,V59_N240_SECTION_052,experiments/kernel_replay_v59_scaling_curve/generated_coq/n240/V59_N240_SECTION_052.v,1,accept,kernel_success,coqchk_success,experiments/kernel_replay_v59_scaling_curve/logs/n240.batch_coqchk.log,1,accepted_kernel_checked
V59,scaling curve suite,173,V59_N240_RETRACTION_053,V59_N240_RETRACTION_053,experiments/kernel_replay_v59_scaling_curve/generated_coq/n240/V59_N240_RETRACTION_053.v,1,accept,kernel_success,coqchk_success,experiments/kernel_replay_v59_scaling_curve/logs/n240.batch_coqchk.log,1,accepted_kernel_checked
V59,scaling curve suite,174,V59_N240_LOGICAL_054,V59_N240_LOGICAL_054,experiments/kernel_replay_v59_scaling_curve/generated_coq/n240/V59_N240_LOGICAL_054.v,1,accept,kernel_success,coqchk_success,experiments/kernel_replay_v59_scaling_curve/logs/n240.batch_coqchk.log,1,accepted_kernel_checked
V59,scaling curve suite,175,V59_N240_PRODUCT_055,V59_N240_PRODUCT_055,experiments/kernel_replay_v59_scaling_curve/generated_coq/n240/V59_N240_PRODUCT_055.v,1,accept,kernel_success,coqchk_success,experiments/kernel_replay_v59_scaling_curve/logs/n240.batch_coqchk.log,1,accepted_kernel_checked
V59,scaling curve suite,176,V59_N240_EQ_056,V59_N240_EQ_056,experiments/kernel_replay_v59_scaling_curve/generated_coq/n240/V59_N240_EQ_056.v,1,accept,kernel_success,coqchk_success,experiments/kernel_replay_v59_scaling_curve/logs/n240.batch_coqchk.log,1,accepted_kernel_checked
V59,scaling curve suite,177,V59_N240_SECTION_057,V59_N240_SECTION_057,experiments/kernel_replay_v59_scaling_curve/generated_coq/n240/V59_N240_SECTION_057.v,1,accept,kernel_success,coqchk_success,experiments/kernel_replay_v59_scaling_curve/logs/n240.batch_coqchk.log,1,accepted_kernel_checked
V59,scaling curve suite,178,V59_N240_RETRACTION_058,V59_N240_RETRACTION_058,experiments/kernel_replay_v59_scaling_curve/generated_coq/n240/V59_N240_RETRACTION_058.v,1,accept,kernel_success,coqchk_success,experiments/kernel_replay_v59_scaling_curve/logs/n240.batch_coqchk.log,1,accepted_kernel_checked
V59,scaling curve suite,179,V59_N240_LOGICAL_059,V59_N240_LOGICAL_059,experiments/kernel_replay_v59_scaling_curve/generated_coq/n240/V59_N240_LOGICAL_059.v,1,accept,kernel_success,coqchk_success,experiments/kernel_replay_v59_scaling_curve/logs/n240.batch_coqchk.log,1,accepted_kernel_checked
V59,scaling curve suite,180,V59_N240_PRODUCT_060,V59_N240_PRODUCT_060,experiments/kernel_replay_v59_scaling_curve/generated_coq/n240/V59_N240_PRODUCT_060.v,1,accept,kernel_success,coqchk_success,experiments/kernel_replay_v59_scaling_curve/logs/n240.batch_coqchk.log,1,accepted_kernel_checked
V59,scaling curve suite,181,V59_N240_EQ_061,V59_N240_EQ_061,experiments/kernel_replay_v59_scaling_curve/generated_coq/n240/V59_N240_EQ_061.v,1,accept,kernel_success,coqchk_success,experiments/kernel_replay_v59_scaling_curve/logs/n240.batch_coqchk.log,1,accepted_kernel_checked
V59,scaling curve suite,182,V59_N240_SECTION_062,V59_N240_SECTION_062,experiments/kernel_replay_v59_scaling_curve/generated_coq/n240/V59_N240_SECTION_062.v,1,accept,kernel_success,coqchk_success,experiments/kernel_replay_v59_scaling_curve/logs/n240.batch_coqchk.log,1,accepted_kernel_checked
V59,scaling curve suite,183,V59_N240_RETRACTION_063,V59_N240_RETRACTION_063,experiments/kernel_replay_v59_scaling_curve/generated_coq/n240/V59_N240_RETRACTION_063.v,1,accept,kernel_success,coqchk_success,experiments/kernel_replay_v59_scaling_curve/logs/n240.batch_coqchk.log,1,accepted_kernel_checked
V59,scaling curve suite,184,V59_N240_LOGICAL_064,V59_N240_LOGICAL_064,experiments/kernel_replay_v59_scaling_curve/generated_coq/n240/V59_N240_LOGICAL_064.v,1,accept,kernel_success,coqchk_success,experiments/kernel_replay_v59_scaling_curve/logs/n240.batch_coqchk.log,1,accepted_kernel_checked
V59,scaling curve suite,185,V59_N240_PRODUCT_065,V59_N240_PRODUCT_065,experiments/kernel_replay_v59_scaling_curve/generated_coq/n240/V59_N240_PRODUCT_065.v,1,accept,kernel_success,coqchk_success,experiments/kernel_replay_v59_scaling_curve/logs/n240.batch_coqchk.log,1,accepted_kernel_checked
V59,scaling curve suite,186,V59_N240_EQ_066,V59_N240_EQ_066,experiments/kernel_replay_v59_scaling_curve/generated_coq/n240/V59_N240_EQ_066.v,1,accept,kernel_success,coqchk_success,experiments/kernel_replay_v59_scaling_curve/logs/n240.batch_coqchk.log,1,accepted_kernel_checked
V59,scaling curve suite,187,V59_N240_SECTION_067,V59_N240_SECTION_067,experiments/kernel_replay_v59_scaling_curve/generated_coq/n240/V59_N240_SECTION_067.v,1,accept,kernel_success,coqchk_success,experiments/kernel_replay_v59_scaling_curve/logs/n240.batch_coqchk.log,1,accepted_kernel_checked
V59,scaling curve suite,188,V59_N240_RETRACTION_068,V59_N240_RETRACTION_068,experiments/kernel_replay_v59_scaling_curve/generated_coq/n240/V59_N240_RETRACTION_068.v,1,accept,kernel_success,coqchk_success,experiments/kernel_replay_v59_scaling_curve/logs/n240.batch_coqchk.log,1,accepted_kernel_checked
V59,scaling curve suite,189,V59_N240_LOGICAL_069,V59_N240_LOGICAL_069,experiments/kernel_replay_v59_scaling_curve/generated_coq/n240/V59_N240_LOGICAL_069.v,1,accept,kernel_success,coqchk_success,experiments/kernel_replay_v59_scaling_curve/logs/n240.batch_coqchk.log,1,accepted_kernel_checked
V59,scaling curve suite,190,V59_N240_PRODUCT_070,V59_N240_PRODUCT_070,experiments/kernel_replay_v59_scaling_curve/generated_coq/n240/V59_N240_PRODUCT_070.v,1,accept,kernel_success,coqchk_success,experiments/kernel_replay_v59_scaling_curve/logs/n240.batch_coqchk.log,1,accepted_kernel_checked
V59,scaling curve suite,191,V59_N240_EQ_071,V59_N240_EQ_071,experiments/kernel_replay_v59_scaling_curve/generated_coq/n240/V59_N240_EQ_071.v,1,accept,kernel_success,coqchk_success,experiments/kernel_replay_v59_scaling_curve/logs/n240.batch_coqchk.log,1,accepted_kernel_checked
V59,scaling curve suite,192,V59_N240_SECTION_072,V59_N240_SECTION_072,experiments/kernel_replay_v59_scaling_curve/generated_coq/n240/V59_N240_SECTION_072.v,1,accept,kernel_success,coqchk_success,experiments/kernel_replay_v59_scaling_curve/logs/n240.batch_coqchk.log,1,accepted_kernel_checked
V59,scaling curve suite,193,V59_N240_RETRACTION_073,V59_N240_RETRACTION_073,experiments/kernel_replay_v59_scaling_curve/generated_coq/n240/V59_N240_RETRACTION_073.v,1,accept,kernel_success,coqchk_success,experiments/kernel_replay_v59_scaling_curve/logs/n240.batch_coqchk.log,1,accepted_kernel_checked
V59,scaling curve suite,194,V59_N240_LOGICAL_074,V59_N240_LOGICAL_074,experiments/kernel_replay_v59_scaling_curve/generated_coq/n240/V59_N240_LOGICAL_074.v,1,accept,kernel_success,coqchk_success,experiments/kernel_replay_v59_scaling_curve/logs/n240.batch_coqchk.log,1,accepted_kernel_checked
V59,scaling curve suite,195,V59_N240_PRODUCT_075,V59_N240_PRODUCT_075,experiments/kernel_replay_v59_scaling_curve/generated_coq/n240/V59_N240_PRODUCT_075.v,1,accept,kernel_success,coqchk_success,experiments/kernel_replay_v59_scaling_curve/logs/n240.batch_coqchk.log,1,accepted_kernel_checked
V59,scaling curve suite,196,V59_N240_EQ_076,V59_N240_EQ_076,experiments/kernel_replay_v59_scaling_curve/generated_coq/n240/V59_N240_EQ_076.v,1,accept,kernel_success,coqchk_success,experiments/kernel_replay_v59_scaling_curve/logs/n240.batch_coqchk.log,1,accepted_kernel_checked
V59,scaling curve suite,197,V59_N240_SECTION_077,V59_N240_SECTION_077,experiments/kernel_replay_v59_scaling_curve/generated_coq/n240/V59_N240_SECTION_077.v,1,accept,kernel_success,coqchk_success,experiments/kernel_replay_v59_scaling_curve/logs/n240.batch_coqchk.log,1,accepted_kernel_checked
V59,scaling curve suite,198,V59_N240_RETRACTION_078,V59_N240_RETRACTION_078,experiments/kernel_replay_v59_scaling_curve/generated_coq/n240/V59_N240_RETRACTION_078.v,1,accept,kernel_success,coqchk_success,experiments/kernel_replay_v59_scaling_curve/logs/n240.batch_coqchk.log,1,accepted_kernel_checked
V59,scaling curve suite,199,V59_N240_LOGICAL_079,V59_N240_LOGICAL_079,experiments/kernel_replay_v59_scaling_curve/generated_coq/n240/V59_N240_LOGICAL_079.v,1,accept,kernel_success,coqchk_success,experiments/kernel_replay_v59_scaling_curve/logs/n240.batch_coqchk.log,1,accepted_kernel_checked
V59,scaling curve suite,200,V59_N240_PRODUCT_080,V59_N240_PRODUCT_080,experiments/kernel_replay_v59_scaling_curve/generated_coq/n240/V59_N240_PRODUCT_080.v,1,accept,kernel_success,coqchk_success,experiments/kernel_replay_v59_scaling_curve/logs/n240.batch_coqchk.log,1,accepted_kernel_checked
V59,scaling curve suite,201,V59_N240_EQ_081,V59_N240_EQ_081,experiments/kernel_replay_v59_scaling_curve/generated_coq/n240/V59_N240_EQ_081.v,1,accept,kernel_success,coqchk_success,experiments/kernel_replay_v59_scaling_curve/logs/n240.batch_coqchk.log,1,accepted_kernel_checked
V59,scaling curve suite,202,V59_N240_SECTION_082,V59_N240_SECTION_082,experiments/kernel_replay_v59_scaling_curve/generated_coq/n240/V59_N240_SECTION_082.v,1,accept,kernel_success,coqchk_success,experiments/kernel_replay_v59_scaling_curve/logs/n240.batch_coqchk.log,1,accepted_kernel_checked
V59,scaling curve suite,203,V59_N240_RETRACTION_083,V59_N240_RETRACTION_083,experiments/kernel_replay_v59_scaling_curve/generated_coq/n240/V59_N240_RETRACTION_083.v,1,accept,kernel_success,coqchk_success,experiments/kernel_replay_v59_scaling_curve/logs/n240.batch_coqchk.log,1,accepted_kernel_checked
V59,scaling curve suite,204,V59_N240_LOGICAL_084,V59_N240_LOGICAL_084,experiments/kernel_replay_v59_scaling_curve/generated_coq/n240/V59_N240_LOGICAL_084.v,1,accept,kernel_success,coqchk_success,experiments/kernel_replay_v59_scaling_curve/logs/n240.batch_coqchk.log,1,accepted_kernel_checked
V59,scaling curve suite,205,V59_N240_PRODUCT_085,V59_N240_PRODUCT_085,experiments/kernel_replay_v59_scaling_curve/generated_coq/n240/V59_N240_PRODUCT_085.v,1,accept,kernel_success,coqchk_success,experiments/kernel_replay_v59_scaling_curve/logs/n240.batch_coqchk.log,1,accepted_kernel_checked
V59,scaling curve suite,206,V59_N240_EQ_086,V59_N240_EQ_086,experiments/kernel_replay_v59_scaling_curve/generated_coq/n240/V59_N240_EQ_086.v,1,accept,kernel_success,coqchk_success,experiments/kernel_replay_v59_scaling_curve/logs/n240.batch_coqchk.log,1,accepted_kernel_checked
V59,scaling curve suite,207,V59_N240_SECTION_087,V59_N240_SECTION_087,experiments/kernel_replay_v59_scaling_curve/generated_coq/n240/V59_N240_SECTION_087.v,1,accept,kernel_success,coqchk_success,experiments/kernel_replay_v59_scaling_curve/logs/n240.batch_coqchk.log,1,accepted_kernel_checked
V59,scaling curve suite,208,V59_N240_RETRACTION_088,V59_N240_RETRACTION_088,experiments/kernel_replay_v59_scaling_curve/generated_coq/n240/V59_N240_RETRACTION_088.v,1,accept,kernel_success,coqchk_success,experiments/kernel_replay_v59_scaling_curve/logs/n240.batch_coqchk.log,1,accepted_kernel_checked
V59,scaling curve suite,209,V59_N240_LOGICAL_089,V59_N240_LOGICAL_089,experiments/kernel_replay_v59_scaling_curve/generated_coq/n240/V59_N240_LOGICAL_089.v,1,accept,kernel_success,coqchk_success,experiments/kernel_replay_v59_scaling_curve/logs/n240.batch_coqchk.log,1,accepted_kernel_checked
V59,scaling curve suite,210,V59_N240_PRODUCT_090,V59_N240_PRODUCT_090,experiments/kernel_replay_v59_scaling_curve/generated_coq/n240/V59_N240_PRODUCT_090.v,1,accept,kernel_success,coqchk_success,experiments/kernel_replay_v59_scaling_curve/logs/n240.batch_coqchk.log,1,accepted_kernel_checked
V59,scaling curve suite,211,V59_N240_EQ_091,V59_N240_EQ_091,experiments/kernel_replay_v59_scaling_curve/generated_coq/n240/V59_N240_EQ_091.v,1,accept,kernel_success,coqchk_success,experiments/kernel_replay_v59_scaling_curve/logs/n240.batch_coqchk.log,1,accepted_kernel_checked
V59,scaling curve suite,212,V59_N240_SECTION_092,V59_N240_SECTION_092,experiments/kernel_replay_v59_scaling_curve/generated_coq/n240/V59_N240_SECTION_092.v,1,accept,kernel_success,coqchk_success,experiments/kernel_replay_v59_scaling_curve/logs/n240.batch_coqchk.log,1,accepted_kernel_checked
V59,scaling curve suite,213,V59_N240_RETRACTION_093,V59_N240_RETRACTION_093,experiments/kernel_replay_v59_scaling_curve/generated_coq/n240/V59_N240_RETRACTION_093.v,1,accept,kernel_success,coqchk_success,experiments/kernel_replay_v59_scaling_curve/logs/n240.batch_coqchk.log,1,accepted_kernel_checked
V59,scaling curve suite,214,V59_N240_LOGICAL_094,V59_N240_LOGICAL_094,experiments/kernel_replay_v59_scaling_curve/generated_coq/n240/V59_N240_LOGICAL_094.v,1,accept,kernel_success,coqchk_success,experiments/kernel_replay_v59_scaling_curve/logs/n240.batch_coqchk.log,1,accepted_kernel_checked
V59,scaling curve suite,215,V59_N240_PRODUCT_095,V59_N240_PRODUCT_095,experiments/kernel_replay_v59_scaling_curve/generated_coq/n240/V59_N240_PRODUCT_095.v,1,accept,kernel_success,coqchk_success,experiments/kernel_replay_v59_scaling_curve/logs/n240.batch_coqchk.log,1,accepted_kernel_checked
V59,scaling curve suite,216,V59_N240_EQ_096,V59_N240_EQ_096,experiments/kernel_replay_v59_scaling_curve/generated_coq/n240/V59_N240_EQ_096.v,1,accept,kernel_success,coqchk_success,experiments/kernel_replay_v59_scaling_curve/logs/n240.batch_coqchk.log,1,accepted_kernel_checked
V59,scaling curve suite,217,V59_N240_SECTION_097,V59_N240_SECTION_097,experiments/kernel_replay_v59_scaling_curve/generated_coq/n240/V59_N240_SECTION_097.v,1,accept,kernel_success,coqchk_success,experiments/kernel_replay_v59_scaling_curve/logs/n240.batch_coqchk.log,1,accepted_kernel_checked
V59,scaling curve suite,218,V59_N240_RETRACTION_098,V59_N240_RETRACTION_098,experiments/kernel_replay_v59_scaling_curve/generated_coq/n240/V59_N240_RETRACTION_098.v,1,accept,kernel_success,coqchk_success,experiments/kernel_replay_v59_scaling_curve/logs/n240.batch_coqchk.log,1,accepted_kernel_checked
V59,scaling curve suite,219,V59_N240_LOGICAL_099,V59_N240_LOGICAL_099,experiments/kernel_replay_v59_scaling_curve/generated_coq/n240/V59_N240_LOGICAL_099.v,1,accept,kernel_success,coqchk_success,experiments/kernel_replay_v59_scaling_curve/logs/n240.batch_coqchk.log,1,accepted_kernel_checked
V59,scaling curve suite,220,V59_N240_PRODUCT_100,V59_N240_PRODUCT_100,experiments/kernel_replay_v59_scaling_curve/generated_coq/n240/V59_N240_PRODUCT_100.v,1,accept,kernel_success,coqchk_success,experiments/kernel_replay_v59_scaling_curve/logs/n240.batch_coqchk.log,1,accepted_kernel_checked
V59,scaling curve suite,221,V59_N240_EQ_101,V59_N240_EQ_101,experiments/kernel_replay_v59_scaling_curve/generated_coq/n240/V59_N240_EQ_101.v,1,accept,kernel_success,coqchk_success,experiments/kernel_replay_v59_scaling_curve/logs/n240.batch_coqchk.log,1,accepted_kernel_checked
V59,scaling curve suite,222,V59_N240_SECTION_102,V59_N240_SECTION_102,experiments/kernel_replay_v59_scaling_curve/generated_coq/n240/V59_N240_SECTION_102.v,1,accept,kernel_success,coqchk_success,experiments/kernel_replay_v59_scaling_curve/logs/n240.batch_coqchk.log,1,accepted_kernel_checked
V59,scaling curve suite,223,V59_N240_RETRACTION_103,V59_N240_RETRACTION_103,experiments/kernel_replay_v59_scaling_curve/generated_coq/n240/V59_N240_RETRACTION_103.v,1,accept,kernel_success,coqchk_success,experiments/kernel_replay_v59_scaling_curve/logs/n240.batch_coqchk.log,1,accepted_kernel_checked
V59,scaling curve suite,224,V59_N240_LOGICAL_104,V59_N240_LOGICAL_104,experiments/kernel_replay_v59_scaling_curve/generated_coq/n240/V59_N240_LOGICAL_104.v,1,accept,kernel_success,coqchk_success,experiments/kernel_replay_v59_scaling_curve/logs/n240.batch_coqchk.log,1,accepted_kernel_checked
V59,scaling curve suite,225,V59_N240_PRODUCT_105,V59_N240_PRODUCT_105,experiments/kernel_replay_v59_scaling_curve/generated_coq/n240/V59_N240_PRODUCT_105.v,1,accept,kernel_success,coqchk_success,experiments/kernel_replay_v59_scaling_curve/logs/n240.batch_coqchk.log,1,accepted_kernel_checked
V59,scaling curve suite,226,V59_N240_EQ_106,V59_N240_EQ_106,experiments/kernel_replay_v59_scaling_curve/generated_coq/n240/V59_N240_EQ_106.v,1,accept,kernel_success,coqchk_success,experiments/kernel_replay_v59_scaling_curve/logs/n240.batch_coqchk.log,1,accepted_kernel_checked
V59,scaling curve suite,227,V59_N240_SECTION_107,V59_N240_SECTION_107,experiments/kernel_replay_v59_scaling_curve/generated_coq/n240/V59_N240_SECTION_107.v,1,accept,kernel_success,coqchk_success,experiments/kernel_replay_v59_scaling_curve/logs/n240.batch_coqchk.log,1,accepted_kernel_checked
V59,scaling curve suite,228,V59_N240_RETRACTION_108,V59_N240_RETRACTION_108,experiments/kernel_replay_v59_scaling_curve/generated_coq/n240/V59_N240_RETRACTION_108.v,1,accept,kernel_success,coqchk_success,experiments/kernel_replay_v59_scaling_curve/logs/n240.batch_coqchk.log,1,accepted_kernel_checked
V59,scaling curve suite,229,V59_N240_LOGICAL_109,V59_N240_LOGICAL_109,experiments/kernel_replay_v59_scaling_curve/generated_coq/n240/V59_N240_LOGICAL_109.v,1,accept,kernel_success,coqchk_success,experiments/kernel_replay_v59_scaling_curve/logs/n240.batch_coqchk.log,1,accepted_kernel_checked
V59,scaling curve suite,230,V59_N240_PRODUCT_110,V59_N240_PRODUCT_110,experiments/kernel_replay_v59_scaling_curve/generated_coq/n240/V59_N240_PRODUCT_110.v,1,accept,kernel_success,coqchk_success,experiments/kernel_replay_v59_scaling_curve/logs/n240.batch_coqchk.log,1,accepted_kernel_checked
V59,scaling curve suite,231,V59_N240_EQ_111,V59_N240_EQ_111,experiments/kernel_replay_v59_scaling_curve/generated_coq/n240/V59_N240_EQ_111.v,1,accept,kernel_success,coqchk_success,experiments/kernel_replay_v59_scaling_curve/logs/n240.batch_coqchk.log,1,accepted_kernel_checked
V59,scaling curve suite,232,V59_N240_SECTION_112,V59_N240_SECTION_112,experiments/kernel_replay_v59_scaling_curve/generated_coq/n240/V59_N240_SECTION_112.v,1,accept,kernel_success,coqchk_success,experiments/kernel_replay_v59_scaling_curve/logs/n240.batch_coqchk.log,1,accepted_kernel_checked
V59,scaling curve suite,233,V59_N240_RETRACTION_113,V59_N240_RETRACTION_113,experiments/kernel_replay_v59_scaling_curve/generated_coq/n240/V59_N240_RETRACTION_113.v,1,accept,kernel_success,coqchk_success,experiments/kernel_replay_v59_scaling_curve/logs/n240.batch_coqchk.log,1,accepted_kernel_checked
V59,scaling curve suite,234,V59_N240_LOGICAL_114,V59_N240_LOGICAL_114,experiments/kernel_replay_v59_scaling_curve/generated_coq/n240/V59_N240_LOGICAL_114.v,1,accept,kernel_success,coqchk_success,experiments/kernel_replay_v59_scaling_curve/logs/n240.batch_coqchk.log,1,accepted_kernel_checked
V59,scaling curve suite,235,V59_N240_PRODUCT_115,V59_N240_PRODUCT_115,experiments/kernel_replay_v59_scaling_curve/generated_coq/n240/V59_N240_PRODUCT_115.v,1,accept,kernel_success,coqchk_success,experiments/kernel_replay_v59_scaling_curve/logs/n240.batch_coqchk.log,1,accepted_kernel_checked
V59,scaling curve suite,236,V59_N240_EQ_116,V59_N240_EQ_116,experiments/kernel_replay_v59_scaling_curve/generated_coq/n240/V59_N240_EQ_116.v,1,accept,kernel_success,coqchk_success,experiments/kernel_replay_v59_scaling_curve/logs/n240.batch_coqchk.log,1,accepted_kernel_checked
V59,scaling curve suite,237,V59_N240_SECTION_117,V59_N240_SECTION_117,experiments/kernel_replay_v59_scaling_curve/generated_coq/n240/V59_N240_SECTION_117.v,1,accept,kernel_success,coqchk_success,experiments/kernel_replay_v59_scaling_curve/logs/n240.batch_coqchk.log,1,accepted_kernel_checked
V59,scaling curve suite,238,V59_N240_RETRACTION_118,V59_N240_RETRACTION_118,experiments/kernel_replay_v59_scaling_curve/generated_coq/n240/V59_N240_RETRACTION_118.v,1,accept,kernel_success,coqchk_success,experiments/kernel_replay_v59_scaling_curve/logs/n240.batch_coqchk.log,1,accepted_kernel_checked
V59,scaling curve suite,239,V59_N240_LOGICAL_119,V59_N240_LOGICAL_119,experiments/kernel_replay_v59_scaling_curve/generated_coq/n240/V59_N240_LOGICAL_119.v,1,accept,kernel_success,coqchk_success,experiments/kernel_replay_v59_scaling_curve/logs/n240.batch_coqchk.log,1,accepted_kernel_checked
V59,scaling curve suite,240,V59_N240_PRODUCT_120,V59_N240_PRODUCT_120,experiments/kernel_replay_v59_scaling_curve/generated_coq/n240/V59_N240_PRODUCT_120.v,1,accept,kernel_success,coqchk_success,experiments/kernel_replay_v59_scaling_curve/logs/n240.batch_coqchk.log,1,accepted_kernel_checked
V59,scaling curve suite,241,V59_N240_EQ_121,V59_N240_EQ_121,experiments/kernel_replay_v59_scaling_curve/generated_coq/n240/V59_N240_EQ_121.v,1,accept,kernel_success,coqchk_success,experiments/kernel_replay_v59_scaling_curve/logs/n240.batch_coqchk.log,1,accepted_kernel_checked
V59,scaling curve suite,242,V59_N240_SECTION_122,V59_N240_SECTION_122,experiments/kernel_replay_v59_scaling_curve/generated_coq/n240/V59_N240_SECTION_122.v,1,accept,kernel_success,coqchk_success,experiments/kernel_replay_v59_scaling_curve/logs/n240.batch_coqchk.log,1,accepted_kernel_checked
V59,scaling curve suite,243,V59_N240_RETRACTION_123,V59_N240_RETRACTION_123,experiments/kernel_replay_v59_scaling_curve/generated_coq/n240/V59_N240_RETRACTION_123.v,1,accept,kernel_success,coqchk_success,experiments/kernel_replay_v59_scaling_curve/logs/n240.batch_coqchk.log,1,accepted_kernel_checked
V59,scaling curve suite,244,V59_N240_LOGICAL_124,V59_N240_LOGICAL_124,experiments/kernel_replay_v59_scaling_curve/generated_coq/n240/V59_N240_LOGICAL_124.v,1,accept,kernel_success,coqchk_success,experiments/kernel_replay_v59_scaling_curve/logs/n240.batch_coqchk.log,1,accepted_kernel_checked
V59,scaling curve suite,245,V59_N240_PRODUCT_125,V59_N240_PRODUCT_125,experiments/kernel_replay_v59_scaling_curve/generated_coq/n240/V59_N240_PRODUCT_125.v,1,accept,kernel_success,coqchk_success,experiments/kernel_replay_v59_scaling_curve/logs/n240.batch_coqchk.log,1,accepted_kernel_checked
V59,scaling curve suite,246,V59_N240_EQ_126,V59_N240_EQ_126,experiments/kernel_replay_v59_scaling_curve/generated_coq/n240/V59_N240_EQ_126.v,1,accept,kernel_success,coqchk_success,experiments/kernel_replay_v59_scaling_curve/logs/n240.batch_coqchk.log,1,accepted_kernel_checked
V59,scaling curve suite,247,V59_N240_SECTION_127,V59_N240_SECTION_127,experiments/kernel_replay_v59_scaling_curve/generated_coq/n240/V59_N240_SECTION_127.v,1,accept,kernel_success,coqchk_success,experiments/kernel_replay_v59_scaling_curve/logs/n240.batch_coqchk.log,1,accepted_kernel_checked
V59,scaling curve suite,248,V59_N240_RETRACTION_128,V59_N240_RETRACTION_128,experiments/kernel_replay_v59_scaling_curve/generated_coq/n240/V59_N240_RETRACTION_128.v,1,accept,kernel_success,coqchk_success,experiments/kernel_replay_v59_scaling_curve/logs/n240.batch_coqchk.log,1,accepted_kernel_checked
V59,scaling curve suite,249,V59_N240_LOGICAL_129,V59_N240_LOGICAL_129,experiments/kernel_replay_v59_scaling_curve/generated_coq/n240/V59_N240_LOGICAL_129.v,1,accept,kernel_success,coqchk_success,experiments/kernel_replay_v59_scaling_curve/logs/n240.batch_coqchk.log,1,accepted_kernel_checked
V59,scaling curve suite,250,V59_N240_PRODUCT_130,V59_N240_PRODUCT_130,experiments/kernel_replay_v59_scaling_curve/generated_coq/n240/V59_N240_PRODUCT_130.v,1,accept,kernel_success,coqchk_success,experiments/kernel_replay_v59_scaling_curve/logs/n240.batch_coqchk.log,1,accepted_kernel_checked
V59,scaling curve suite,251,V59_N240_EQ_131,V59_N240_EQ_131,experiments/kernel_replay_v59_scaling_curve/generated_coq/n240/V59_N240_EQ_131.v,1,accept,kernel_success,coqchk_success,experiments/kernel_replay_v59_scaling_curve/logs/n240.batch_coqchk.log,1,accepted_kernel_checked
V59,scaling curve suite,252,V59_N240_SECTION_132,V59_N240_SECTION_132,experiments/kernel_replay_v59_scaling_curve/generated_coq/n240/V59_N240_SECTION_132.v,1,accept,kernel_success,coqchk_success,experiments/kernel_replay_v59_scaling_curve/logs/n240.batch_coqchk.log,1,accepted_kernel_checked
V59,scaling curve suite,253,V59_N240_RETRACTION_133,V59_N240_RETRACTION_133,experiments/kernel_replay_v59_scaling_curve/generated_coq/n240/V59_N240_RETRACTION_133.v,1,accept,kernel_success,coqchk_success,experiments/kernel_replay_v59_scaling_curve/logs/n240.batch_coqchk.log,1,accepted_kernel_checked
V59,scaling curve suite,254,V59_N240_LOGICAL_134,V59_N240_LOGICAL_134,experiments/kernel_replay_v59_scaling_curve/generated_coq/n240/V59_N240_LOGICAL_134.v,1,accept,kernel_success,coqchk_success,experiments/kernel_replay_v59_scaling_curve/logs/n240.batch_coqchk.log,1,accepted_kernel_checked
V59,scaling curve suite,255,V59_N240_PRODUCT_135,V59_N240_PRODUCT_135,experiments/kernel_replay_v59_scaling_curve/generated_coq/n240/V59_N240_PRODUCT_135.v,1,accept,kernel_success,coqchk_success,experiments/kernel_replay_v59_scaling_curve/logs/n240.batch_coqchk.log,1,accepted_kernel_checked
V59,scaling curve suite,256,V59_N240_EQ_136,V59_N240_EQ_136,experiments/kernel_replay_v59_scaling_curve/generated_coq/n240/V59_N240_EQ_136.v,1,accept,kernel_success,coqchk_success,experiments/kernel_replay_v59_scaling_curve/logs/n240.batch_coqchk.log,1,accepted_kernel_checked
V59,scaling curve suite,257,V59_N240_SECTION_137,V59_N240_SECTION_137,experiments/kernel_replay_v59_scaling_curve/generated_coq/n240/V59_N240_SECTION_137.v,1,accept,kernel_success,coqchk_success,experiments/kernel_replay_v59_scaling_curve/logs/n240.batch_coqchk.log,1,accepted_kernel_checked
V59,scaling curve suite,258,V59_N240_RETRACTION_138,V59_N240_RETRACTION_138,experiments/kernel_replay_v59_scaling_curve/generated_coq/n240/V59_N240_RETRACTION_138.v,1,accept,kernel_success,coqchk_success,experiments/kernel_replay_v59_scaling_curve/logs/n240.batch_coqchk.log,1,accepted_kernel_checked
V59,scaling curve suite,259,V59_N240_LOGICAL_139,V59_N240_LOGICAL_139,experiments/kernel_replay_v59_scaling_curve/generated_coq/n240/V59_N240_LOGICAL_139.v,1,accept,kernel_success,coqchk_success,experiments/kernel_replay_v59_scaling_curve/logs/n240.batch_coqchk.log,1,accepted_kernel_checked
V59,scaling curve suite,260,V59_N240_PRODUCT_140,V59_N240_PRODUCT_140,experiments/kernel_replay_v59_scaling_curve/generated_coq/n240/V59_N240_PRODUCT_140.v,1,accept,kernel_success,coqchk_success,experiments/kernel_replay_v59_scaling_curve/logs/n240.batch_coqchk.log,1,accepted_kernel_checked
V59,scaling curve suite,261,V59_N240_EQ_141,V59_N240_EQ_141,experiments/kernel_replay_v59_scaling_curve/generated_coq/n240/V59_N240_EQ_141.v,1,accept,kernel_success,coqchk_success,experiments/kernel_replay_v59_scaling_curve/logs/n240.batch_coqchk.log,1,accepted_kernel_checked
V59,scaling curve suite,262,V59_N240_SECTION_142,V59_N240_SECTION_142,experiments/kernel_replay_v59_scaling_curve/generated_coq/n240/V59_N240_SECTION_142.v,1,accept,kernel_success,coqchk_success,experiments/kernel_replay_v59_scaling_curve/logs/n240.batch_coqchk.log,1,accepted_kernel_checked
V59,scaling curve suite,263,V59_N240_RETRACTION_143,V59_N240_RETRACTION_143,experiments/kernel_replay_v59_scaling_curve/generated_coq/n240/V59_N240_RETRACTION_143.v,1,accept,kernel_success,coqchk_success,experiments/kernel_replay_v59_scaling_curve/logs/n240.batch_coqchk.log,1,accepted_kernel_checked
V59,scaling curve suite,264,V59_N240_LOGICAL_144,V59_N240_LOGICAL_144,experiments/kernel_replay_v59_scaling_curve/generated_coq/n240/V59_N240_LOGICAL_144.v,1,accept,kernel_success,coqchk_success,experiments/kernel_replay_v59_scaling_curve/logs/n240.batch_coqchk.log,1,accepted_kernel_checked
V59,scaling curve suite,265,V59_N240_PRODUCT_145,V59_N240_PRODUCT_145,experiments/kernel_replay_v59_scaling_curve/generated_coq/n240/V59_N240_PRODUCT_145.v,1,accept,kernel_success,coqchk_success,experiments/kernel_replay_v59_scaling_curve/logs/n240.batch_coqchk.log,1,accepted_kernel_checked
V59,scaling curve suite,266,V59_N240_EQ_146,V59_N240_EQ_146,experiments/kernel_replay_v59_scaling_curve/generated_coq/n240/V59_N240_EQ_146.v,1,accept,kernel_success,coqchk_success,experiments/kernel_replay_v59_scaling_curve/logs/n240.batch_coqchk.log,1,accepted_kernel_checked
V59,scaling curve suite,267,V59_N240_SECTION_147,V59_N240_SECTION_147,experiments/kernel_replay_v59_scaling_curve/generated_coq/n240/V59_N240_SECTION_147.v,1,accept,kernel_success,coqchk_success,experiments/kernel_replay_v59_scaling_curve/logs/n240.batch_coqchk.log,1,accepted_kernel_checked
V59,scaling curve suite,268,V59_N240_RETRACTION_148,V59_N240_RETRACTION_148,experiments/kernel_replay_v59_scaling_curve/generated_coq/n240/V59_N240_RETRACTION_148.v,1,accept,kernel_success,coqchk_success,experiments/kernel_replay_v59_scaling_curve/logs/n240.batch_coqchk.log,1,accepted_kernel_checked
V59,scaling curve suite,269,V59_N240_LOGICAL_149,V59_N240_LOGICAL_149,experiments/kernel_replay_v59_scaling_curve/generated_coq/n240/V59_N240_LOGICAL_149.v,1,accept,kernel_success,coqchk_success,experiments/kernel_replay_v59_scaling_curve/logs/n240.batch_coqchk.log,1,accepted_kernel_checked
V59,scaling curve suite,270,V59_N240_PRODUCT_150,V59_N240_PRODUCT_150,experiments/kernel_replay_v59_scaling_curve/generated_coq/n240/V59_N240_PRODUCT_150.v,1,accept,kernel_success,coqchk_success,experiments/kernel_replay_v59_scaling_curve/logs/n240.batch_coqchk.log,1,accepted_kernel_checked
V59,scaling curve suite,271,V59_N240_EQ_151,V59_N240_EQ_151,experiments/kernel_replay_v59_scaling_curve/generated_coq/n240/V59_N240_EQ_151.v,1,accept,kernel_success,coqchk_success,experiments/kernel_replay_v59_scaling_curve/logs/n240.batch_coqchk.log,1,accepted_kernel_checked
V59,scaling curve suite,272,V59_N240_SECTION_152,V59_N240_SECTION_152,experiments/kernel_replay_v59_scaling_curve/generated_coq/n240/V59_N240_SECTION_152.v,1,accept,kernel_success,coqchk_success,experiments/kernel_replay_v59_scaling_curve/logs/n240.batch_coqchk.log,1,accepted_kernel_checked
V59,scaling curve suite,273,V59_N240_RETRACTION_153,V59_N240_RETRACTION_153,experiments/kernel_replay_v59_scaling_curve/generated_coq/n240/V59_N240_RETRACTION_153.v,1,accept,kernel_success,coqchk_success,experiments/kernel_replay_v59_scaling_curve/logs/n240.batch_coqchk.log,1,accepted_kernel_checked
V59,scaling curve suite,274,V59_N240_LOGICAL_154,V59_N240_LOGICAL_154,experiments/kernel_replay_v59_scaling_curve/generated_coq/n240/V59_N240_LOGICAL_154.v,1,accept,kernel_success,coqchk_success,experiments/kernel_replay_v59_scaling_curve/logs/n240.batch_coqchk.log,1,accepted_kernel_checked
V59,scaling curve suite,275,V59_N240_PRODUCT_155,V59_N240_PRODUCT_155,experiments/kernel_replay_v59_scaling_curve/generated_coq/n240/V59_N240_PRODUCT_155.v,1,accept,kernel_success,coqchk_success,experiments/kernel_replay_v59_scaling_curve/logs/n240.batch_coqchk.log,1,accepted_kernel_checked
V59,scaling curve suite,276,V59_N240_EQ_156,V59_N240_EQ_156,experiments/kernel_replay_v59_scaling_curve/generated_coq/n240/V59_N240_EQ_156.v,1,accept,kernel_success,coqchk_success,experiments/kernel_replay_v59_scaling_curve/logs/n240.batch_coqchk.log,1,accepted_kernel_checked
V59,scaling curve suite,277,V59_N240_SECTION_157,V59_N240_SECTION_157,experiments/kernel_replay_v59_scaling_curve/generated_coq/n240/V59_N240_SECTION_157.v,1,accept,kernel_success,coqchk_success,experiments/kernel_replay_v59_scaling_curve/logs/n240.batch_coqchk.log,1,accepted_kernel_checked
V59,scaling curve suite,278,V59_N240_RETRACTION_158,V59_N240_RETRACTION_158,experiments/kernel_replay_v59_scaling_curve/generated_coq/n240/V59_N240_RETRACTION_158.v,1,accept,kernel_success,coqchk_success,experiments/kernel_replay_v59_scaling_curve/logs/n240.batch_coqchk.log,1,accepted_kernel_checked
V59,scaling curve suite,279,V59_N240_LOGICAL_159,V59_N240_LOGICAL_159,experiments/kernel_replay_v59_scaling_curve/generated_coq/n240/V59_N240_LOGICAL_159.v,1,accept,kernel_success,coqchk_success,experiments/kernel_replay_v59_scaling_curve/logs/n240.batch_coqchk.log,1,accepted_kernel_checked
V59,scaling curve suite,280,V59_N240_PRODUCT_160,V59_N240_PRODUCT_160,experiments/kernel_replay_v59_scaling_curve/generated_coq/n240/V59_N240_PRODUCT_160.v,1,accept,kernel_success,coqchk_success,experiments/kernel_replay_v59_scaling_curve/logs/n240.batch_coqchk.log,1,accepted_kernel_checked
V59,scaling curve suite,281,V59_N240_EQ_161,V59_N240_EQ_161,experiments/kernel_replay_v59_scaling_curve/generated_coq/n240/V59_N240_EQ_161.v,1,accept,kernel_success,coqchk_success,experiments/kernel_replay_v59_scaling_curve/logs/n240.batch_coqchk.log,1,accepted_kernel_checked
V59,scaling curve suite,282,V59_N240_SECTION_162,V59_N240_SECTION_162,experiments/kernel_replay_v59_scaling_curve/generated_coq/n240/V59_N240_SECTION_162.v,1,accept,kernel_success,coqchk_success,experiments/kernel_replay_v59_scaling_curve/logs/n240.batch_coqchk.log,1,accepted_kernel_checked
V59,scaling curve suite,283,V59_N240_RETRACTION_163,V59_N240_RETRACTION_163,experiments/kernel_replay_v59_scaling_curve/generated_coq/n240/V59_N240_RETRACTION_163.v,1,accept,kernel_success,coqchk_success,experiments/kernel_replay_v59_scaling_curve/logs/n240.batch_coqchk.log,1,accepted_kernel_checked
V59,scaling curve suite,284,V59_N240_LOGICAL_164,V59_N240_LOGICAL_164,experiments/kernel_replay_v59_scaling_curve/generated_coq/n240/V59_N240_LOGICAL_164.v,1,accept,kernel_success,coqchk_success,experiments/kernel_replay_v59_scaling_curve/logs/n240.batch_coqchk.log,1,accepted_kernel_checked
V59,scaling curve suite,285,V59_N240_PRODUCT_165,V59_N240_PRODUCT_165,experiments/kernel_replay_v59_scaling_curve/generated_coq/n240/V59_N240_PRODUCT_165.v,1,accept,kernel_success,coqchk_success,experiments/kernel_replay_v59_scaling_curve/logs/n240.batch_coqchk.log,1,accepted_kernel_checked
V59,scaling curve suite,286,V59_N240_EQ_166,V59_N240_EQ_166,experiments/kernel_replay_v59_scaling_curve/generated_coq/n240/V59_N240_EQ_166.v,1,accept,kernel_success,coqchk_success,experiments/kernel_replay_v59_scaling_curve/logs/n240.batch_coqchk.log,1,accepted_kernel_checked
V59,scaling curve suite,287,V59_N240_SECTION_167,V59_N240_SECTION_167,experiments/kernel_replay_v59_scaling_curve/generated_coq/n240/V59_N240_SECTION_167.v,1,accept,kernel_success,coqchk_success,experiments/kernel_replay_v59_scaling_curve/logs/n240.batch_coqchk.log,1,accepted_kernel_checked
V59,scaling curve suite,288,V59_N240_RETRACTION_168,V59_N240_RETRACTION_168,experiments/kernel_replay_v59_scaling_curve/generated_coq/n240/V59_N240_RETRACTION_168.v,1,accept,kernel_success,coqchk_success,experiments/kernel_replay_v59_scaling_curve/logs/n240.batch_coqchk.log,1,accepted_kernel_checked
V59,scaling curve suite,289,V59_N240_LOGICAL_169,V59_N240_LOGICAL_169,experiments/kernel_replay_v59_scaling_curve/generated_coq/n240/V59_N240_LOGICAL_169.v,1,accept,kernel_success,coqchk_success,experiments/kernel_replay_v59_scaling_curve/logs/n240.batch_coqchk.log,1,accepted_kernel_checked
V59,scaling curve suite,290,V59_N240_PRODUCT_170,V59_N240_PRODUCT_170,experiments/kernel_replay_v59_scaling_curve/generated_coq/n240/V59_N240_PRODUCT_170.v,1,accept,kernel_success,coqchk_success,experiments/kernel_replay_v59_scaling_curve/logs/n240.batch_coqchk.log,1,accepted_kernel_checked
V59,scaling curve suite,291,V59_N240_EQ_171,V59_N240_EQ_171,experiments/kernel_replay_v59_scaling_curve/generated_coq/n240/V59_N240_EQ_171.v,1,accept,kernel_success,coqchk_success,experiments/kernel_replay_v59_scaling_curve/logs/n240.batch_coqchk.log,1,accepted_kernel_checked
V59,scaling curve suite,292,V59_N240_SECTION_172,V59_N240_SECTION_172,experiments/kernel_replay_v59_scaling_curve/generated_coq/n240/V59_N240_SECTION_172.v,1,accept,kernel_success,coqchk_success,experiments/kernel_replay_v59_scaling_curve/logs/n240.batch_coqchk.log,1,accepted_kernel_checked
V59,scaling curve suite,293,V59_N240_RETRACTION_173,V59_N240_RETRACTION_173,experiments/kernel_replay_v59_scaling_curve/generated_coq/n240/V59_N240_RETRACTION_173.v,1,accept,kernel_success,coqchk_success,experiments/kernel_replay_v59_scaling_curve/logs/n240.batch_coqchk.log,1,accepted_kernel_checked
V59,scaling curve suite,294,V59_N240_LOGICAL_174,V59_N240_LOGICAL_174,experiments/kernel_replay_v59_scaling_curve/generated_coq/n240/V59_N240_LOGICAL_174.v,1,accept,kernel_success,coqchk_success,experiments/kernel_replay_v59_scaling_curve/logs/n240.batch_coqchk.log,1,accepted_kernel_checked
V59,scaling curve suite,295,V59_N240_PRODUCT_175,V59_N240_PRODUCT_175,experiments/kernel_replay_v59_scaling_curve/generated_coq/n240/V59_N240_PRODUCT_175.v,1,accept,kernel_success,coqchk_success,experiments/kernel_replay_v59_scaling_curve/logs/n240.batch_coqchk.log,1,accepted_kernel_checked
V59,scaling curve suite,296,V59_N240_EQ_176,V59_N240_EQ_176,experiments/kernel_replay_v59_scaling_curve/generated_coq/n240/V59_N240_EQ_176.v,1,accept,kernel_success,coqchk_success,experiments/kernel_replay_v59_scaling_curve/logs/n240.batch_coqchk.log,1,accepted_kernel_checked
V59,scaling curve suite,297,V59_N240_SECTION_177,V59_N240_SECTION_177,experiments/kernel_replay_v59_scaling_curve/generated_coq/n240/V59_N240_SECTION_177.v,1,accept,kernel_success,coqchk_success,experiments/kernel_replay_v59_scaling_curve/logs/n240.batch_coqchk.log,1,accepted_kernel_checked
V59,scaling curve suite,298,V59_N240_RETRACTION_178,V59_N240_RETRACTION_178,experiments/kernel_replay_v59_scaling_curve/generated_coq/n240/V59_N240_RETRACTION_178.v,1,accept,kernel_success,coqchk_success,experiments/kernel_replay_v59_scaling_curve/logs/n240.batch_coqchk.log,1,accepted_kernel_checked
V59,scaling curve suite,299,V59_N240_LOGICAL_179,V59_N240_LOGICAL_179,experiments/kernel_replay_v59_scaling_curve/generated_coq/n240/V59_N240_LOGICAL_179.v,1,accept,kernel_success,coqchk_success,experiments/kernel_replay_v59_scaling_curve/logs/n240.batch_coqchk.log,1,accepted_kernel_checked
V59,scaling curve suite,300,V59_N240_PRODUCT_180,V59_N240_PRODUCT_180,experiments/kernel_replay_v59_scaling_curve/generated_coq/n240/V59_N240_PRODUCT_180.v,1,accept,kernel_success,coqchk_success,experiments/kernel_replay_v59_scaling_curve/logs/n240.batch_coqchk.log,1,accepted_kernel_checked
V59,scaling curve suite,301,V59_N240_EQ_181,V59_N240_EQ_181,experiments/kernel_replay_v59_scaling_curve/generated_coq/n240/V59_N240_EQ_181.v,1,accept,kernel_success,coqchk_success,experiments/kernel_replay_v59_scaling_curve/logs/n240.batch_coqchk.log,1,accepted_kernel_checked
V59,scaling curve suite,302,V59_N240_SECTION_182,V59_N240_SECTION_182,experiments/kernel_replay_v59_scaling_curve/generated_coq/n240/V59_N240_SECTION_182.v,1,accept,kernel_success,coqchk_success,experiments/kernel_replay_v59_scaling_curve/logs/n240.batch_coqchk.log,1,accepted_kernel_checked
V59,scaling curve suite,303,V59_N240_RETRACTION_183,V59_N240_RETRACTION_183,experiments/kernel_replay_v59_scaling_curve/generated_coq/n240/V59_N240_RETRACTION_183.v,1,accept,kernel_success,coqchk_success,experiments/kernel_replay_v59_scaling_curve/logs/n240.batch_coqchk.log,1,accepted_kernel_checked
V59,scaling curve suite,304,V59_N240_LOGICAL_184,V59_N240_LOGICAL_184,experiments/kernel_replay_v59_scaling_curve/generated_coq/n240/V59_N240_LOGICAL_184.v,1,accept,kernel_success,coqchk_success,experiments/kernel_replay_v59_scaling_curve/logs/n240.batch_coqchk.log,1,accepted_kernel_checked
V59,scaling curve suite,305,V59_N240_PRODUCT_185,V59_N240_PRODUCT_185,experiments/kernel_replay_v59_scaling_curve/generated_coq/n240/V59_N240_PRODUCT_185.v,1,accept,kernel_success,coqchk_success,experiments/kernel_replay_v59_scaling_curve/logs/n240.batch_coqchk.log,1,accepted_kernel_checked
V59,scaling curve suite,306,V59_N240_EQ_186,V59_N240_EQ_186,experiments/kernel_replay_v59_scaling_curve/generated_coq/n240/V59_N240_EQ_186.v,1,accept,kernel_success,coqchk_success,experiments/kernel_replay_v59_scaling_curve/logs/n240.batch_coqchk.log,1,accepted_kernel_checked
V59,scaling curve suite,307,V59_N240_SECTION_187,V59_N240_SECTION_187,experiments/kernel_replay_v59_scaling_curve/generated_coq/n240/V59_N240_SECTION_187.v,1,accept,kernel_success,coqchk_success,experiments/kernel_replay_v59_scaling_curve/logs/n240.batch_coqchk.log,1,accepted_kernel_checked
V59,scaling curve suite,308,V59_N240_RETRACTION_188,V59_N240_RETRACTION_188,experiments/kernel_replay_v59_scaling_curve/generated_coq/n240/V59_N240_RETRACTION_188.v,1,accept,kernel_success,coqchk_success,experiments/kernel_replay_v59_scaling_curve/logs/n240.batch_coqchk.log,1,accepted_kernel_checked
V59,scaling curve suite,309,V59_N240_LOGICAL_189,V59_N240_LOGICAL_189,experiments/kernel_replay_v59_scaling_curve/generated_coq/n240/V59_N240_LOGICAL_189.v,1,accept,kernel_success,coqchk_success,experiments/kernel_replay_v59_scaling_curve/logs/n240.batch_coqchk.log,1,accepted_kernel_checked
V59,scaling curve suite,310,V59_N240_PRODUCT_190,V59_N240_PRODUCT_190,experiments/kernel_replay_v59_scaling_curve/generated_coq/n240/V59_N240_PRODUCT_190.v,1,accept,kernel_success,coqchk_success,experiments/kernel_replay_v59_scaling_curve/logs/n240.batch_coqchk.log,1,accepted_kernel_checked
V59,scaling curve suite,311,V59_N240_EQ_191,V59_N240_EQ_191,experiments/kernel_replay_v59_scaling_curve/generated_coq/n240/V59_N240_EQ_191.v,1,accept,kernel_success,coqchk_success,experiments/kernel_replay_v59_scaling_curve/logs/n240.batch_coqchk.log,1,accepted_kernel_checked
V59,scaling curve suite,312,V59_N240_SECTION_192,V59_N240_SECTION_192,experiments/kernel_replay_v59_scaling_curve/generated_coq/n240/V59_N240_SECTION_192.v,1,accept,kernel_success,coqchk_success,experiments/kernel_replay_v59_scaling_curve/logs/n240.batch_coqchk.log,1,accepted_kernel_checked
V59,scaling curve suite,313,V59_N240_RETRACTION_193,V59_N240_RETRACTION_193,experiments/kernel_replay_v59_scaling_curve/generated_coq/n240/V59_N240_RETRACTION_193.v,1,accept,kernel_success,coqchk_success,experiments/kernel_replay_v59_scaling_curve/logs/n240.batch_coqchk.log,1,accepted_kernel_checked
V59,scaling curve suite,314,V59_N240_LOGICAL_194,V59_N240_LOGICAL_194,experiments/kernel_replay_v59_scaling_curve/generated_coq/n240/V59_N240_LOGICAL_194.v,1,accept,kernel_success,coqchk_success,experiments/kernel_replay_v59_scaling_curve/logs/n240.batch_coqchk.log,1,accepted_kernel_checked
V59,scaling curve suite,315,V59_N240_PRODUCT_195,V59_N240_PRODUCT_195,experiments/kernel_replay_v59_scaling_curve/generated_coq/n240/V59_N240_PRODUCT_195.v,1,accept,kernel_success,coqchk_success,experiments/kernel_replay_v59_scaling_curve/logs/n240.batch_coqchk.log,1,accepted_kernel_checked
V59,scaling curve suite,316,V59_N240_EQ_196,V59_N240_EQ_196,experiments/kernel_replay_v59_scaling_curve/generated_coq/n240/V59_N240_EQ_196.v,1,accept,kernel_success,coqchk_success,experiments/kernel_replay_v59_scaling_curve/logs/n240.batch_coqchk.log,1,accepted_kernel_checked
V59,scaling curve suite,317,V59_N240_SECTION_197,V59_N240_SECTION_197,experiments/kernel_replay_v59_scaling_curve/generated_coq/n240/V59_N240_SECTION_197.v,1,accept,kernel_success,coqchk_success,experiments/kernel_replay_v59_scaling_curve/logs/n240.batch_coqchk.log,1,accepted_kernel_checked
V59,scaling curve suite,318,V59_N240_RETRACTION_198,V59_N240_RETRACTION_198,experiments/kernel_replay_v59_scaling_curve/generated_coq/n240/V59_N240_RETRACTION_198.v,1,accept,kernel_success,coqchk_success,experiments/kernel_replay_v59_scaling_curve/logs/n240.batch_coqchk.log,1,accepted_kernel_checked
V59,scaling curve suite,319,V59_N240_LOGICAL_199,V59_N240_LOGICAL_199,experiments/kernel_replay_v59_scaling_curve/generated_coq/n240/V59_N240_LOGICAL_199.v,1,accept,kernel_success,coqchk_success,experiments/kernel_replay_v59_scaling_curve/logs/n240.batch_coqchk.log,1,accepted_kernel_checked
V59,scaling curve suite,320,V59_N240_PRODUCT_200,V59_N240_PRODUCT_200,experiments/kernel_replay_v59_scaling_curve/generated_coq/n240/V59_N240_PRODUCT_200.v,1,accept,kernel_success,coqchk_success,experiments/kernel_replay_v59_scaling_curve/logs/n240.batch_coqchk.log,1,accepted_kernel_checked
V59,scaling curve suite,321,V59_N240_EQ_201,V59_N240_EQ_201,experiments/kernel_replay_v59_scaling_curve/generated_coq/n240/V59_N240_EQ_201.v,1,accept,kernel_success,coqchk_success,experiments/kernel_replay_v59_scaling_curve/logs/n240.batch_coqchk.log,1,accepted_kernel_checked
V59,scaling curve suite,322,V59_N240_SECTION_202,V59_N240_SECTION_202,experiments/kernel_replay_v59_scaling_curve/generated_coq/n240/V59_N240_SECTION_202.v,1,accept,kernel_success,coqchk_success,experiments/kernel_replay_v59_scaling_curve/logs/n240.batch_coqchk.log,1,accepted_kernel_checked
V59,scaling curve suite,323,V59_N240_RETRACTION_203,V59_N240_RETRACTION_203,experiments/kernel_replay_v59_scaling_curve/generated_coq/n240/V59_N240_RETRACTION_203.v,1,accept,kernel_success,coqchk_success,experiments/kernel_replay_v59_scaling_curve/logs/n240.batch_coqchk.log,1,accepted_kernel_checked
V59,scaling curve suite,324,V59_N240_LOGICAL_204,V59_N240_LOGICAL_204,experiments/kernel_replay_v59_scaling_curve/generated_coq/n240/V59_N240_LOGICAL_204.v,1,accept,kernel_success,coqchk_success,experiments/kernel_replay_v59_scaling_curve/logs/n240.batch_coqchk.log,1,accepted_kernel_checked
V59,scaling curve suite,325,V59_N240_PRODUCT_205,V59_N240_PRODUCT_205,experiments/kernel_replay_v59_scaling_curve/generated_coq/n240/V59_N240_PRODUCT_205.v,1,accept,kernel_success,coqchk_success,experiments/kernel_replay_v59_scaling_curve/logs/n240.batch_coqchk.log,1,accepted_kernel_checked
V59,scaling curve suite,326,V59_N240_EQ_206,V59_N240_EQ_206,experiments/kernel_replay_v59_scaling_curve/generated_coq/n240/V59_N240_EQ_206.v,1,accept,kernel_success,coqchk_success,experiments/kernel_replay_v59_scaling_curve/logs/n240.batch_coqchk.log,1,accepted_kernel_checked
V59,scaling curve suite,327,V59_N240_SECTION_207,V59_N240_SECTION_207,experiments/kernel_replay_v59_scaling_curve/generated_coq/n240/V59_N240_SECTION_207.v,1,accept,kernel_success,coqchk_success,experiments/kernel_replay_v59_scaling_curve/logs/n240.batch_coqchk.log,1,accepted_kernel_checked
V59,scaling curve suite,328,V59_N240_RETRACTION_208,V59_N240_RETRACTION_208,experiments/kernel_replay_v59_scaling_curve/generated_coq/n240/V59_N240_RETRACTION_208.v,1,accept,kernel_success,coqchk_success,experiments/kernel_replay_v59_scaling_curve/logs/n240.batch_coqchk.log,1,accepted_kernel_checked
V59,scaling curve suite,329,V59_N240_LOGICAL_209,V59_N240_LOGICAL_209,experiments/kernel_replay_v59_scaling_curve/generated_coq/n240/V59_N240_LOGICAL_209.v,1,accept,kernel_success,coqchk_success,experiments/kernel_replay_v59_scaling_curve/logs/n240.batch_coqchk.log,1,accepted_kernel_checked
V59,scaling curve suite,330,V59_N240_PRODUCT_210,V59_N240_PRODUCT_210,experiments/kernel_replay_v59_scaling_curve/generated_coq/n240/V59_N240_PRODUCT_210.v,1,accept,kernel_success,coqchk_success,experiments/kernel_replay_v59_scaling_curve/logs/n240.batch_coqchk.log,1,accepted_kernel_checked
V59,scaling curve suite,331,V59_N240_EQ_211,V59_N240_EQ_211,experiments/kernel_replay_v59_scaling_curve/generated_coq/n240/V59_N240_EQ_211.v,1,accept,kernel_success,coqchk_success,experiments/kernel_replay_v59_scaling_curve/logs/n240.batch_coqchk.log,1,accepted_kernel_checked
V59,scaling curve suite,332,V59_N240_SECTION_212,V59_N240_SECTION_212,experiments/kernel_replay_v59_scaling_curve/generated_coq/n240/V59_N240_SECTION_212.v,1,accept,kernel_success,coqchk_success,experiments/kernel_replay_v59_scaling_curve/logs/n240.batch_coqchk.log,1,accepted_kernel_checked
V59,scaling curve suite,333,V59_N240_RETRACTION_213,V59_N240_RETRACTION_213,experiments/kernel_replay_v59_scaling_curve/generated_coq/n240/V59_N240_RETRACTION_213.v,1,accept,kernel_success,coqchk_success,experiments/kernel_replay_v59_scaling_curve/logs/n240.batch_coqchk.log,1,accepted_kernel_checked
V59,scaling curve suite,334,V59_N240_LOGICAL_214,V59_N240_LOGICAL_214,experiments/kernel_replay_v59_scaling_curve/generated_coq/n240/V59_N240_LOGICAL_214.v,1,accept,kernel_success,coqchk_success,experiments/kernel_replay_v59_scaling_curve/logs/n240.batch_coqchk.log,1,accepted_kernel_checked
V59,scaling curve suite,335,V59_N240_PRODUCT_215,V59_N240_PRODUCT_215,experiments/kernel_replay_v59_scaling_curve/generated_coq/n240/V59_N240_PRODUCT_215.v,1,accept,kernel_success,coqchk_success,experiments/kernel_replay_v59_scaling_curve/logs/n240.batch_coqchk.log,1,accepted_kernel_checked
V59,scaling curve suite,336,V59_N240_EQ_216,V59_N240_EQ_216,experiments/kernel_replay_v59_scaling_curve/generated_coq/n240/V59_N240_EQ_216.v,1,accept,kernel_success,coqchk_success,experiments/kernel_replay_v59_scaling_curve/logs/n240.batch_coqchk.log,1,accepted_kernel_checked
V59,scaling curve suite,337,V59_N240_SECTION_217,V59_N240_SECTION_217,experiments/kernel_replay_v59_scaling_curve/generated_coq/n240/V59_N240_SECTION_217.v,1,accept,kernel_success,coqchk_success,experiments/kernel_replay_v59_scaling_curve/logs/n240.batch_coqchk.log,1,accepted_kernel_checked
V59,scaling curve suite,338,V59_N240_RETRACTION_218,V59_N240_RETRACTION_218,experiments/kernel_replay_v59_scaling_curve/generated_coq/n240/V59_N240_RETRACTION_218.v,1,accept,kernel_success,coqchk_success,experiments/kernel_replay_v59_scaling_curve/logs/n240.batch_coqchk.log,1,accepted_kernel_checked
V59,scaling curve suite,339,V59_N240_LOGICAL_219,V59_N240_LOGICAL_219,experiments/kernel_replay_v59_scaling_curve/generated_coq/n240/V59_N240_LOGICAL_219.v,1,accept,kernel_success,coqchk_success,experiments/kernel_replay_v59_scaling_curve/logs/n240.batch_coqchk.log,1,accepted_kernel_checked
V59,scaling curve suite,340,V59_N240_PRODUCT_220,V59_N240_PRODUCT_220,experiments/kernel_replay_v59_scaling_curve/generated_coq/n240/V59_N240_PRODUCT_220.v,1,accept,kernel_success,coqchk_success,experiments/kernel_replay_v59_scaling_curve/logs/n240.batch_coqchk.log,1,accepted_kernel_checked
V59,scaling curve suite,341,V59_N240_EQ_221,V59_N240_EQ_221,experiments/kernel_replay_v59_scaling_curve/generated_coq/n240/V59_N240_EQ_221.v,1,accept,kernel_success,coqchk_success,experiments/kernel_replay_v59_scaling_curve/logs/n240.batch_coqchk.log,1,accepted_kernel_checked
V59,scaling curve suite,342,V59_N240_SECTION_222,V59_N240_SECTION_222,experiments/kernel_replay_v59_scaling_curve/generated_coq/n240/V59_N240_SECTION_222.v,1,accept,kernel_success,coqchk_success,experiments/kernel_replay_v59_scaling_curve/logs/n240.batch_coqchk.log,1,accepted_kernel_checked
V59,scaling curve suite,343,V59_N240_RETRACTION_223,V59_N240_RETRACTION_223,experiments/kernel_replay_v59_scaling_curve/generated_coq/n240/V59_N240_RETRACTION_223.v,1,accept,kernel_success,coqchk_success,experiments/kernel_replay_v59_scaling_curve/logs/n240.batch_coqchk.log,1,accepted_kernel_checked
V59,scaling curve suite,344,V59_N240_LOGICAL_224,V59_N240_LOGICAL_224,experiments/kernel_replay_v59_scaling_curve/generated_coq/n240/V59_N240_LOGICAL_224.v,1,accept,kernel_success,coqchk_success,experiments/kernel_replay_v59_scaling_curve/logs/n240.batch_coqchk.log,1,accepted_kernel_checked
V59,scaling curve suite,345,V59_N240_PRODUCT_225,V59_N240_PRODUCT_225,experiments/kernel_replay_v59_scaling_curve/generated_coq/n240/V59_N240_PRODUCT_225.v,1,accept,kernel_success,coqchk_success,experiments/kernel_replay_v59_scaling_curve/logs/n240.batch_coqchk.log,1,accepted_kernel_checked
V59,scaling curve suite,346,V59_N240_EQ_226,V59_N240_EQ_226,experiments/kernel_replay_v59_scaling_curve/generated_coq/n240/V59_N240_EQ_226.v,1,accept,kernel_success,coqchk_success,experiments/kernel_replay_v59_scaling_curve/logs/n240.batch_coqchk.log,1,accepted_kernel_checked
V59,scaling curve suite,347,V59_N240_SECTION_227,V59_N240_SECTION_227,experiments/kernel_replay_v59_scaling_curve/generated_coq/n240/V59_N240_SECTION_227.v,1,accept,kernel_success,coqchk_success,experiments/kernel_replay_v59_scaling_curve/logs/n240.batch_coqchk.log,1,accepted_kernel_checked
V59,scaling curve suite,348,V59_N240_RETRACTION_228,V59_N240_RETRACTION_228,experiments/kernel_replay_v59_scaling_curve/generated_coq/n240/V59_N240_RETRACTION_228.v,1,accept,kernel_success,coqchk_success,experiments/kernel_replay_v59_scaling_curve/logs/n240.batch_coqchk.log,1,accepted_kernel_checked
V59,scaling curve suite,349,V59_N240_LOGICAL_229,V59_N240_LOGICAL_229,experiments/kernel_replay_v59_scaling_curve/generated_coq/n240/V59_N240_LOGICAL_229.v,1,accept,kernel_success,coqchk_success,experiments/kernel_replay_v59_scaling_curve/logs/n240.batch_coqchk.log,1,accepted_kernel_checked
V59,scaling curve suite,350,V59_N240_PRODUCT_230,V59_N240_PRODUCT_230,experiments/kernel_replay_v59_scaling_curve/generated_coq/n240/V59_N240_PRODUCT_230.v,1,accept,kernel_success,coqchk_success,experiments/kernel_replay_v59_scaling_curve/logs/n240.batch_coqchk.log,1,accepted_kernel_checked
V59,scaling curve suite,351,V59_N240_EQ_231,V59_N240_EQ_231,experiments/kernel_replay_v59_scaling_curve/generated_coq/n240/V59_N240_EQ_231.v,1,accept,kernel_success,coqchk_success,experiments/kernel_replay_v59_scaling_curve/logs/n240.batch_coqchk.log,1,accepted_kernel_checked
V59,scaling curve suite,352,V59_N240_SECTION_232,V59_N240_SECTION_232,experiments/kernel_replay_v59_scaling_curve/generated_coq/n240/V59_N240_SECTION_232.v,1,accept,kernel_success,coqchk_success,experiments/kernel_replay_v59_scaling_curve/logs/n240.batch_coqchk.log,1,accepted_kernel_checked
V59,scaling curve suite,353,V59_N240_RETRACTION_233,V59_N240_RETRACTION_233,experiments/kernel_replay_v59_scaling_curve/generated_coq/n240/V59_N240_RETRACTION_233.v,1,accept,kernel_success,coqchk_success,experiments/kernel_replay_v59_scaling_curve/logs/n240.batch_coqchk.log,1,accepted_kernel_checked
V59,scaling curve suite,354,V59_N240_LOGICAL_234,V59_N240_LOGICAL_234,experiments/kernel_replay_v59_scaling_curve/generated_coq/n240/V59_N240_LOGICAL_234.v,1,accept,kernel_success,coqchk_success,experiments/kernel_replay_v59_scaling_curve/logs/n240.batch_coqchk.log,1,accepted_kernel_checked
V59,scaling curve suite,355,V59_N240_PRODUCT_235,V59_N240_PRODUCT_235,experiments/kernel_replay_v59_scaling_curve/generated_coq/n240/V59_N240_PRODUCT_235.v,1,accept,kernel_success,coqchk_success,experiments/kernel_replay_v59_scaling_curve/logs/n240.batch_coqchk.log,1,accepted_kernel_checked
V59,scaling curve suite,356,V59_N240_EQ_236,V59_N240_EQ_236,experiments/kernel_replay_v59_scaling_curve/generated_coq/n240/V59_N240_EQ_236.v,1,accept,kernel_success,coqchk_success,experiments/kernel_replay_v59_scaling_curve/logs/n240.batch_coqchk.log,1,accepted_kernel_checked
V59,scaling curve suite,357,V59_N240_SECTION_237,V59_N240_SECTION_237,experiments/kernel_replay_v59_scaling_curve/generated_coq/n240/V59_N240_SECTION_237.v,1,accept,kernel_success,coqchk_success,experiments/kernel_replay_v59_scaling_curve/logs/n240.batch_coqchk.log,1,accepted_kernel_checked
V59,scaling curve suite,358,V59_N240_RETRACTION_238,V59_N240_RETRACTION_238,experiments/kernel_replay_v59_scaling_curve/generated_coq/n240/V59_N240_RETRACTION_238.v,1,accept,kernel_success,coqchk_success,experiments/kernel_replay_v59_scaling_curve/logs/n240.batch_coqchk.log,1,accepted_kernel_checked
V59,scaling curve suite,359,V59_N240_LOGICAL_239,V59_N240_LOGICAL_239,experiments/kernel_replay_v59_scaling_curve/generated_coq/n240/V59_N240_LOGICAL_239.v,1,accept,kernel_success,coqchk_success,experiments/kernel_replay_v59_scaling_curve/logs/n240.batch_coqchk.log,1,accepted_kernel_checked
V59,scaling curve suite,360,V59_N240_PRODUCT_240,V59_N240_PRODUCT_240,experiments/kernel_replay_v59_scaling_curve/generated_coq/n240/V59_N240_PRODUCT_240.v,1,accept,kernel_success,coqchk_success,experiments/kernel_replay_v59_scaling_curve/logs/n240.batch_coqchk.log,1,accepted_kernel_checked
V59,scaling curve suite,361,V59_N480_EQ_001,V59_N480_EQ_001,experiments/kernel_replay_v59_scaling_curve/generated_coq/n480/V59_N480_EQ_001.v,1,accept,kernel_success,coqchk_success,experiments/kernel_replay_v59_scaling_curve/logs/n480.batch_coqchk.log,1,accepted_kernel_checked
V59,scaling curve suite,362,V59_N480_SECTION_002,V59_N480_SECTION_002,experiments/kernel_replay_v59_scaling_curve/generated_coq/n480/V59_N480_SECTION_002.v,1,accept,kernel_success,coqchk_success,experiments/kernel_replay_v59_scaling_curve/logs/n480.batch_coqchk.log,1,accepted_kernel_checked
V59,scaling curve suite,363,V59_N480_RETRACTION_003,V59_N480_RETRACTION_003,experiments/kernel_replay_v59_scaling_curve/generated_coq/n480/V59_N480_RETRACTION_003.v,1,accept,kernel_success,coqchk_success,experiments/kernel_replay_v59_scaling_curve/logs/n480.batch_coqchk.log,1,accepted_kernel_checked
V59,scaling curve suite,364,V59_N480_LOGICAL_004,V59_N480_LOGICAL_004,experiments/kernel_replay_v59_scaling_curve/generated_coq/n480/V59_N480_LOGICAL_004.v,1,accept,kernel_success,coqchk_success,experiments/kernel_replay_v59_scaling_curve/logs/n480.batch_coqchk.log,1,accepted_kernel_checked
V59,scaling curve suite,365,V59_N480_PRODUCT_005,V59_N480_PRODUCT_005,experiments/kernel_replay_v59_scaling_curve/generated_coq/n480/V59_N480_PRODUCT_005.v,1,accept,kernel_success,coqchk_success,experiments/kernel_replay_v59_scaling_curve/logs/n480.batch_coqchk.log,1,accepted_kernel_checked
V59,scaling curve suite,366,V59_N480_EQ_006,V59_N480_EQ_006,experiments/kernel_replay_v59_scaling_curve/generated_coq/n480/V59_N480_EQ_006.v,1,accept,kernel_success,coqchk_success,experiments/kernel_replay_v59_scaling_curve/logs/n480.batch_coqchk.log,1,accepted_kernel_checked
V59,scaling curve suite,367,V59_N480_SECTION_007,V59_N480_SECTION_007,experiments/kernel_replay_v59_scaling_curve/generated_coq/n480/V59_N480_SECTION_007.v,1,accept,kernel_success,coqchk_success,experiments/kernel_replay_v59_scaling_curve/logs/n480.batch_coqchk.log,1,accepted_kernel_checked
V59,scaling curve suite,368,V59_N480_RETRACTION_008,V59_N480_RETRACTION_008,experiments/kernel_replay_v59_scaling_curve/generated_coq/n480/V59_N480_RETRACTION_008.v,1,accept,kernel_success,coqchk_success,experiments/kernel_replay_v59_scaling_curve/logs/n480.batch_coqchk.log,1,accepted_kernel_checked
V59,scaling curve suite,369,V59_N480_LOGICAL_009,V59_N480_LOGICAL_009,experiments/kernel_replay_v59_scaling_curve/generated_coq/n480/V59_N480_LOGICAL_009.v,1,accept,kernel_success,coqchk_success,experiments/kernel_replay_v59_scaling_curve/logs/n480.batch_coqchk.log,1,accepted_kernel_checked
V59,scaling curve suite,370,V59_N480_PRODUCT_010,V59_N480_PRODUCT_010,experiments/kernel_replay_v59_scaling_curve/generated_coq/n480/V59_N480_PRODUCT_010.v,1,accept,kernel_success,coqchk_success,experiments/kernel_replay_v59_scaling_curve/logs/n480.batch_coqchk.log,1,accepted_kernel_checked
V59,scaling curve suite,371,V59_N480_EQ_011,V59_N480_EQ_011,experiments/kernel_replay_v59_scaling_curve/generated_coq/n480/V59_N480_EQ_011.v,1,accept,kernel_success,coqchk_success,experiments/kernel_replay_v59_scaling_curve/logs/n480.batch_coqchk.log,1,accepted_kernel_checked
V59,scaling curve suite,372,V59_N480_SECTION_012,V59_N480_SECTION_012,experiments/kernel_replay_v59_scaling_curve/generated_coq/n480/V59_N480_SECTION_012.v,1,accept,kernel_success,coqchk_success,experiments/kernel_replay_v59_scaling_curve/logs/n480.batch_coqchk.log,1,accepted_kernel_checked
V59,scaling curve suite,373,V59_N480_RETRACTION_013,V59_N480_RETRACTION_013,experiments/kernel_replay_v59_scaling_curve/generated_coq/n480/V59_N480_RETRACTION_013.v,1,accept,kernel_success,coqchk_success,experiments/kernel_replay_v59_scaling_curve/logs/n480.batch_coqchk.log,1,accepted_kernel_checked
V59,scaling curve suite,374,V59_N480_LOGICAL_014,V59_N480_LOGICAL_014,experiments/kernel_replay_v59_scaling_curve/generated_coq/n480/V59_N480_LOGICAL_014.v,1,accept,kernel_success,coqchk_success,experiments/kernel_replay_v59_scaling_curve/logs/n480.batch_coqchk.log,1,accepted_kernel_checked
V59,scaling curve suite,375,V59_N480_PRODUCT_015,V59_N480_PRODUCT_015,experiments/kernel_replay_v59_scaling_curve/generated_coq/n480/V59_N480_PRODUCT_015.v,1,accept,kernel_success,coqchk_success,experiments/kernel_replay_v59_scaling_curve/logs/n480.batch_coqchk.log,1,accepted_kernel_checked
V59,scaling curve suite,376,V59_N480_EQ_016,V59_N480_EQ_016,experiments/kernel_replay_v59_scaling_curve/generated_coq/n480/V59_N480_EQ_016.v,1,accept,kernel_success,coqchk_success,experiments/kernel_replay_v59_scaling_curve/logs/n480.batch_coqchk.log,1,accepted_kernel_checked
V59,scaling curve suite,377,V59_N480_SECTION_017,V59_N480_SECTION_017,experiments/kernel_replay_v59_scaling_curve/generated_coq/n480/V59_N480_SECTION_017.v,1,accept,kernel_success,coqchk_success,experiments/kernel_replay_v59_scaling_curve/logs/n480.batch_coqchk.log,1,accepted_kernel_checked
V59,scaling curve suite,378,V59_N480_RETRACTION_018,V59_N480_RETRACTION_018,experiments/kernel_replay_v59_scaling_curve/generated_coq/n480/V59_N480_RETRACTION_018.v,1,accept,kernel_success,coqchk_success,experiments/kernel_replay_v59_scaling_curve/logs/n480.batch_coqchk.log,1,accepted_kernel_checked
V59,scaling curve suite,379,V59_N480_LOGICAL_019,V59_N480_LOGICAL_019,experiments/kernel_replay_v59_scaling_curve/generated_coq/n480/V59_N480_LOGICAL_019.v,1,accept,kernel_success,coqchk_success,experiments/kernel_replay_v59_scaling_curve/logs/n480.batch_coqchk.log,1,accepted_kernel_checked
V59,scaling curve suite,380,V59_N480_PRODUCT_020,V59_N480_PRODUCT_020,experiments/kernel_replay_v59_scaling_curve/generated_coq/n480/V59_N480_PRODUCT_020.v,1,accept,kernel_success,coqchk_success,experiments/kernel_replay_v59_scaling_curve/logs/n480.batch_coqchk.log,1,accepted_kernel_checked
V59,scaling curve suite,381,V59_N480_EQ_021,V59_N480_EQ_021,experiments/kernel_replay_v59_scaling_curve/generated_coq/n480/V59_N480_EQ_021.v,1,accept,kernel_success,coqchk_success,experiments/kernel_replay_v59_scaling_curve/logs/n480.batch_coqchk.log,1,accepted_kernel_checked
V59,scaling curve suite,382,V59_N480_SECTION_022,V59_N480_SECTION_022,experiments/kernel_replay_v59_scaling_curve/generated_coq/n480/V59_N480_SECTION_022.v,1,accept,kernel_success,coqchk_success,experiments/kernel_replay_v59_scaling_curve/logs/n480.batch_coqchk.log,1,accepted_kernel_checked
V59,scaling curve suite,383,V59_N480_RETRACTION_023,V59_N480_RETRACTION_023,experiments/kernel_replay_v59_scaling_curve/generated_coq/n480/V59_N480_RETRACTION_023.v,1,accept,kernel_success,coqchk_success,experiments/kernel_replay_v59_scaling_curve/logs/n480.batch_coqchk.log,1,accepted_kernel_checked
V59,scaling curve suite,384,V59_N480_LOGICAL_024,V59_N480_LOGICAL_024,experiments/kernel_replay_v59_scaling_curve/generated_coq/n480/V59_N480_LOGICAL_024.v,1,accept,kernel_success,coqchk_success,experiments/kernel_replay_v59_scaling_curve/logs/n480.batch_coqchk.log,1,accepted_kernel_checked
V59,scaling curve suite,385,V59_N480_PRODUCT_025,V59_N480_PRODUCT_025,experiments/kernel_replay_v59_scaling_curve/generated_coq/n480/V59_N480_PRODUCT_025.v,1,accept,kernel_success,coqchk_success,experiments/kernel_replay_v59_scaling_curve/logs/n480.batch_coqchk.log,1,accepted_kernel_checked
V59,scaling curve suite,386,V59_N480_EQ_026,V59_N480_EQ_026,experiments/kernel_replay_v59_scaling_curve/generated_coq/n480/V59_N480_EQ_026.v,1,accept,kernel_success,coqchk_success,experiments/kernel_replay_v59_scaling_curve/logs/n480.batch_coqchk.log,1,accepted_kernel_checked
V59,scaling curve suite,387,V59_N480_SECTION_027,V59_N480_SECTION_027,experiments/kernel_replay_v59_scaling_curve/generated_coq/n480/V59_N480_SECTION_027.v,1,accept,kernel_success,coqchk_success,experiments/kernel_replay_v59_scaling_curve/logs/n480.batch_coqchk.log,1,accepted_kernel_checked
V59,scaling curve suite,388,V59_N480_RETRACTION_028,V59_N480_RETRACTION_028,experiments/kernel_replay_v59_scaling_curve/generated_coq/n480/V59_N480_RETRACTION_028.v,1,accept,kernel_success,coqchk_success,experiments/kernel_replay_v59_scaling_curve/logs/n480.batch_coqchk.log,1,accepted_kernel_checked
V59,scaling curve suite,389,V59_N480_LOGICAL_029,V59_N480_LOGICAL_029,experiments/kernel_replay_v59_scaling_curve/generated_coq/n480/V59_N480_LOGICAL_029.v,1,accept,kernel_success,coqchk_success,experiments/kernel_replay_v59_scaling_curve/logs/n480.batch_coqchk.log,1,accepted_kernel_checked
V59,scaling curve suite,390,V59_N480_PRODUCT_030,V59_N480_PRODUCT_030,experiments/kernel_replay_v59_scaling_curve/generated_coq/n480/V59_N480_PRODUCT_030.v,1,accept,kernel_success,coqchk_success,experiments/kernel_replay_v59_scaling_curve/logs/n480.batch_coqchk.log,1,accepted_kernel_checked
V59,scaling curve suite,391,V59_N480_EQ_031,V59_N480_EQ_031,experiments/kernel_replay_v59_scaling_curve/generated_coq/n480/V59_N480_EQ_031.v,1,accept,kernel_success,coqchk_success,experiments/kernel_replay_v59_scaling_curve/logs/n480.batch_coqchk.log,1,accepted_kernel_checked
V59,scaling curve suite,392,V59_N480_SECTION_032,V59_N480_SECTION_032,experiments/kernel_replay_v59_scaling_curve/generated_coq/n480/V59_N480_SECTION_032.v,1,accept,kernel_success,coqchk_success,experiments/kernel_replay_v59_scaling_curve/logs/n480.batch_coqchk.log,1,accepted_kernel_checked
V59,scaling curve suite,393,V59_N480_RETRACTION_033,V59_N480_RETRACTION_033,experiments/kernel_replay_v59_scaling_curve/generated_coq/n480/V59_N480_RETRACTION_033.v,1,accept,kernel_success,coqchk_success,experiments/kernel_replay_v59_scaling_curve/logs/n480.batch_coqchk.log,1,accepted_kernel_checked
V59,scaling curve suite,394,V59_N480_LOGICAL_034,V59_N480_LOGICAL_034,experiments/kernel_replay_v59_scaling_curve/generated_coq/n480/V59_N480_LOGICAL_034.v,1,accept,kernel_success,coqchk_success,experiments/kernel_replay_v59_scaling_curve/logs/n480.batch_coqchk.log,1,accepted_kernel_checked
V59,scaling curve suite,395,V59_N480_PRODUCT_035,V59_N480_PRODUCT_035,experiments/kernel_replay_v59_scaling_curve/generated_coq/n480/V59_N480_PRODUCT_035.v,1,accept,kernel_success,coqchk_success,experiments/kernel_replay_v59_scaling_curve/logs/n480.batch_coqchk.log,1,accepted_kernel_checked
V59,scaling curve suite,396,V59_N480_EQ_036,V59_N480_EQ_036,experiments/kernel_replay_v59_scaling_curve/generated_coq/n480/V59_N480_EQ_036.v,1,accept,kernel_success,coqchk_success,experiments/kernel_replay_v59_scaling_curve/logs/n480.batch_coqchk.log,1,accepted_kernel_checked
V59,scaling curve suite,397,V59_N480_SECTION_037,V59_N480_SECTION_037,experiments/kernel_replay_v59_scaling_curve/generated_coq/n480/V59_N480_SECTION_037.v,1,accept,kernel_success,coqchk_success,experiments/kernel_replay_v59_scaling_curve/logs/n480.batch_coqchk.log,1,accepted_kernel_checked
V59,scaling curve suite,398,V59_N480_RETRACTION_038,V59_N480_RETRACTION_038,experiments/kernel_replay_v59_scaling_curve/generated_coq/n480/V59_N480_RETRACTION_038.v,1,accept,kernel_success,coqchk_success,experiments/kernel_replay_v59_scaling_curve/logs/n480.batch_coqchk.log,1,accepted_kernel_checked
V59,scaling curve suite,399,V59_N480_LOGICAL_039,V59_N480_LOGICAL_039,experiments/kernel_replay_v59_scaling_curve/generated_coq/n480/V59_N480_LOGICAL_039.v,1,accept,kernel_success,coqchk_success,experiments/kernel_replay_v59_scaling_curve/logs/n480.batch_coqchk.log,1,accepted_kernel_checked
V59,scaling curve suite,400,V59_N480_PRODUCT_040,V59_N480_PRODUCT_040,experiments/kernel_replay_v59_scaling_curve/generated_coq/n480/V59_N480_PRODUCT_040.v,1,accept,kernel_success,coqchk_success,experiments/kernel_replay_v59_scaling_curve/logs/n480.batch_coqchk.log,1,accepted_kernel_checked
V59,scaling curve suite,401,V59_N480_EQ_041,V59_N480_EQ_041,experiments/kernel_replay_v59_scaling_curve/generated_coq/n480/V59_N480_EQ_041.v,1,accept,kernel_success,coqchk_success,experiments/kernel_replay_v59_scaling_curve/logs/n480.batch_coqchk.log,1,accepted_kernel_checked
V59,scaling curve suite,402,V59_N480_SECTION_042,V59_N480_SECTION_042,experiments/kernel_replay_v59_scaling_curve/generated_coq/n480/V59_N480_SECTION_042.v,1,accept,kernel_success,coqchk_success,experiments/kernel_replay_v59_scaling_curve/logs/n480.batch_coqchk.log,1,accepted_kernel_checked
V59,scaling curve suite,403,V59_N480_RETRACTION_043,V59_N480_RETRACTION_043,experiments/kernel_replay_v59_scaling_curve/generated_coq/n480/V59_N480_RETRACTION_043.v,1,accept,kernel_success,coqchk_success,experiments/kernel_replay_v59_scaling_curve/logs/n480.batch_coqchk.log,1,accepted_kernel_checked
V59,scaling curve suite,404,V59_N480_LOGICAL_044,V59_N480_LOGICAL_044,experiments/kernel_replay_v59_scaling_curve/generated_coq/n480/V59_N480_LOGICAL_044.v,1,accept,kernel_success,coqchk_success,experiments/kernel_replay_v59_scaling_curve/logs/n480.batch_coqchk.log,1,accepted_kernel_checked
V59,scaling curve suite,405,V59_N480_PRODUCT_045,V59_N480_PRODUCT_045,experiments/kernel_replay_v59_scaling_curve/generated_coq/n480/V59_N480_PRODUCT_045.v,1,accept,kernel_success,coqchk_success,experiments/kernel_replay_v59_scaling_curve/logs/n480.batch_coqchk.log,1,accepted_kernel_checked
V59,scaling curve suite,406,V59_N480_EQ_046,V59_N480_EQ_046,experiments/kernel_replay_v59_scaling_curve/generated_coq/n480/V59_N480_EQ_046.v,1,accept,kernel_success,coqchk_success,experiments/kernel_replay_v59_scaling_curve/logs/n480.batch_coqchk.log,1,accepted_kernel_checked
V59,scaling curve suite,407,V59_N480_SECTION_047,V59_N480_SECTION_047,experiments/kernel_replay_v59_scaling_curve/generated_coq/n480/V59_N480_SECTION_047.v,1,accept,kernel_success,coqchk_success,experiments/kernel_replay_v59_scaling_curve/logs/n480.batch_coqchk.log,1,accepted_kernel_checked
V59,scaling curve suite,408,V59_N480_RETRACTION_048,V59_N480_RETRACTION_048,experiments/kernel_replay_v59_scaling_curve/generated_coq/n480/V59_N480_RETRACTION_048.v,1,accept,kernel_success,coqchk_success,experiments/kernel_replay_v59_scaling_curve/logs/n480.batch_coqchk.log,1,accepted_kernel_checked
V59,scaling curve suite,409,V59_N480_LOGICAL_049,V59_N480_LOGICAL_049,experiments/kernel_replay_v59_scaling_curve/generated_coq/n480/V59_N480_LOGICAL_049.v,1,accept,kernel_success,coqchk_success,experiments/kernel_replay_v59_scaling_curve/logs/n480.batch_coqchk.log,1,accepted_kernel_checked
V59,scaling curve suite,410,V59_N480_PRODUCT_050,V59_N480_PRODUCT_050,experiments/kernel_replay_v59_scaling_curve/generated_coq/n480/V59_N480_PRODUCT_050.v,1,accept,kernel_success,coqchk_success,experiments/kernel_replay_v59_scaling_curve/logs/n480.batch_coqchk.log,1,accepted_kernel_checked
V59,scaling curve suite,411,V59_N480_EQ_051,V59_N480_EQ_051,experiments/kernel_replay_v59_scaling_curve/generated_coq/n480/V59_N480_EQ_051.v,1,accept,kernel_success,coqchk_success,experiments/kernel_replay_v59_scaling_curve/logs/n480.batch_coqchk.log,1,accepted_kernel_checked
V59,scaling curve suite,412,V59_N480_SECTION_052,V59_N480_SECTION_052,experiments/kernel_replay_v59_scaling_curve/generated_coq/n480/V59_N480_SECTION_052.v,1,accept,kernel_success,coqchk_success,experiments/kernel_replay_v59_scaling_curve/logs/n480.batch_coqchk.log,1,accepted_kernel_checked
V59,scaling curve suite,413,V59_N480_RETRACTION_053,V59_N480_RETRACTION_053,experiments/kernel_replay_v59_scaling_curve/generated_coq/n480/V59_N480_RETRACTION_053.v,1,accept,kernel_success,coqchk_success,experiments/kernel_replay_v59_scaling_curve/logs/n480.batch_coqchk.log,1,accepted_kernel_checked
V59,scaling curve suite,414,V59_N480_LOGICAL_054,V59_N480_LOGICAL_054,experiments/kernel_replay_v59_scaling_curve/generated_coq/n480/V59_N480_LOGICAL_054.v,1,accept,kernel_success,coqchk_success,experiments/kernel_replay_v59_scaling_curve/logs/n480.batch_coqchk.log,1,accepted_kernel_checked
V59,scaling curve suite,415,V59_N480_PRODUCT_055,V59_N480_PRODUCT_055,experiments/kernel_replay_v59_scaling_curve/generated_coq/n480/V59_N480_PRODUCT_055.v,1,accept,kernel_success,coqchk_success,experiments/kernel_replay_v59_scaling_curve/logs/n480.batch_coqchk.log,1,accepted_kernel_checked
V59,scaling curve suite,416,V59_N480_EQ_056,V59_N480_EQ_056,experiments/kernel_replay_v59_scaling_curve/generated_coq/n480/V59_N480_EQ_056.v,1,accept,kernel_success,coqchk_success,experiments/kernel_replay_v59_scaling_curve/logs/n480.batch_coqchk.log,1,accepted_kernel_checked
V59,scaling curve suite,417,V59_N480_SECTION_057,V59_N480_SECTION_057,experiments/kernel_replay_v59_scaling_curve/generated_coq/n480/V59_N480_SECTION_057.v,1,accept,kernel_success,coqchk_success,experiments/kernel_replay_v59_scaling_curve/logs/n480.batch_coqchk.log,1,accepted_kernel_checked
V59,scaling curve suite,418,V59_N480_RETRACTION_058,V59_N480_RETRACTION_058,experiments/kernel_replay_v59_scaling_curve/generated_coq/n480/V59_N480_RETRACTION_058.v,1,accept,kernel_success,coqchk_success,experiments/kernel_replay_v59_scaling_curve/logs/n480.batch_coqchk.log,1,accepted_kernel_checked
V59,scaling curve suite,419,V59_N480_LOGICAL_059,V59_N480_LOGICAL_059,experiments/kernel_replay_v59_scaling_curve/generated_coq/n480/V59_N480_LOGICAL_059.v,1,accept,kernel_success,coqchk_success,experiments/kernel_replay_v59_scaling_curve/logs/n480.batch_coqchk.log,1,accepted_kernel_checked
V59,scaling curve suite,420,V59_N480_PRODUCT_060,V59_N480_PRODUCT_060,experiments/kernel_replay_v59_scaling_curve/generated_coq/n480/V59_N480_PRODUCT_060.v,1,accept,kernel_success,coqchk_success,experiments/kernel_replay_v59_scaling_curve/logs/n480.batch_coqchk.log,1,accepted_kernel_checked
V59,scaling curve suite,421,V59_N480_EQ_061,V59_N480_EQ_061,experiments/kernel_replay_v59_scaling_curve/generated_coq/n480/V59_N480_EQ_061.v,1,accept,kernel_success,coqchk_success,experiments/kernel_replay_v59_scaling_curve/logs/n480.batch_coqchk.log,1,accepted_kernel_checked
V59,scaling curve suite,422,V59_N480_SECTION_062,V59_N480_SECTION_062,experiments/kernel_replay_v59_scaling_curve/generated_coq/n480/V59_N480_SECTION_062.v,1,accept,kernel_success,coqchk_success,experiments/kernel_replay_v59_scaling_curve/logs/n480.batch_coqchk.log,1,accepted_kernel_checked
V59,scaling curve suite,423,V59_N480_RETRACTION_063,V59_N480_RETRACTION_063,experiments/kernel_replay_v59_scaling_curve/generated_coq/n480/V59_N480_RETRACTION_063.v,1,accept,kernel_success,coqchk_success,experiments/kernel_replay_v59_scaling_curve/logs/n480.batch_coqchk.log,1,accepted_kernel_checked
V59,scaling curve suite,424,V59_N480_LOGICAL_064,V59_N480_LOGICAL_064,experiments/kernel_replay_v59_scaling_curve/generated_coq/n480/V59_N480_LOGICAL_064.v,1,accept,kernel_success,coqchk_success,experiments/kernel_replay_v59_scaling_curve/logs/n480.batch_coqchk.log,1,accepted_kernel_checked
V59,scaling curve suite,425,V59_N480_PRODUCT_065,V59_N480_PRODUCT_065,experiments/kernel_replay_v59_scaling_curve/generated_coq/n480/V59_N480_PRODUCT_065.v,1,accept,kernel_success,coqchk_success,experiments/kernel_replay_v59_scaling_curve/logs/n480.batch_coqchk.log,1,accepted_kernel_checked
V59,scaling curve suite,426,V59_N480_EQ_066,V59_N480_EQ_066,experiments/kernel_replay_v59_scaling_curve/generated_coq/n480/V59_N480_EQ_066.v,1,accept,kernel_success,coqchk_success,experiments/kernel_replay_v59_scaling_curve/logs/n480.batch_coqchk.log,1,accepted_kernel_checked
V59,scaling curve suite,427,V59_N480_SECTION_067,V59_N480_SECTION_067,experiments/kernel_replay_v59_scaling_curve/generated_coq/n480/V59_N480_SECTION_067.v,1,accept,kernel_success,coqchk_success,experiments/kernel_replay_v59_scaling_curve/logs/n480.batch_coqchk.log,1,accepted_kernel_checked
V59,scaling curve suite,428,V59_N480_RETRACTION_068,V59_N480_RETRACTION_068,experiments/kernel_replay_v59_scaling_curve/generated_coq/n480/V59_N480_RETRACTION_068.v,1,accept,kernel_success,coqchk_success,experiments/kernel_replay_v59_scaling_curve/logs/n480.batch_coqchk.log,1,accepted_kernel_checked
V59,scaling curve suite,429,V59_N480_LOGICAL_069,V59_N480_LOGICAL_069,experiments/kernel_replay_v59_scaling_curve/generated_coq/n480/V59_N480_LOGICAL_069.v,1,accept,kernel_success,coqchk_success,experiments/kernel_replay_v59_scaling_curve/logs/n480.batch_coqchk.log,1,accepted_kernel_checked
V59,scaling curve suite,430,V59_N480_PRODUCT_070,V59_N480_PRODUCT_070,experiments/kernel_replay_v59_scaling_curve/generated_coq/n480/V59_N480_PRODUCT_070.v,1,accept,kernel_success,coqchk_success,experiments/kernel_replay_v59_scaling_curve/logs/n480.batch_coqchk.log,1,accepted_kernel_checked
V59,scaling curve suite,431,V59_N480_EQ_071,V59_N480_EQ_071,experiments/kernel_replay_v59_scaling_curve/generated_coq/n480/V59_N480_EQ_071.v,1,accept,kernel_success,coqchk_success,experiments/kernel_replay_v59_scaling_curve/logs/n480.batch_coqchk.log,1,accepted_kernel_checked
V59,scaling curve suite,432,V59_N480_SECTION_072,V59_N480_SECTION_072,experiments/kernel_replay_v59_scaling_curve/generated_coq/n480/V59_N480_SECTION_072.v,1,accept,kernel_success,coqchk_success,experiments/kernel_replay_v59_scaling_curve/logs/n480.batch_coqchk.log,1,accepted_kernel_checked
V59,scaling curve suite,433,V59_N480_RETRACTION_073,V59_N480_RETRACTION_073,experiments/kernel_replay_v59_scaling_curve/generated_coq/n480/V59_N480_RETRACTION_073.v,1,accept,kernel_success,coqchk_success,experiments/kernel_replay_v59_scaling_curve/logs/n480.batch_coqchk.log,1,accepted_kernel_checked
V59,scaling curve suite,434,V59_N480_LOGICAL_074,V59_N480_LOGICAL_074,experiments/kernel_replay_v59_scaling_curve/generated_coq/n480/V59_N480_LOGICAL_074.v,1,accept,kernel_success,coqchk_success,experiments/kernel_replay_v59_scaling_curve/logs/n480.batch_coqchk.log,1,accepted_kernel_checked
V59,scaling curve suite,435,V59_N480_PRODUCT_075,V59_N480_PRODUCT_075,experiments/kernel_replay_v59_scaling_curve/generated_coq/n480/V59_N480_PRODUCT_075.v,1,accept,kernel_success,coqchk_success,experiments/kernel_replay_v59_scaling_curve/logs/n480.batch_coqchk.log,1,accepted_kernel_checked
V59,scaling curve suite,436,V59_N480_EQ_076,V59_N480_EQ_076,experiments/kernel_replay_v59_scaling_curve/generated_coq/n480/V59_N480_EQ_076.v,1,accept,kernel_success,coqchk_success,experiments/kernel_replay_v59_scaling_curve/logs/n480.batch_coqchk.log,1,accepted_kernel_checked
V59,scaling curve suite,437,V59_N480_SECTION_077,V59_N480_SECTION_077,experiments/kernel_replay_v59_scaling_curve/generated_coq/n480/V59_N480_SECTION_077.v,1,accept,kernel_success,coqchk_success,experiments/kernel_replay_v59_scaling_curve/logs/n480.batch_coqchk.log,1,accepted_kernel_checked
V59,scaling curve suite,438,V59_N480_RETRACTION_078,V59_N480_RETRACTION_078,experiments/kernel_replay_v59_scaling_curve/generated_coq/n480/V59_N480_RETRACTION_078.v,1,accept,kernel_success,coqchk_success,experiments/kernel_replay_v59_scaling_curve/logs/n480.batch_coqchk.log,1,accepted_kernel_checked
V59,scaling curve suite,439,V59_N480_LOGICAL_079,V59_N480_LOGICAL_079,experiments/kernel_replay_v59_scaling_curve/generated_coq/n480/V59_N480_LOGICAL_079.v,1,accept,kernel_success,coqchk_success,experiments/kernel_replay_v59_scaling_curve/logs/n480.batch_coqchk.log,1,accepted_kernel_checked
V59,scaling curve suite,440,V59_N480_PRODUCT_080,V59_N480_PRODUCT_080,experiments/kernel_replay_v59_scaling_curve/generated_coq/n480/V59_N480_PRODUCT_080.v,1,accept,kernel_success,coqchk_success,experiments/kernel_replay_v59_scaling_curve/logs/n480.batch_coqchk.log,1,accepted_kernel_checked
V59,scaling curve suite,441,V59_N480_EQ_081,V59_N480_EQ_081,experiments/kernel_replay_v59_scaling_curve/generated_coq/n480/V59_N480_EQ_081.v,1,accept,kernel_success,coqchk_success,experiments/kernel_replay_v59_scaling_curve/logs/n480.batch_coqchk.log,1,accepted_kernel_checked
V59,scaling curve suite,442,V59_N480_SECTION_082,V59_N480_SECTION_082,experiments/kernel_replay_v59_scaling_curve/generated_coq/n480/V59_N480_SECTION_082.v,1,accept,kernel_success,coqchk_success,experiments/kernel_replay_v59_scaling_curve/logs/n480.batch_coqchk.log,1,accepted_kernel_checked
V59,scaling curve suite,443,V59_N480_RETRACTION_083,V59_N480_RETRACTION_083,experiments/kernel_replay_v59_scaling_curve/generated_coq/n480/V59_N480_RETRACTION_083.v,1,accept,kernel_success,coqchk_success,experiments/kernel_replay_v59_scaling_curve/logs/n480.batch_coqchk.log,1,accepted_kernel_checked
V59,scaling curve suite,444,V59_N480_LOGICAL_084,V59_N480_LOGICAL_084,experiments/kernel_replay_v59_scaling_curve/generated_coq/n480/V59_N480_LOGICAL_084.v,1,accept,kernel_success,coqchk_success,experiments/kernel_replay_v59_scaling_curve/logs/n480.batch_coqchk.log,1,accepted_kernel_checked
V59,scaling curve suite,445,V59_N480_PRODUCT_085,V59_N480_PRODUCT_085,experiments/kernel_replay_v59_scaling_curve/generated_coq/n480/V59_N480_PRODUCT_085.v,1,accept,kernel_success,coqchk_success,experiments/kernel_replay_v59_scaling_curve/logs/n480.batch_coqchk.log,1,accepted_kernel_checked
V59,scaling curve suite,446,V59_N480_EQ_086,V59_N480_EQ_086,experiments/kernel_replay_v59_scaling_curve/generated_coq/n480/V59_N480_EQ_086.v,1,accept,kernel_success,coqchk_success,experiments/kernel_replay_v59_scaling_curve/logs/n480.batch_coqchk.log,1,accepted_kernel_checked
V59,scaling curve suite,447,V59_N480_SECTION_087,V59_N480_SECTION_087,experiments/kernel_replay_v59_scaling_curve/generated_coq/n480/V59_N480_SECTION_087.v,1,accept,kernel_success,coqchk_success,experiments/kernel_replay_v59_scaling_curve/logs/n480.batch_coqchk.log,1,accepted_kernel_checked
V59,scaling curve suite,448,V59_N480_RETRACTION_088,V59_N480_RETRACTION_088,experiments/kernel_replay_v59_scaling_curve/generated_coq/n480/V59_N480_RETRACTION_088.v,1,accept,kernel_success,coqchk_success,experiments/kernel_replay_v59_scaling_curve/logs/n480.batch_coqchk.log,1,accepted_kernel_checked
V59,scaling curve suite,449,V59_N480_LOGICAL_089,V59_N480_LOGICAL_089,experiments/kernel_replay_v59_scaling_curve/generated_coq/n480/V59_N480_LOGICAL_089.v,1,accept,kernel_success,coqchk_success,experiments/kernel_replay_v59_scaling_curve/logs/n480.batch_coqchk.log,1,accepted_kernel_checked
V59,scaling curve suite,450,V59_N480_PRODUCT_090,V59_N480_PRODUCT_090,experiments/kernel_replay_v59_scaling_curve/generated_coq/n480/V59_N480_PRODUCT_090.v,1,accept,kernel_success,coqchk_success,experiments/kernel_replay_v59_scaling_curve/logs/n480.batch_coqchk.log,1,accepted_kernel_checked
V59,scaling curve suite,451,V59_N480_EQ_091,V59_N480_EQ_091,experiments/kernel_replay_v59_scaling_curve/generated_coq/n480/V59_N480_EQ_091.v,1,accept,kernel_success,coqchk_success,experiments/kernel_replay_v59_scaling_curve/logs/n480.batch_coqchk.log,1,accepted_kernel_checked
V59,scaling curve suite,452,V59_N480_SECTION_092,V59_N480_SECTION_092,experiments/kernel_replay_v59_scaling_curve/generated_coq/n480/V59_N480_SECTION_092.v,1,accept,kernel_success,coqchk_success,experiments/kernel_replay_v59_scaling_curve/logs/n480.batch_coqchk.log,1,accepted_kernel_checked
V59,scaling curve suite,453,V59_N480_RETRACTION_093,V59_N480_RETRACTION_093,experiments/kernel_replay_v59_scaling_curve/generated_coq/n480/V59_N480_RETRACTION_093.v,1,accept,kernel_success,coqchk_success,experiments/kernel_replay_v59_scaling_curve/logs/n480.batch_coqchk.log,1,accepted_kernel_checked
V59,scaling curve suite,454,V59_N480_LOGICAL_094,V59_N480_LOGICAL_094,experiments/kernel_replay_v59_scaling_curve/generated_coq/n480/V59_N480_LOGICAL_094.v,1,accept,kernel_success,coqchk_success,experiments/kernel_replay_v59_scaling_curve/logs/n480.batch_coqchk.log,1,accepted_kernel_checked
V59,scaling curve suite,455,V59_N480_PRODUCT_095,V59_N480_PRODUCT_095,experiments/kernel_replay_v59_scaling_curve/generated_coq/n480/V59_N480_PRODUCT_095.v,1,accept,kernel_success,coqchk_success,experiments/kernel_replay_v59_scaling_curve/logs/n480.batch_coqchk.log,1,accepted_kernel_checked
V59,scaling curve suite,456,V59_N480_EQ_096,V59_N480_EQ_096,experiments/kernel_replay_v59_scaling_curve/generated_coq/n480/V59_N480_EQ_096.v,1,accept,kernel_success,coqchk_success,experiments/kernel_replay_v59_scaling_curve/logs/n480.batch_coqchk.log,1,accepted_kernel_checked
V59,scaling curve suite,457,V59_N480_SECTION_097,V59_N480_SECTION_097,experiments/kernel_replay_v59_scaling_curve/generated_coq/n480/V59_N480_SECTION_097.v,1,accept,kernel_success,coqchk_success,experiments/kernel_replay_v59_scaling_curve/logs/n480.batch_coqchk.log,1,accepted_kernel_checked
V59,scaling curve suite,458,V59_N480_RETRACTION_098,V59_N480_RETRACTION_098,experiments/kernel_replay_v59_scaling_curve/generated_coq/n480/V59_N480_RETRACTION_098.v,1,accept,kernel_success,coqchk_success,experiments/kernel_replay_v59_scaling_curve/logs/n480.batch_coqchk.log,1,accepted_kernel_checked
V59,scaling curve suite,459,V59_N480_LOGICAL_099,V59_N480_LOGICAL_099,experiments/kernel_replay_v59_scaling_curve/generated_coq/n480/V59_N480_LOGICAL_099.v,1,accept,kernel_success,coqchk_success,experiments/kernel_replay_v59_scaling_curve/logs/n480.batch_coqchk.log,1,accepted_kernel_checked
V59,scaling curve suite,460,V59_N480_PRODUCT_100,V59_N480_PRODUCT_100,experiments/kernel_replay_v59_scaling_curve/generated_coq/n480/V59_N480_PRODUCT_100.v,1,accept,kernel_success,coqchk_success,experiments/kernel_replay_v59_scaling_curve/logs/n480.batch_coqchk.log,1,accepted_kernel_checked
V59,scaling curve suite,461,V59_N480_EQ_101,V59_N480_EQ_101,experiments/kernel_replay_v59_scaling_curve/generated_coq/n480/V59_N480_EQ_101.v,1,accept,kernel_success,coqchk_success,experiments/kernel_replay_v59_scaling_curve/logs/n480.batch_coqchk.log,1,accepted_kernel_checked
V59,scaling curve suite,462,V59_N480_SECTION_102,V59_N480_SECTION_102,experiments/kernel_replay_v59_scaling_curve/generated_coq/n480/V59_N480_SECTION_102.v,1,accept,kernel_success,coqchk_success,experiments/kernel_replay_v59_scaling_curve/logs/n480.batch_coqchk.log,1,accepted_kernel_checked
V59,scaling curve suite,463,V59_N480_RETRACTION_103,V59_N480_RETRACTION_103,experiments/kernel_replay_v59_scaling_curve/generated_coq/n480/V59_N480_RETRACTION_103.v,1,accept,kernel_success,coqchk_success,experiments/kernel_replay_v59_scaling_curve/logs/n480.batch_coqchk.log,1,accepted_kernel_checked
V59,scaling curve suite,464,V59_N480_LOGICAL_104,V59_N480_LOGICAL_104,experiments/kernel_replay_v59_scaling_curve/generated_coq/n480/V59_N480_LOGICAL_104.v,1,accept,kernel_success,coqchk_success,experiments/kernel_replay_v59_scaling_curve/logs/n480.batch_coqchk.log,1,accepted_kernel_checked
V59,scaling curve suite,465,V59_N480_PRODUCT_105,V59_N480_PRODUCT_105,experiments/kernel_replay_v59_scaling_curve/generated_coq/n480/V59_N480_PRODUCT_105.v,1,accept,kernel_success,coqchk_success,experiments/kernel_replay_v59_scaling_curve/logs/n480.batch_coqchk.log,1,accepted_kernel_checked
V59,scaling curve suite,466,V59_N480_EQ_106,V59_N480_EQ_106,experiments/kernel_replay_v59_scaling_curve/generated_coq/n480/V59_N480_EQ_106.v,1,accept,kernel_success,coqchk_success,experiments/kernel_replay_v59_scaling_curve/logs/n480.batch_coqchk.log,1,accepted_kernel_checked
V59,scaling curve suite,467,V59_N480_SECTION_107,V59_N480_SECTION_107,experiments/kernel_replay_v59_scaling_curve/generated_coq/n480/V59_N480_SECTION_107.v,1,accept,kernel_success,coqchk_success,experiments/kernel_replay_v59_scaling_curve/logs/n480.batch_coqchk.log,1,accepted_kernel_checked
V59,scaling curve suite,468,V59_N480_RETRACTION_108,V59_N480_RETRACTION_108,experiments/kernel_replay_v59_scaling_curve/generated_coq/n480/V59_N480_RETRACTION_108.v,1,accept,kernel_success,coqchk_success,experiments/kernel_replay_v59_scaling_curve/logs/n480.batch_coqchk.log,1,accepted_kernel_checked
V59,scaling curve suite,469,V59_N480_LOGICAL_109,V59_N480_LOGICAL_109,experiments/kernel_replay_v59_scaling_curve/generated_coq/n480/V59_N480_LOGICAL_109.v,1,accept,kernel_success,coqchk_success,experiments/kernel_replay_v59_scaling_curve/logs/n480.batch_coqchk.log,1,accepted_kernel_checked
V59,scaling curve suite,470,V59_N480_PRODUCT_110,V59_N480_PRODUCT_110,experiments/kernel_replay_v59_scaling_curve/generated_coq/n480/V59_N480_PRODUCT_110.v,1,accept,kernel_success,coqchk_success,experiments/kernel_replay_v59_scaling_curve/logs/n480.batch_coqchk.log,1,accepted_kernel_checked
V59,scaling curve suite,471,V59_N480_EQ_111,V59_N480_EQ_111,experiments/kernel_replay_v59_scaling_curve/generated_coq/n480/V59_N480_EQ_111.v,1,accept,kernel_success,coqchk_success,experiments/kernel_replay_v59_scaling_curve/logs/n480.batch_coqchk.log,1,accepted_kernel_checked
V59,scaling curve suite,472,V59_N480_SECTION_112,V59_N480_SECTION_112,experiments/kernel_replay_v59_scaling_curve/generated_coq/n480/V59_N480_SECTION_112.v,1,accept,kernel_success,coqchk_success,experiments/kernel_replay_v59_scaling_curve/logs/n480.batch_coqchk.log,1,accepted_kernel_checked
V59,scaling curve suite,473,V59_N480_RETRACTION_113,V59_N480_RETRACTION_113,experiments/kernel_replay_v59_scaling_curve/generated_coq/n480/V59_N480_RETRACTION_113.v,1,accept,kernel_success,coqchk_success,experiments/kernel_replay_v59_scaling_curve/logs/n480.batch_coqchk.log,1,accepted_kernel_checked
V59,scaling curve suite,474,V59_N480_LOGICAL_114,V59_N480_LOGICAL_114,experiments/kernel_replay_v59_scaling_curve/generated_coq/n480/V59_N480_LOGICAL_114.v,1,accept,kernel_success,coqchk_success,experiments/kernel_replay_v59_scaling_curve/logs/n480.batch_coqchk.log,1,accepted_kernel_checked
V59,scaling curve suite,475,V59_N480_PRODUCT_115,V59_N480_PRODUCT_115,experiments/kernel_replay_v59_scaling_curve/generated_coq/n480/V59_N480_PRODUCT_115.v,1,accept,kernel_success,coqchk_success,experiments/kernel_replay_v59_scaling_curve/logs/n480.batch_coqchk.log,1,accepted_kernel_checked
V59,scaling curve suite,476,V59_N480_EQ_116,V59_N480_EQ_116,experiments/kernel_replay_v59_scaling_curve/generated_coq/n480/V59_N480_EQ_116.v,1,accept,kernel_success,coqchk_success,experiments/kernel_replay_v59_scaling_curve/logs/n480.batch_coqchk.log,1,accepted_kernel_checked
V59,scaling curve suite,477,V59_N480_SECTION_117,V59_N480_SECTION_117,experiments/kernel_replay_v59_scaling_curve/generated_coq/n480/V59_N480_SECTION_117.v,1,accept,kernel_success,coqchk_success,experiments/kernel_replay_v59_scaling_curve/logs/n480.batch_coqchk.log,1,accepted_kernel_checked
V59,scaling curve suite,478,V59_N480_RETRACTION_118,V59_N480_RETRACTION_118,experiments/kernel_replay_v59_scaling_curve/generated_coq/n480/V59_N480_RETRACTION_118.v,1,accept,kernel_success,coqchk_success,experiments/kernel_replay_v59_scaling_curve/logs/n480.batch_coqchk.log,1,accepted_kernel_checked
V59,scaling curve suite,479,V59_N480_LOGICAL_119,V59_N480_LOGICAL_119,experiments/kernel_replay_v59_scaling_curve/generated_coq/n480/V59_N480_LOGICAL_119.v,1,accept,kernel_success,coqchk_success,experiments/kernel_replay_v59_scaling_curve/logs/n480.batch_coqchk.log,1,accepted_kernel_checked
V59,scaling curve suite,480,V59_N480_PRODUCT_120,V59_N480_PRODUCT_120,experiments/kernel_replay_v59_scaling_curve/generated_coq/n480/V59_N480_PRODUCT_120.v,1,accept,kernel_success,coqchk_success,experiments/kernel_replay_v59_scaling_curve/logs/n480.batch_coqchk.log,1,accepted_kernel_checked
V59,scaling curve suite,481,V59_N480_EQ_121,V59_N480_EQ_121,experiments/kernel_replay_v59_scaling_curve/generated_coq/n480/V59_N480_EQ_121.v,1,accept,kernel_success,coqchk_success,experiments/kernel_replay_v59_scaling_curve/logs/n480.batch_coqchk.log,1,accepted_kernel_checked
V59,scaling curve suite,482,V59_N480_SECTION_122,V59_N480_SECTION_122,experiments/kernel_replay_v59_scaling_curve/generated_coq/n480/V59_N480_SECTION_122.v,1,accept,kernel_success,coqchk_success,experiments/kernel_replay_v59_scaling_curve/logs/n480.batch_coqchk.log,1,accepted_kernel_checked
V59,scaling curve suite,483,V59_N480_RETRACTION_123,V59_N480_RETRACTION_123,experiments/kernel_replay_v59_scaling_curve/generated_coq/n480/V59_N480_RETRACTION_123.v,1,accept,kernel_success,coqchk_success,experiments/kernel_replay_v59_scaling_curve/logs/n480.batch_coqchk.log,1,accepted_kernel_checked
V59,scaling curve suite,484,V59_N480_LOGICAL_124,V59_N480_LOGICAL_124,experiments/kernel_replay_v59_scaling_curve/generated_coq/n480/V59_N480_LOGICAL_124.v,1,accept,kernel_success,coqchk_success,experiments/kernel_replay_v59_scaling_curve/logs/n480.batch_coqchk.log,1,accepted_kernel_checked
V59,scaling curve suite,485,V59_N480_PRODUCT_125,V59_N480_PRODUCT_125,experiments/kernel_replay_v59_scaling_curve/generated_coq/n480/V59_N480_PRODUCT_125.v,1,accept,kernel_success,coqchk_success,experiments/kernel_replay_v59_scaling_curve/logs/n480.batch_coqchk.log,1,accepted_kernel_checked
V59,scaling curve suite,486,V59_N480_EQ_126,V59_N480_EQ_126,experiments/kernel_replay_v59_scaling_curve/generated_coq/n480/V59_N480_EQ_126.v,1,accept,kernel_success,coqchk_success,experiments/kernel_replay_v59_scaling_curve/logs/n480.batch_coqchk.log,1,accepted_kernel_checked
V59,scaling curve suite,487,V59_N480_SECTION_127,V59_N480_SECTION_127,experiments/kernel_replay_v59_scaling_curve/generated_coq/n480/V59_N480_SECTION_127.v,1,accept,kernel_success,coqchk_success,experiments/kernel_replay_v59_scaling_curve/logs/n480.batch_coqchk.log,1,accepted_kernel_checked
V59,scaling curve suite,488,V59_N480_RETRACTION_128,V59_N480_RETRACTION_128,experiments/kernel_replay_v59_scaling_curve/generated_coq/n480/V59_N480_RETRACTION_128.v,1,accept,kernel_success,coqchk_success,experiments/kernel_replay_v59_scaling_curve/logs/n480.batch_coqchk.log,1,accepted_kernel_checked
V59,scaling curve suite,489,V59_N480_LOGICAL_129,V59_N480_LOGICAL_129,experiments/kernel_replay_v59_scaling_curve/generated_coq/n480/V59_N480_LOGICAL_129.v,1,accept,kernel_success,coqchk_success,experiments/kernel_replay_v59_scaling_curve/logs/n480.batch_coqchk.log,1,accepted_kernel_checked
V59,scaling curve suite,490,V59_N480_PRODUCT_130,V59_N480_PRODUCT_130,experiments/kernel_replay_v59_scaling_curve/generated_coq/n480/V59_N480_PRODUCT_130.v,1,accept,kernel_success,coqchk_success,experiments/kernel_replay_v59_scaling_curve/logs/n480.batch_coqchk.log,1,accepted_kernel_checked
V59,scaling curve suite,491,V59_N480_EQ_131,V59_N480_EQ_131,experiments/kernel_replay_v59_scaling_curve/generated_coq/n480/V59_N480_EQ_131.v,1,accept,kernel_success,coqchk_success,experiments/kernel_replay_v59_scaling_curve/logs/n480.batch_coqchk.log,1,accepted_kernel_checked
V59,scaling curve suite,492,V59_N480_SECTION_132,V59_N480_SECTION_132,experiments/kernel_replay_v59_scaling_curve/generated_coq/n480/V59_N480_SECTION_132.v,1,accept,kernel_success,coqchk_success,experiments/kernel_replay_v59_scaling_curve/logs/n480.batch_coqchk.log,1,accepted_kernel_checked
V59,scaling curve suite,493,V59_N480_RETRACTION_133,V59_N480_RETRACTION_133,experiments/kernel_replay_v59_scaling_curve/generated_coq/n480/V59_N480_RETRACTION_133.v,1,accept,kernel_success,coqchk_success,experiments/kernel_replay_v59_scaling_curve/logs/n480.batch_coqchk.log,1,accepted_kernel_checked
V59,scaling curve suite,494,V59_N480_LOGICAL_134,V59_N480_LOGICAL_134,experiments/kernel_replay_v59_scaling_curve/generated_coq/n480/V59_N480_LOGICAL_134.v,1,accept,kernel_success,coqchk_success,experiments/kernel_replay_v59_scaling_curve/logs/n480.batch_coqchk.log,1,accepted_kernel_checked
V59,scaling curve suite,495,V59_N480_PRODUCT_135,V59_N480_PRODUCT_135,experiments/kernel_replay_v59_scaling_curve/generated_coq/n480/V59_N480_PRODUCT_135.v,1,accept,kernel_success,coqchk_success,experiments/kernel_replay_v59_scaling_curve/logs/n480.batch_coqchk.log,1,accepted_kernel_checked
V59,scaling curve suite,496,V59_N480_EQ_136,V59_N480_EQ_136,experiments/kernel_replay_v59_scaling_curve/generated_coq/n480/V59_N480_EQ_136.v,1,accept,kernel_success,coqchk_success,experiments/kernel_replay_v59_scaling_curve/logs/n480.batch_coqchk.log,1,accepted_kernel_checked
V59,scaling curve suite,497,V59_N480_SECTION_137,V59_N480_SECTION_137,experiments/kernel_replay_v59_scaling_curve/generated_coq/n480/V59_N480_SECTION_137.v,1,accept,kernel_success,coqchk_success,experiments/kernel_replay_v59_scaling_curve/logs/n480.batch_coqchk.log,1,accepted_kernel_checked
V59,scaling curve suite,498,V59_N480_RETRACTION_138,V59_N480_RETRACTION_138,experiments/kernel_replay_v59_scaling_curve/generated_coq/n480/V59_N480_RETRACTION_138.v,1,accept,kernel_success,coqchk_success,experiments/kernel_replay_v59_scaling_curve/logs/n480.batch_coqchk.log,1,accepted_kernel_checked
V59,scaling curve suite,499,V59_N480_LOGICAL_139,V59_N480_LOGICAL_139,experiments/kernel_replay_v59_scaling_curve/generated_coq/n480/V59_N480_LOGICAL_139.v,1,accept,kernel_success,coqchk_success,experiments/kernel_replay_v59_scaling_curve/logs/n480.batch_coqchk.log,1,accepted_kernel_checked
V59,scaling curve suite,500,V59_N480_PRODUCT_140,V59_N480_PRODUCT_140,experiments/kernel_replay_v59_scaling_curve/generated_coq/n480/V59_N480_PRODUCT_140.v,1,accept,kernel_success,coqchk_success,experiments/kernel_replay_v59_scaling_curve/logs/n480.batch_coqchk.log,1,accepted_kernel_checked
V59,scaling curve suite,501,V59_N480_EQ_141,V59_N480_EQ_141,experiments/kernel_replay_v59_scaling_curve/generated_coq/n480/V59_N480_EQ_141.v,1,accept,kernel_success,coqchk_success,experiments/kernel_replay_v59_scaling_curve/logs/n480.batch_coqchk.log,1,accepted_kernel_checked
V59,scaling curve suite,502,V59_N480_SECTION_142,V59_N480_SECTION_142,experiments/kernel_replay_v59_scaling_curve/generated_coq/n480/V59_N480_SECTION_142.v,1,accept,kernel_success,coqchk_success,experiments/kernel_replay_v59_scaling_curve/logs/n480.batch_coqchk.log,1,accepted_kernel_checked
V59,scaling curve suite,503,V59_N480_RETRACTION_143,V59_N480_RETRACTION_143,experiments/kernel_replay_v59_scaling_curve/generated_coq/n480/V59_N480_RETRACTION_143.v,1,accept,kernel_success,coqchk_success,experiments/kernel_replay_v59_scaling_curve/logs/n480.batch_coqchk.log,1,accepted_kernel_checked
V59,scaling curve suite,504,V59_N480_LOGICAL_144,V59_N480_LOGICAL_144,experiments/kernel_replay_v59_scaling_curve/generated_coq/n480/V59_N480_LOGICAL_144.v,1,accept,kernel_success,coqchk_success,experiments/kernel_replay_v59_scaling_curve/logs/n480.batch_coqchk.log,1,accepted_kernel_checked
V59,scaling curve suite,505,V59_N480_PRODUCT_145,V59_N480_PRODUCT_145,experiments/kernel_replay_v59_scaling_curve/generated_coq/n480/V59_N480_PRODUCT_145.v,1,accept,kernel_success,coqchk_success,experiments/kernel_replay_v59_scaling_curve/logs/n480.batch_coqchk.log,1,accepted_kernel_checked
V59,scaling curve suite,506,V59_N480_EQ_146,V59_N480_EQ_146,experiments/kernel_replay_v59_scaling_curve/generated_coq/n480/V59_N480_EQ_146.v,1,accept,kernel_success,coqchk_success,experiments/kernel_replay_v59_scaling_curve/logs/n480.batch_coqchk.log,1,accepted_kernel_checked
V59,scaling curve suite,507,V59_N480_SECTION_147,V59_N480_SECTION_147,experiments/kernel_replay_v59_scaling_curve/generated_coq/n480/V59_N480_SECTION_147.v,1,accept,kernel_success,coqchk_success,experiments/kernel_replay_v59_scaling_curve/logs/n480.batch_coqchk.log,1,accepted_kernel_checked
V59,scaling curve suite,508,V59_N480_RETRACTION_148,V59_N480_RETRACTION_148,experiments/kernel_replay_v59_scaling_curve/generated_coq/n480/V59_N480_RETRACTION_148.v,1,accept,kernel_success,coqchk_success,experiments/kernel_replay_v59_scaling_curve/logs/n480.batch_coqchk.log,1,accepted_kernel_checked
V59,scaling curve suite,509,V59_N480_LOGICAL_149,V59_N480_LOGICAL_149,experiments/kernel_replay_v59_scaling_curve/generated_coq/n480/V59_N480_LOGICAL_149.v,1,accept,kernel_success,coqchk_success,experiments/kernel_replay_v59_scaling_curve/logs/n480.batch_coqchk.log,1,accepted_kernel_checked
V59,scaling curve suite,510,V59_N480_PRODUCT_150,V59_N480_PRODUCT_150,experiments/kernel_replay_v59_scaling_curve/generated_coq/n480/V59_N480_PRODUCT_150.v,1,accept,kernel_success,coqchk_success,experiments/kernel_replay_v59_scaling_curve/logs/n480.batch_coqchk.log,1,accepted_kernel_checked
V59,scaling curve suite,511,V59_N480_EQ_151,V59_N480_EQ_151,experiments/kernel_replay_v59_scaling_curve/generated_coq/n480/V59_N480_EQ_151.v,1,accept,kernel_success,coqchk_success,experiments/kernel_replay_v59_scaling_curve/logs/n480.batch_coqchk.log,1,accepted_kernel_checked
V59,scaling curve suite,512,V59_N480_SECTION_152,V59_N480_SECTION_152,experiments/kernel_replay_v59_scaling_curve/generated_coq/n480/V59_N480_SECTION_152.v,1,accept,kernel_success,coqchk_success,experiments/kernel_replay_v59_scaling_curve/logs/n480.batch_coqchk.log,1,accepted_kernel_checked
V59,scaling curve suite,513,V59_N480_RETRACTION_153,V59_N480_RETRACTION_153,experiments/kernel_replay_v59_scaling_curve/generated_coq/n480/V59_N480_RETRACTION_153.v,1,accept,kernel_success,coqchk_success,experiments/kernel_replay_v59_scaling_curve/logs/n480.batch_coqchk.log,1,accepted_kernel_checked
V59,scaling curve suite,514,V59_N480_LOGICAL_154,V59_N480_LOGICAL_154,experiments/kernel_replay_v59_scaling_curve/generated_coq/n480/V59_N480_LOGICAL_154.v,1,accept,kernel_success,coqchk_success,experiments/kernel_replay_v59_scaling_curve/logs/n480.batch_coqchk.log,1,accepted_kernel_checked
V59,scaling curve suite,515,V59_N480_PRODUCT_155,V59_N480_PRODUCT_155,experiments/kernel_replay_v59_scaling_curve/generated_coq/n480/V59_N480_PRODUCT_155.v,1,accept,kernel_success,coqchk_success,experiments/kernel_replay_v59_scaling_curve/logs/n480.batch_coqchk.log,1,accepted_kernel_checked
V59,scaling curve suite,516,V59_N480_EQ_156,V59_N480_EQ_156,experiments/kernel_replay_v59_scaling_curve/generated_coq/n480/V59_N480_EQ_156.v,1,accept,kernel_success,coqchk_success,experiments/kernel_replay_v59_scaling_curve/logs/n480.batch_coqchk.log,1,accepted_kernel_checked
V59,scaling curve suite,517,V59_N480_SECTION_157,V59_N480_SECTION_157,experiments/kernel_replay_v59_scaling_curve/generated_coq/n480/V59_N480_SECTION_157.v,1,accept,kernel_success,coqchk_success,experiments/kernel_replay_v59_scaling_curve/logs/n480.batch_coqchk.log,1,accepted_kernel_checked
V59,scaling curve suite,518,V59_N480_RETRACTION_158,V59_N480_RETRACTION_158,experiments/kernel_replay_v59_scaling_curve/generated_coq/n480/V59_N480_RETRACTION_158.v,1,accept,kernel_success,coqchk_success,experiments/kernel_replay_v59_scaling_curve/logs/n480.batch_coqchk.log,1,accepted_kernel_checked
V59,scaling curve suite,519,V59_N480_LOGICAL_159,V59_N480_LOGICAL_159,experiments/kernel_replay_v59_scaling_curve/generated_coq/n480/V59_N480_LOGICAL_159.v,1,accept,kernel_success,coqchk_success,experiments/kernel_replay_v59_scaling_curve/logs/n480.batch_coqchk.log,1,accepted_kernel_checked
V59,scaling curve suite,520,V59_N480_PRODUCT_160,V59_N480_PRODUCT_160,experiments/kernel_replay_v59_scaling_curve/generated_coq/n480/V59_N480_PRODUCT_160.v,1,accept,kernel_success,coqchk_success,experiments/kernel_replay_v59_scaling_curve/logs/n480.batch_coqchk.log,1,accepted_kernel_checked
V59,scaling curve suite,521,V59_N480_EQ_161,V59_N480_EQ_161,experiments/kernel_replay_v59_scaling_curve/generated_coq/n480/V59_N480_EQ_161.v,1,accept,kernel_success,coqchk_success,experiments/kernel_replay_v59_scaling_curve/logs/n480.batch_coqchk.log,1,accepted_kernel_checked
V59,scaling curve suite,522,V59_N480_SECTION_162,V59_N480_SECTION_162,experiments/kernel_replay_v59_scaling_curve/generated_coq/n480/V59_N480_SECTION_162.v,1,accept,kernel_success,coqchk_success,experiments/kernel_replay_v59_scaling_curve/logs/n480.batch_coqchk.log,1,accepted_kernel_checked
V59,scaling curve suite,523,V59_N480_RETRACTION_163,V59_N480_RETRACTION_163,experiments/kernel_replay_v59_scaling_curve/generated_coq/n480/V59_N480_RETRACTION_163.v,1,accept,kernel_success,coqchk_success,experiments/kernel_replay_v59_scaling_curve/logs/n480.batch_coqchk.log,1,accepted_kernel_checked
V59,scaling curve suite,524,V59_N480_LOGICAL_164,V59_N480_LOGICAL_164,experiments/kernel_replay_v59_scaling_curve/generated_coq/n480/V59_N480_LOGICAL_164.v,1,accept,kernel_success,coqchk_success,experiments/kernel_replay_v59_scaling_curve/logs/n480.batch_coqchk.log,1,accepted_kernel_checked
V59,scaling curve suite,525,V59_N480_PRODUCT_165,V59_N480_PRODUCT_165,experiments/kernel_replay_v59_scaling_curve/generated_coq/n480/V59_N480_PRODUCT_165.v,1,accept,kernel_success,coqchk_success,experiments/kernel_replay_v59_scaling_curve/logs/n480.batch_coqchk.log,1,accepted_kernel_checked
V59,scaling curve suite,526,V59_N480_EQ_166,V59_N480_EQ_166,experiments/kernel_replay_v59_scaling_curve/generated_coq/n480/V59_N480_EQ_166.v,1,accept,kernel_success,coqchk_success,experiments/kernel_replay_v59_scaling_curve/logs/n480.batch_coqchk.log,1,accepted_kernel_checked
V59,scaling curve suite,527,V59_N480_SECTION_167,V59_N480_SECTION_167,experiments/kernel_replay_v59_scaling_curve/generated_coq/n480/V59_N480_SECTION_167.v,1,accept,kernel_success,coqchk_success,experiments/kernel_replay_v59_scaling_curve/logs/n480.batch_coqchk.log,1,accepted_kernel_checked
V59,scaling curve suite,528,V59_N480_RETRACTION_168,V59_N480_RETRACTION_168,experiments/kernel_replay_v59_scaling_curve/generated_coq/n480/V59_N480_RETRACTION_168.v,1,accept,kernel_success,coqchk_success,experiments/kernel_replay_v59_scaling_curve/logs/n480.batch_coqchk.log,1,accepted_kernel_checked
V59,scaling curve suite,529,V59_N480_LOGICAL_169,V59_N480_LOGICAL_169,experiments/kernel_replay_v59_scaling_curve/generated_coq/n480/V59_N480_LOGICAL_169.v,1,accept,kernel_success,coqchk_success,experiments/kernel_replay_v59_scaling_curve/logs/n480.batch_coqchk.log,1,accepted_kernel_checked
V59,scaling curve suite,530,V59_N480_PRODUCT_170,V59_N480_PRODUCT_170,experiments/kernel_replay_v59_scaling_curve/generated_coq/n480/V59_N480_PRODUCT_170.v,1,accept,kernel_success,coqchk_success,experiments/kernel_replay_v59_scaling_curve/logs/n480.batch_coqchk.log,1,accepted_kernel_checked
V59,scaling curve suite,531,V59_N480_EQ_171,V59_N480_EQ_171,experiments/kernel_replay_v59_scaling_curve/generated_coq/n480/V59_N480_EQ_171.v,1,accept,kernel_success,coqchk_success,experiments/kernel_replay_v59_scaling_curve/logs/n480.batch_coqchk.log,1,accepted_kernel_checked
V59,scaling curve suite,532,V59_N480_SECTION_172,V59_N480_SECTION_172,experiments/kernel_replay_v59_scaling_curve/generated_coq/n480/V59_N480_SECTION_172.v,1,accept,kernel_success,coqchk_success,experiments/kernel_replay_v59_scaling_curve/logs/n480.batch_coqchk.log,1,accepted_kernel_checked
V59,scaling curve suite,533,V59_N480_RETRACTION_173,V59_N480_RETRACTION_173,experiments/kernel_replay_v59_scaling_curve/generated_coq/n480/V59_N480_RETRACTION_173.v,1,accept,kernel_success,coqchk_success,experiments/kernel_replay_v59_scaling_curve/logs/n480.batch_coqchk.log,1,accepted_kernel_checked
V59,scaling curve suite,534,V59_N480_LOGICAL_174,V59_N480_LOGICAL_174,experiments/kernel_replay_v59_scaling_curve/generated_coq/n480/V59_N480_LOGICAL_174.v,1,accept,kernel_success,coqchk_success,experiments/kernel_replay_v59_scaling_curve/logs/n480.batch_coqchk.log,1,accepted_kernel_checked
V59,scaling curve suite,535,V59_N480_PRODUCT_175,V59_N480_PRODUCT_175,experiments/kernel_replay_v59_scaling_curve/generated_coq/n480/V59_N480_PRODUCT_175.v,1,accept,kernel_success,coqchk_success,experiments/kernel_replay_v59_scaling_curve/logs/n480.batch_coqchk.log,1,accepted_kernel_checked
V59,scaling curve suite,536,V59_N480_EQ_176,V59_N480_EQ_176,experiments/kernel_replay_v59_scaling_curve/generated_coq/n480/V59_N480_EQ_176.v,1,accept,kernel_success,coqchk_success,experiments/kernel_replay_v59_scaling_curve/logs/n480.batch_coqchk.log,1,accepted_kernel_checked
V59,scaling curve suite,537,V59_N480_SECTION_177,V59_N480_SECTION_177,experiments/kernel_replay_v59_scaling_curve/generated_coq/n480/V59_N480_SECTION_177.v,1,accept,kernel_success,coqchk_success,experiments/kernel_replay_v59_scaling_curve/logs/n480.batch_coqchk.log,1,accepted_kernel_checked
V59,scaling curve suite,538,V59_N480_RETRACTION_178,V59_N480_RETRACTION_178,experiments/kernel_replay_v59_scaling_curve/generated_coq/n480/V59_N480_RETRACTION_178.v,1,accept,kernel_success,coqchk_success,experiments/kernel_replay_v59_scaling_curve/logs/n480.batch_coqchk.log,1,accepted_kernel_checked
V59,scaling curve suite,539,V59_N480_LOGICAL_179,V59_N480_LOGICAL_179,experiments/kernel_replay_v59_scaling_curve/generated_coq/n480/V59_N480_LOGICAL_179.v,1,accept,kernel_success,coqchk_success,experiments/kernel_replay_v59_scaling_curve/logs/n480.batch_coqchk.log,1,accepted_kernel_checked
V59,scaling curve suite,540,V59_N480_PRODUCT_180,V59_N480_PRODUCT_180,experiments/kernel_replay_v59_scaling_curve/generated_coq/n480/V59_N480_PRODUCT_180.v,1,accept,kernel_success,coqchk_success,experiments/kernel_replay_v59_scaling_curve/logs/n480.batch_coqchk.log,1,accepted_kernel_checked
V59,scaling curve suite,541,V59_N480_EQ_181,V59_N480_EQ_181,experiments/kernel_replay_v59_scaling_curve/generated_coq/n480/V59_N480_EQ_181.v,1,accept,kernel_success,coqchk_success,experiments/kernel_replay_v59_scaling_curve/logs/n480.batch_coqchk.log,1,accepted_kernel_checked
V59,scaling curve suite,542,V59_N480_SECTION_182,V59_N480_SECTION_182,experiments/kernel_replay_v59_scaling_curve/generated_coq/n480/V59_N480_SECTION_182.v,1,accept,kernel_success,coqchk_success,experiments/kernel_replay_v59_scaling_curve/logs/n480.batch_coqchk.log,1,accepted_kernel_checked
V59,scaling curve suite,543,V59_N480_RETRACTION_183,V59_N480_RETRACTION_183,experiments/kernel_replay_v59_scaling_curve/generated_coq/n480/V59_N480_RETRACTION_183.v,1,accept,kernel_success,coqchk_success,experiments/kernel_replay_v59_scaling_curve/logs/n480.batch_coqchk.log,1,accepted_kernel_checked
V59,scaling curve suite,544,V59_N480_LOGICAL_184,V59_N480_LOGICAL_184,experiments/kernel_replay_v59_scaling_curve/generated_coq/n480/V59_N480_LOGICAL_184.v,1,accept,kernel_success,coqchk_success,experiments/kernel_replay_v59_scaling_curve/logs/n480.batch_coqchk.log,1,accepted_kernel_checked
V59,scaling curve suite,545,V59_N480_PRODUCT_185,V59_N480_PRODUCT_185,experiments/kernel_replay_v59_scaling_curve/generated_coq/n480/V59_N480_PRODUCT_185.v,1,accept,kernel_success,coqchk_success,experiments/kernel_replay_v59_scaling_curve/logs/n480.batch_coqchk.log,1,accepted_kernel_checked
V59,scaling curve suite,546,V59_N480_EQ_186,V59_N480_EQ_186,experiments/kernel_replay_v59_scaling_curve/generated_coq/n480/V59_N480_EQ_186.v,1,accept,kernel_success,coqchk_success,experiments/kernel_replay_v59_scaling_curve/logs/n480.batch_coqchk.log,1,accepted_kernel_checked
V59,scaling curve suite,547,V59_N480_SECTION_187,V59_N480_SECTION_187,experiments/kernel_replay_v59_scaling_curve/generated_coq/n480/V59_N480_SECTION_187.v,1,accept,kernel_success,coqchk_success,experiments/kernel_replay_v59_scaling_curve/logs/n480.batch_coqchk.log,1,accepted_kernel_checked
V59,scaling curve suite,548,V59_N480_RETRACTION_188,V59_N480_RETRACTION_188,experiments/kernel_replay_v59_scaling_curve/generated_coq/n480/V59_N480_RETRACTION_188.v,1,accept,kernel_success,coqchk_success,experiments/kernel_replay_v59_scaling_curve/logs/n480.batch_coqchk.log,1,accepted_kernel_checked
V59,scaling curve suite,549,V59_N480_LOGICAL_189,V59_N480_LOGICAL_189,experiments/kernel_replay_v59_scaling_curve/generated_coq/n480/V59_N480_LOGICAL_189.v,1,accept,kernel_success,coqchk_success,experiments/kernel_replay_v59_scaling_curve/logs/n480.batch_coqchk.log,1,accepted_kernel_checked
V59,scaling curve suite,550,V59_N480_PRODUCT_190,V59_N480_PRODUCT_190,experiments/kernel_replay_v59_scaling_curve/generated_coq/n480/V59_N480_PRODUCT_190.v,1,accept,kernel_success,coqchk_success,experiments/kernel_replay_v59_scaling_curve/logs/n480.batch_coqchk.log,1,accepted_kernel_checked
V59,scaling curve suite,551,V59_N480_EQ_191,V59_N480_EQ_191,experiments/kernel_replay_v59_scaling_curve/generated_coq/n480/V59_N480_EQ_191.v,1,accept,kernel_success,coqchk_success,experiments/kernel_replay_v59_scaling_curve/logs/n480.batch_coqchk.log,1,accepted_kernel_checked
V59,scaling curve suite,552,V59_N480_SECTION_192,V59_N480_SECTION_192,experiments/kernel_replay_v59_scaling_curve/generated_coq/n480/V59_N480_SECTION_192.v,1,accept,kernel_success,coqchk_success,experiments/kernel_replay_v59_scaling_curve/logs/n480.batch_coqchk.log,1,accepted_kernel_checked
V59,scaling curve suite,553,V59_N480_RETRACTION_193,V59_N480_RETRACTION_193,experiments/kernel_replay_v59_scaling_curve/generated_coq/n480/V59_N480_RETRACTION_193.v,1,accept,kernel_success,coqchk_success,experiments/kernel_replay_v59_scaling_curve/logs/n480.batch_coqchk.log,1,accepted_kernel_checked
V59,scaling curve suite,554,V59_N480_LOGICAL_194,V59_N480_LOGICAL_194,experiments/kernel_replay_v59_scaling_curve/generated_coq/n480/V59_N480_LOGICAL_194.v,1,accept,kernel_success,coqchk_success,experiments/kernel_replay_v59_scaling_curve/logs/n480.batch_coqchk.log,1,accepted_kernel_checked
V59,scaling curve suite,555,V59_N480_PRODUCT_195,V59_N480_PRODUCT_195,experiments/kernel_replay_v59_scaling_curve/generated_coq/n480/V59_N480_PRODUCT_195.v,1,accept,kernel_success,coqchk_success,experiments/kernel_replay_v59_scaling_curve/logs/n480.batch_coqchk.log,1,accepted_kernel_checked
V59,scaling curve suite,556,V59_N480_EQ_196,V59_N480_EQ_196,experiments/kernel_replay_v59_scaling_curve/generated_coq/n480/V59_N480_EQ_196.v,1,accept,kernel_success,coqchk_success,experiments/kernel_replay_v59_scaling_curve/logs/n480.batch_coqchk.log,1,accepted_kernel_checked
V59,scaling curve suite,557,V59_N480_SECTION_197,V59_N480_SECTION_197,experiments/kernel_replay_v59_scaling_curve/generated_coq/n480/V59_N480_SECTION_197.v,1,accept,kernel_success,coqchk_success,experiments/kernel_replay_v59_scaling_curve/logs/n480.batch_coqchk.log,1,accepted_kernel_checked
V59,scaling curve suite,558,V59_N480_RETRACTION_198,V59_N480_RETRACTION_198,experiments/kernel_replay_v59_scaling_curve/generated_coq/n480/V59_N480_RETRACTION_198.v,1,accept,kernel_success,coqchk_success,experiments/kernel_replay_v59_scaling_curve/logs/n480.batch_coqchk.log,1,accepted_kernel_checked
V59,scaling curve suite,559,V59_N480_LOGICAL_199,V59_N480_LOGICAL_199,experiments/kernel_replay_v59_scaling_curve/generated_coq/n480/V59_N480_LOGICAL_199.v,1,accept,kernel_success,coqchk_success,experiments/kernel_replay_v59_scaling_curve/logs/n480.batch_coqchk.log,1,accepted_kernel_checked
V59,scaling curve suite,560,V59_N480_PRODUCT_200,V59_N480_PRODUCT_200,experiments/kernel_replay_v59_scaling_curve/generated_coq/n480/V59_N480_PRODUCT_200.v,1,accept,kernel_success,coqchk_success,experiments/kernel_replay_v59_scaling_curve/logs/n480.batch_coqchk.log,1,accepted_kernel_checked
V59,scaling curve suite,561,V59_N480_EQ_201,V59_N480_EQ_201,experiments/kernel_replay_v59_scaling_curve/generated_coq/n480/V59_N480_EQ_201.v,1,accept,kernel_success,coqchk_success,experiments/kernel_replay_v59_scaling_curve/logs/n480.batch_coqchk.log,1,accepted_kernel_checked
V59,scaling curve suite,562,V59_N480_SECTION_202,V59_N480_SECTION_202,experiments/kernel_replay_v59_scaling_curve/generated_coq/n480/V59_N480_SECTION_202.v,1,accept,kernel_success,coqchk_success,experiments/kernel_replay_v59_scaling_curve/logs/n480.batch_coqchk.log,1,accepted_kernel_checked
V59,scaling curve suite,563,V59_N480_RETRACTION_203,V59_N480_RETRACTION_203,experiments/kernel_replay_v59_scaling_curve/generated_coq/n480/V59_N480_RETRACTION_203.v,1,accept,kernel_success,coqchk_success,experiments/kernel_replay_v59_scaling_curve/logs/n480.batch_coqchk.log,1,accepted_kernel_checked
V59,scaling curve suite,564,V59_N480_LOGICAL_204,V59_N480_LOGICAL_204,experiments/kernel_replay_v59_scaling_curve/generated_coq/n480/V59_N480_LOGICAL_204.v,1,accept,kernel_success,coqchk_success,experiments/kernel_replay_v59_scaling_curve/logs/n480.batch_coqchk.log,1,accepted_kernel_checked
V59,scaling curve suite,565,V59_N480_PRODUCT_205,V59_N480_PRODUCT_205,experiments/kernel_replay_v59_scaling_curve/generated_coq/n480/V59_N480_PRODUCT_205.v,1,accept,kernel_success,coqchk_success,experiments/kernel_replay_v59_scaling_curve/logs/n480.batch_coqchk.log,1,accepted_kernel_checked
V59,scaling curve suite,566,V59_N480_EQ_206,V59_N480_EQ_206,experiments/kernel_replay_v59_scaling_curve/generated_coq/n480/V59_N480_EQ_206.v,1,accept,kernel_success,coqchk_success,experiments/kernel_replay_v59_scaling_curve/logs/n480.batch_coqchk.log,1,accepted_kernel_checked
V59,scaling curve suite,567,V59_N480_SECTION_207,V59_N480_SECTION_207,experiments/kernel_replay_v59_scaling_curve/generated_coq/n480/V59_N480_SECTION_207.v,1,accept,kernel_success,coqchk_success,experiments/kernel_replay_v59_scaling_curve/logs/n480.batch_coqchk.log,1,accepted_kernel_checked
V59,scaling curve suite,568,V59_N480_RETRACTION_208,V59_N480_RETRACTION_208,experiments/kernel_replay_v59_scaling_curve/generated_coq/n480/V59_N480_RETRACTION_208.v,1,accept,kernel_success,coqchk_success,experiments/kernel_replay_v59_scaling_curve/logs/n480.batch_coqchk.log,1,accepted_kernel_checked
V59,scaling curve suite,569,V59_N480_LOGICAL_209,V59_N480_LOGICAL_209,experiments/kernel_replay_v59_scaling_curve/generated_coq/n480/V59_N480_LOGICAL_209.v,1,accept,kernel_success,coqchk_success,experiments/kernel_replay_v59_scaling_curve/logs/n480.batch_coqchk.log,1,accepted_kernel_checked
V59,scaling curve suite,570,V59_N480_PRODUCT_210,V59_N480_PRODUCT_210,experiments/kernel_replay_v59_scaling_curve/generated_coq/n480/V59_N480_PRODUCT_210.v,1,accept,kernel_success,coqchk_success,experiments/kernel_replay_v59_scaling_curve/logs/n480.batch_coqchk.log,1,accepted_kernel_checked
V59,scaling curve suite,571,V59_N480_EQ_211,V59_N480_EQ_211,experiments/kernel_replay_v59_scaling_curve/generated_coq/n480/V59_N480_EQ_211.v,1,accept,kernel_success,coqchk_success,experiments/kernel_replay_v59_scaling_curve/logs/n480.batch_coqchk.log,1,accepted_kernel_checked
V59,scaling curve suite,572,V59_N480_SECTION_212,V59_N480_SECTION_212,experiments/kernel_replay_v59_scaling_curve/generated_coq/n480/V59_N480_SECTION_212.v,1,accept,kernel_success,coqchk_success,experiments/kernel_replay_v59_scaling_curve/logs/n480.batch_coqchk.log,1,accepted_kernel_checked
V59,scaling curve suite,573,V59_N480_RETRACTION_213,V59_N480_RETRACTION_213,experiments/kernel_replay_v59_scaling_curve/generated_coq/n480/V59_N480_RETRACTION_213.v,1,accept,kernel_success,coqchk_success,experiments/kernel_replay_v59_scaling_curve/logs/n480.batch_coqchk.log,1,accepted_kernel_checked
V59,scaling curve suite,574,V59_N480_LOGICAL_214,V59_N480_LOGICAL_214,experiments/kernel_replay_v59_scaling_curve/generated_coq/n480/V59_N480_LOGICAL_214.v,1,accept,kernel_success,coqchk_success,experiments/kernel_replay_v59_scaling_curve/logs/n480.batch_coqchk.log,1,accepted_kernel_checked
V59,scaling curve suite,575,V59_N480_PRODUCT_215,V59_N480_PRODUCT_215,experiments/kernel_replay_v59_scaling_curve/generated_coq/n480/V59_N480_PRODUCT_215.v,1,accept,kernel_success,coqchk_success,experiments/kernel_replay_v59_scaling_curve/logs/n480.batch_coqchk.log,1,accepted_kernel_checked
V59,scaling curve suite,576,V59_N480_EQ_216,V59_N480_EQ_216,experiments/kernel_replay_v59_scaling_curve/generated_coq/n480/V59_N480_EQ_216.v,1,accept,kernel_success,coqchk_success,experiments/kernel_replay_v59_scaling_curve/logs/n480.batch_coqchk.log,1,accepted_kernel_checked
V59,scaling curve suite,577,V59_N480_SECTION_217,V59_N480_SECTION_217,experiments/kernel_replay_v59_scaling_curve/generated_coq/n480/V59_N480_SECTION_217.v,1,accept,kernel_success,coqchk_success,experiments/kernel_replay_v59_scaling_curve/logs/n480.batch_coqchk.log,1,accepted_kernel_checked
V59,scaling curve suite,578,V59_N480_RETRACTION_218,V59_N480_RETRACTION_218,experiments/kernel_replay_v59_scaling_curve/generated_coq/n480/V59_N480_RETRACTION_218.v,1,accept,kernel_success,coqchk_success,experiments/kernel_replay_v59_scaling_curve/logs/n480.batch_coqchk.log,1,accepted_kernel_checked
V59,scaling curve suite,579,V59_N480_LOGICAL_219,V59_N480_LOGICAL_219,experiments/kernel_replay_v59_scaling_curve/generated_coq/n480/V59_N480_LOGICAL_219.v,1,accept,kernel_success,coqchk_success,experiments/kernel_replay_v59_scaling_curve/logs/n480.batch_coqchk.log,1,accepted_kernel_checked
V59,scaling curve suite,580,V59_N480_PRODUCT_220,V59_N480_PRODUCT_220,experiments/kernel_replay_v59_scaling_curve/generated_coq/n480/V59_N480_PRODUCT_220.v,1,accept,kernel_success,coqchk_success,experiments/kernel_replay_v59_scaling_curve/logs/n480.batch_coqchk.log,1,accepted_kernel_checked
V59,scaling curve suite,581,V59_N480_EQ_221,V59_N480_EQ_221,experiments/kernel_replay_v59_scaling_curve/generated_coq/n480/V59_N480_EQ_221.v,1,accept,kernel_success,coqchk_success,experiments/kernel_replay_v59_scaling_curve/logs/n480.batch_coqchk.log,1,accepted_kernel_checked
V59,scaling curve suite,582,V59_N480_SECTION_222,V59_N480_SECTION_222,experiments/kernel_replay_v59_scaling_curve/generated_coq/n480/V59_N480_SECTION_222.v,1,accept,kernel_success,coqchk_success,experiments/kernel_replay_v59_scaling_curve/logs/n480.batch_coqchk.log,1,accepted_kernel_checked
V59,scaling curve suite,583,V59_N480_RETRACTION_223,V59_N480_RETRACTION_223,experiments/kernel_replay_v59_scaling_curve/generated_coq/n480/V59_N480_RETRACTION_223.v,1,accept,kernel_success,coqchk_success,experiments/kernel_replay_v59_scaling_curve/logs/n480.batch_coqchk.log,1,accepted_kernel_checked
V59,scaling curve suite,584,V59_N480_LOGICAL_224,V59_N480_LOGICAL_224,experiments/kernel_replay_v59_scaling_curve/generated_coq/n480/V59_N480_LOGICAL_224.v,1,accept,kernel_success,coqchk_success,experiments/kernel_replay_v59_scaling_curve/logs/n480.batch_coqchk.log,1,accepted_kernel_checked
V59,scaling curve suite,585,V59_N480_PRODUCT_225,V59_N480_PRODUCT_225,experiments/kernel_replay_v59_scaling_curve/generated_coq/n480/V59_N480_PRODUCT_225.v,1,accept,kernel_success,coqchk_success,experiments/kernel_replay_v59_scaling_curve/logs/n480.batch_coqchk.log,1,accepted_kernel_checked
V59,scaling curve suite,586,V59_N480_EQ_226,V59_N480_EQ_226,experiments/kernel_replay_v59_scaling_curve/generated_coq/n480/V59_N480_EQ_226.v,1,accept,kernel_success,coqchk_success,experiments/kernel_replay_v59_scaling_curve/logs/n480.batch_coqchk.log,1,accepted_kernel_checked
V59,scaling curve suite,587,V59_N480_SECTION_227,V59_N480_SECTION_227,experiments/kernel_replay_v59_scaling_curve/generated_coq/n480/V59_N480_SECTION_227.v,1,accept,kernel_success,coqchk_success,experiments/kernel_replay_v59_scaling_curve/logs/n480.batch_coqchk.log,1,accepted_kernel_checked
V59,scaling curve suite,588,V59_N480_RETRACTION_228,V59_N480_RETRACTION_228,experiments/kernel_replay_v59_scaling_curve/generated_coq/n480/V59_N480_RETRACTION_228.v,1,accept,kernel_success,coqchk_success,experiments/kernel_replay_v59_scaling_curve/logs/n480.batch_coqchk.log,1,accepted_kernel_checked
V59,scaling curve suite,589,V59_N480_LOGICAL_229,V59_N480_LOGICAL_229,experiments/kernel_replay_v59_scaling_curve/generated_coq/n480/V59_N480_LOGICAL_229.v,1,accept,kernel_success,coqchk_success,experiments/kernel_replay_v59_scaling_curve/logs/n480.batch_coqchk.log,1,accepted_kernel_checked
V59,scaling curve suite,590,V59_N480_PRODUCT_230,V59_N480_PRODUCT_230,experiments/kernel_replay_v59_scaling_curve/generated_coq/n480/V59_N480_PRODUCT_230.v,1,accept,kernel_success,coqchk_success,experiments/kernel_replay_v59_scaling_curve/logs/n480.batch_coqchk.log,1,accepted_kernel_checked
V59,scaling curve suite,591,V59_N480_EQ_231,V59_N480_EQ_231,experiments/kernel_replay_v59_scaling_curve/generated_coq/n480/V59_N480_EQ_231.v,1,accept,kernel_success,coqchk_success,experiments/kernel_replay_v59_scaling_curve/logs/n480.batch_coqchk.log,1,accepted_kernel_checked
V59,scaling curve suite,592,V59_N480_SECTION_232,V59_N480_SECTION_232,experiments/kernel_replay_v59_scaling_curve/generated_coq/n480/V59_N480_SECTION_232.v,1,accept,kernel_success,coqchk_success,experiments/kernel_replay_v59_scaling_curve/logs/n480.batch_coqchk.log,1,accepted_kernel_checked
V59,scaling curve suite,593,V59_N480_RETRACTION_233,V59_N480_RETRACTION_233,experiments/kernel_replay_v59_scaling_curve/generated_coq/n480/V59_N480_RETRACTION_233.v,1,accept,kernel_success,coqchk_success,experiments/kernel_replay_v59_scaling_curve/logs/n480.batch_coqchk.log,1,accepted_kernel_checked
V59,scaling curve suite,594,V59_N480_LOGICAL_234,V59_N480_LOGICAL_234,experiments/kernel_replay_v59_scaling_curve/generated_coq/n480/V59_N480_LOGICAL_234.v,1,accept,kernel_success,coqchk_success,experiments/kernel_replay_v59_scaling_curve/logs/n480.batch_coqchk.log,1,accepted_kernel_checked
V59,scaling curve suite,595,V59_N480_PRODUCT_235,V59_N480_PRODUCT_235,experiments/kernel_replay_v59_scaling_curve/generated_coq/n480/V59_N480_PRODUCT_235.v,1,accept,kernel_success,coqchk_success,experiments/kernel_replay_v59_scaling_curve/logs/n480.batch_coqchk.log,1,accepted_kernel_checked
V59,scaling curve suite,596,V59_N480_EQ_236,V59_N480_EQ_236,experiments/kernel_replay_v59_scaling_curve/generated_coq/n480/V59_N480_EQ_236.v,1,accept,kernel_success,coqchk_success,experiments/kernel_replay_v59_scaling_curve/logs/n480.batch_coqchk.log,1,accepted_kernel_checked
V59,scaling curve suite,597,V59_N480_SECTION_237,V59_N480_SECTION_237,experiments/kernel_replay_v59_scaling_curve/generated_coq/n480/V59_N480_SECTION_237.v,1,accept,kernel_success,coqchk_success,experiments/kernel_replay_v59_scaling_curve/logs/n480.batch_coqchk.log,1,accepted_kernel_checked
V59,scaling curve suite,598,V59_N480_RETRACTION_238,V59_N480_RETRACTION_238,experiments/kernel_replay_v59_scaling_curve/generated_coq/n480/V59_N480_RETRACTION_238.v,1,accept,kernel_success,coqchk_success,experiments/kernel_replay_v59_scaling_curve/logs/n480.batch_coqchk.log,1,accepted_kernel_checked
V59,scaling curve suite,599,V59_N480_LOGICAL_239,V59_N480_LOGICAL_239,experiments/kernel_replay_v59_scaling_curve/generated_coq/n480/V59_N480_LOGICAL_239.v,1,accept,kernel_success,coqchk_success,experiments/kernel_replay_v59_scaling_curve/logs/n480.batch_coqchk.log,1,accepted_kernel_checked
V59,scaling curve suite,600,V59_N480_PRODUCT_240,V59_N480_PRODUCT_240,experiments/kernel_replay_v59_scaling_curve/generated_coq/n480/V59_N480_PRODUCT_240.v,1,accept,kernel_success,coqchk_success,experiments/kernel_replay_v59_scaling_curve/logs/n480.batch_coqchk.log,1,accepted_kernel_checked
V59,scaling curve suite,601,V59_N480_EQ_241,V59_N480_EQ_241,experiments/kernel_replay_v59_scaling_curve/generated_coq/n480/V59_N480_EQ_241.v,1,accept,kernel_success,coqchk_success,experiments/kernel_replay_v59_scaling_curve/logs/n480.batch_coqchk.log,1,accepted_kernel_checked
V59,scaling curve suite,602,V59_N480_SECTION_242,V59_N480_SECTION_242,experiments/kernel_replay_v59_scaling_curve/generated_coq/n480/V59_N480_SECTION_242.v,1,accept,kernel_success,coqchk_success,experiments/kernel_replay_v59_scaling_curve/logs/n480.batch_coqchk.log,1,accepted_kernel_checked
V59,scaling curve suite,603,V59_N480_RETRACTION_243,V59_N480_RETRACTION_243,experiments/kernel_replay_v59_scaling_curve/generated_coq/n480/V59_N480_RETRACTION_243.v,1,accept,kernel_success,coqchk_success,experiments/kernel_replay_v59_scaling_curve/logs/n480.batch_coqchk.log,1,accepted_kernel_checked
V59,scaling curve suite,604,V59_N480_LOGICAL_244,V59_N480_LOGICAL_244,experiments/kernel_replay_v59_scaling_curve/generated_coq/n480/V59_N480_LOGICAL_244.v,1,accept,kernel_success,coqchk_success,experiments/kernel_replay_v59_scaling_curve/logs/n480.batch_coqchk.log,1,accepted_kernel_checked
V59,scaling curve suite,605,V59_N480_PRODUCT_245,V59_N480_PRODUCT_245,experiments/kernel_replay_v59_scaling_curve/generated_coq/n480/V59_N480_PRODUCT_245.v,1,accept,kernel_success,coqchk_success,experiments/kernel_replay_v59_scaling_curve/logs/n480.batch_coqchk.log,1,accepted_kernel_checked
V59,scaling curve suite,606,V59_N480_EQ_246,V59_N480_EQ_246,experiments/kernel_replay_v59_scaling_curve/generated_coq/n480/V59_N480_EQ_246.v,1,accept,kernel_success,coqchk_success,experiments/kernel_replay_v59_scaling_curve/logs/n480.batch_coqchk.log,1,accepted_kernel_checked
V59,scaling curve suite,607,V59_N480_SECTION_247,V59_N480_SECTION_247,experiments/kernel_replay_v59_scaling_curve/generated_coq/n480/V59_N480_SECTION_247.v,1,accept,kernel_success,coqchk_success,experiments/kernel_replay_v59_scaling_curve/logs/n480.batch_coqchk.log,1,accepted_kernel_checked
V59,scaling curve suite,608,V59_N480_RETRACTION_248,V59_N480_RETRACTION_248,experiments/kernel_replay_v59_scaling_curve/generated_coq/n480/V59_N480_RETRACTION_248.v,1,accept,kernel_success,coqchk_success,experiments/kernel_replay_v59_scaling_curve/logs/n480.batch_coqchk.log,1,accepted_kernel_checked
V59,scaling curve suite,609,V59_N480_LOGICAL_249,V59_N480_LOGICAL_249,experiments/kernel_replay_v59_scaling_curve/generated_coq/n480/V59_N480_LOGICAL_249.v,1,accept,kernel_success,coqchk_success,experiments/kernel_replay_v59_scaling_curve/logs/n480.batch_coqchk.log,1,accepted_kernel_checked
V59,scaling curve suite,610,V59_N480_PRODUCT_250,V59_N480_PRODUCT_250,experiments/kernel_replay_v59_scaling_curve/generated_coq/n480/V59_N480_PRODUCT_250.v,1,accept,kernel_success,coqchk_success,experiments/kernel_replay_v59_scaling_curve/logs/n480.batch_coqchk.log,1,accepted_kernel_checked
V59,scaling curve suite,611,V59_N480_EQ_251,V59_N480_EQ_251,experiments/kernel_replay_v59_scaling_curve/generated_coq/n480/V59_N480_EQ_251.v,1,accept,kernel_success,coqchk_success,experiments/kernel_replay_v59_scaling_curve/logs/n480.batch_coqchk.log,1,accepted_kernel_checked
V59,scaling curve suite,612,V59_N480_SECTION_252,V59_N480_SECTION_252,experiments/kernel_replay_v59_scaling_curve/generated_coq/n480/V59_N480_SECTION_252.v,1,accept,kernel_success,coqchk_success,experiments/kernel_replay_v59_scaling_curve/logs/n480.batch_coqchk.log,1,accepted_kernel_checked
V59,scaling curve suite,613,V59_N480_RETRACTION_253,V59_N480_RETRACTION_253,experiments/kernel_replay_v59_scaling_curve/generated_coq/n480/V59_N480_RETRACTION_253.v,1,accept,kernel_success,coqchk_success,experiments/kernel_replay_v59_scaling_curve/logs/n480.batch_coqchk.log,1,accepted_kernel_checked
V59,scaling curve suite,614,V59_N480_LOGICAL_254,V59_N480_LOGICAL_254,experiments/kernel_replay_v59_scaling_curve/generated_coq/n480/V59_N480_LOGICAL_254.v,1,accept,kernel_success,coqchk_success,experiments/kernel_replay_v59_scaling_curve/logs/n480.batch_coqchk.log,1,accepted_kernel_checked
V59,scaling curve suite,615,V59_N480_PRODUCT_255,V59_N480_PRODUCT_255,experiments/kernel_replay_v59_scaling_curve/generated_coq/n480/V59_N480_PRODUCT_255.v,1,accept,kernel_success,coqchk_success,experiments/kernel_replay_v59_scaling_curve/logs/n480.batch_coqchk.log,1,accepted_kernel_checked
V59,scaling curve suite,616,V59_N480_EQ_256,V59_N480_EQ_256,experiments/kernel_replay_v59_scaling_curve/generated_coq/n480/V59_N480_EQ_256.v,1,accept,kernel_success,coqchk_success,experiments/kernel_replay_v59_scaling_curve/logs/n480.batch_coqchk.log,1,accepted_kernel_checked
V59,scaling curve suite,617,V59_N480_SECTION_257,V59_N480_SECTION_257,experiments/kernel_replay_v59_scaling_curve/generated_coq/n480/V59_N480_SECTION_257.v,1,accept,kernel_success,coqchk_success,experiments/kernel_replay_v59_scaling_curve/logs/n480.batch_coqchk.log,1,accepted_kernel_checked
V59,scaling curve suite,618,V59_N480_RETRACTION_258,V59_N480_RETRACTION_258,experiments/kernel_replay_v59_scaling_curve/generated_coq/n480/V59_N480_RETRACTION_258.v,1,accept,kernel_success,coqchk_success,experiments/kernel_replay_v59_scaling_curve/logs/n480.batch_coqchk.log,1,accepted_kernel_checked
V59,scaling curve suite,619,V59_N480_LOGICAL_259,V59_N480_LOGICAL_259,experiments/kernel_replay_v59_scaling_curve/generated_coq/n480/V59_N480_LOGICAL_259.v,1,accept,kernel_success,coqchk_success,experiments/kernel_replay_v59_scaling_curve/logs/n480.batch_coqchk.log,1,accepted_kernel_checked
V59,scaling curve suite,620,V59_N480_PRODUCT_260,V59_N480_PRODUCT_260,experiments/kernel_replay_v59_scaling_curve/generated_coq/n480/V59_N480_PRODUCT_260.v,1,accept,kernel_success,coqchk_success,experiments/kernel_replay_v59_scaling_curve/logs/n480.batch_coqchk.log,1,accepted_kernel_checked
V59,scaling curve suite,621,V59_N480_EQ_261,V59_N480_EQ_261,experiments/kernel_replay_v59_scaling_curve/generated_coq/n480/V59_N480_EQ_261.v,1,accept,kernel_success,coqchk_success,experiments/kernel_replay_v59_scaling_curve/logs/n480.batch_coqchk.log,1,accepted_kernel_checked
V59,scaling curve suite,622,V59_N480_SECTION_262,V59_N480_SECTION_262,experiments/kernel_replay_v59_scaling_curve/generated_coq/n480/V59_N480_SECTION_262.v,1,accept,kernel_success,coqchk_success,experiments/kernel_replay_v59_scaling_curve/logs/n480.batch_coqchk.log,1,accepted_kernel_checked
V59,scaling curve suite,623,V59_N480_RETRACTION_263,V59_N480_RETRACTION_263,experiments/kernel_replay_v59_scaling_curve/generated_coq/n480/V59_N480_RETRACTION_263.v,1,accept,kernel_success,coqchk_success,experiments/kernel_replay_v59_scaling_curve/logs/n480.batch_coqchk.log,1,accepted_kernel_checked
V59,scaling curve suite,624,V59_N480_LOGICAL_264,V59_N480_LOGICAL_264,experiments/kernel_replay_v59_scaling_curve/generated_coq/n480/V59_N480_LOGICAL_264.v,1,accept,kernel_success,coqchk_success,experiments/kernel_replay_v59_scaling_curve/logs/n480.batch_coqchk.log,1,accepted_kernel_checked
V59,scaling curve suite,625,V59_N480_PRODUCT_265,V59_N480_PRODUCT_265,experiments/kernel_replay_v59_scaling_curve/generated_coq/n480/V59_N480_PRODUCT_265.v,1,accept,kernel_success,coqchk_success,experiments/kernel_replay_v59_scaling_curve/logs/n480.batch_coqchk.log,1,accepted_kernel_checked
V59,scaling curve suite,626,V59_N480_EQ_266,V59_N480_EQ_266,experiments/kernel_replay_v59_scaling_curve/generated_coq/n480/V59_N480_EQ_266.v,1,accept,kernel_success,coqchk_success,experiments/kernel_replay_v59_scaling_curve/logs/n480.batch_coqchk.log,1,accepted_kernel_checked
V59,scaling curve suite,627,V59_N480_SECTION_267,V59_N480_SECTION_267,experiments/kernel_replay_v59_scaling_curve/generated_coq/n480/V59_N480_SECTION_267.v,1,accept,kernel_success,coqchk_success,experiments/kernel_replay_v59_scaling_curve/logs/n480.batch_coqchk.log,1,accepted_kernel_checked
V59,scaling curve suite,628,V59_N480_RETRACTION_268,V59_N480_RETRACTION_268,experiments/kernel_replay_v59_scaling_curve/generated_coq/n480/V59_N480_RETRACTION_268.v,1,accept,kernel_success,coqchk_success,experiments/kernel_replay_v59_scaling_curve/logs/n480.batch_coqchk.log,1,accepted_kernel_checked
V59,scaling curve suite,629,V59_N480_LOGICAL_269,V59_N480_LOGICAL_269,experiments/kernel_replay_v59_scaling_curve/generated_coq/n480/V59_N480_LOGICAL_269.v,1,accept,kernel_success,coqchk_success,experiments/kernel_replay_v59_scaling_curve/logs/n480.batch_coqchk.log,1,accepted_kernel_checked
V59,scaling curve suite,630,V59_N480_PRODUCT_270,V59_N480_PRODUCT_270,experiments/kernel_replay_v59_scaling_curve/generated_coq/n480/V59_N480_PRODUCT_270.v,1,accept,kernel_success,coqchk_success,experiments/kernel_replay_v59_scaling_curve/logs/n480.batch_coqchk.log,1,accepted_kernel_checked
V59,scaling curve suite,631,V59_N480_EQ_271,V59_N480_EQ_271,experiments/kernel_replay_v59_scaling_curve/generated_coq/n480/V59_N480_EQ_271.v,1,accept,kernel_success,coqchk_success,experiments/kernel_replay_v59_scaling_curve/logs/n480.batch_coqchk.log,1,accepted_kernel_checked
V59,scaling curve suite,632,V59_N480_SECTION_272,V59_N480_SECTION_272,experiments/kernel_replay_v59_scaling_curve/generated_coq/n480/V59_N480_SECTION_272.v,1,accept,kernel_success,coqchk_success,experiments/kernel_replay_v59_scaling_curve/logs/n480.batch_coqchk.log,1,accepted_kernel_checked
V59,scaling curve suite,633,V59_N480_RETRACTION_273,V59_N480_RETRACTION_273,experiments/kernel_replay_v59_scaling_curve/generated_coq/n480/V59_N480_RETRACTION_273.v,1,accept,kernel_success,coqchk_success,experiments/kernel_replay_v59_scaling_curve/logs/n480.batch_coqchk.log,1,accepted_kernel_checked
V59,scaling curve suite,634,V59_N480_LOGICAL_274,V59_N480_LOGICAL_274,experiments/kernel_replay_v59_scaling_curve/generated_coq/n480/V59_N480_LOGICAL_274.v,1,accept,kernel_success,coqchk_success,experiments/kernel_replay_v59_scaling_curve/logs/n480.batch_coqchk.log,1,accepted_kernel_checked
V59,scaling curve suite,635,V59_N480_PRODUCT_275,V59_N480_PRODUCT_275,experiments/kernel_replay_v59_scaling_curve/generated_coq/n480/V59_N480_PRODUCT_275.v,1,accept,kernel_success,coqchk_success,experiments/kernel_replay_v59_scaling_curve/logs/n480.batch_coqchk.log,1,accepted_kernel_checked
V59,scaling curve suite,636,V59_N480_EQ_276,V59_N480_EQ_276,experiments/kernel_replay_v59_scaling_curve/generated_coq/n480/V59_N480_EQ_276.v,1,accept,kernel_success,coqchk_success,experiments/kernel_replay_v59_scaling_curve/logs/n480.batch_coqchk.log,1,accepted_kernel_checked
V59,scaling curve suite,637,V59_N480_SECTION_277,V59_N480_SECTION_277,experiments/kernel_replay_v59_scaling_curve/generated_coq/n480/V59_N480_SECTION_277.v,1,accept,kernel_success,coqchk_success,experiments/kernel_replay_v59_scaling_curve/logs/n480.batch_coqchk.log,1,accepted_kernel_checked
V59,scaling curve suite,638,V59_N480_RETRACTION_278,V59_N480_RETRACTION_278,experiments/kernel_replay_v59_scaling_curve/generated_coq/n480/V59_N480_RETRACTION_278.v,1,accept,kernel_success,coqchk_success,experiments/kernel_replay_v59_scaling_curve/logs/n480.batch_coqchk.log,1,accepted_kernel_checked
V59,scaling curve suite,639,V59_N480_LOGICAL_279,V59_N480_LOGICAL_279,experiments/kernel_replay_v59_scaling_curve/generated_coq/n480/V59_N480_LOGICAL_279.v,1,accept,kernel_success,coqchk_success,experiments/kernel_replay_v59_scaling_curve/logs/n480.batch_coqchk.log,1,accepted_kernel_checked
V59,scaling curve suite,640,V59_N480_PRODUCT_280,V59_N480_PRODUCT_280,experiments/kernel_replay_v59_scaling_curve/generated_coq/n480/V59_N480_PRODUCT_280.v,1,accept,kernel_success,coqchk_success,experiments/kernel_replay_v59_scaling_curve/logs/n480.batch_coqchk.log,1,accepted_kernel_checked
V59,scaling curve suite,641,V59_N480_EQ_281,V59_N480_EQ_281,experiments/kernel_replay_v59_scaling_curve/generated_coq/n480/V59_N480_EQ_281.v,1,accept,kernel_success,coqchk_success,experiments/kernel_replay_v59_scaling_curve/logs/n480.batch_coqchk.log,1,accepted_kernel_checked
V59,scaling curve suite,642,V59_N480_SECTION_282,V59_N480_SECTION_282,experiments/kernel_replay_v59_scaling_curve/generated_coq/n480/V59_N480_SECTION_282.v,1,accept,kernel_success,coqchk_success,experiments/kernel_replay_v59_scaling_curve/logs/n480.batch_coqchk.log,1,accepted_kernel_checked
V59,scaling curve suite,643,V59_N480_RETRACTION_283,V59_N480_RETRACTION_283,experiments/kernel_replay_v59_scaling_curve/generated_coq/n480/V59_N480_RETRACTION_283.v,1,accept,kernel_success,coqchk_success,experiments/kernel_replay_v59_scaling_curve/logs/n480.batch_coqchk.log,1,accepted_kernel_checked
V59,scaling curve suite,644,V59_N480_LOGICAL_284,V59_N480_LOGICAL_284,experiments/kernel_replay_v59_scaling_curve/generated_coq/n480/V59_N480_LOGICAL_284.v,1,accept,kernel_success,coqchk_success,experiments/kernel_replay_v59_scaling_curve/logs/n480.batch_coqchk.log,1,accepted_kernel_checked
V59,scaling curve suite,645,V59_N480_PRODUCT_285,V59_N480_PRODUCT_285,experiments/kernel_replay_v59_scaling_curve/generated_coq/n480/V59_N480_PRODUCT_285.v,1,accept,kernel_success,coqchk_success,experiments/kernel_replay_v59_scaling_curve/logs/n480.batch_coqchk.log,1,accepted_kernel_checked
V59,scaling curve suite,646,V59_N480_EQ_286,V59_N480_EQ_286,experiments/kernel_replay_v59_scaling_curve/generated_coq/n480/V59_N480_EQ_286.v,1,accept,kernel_success,coqchk_success,experiments/kernel_replay_v59_scaling_curve/logs/n480.batch_coqchk.log,1,accepted_kernel_checked
V59,scaling curve suite,647,V59_N480_SECTION_287,V59_N480_SECTION_287,experiments/kernel_replay_v59_scaling_curve/generated_coq/n480/V59_N480_SECTION_287.v,1,accept,kernel_success,coqchk_success,experiments/kernel_replay_v59_scaling_curve/logs/n480.batch_coqchk.log,1,accepted_kernel_checked
V59,scaling curve suite,648,V59_N480_RETRACTION_288,V59_N480_RETRACTION_288,experiments/kernel_replay_v59_scaling_curve/generated_coq/n480/V59_N480_RETRACTION_288.v,1,accept,kernel_success,coqchk_success,experiments/kernel_replay_v59_scaling_curve/logs/n480.batch_coqchk.log,1,accepted_kernel_checked
V59,scaling curve suite,649,V59_N480_LOGICAL_289,V59_N480_LOGICAL_289,experiments/kernel_replay_v59_scaling_curve/generated_coq/n480/V59_N480_LOGICAL_289.v,1,accept,kernel_success,coqchk_success,experiments/kernel_replay_v59_scaling_curve/logs/n480.batch_coqchk.log,1,accepted_kernel_checked
V59,scaling curve suite,650,V59_N480_PRODUCT_290,V59_N480_PRODUCT_290,experiments/kernel_replay_v59_scaling_curve/generated_coq/n480/V59_N480_PRODUCT_290.v,1,accept,kernel_success,coqchk_success,experiments/kernel_replay_v59_scaling_curve/logs/n480.batch_coqchk.log,1,accepted_kernel_checked
V59,scaling curve suite,651,V59_N480_EQ_291,V59_N480_EQ_291,experiments/kernel_replay_v59_scaling_curve/generated_coq/n480/V59_N480_EQ_291.v,1,accept,kernel_success,coqchk_success,experiments/kernel_replay_v59_scaling_curve/logs/n480.batch_coqchk.log,1,accepted_kernel_checked
V59,scaling curve suite,652,V59_N480_SECTION_292,V59_N480_SECTION_292,experiments/kernel_replay_v59_scaling_curve/generated_coq/n480/V59_N480_SECTION_292.v,1,accept,kernel_success,coqchk_success,experiments/kernel_replay_v59_scaling_curve/logs/n480.batch_coqchk.log,1,accepted_kernel_checked
V59,scaling curve suite,653,V59_N480_RETRACTION_293,V59_N480_RETRACTION_293,experiments/kernel_replay_v59_scaling_curve/generated_coq/n480/V59_N480_RETRACTION_293.v,1,accept,kernel_success,coqchk_success,experiments/kernel_replay_v59_scaling_curve/logs/n480.batch_coqchk.log,1,accepted_kernel_checked
V59,scaling curve suite,654,V59_N480_LOGICAL_294,V59_N480_LOGICAL_294,experiments/kernel_replay_v59_scaling_curve/generated_coq/n480/V59_N480_LOGICAL_294.v,1,accept,kernel_success,coqchk_success,experiments/kernel_replay_v59_scaling_curve/logs/n480.batch_coqchk.log,1,accepted_kernel_checked
V59,scaling curve suite,655,V59_N480_PRODUCT_295,V59_N480_PRODUCT_295,experiments/kernel_replay_v59_scaling_curve/generated_coq/n480/V59_N480_PRODUCT_295.v,1,accept,kernel_success,coqchk_success,experiments/kernel_replay_v59_scaling_curve/logs/n480.batch_coqchk.log,1,accepted_kernel_checked
V59,scaling curve suite,656,V59_N480_EQ_296,V59_N480_EQ_296,experiments/kernel_replay_v59_scaling_curve/generated_coq/n480/V59_N480_EQ_296.v,1,accept,kernel_success,coqchk_success,experiments/kernel_replay_v59_scaling_curve/logs/n480.batch_coqchk.log,1,accepted_kernel_checked
V59,scaling curve suite,657,V59_N480_SECTION_297,V59_N480_SECTION_297,experiments/kernel_replay_v59_scaling_curve/generated_coq/n480/V59_N480_SECTION_297.v,1,accept,kernel_success,coqchk_success,experiments/kernel_replay_v59_scaling_curve/logs/n480.batch_coqchk.log,1,accepted_kernel_checked
V59,scaling curve suite,658,V59_N480_RETRACTION_298,V59_N480_RETRACTION_298,experiments/kernel_replay_v59_scaling_curve/generated_coq/n480/V59_N480_RETRACTION_298.v,1,accept,kernel_success,coqchk_success,experiments/kernel_replay_v59_scaling_curve/logs/n480.batch_coqchk.log,1,accepted_kernel_checked
V59,scaling curve suite,659,V59_N480_LOGICAL_299,V59_N480_LOGICAL_299,experiments/kernel_replay_v59_scaling_curve/generated_coq/n480/V59_N480_LOGICAL_299.v,1,accept,kernel_success,coqchk_success,experiments/kernel_replay_v59_scaling_curve/logs/n480.batch_coqchk.log,1,accepted_kernel_checked
V59,scaling curve suite,660,V59_N480_PRODUCT_300,V59_N480_PRODUCT_300,experiments/kernel_replay_v59_scaling_curve/generated_coq/n480/V59_N480_PRODUCT_300.v,1,accept,kernel_success,coqchk_success,experiments/kernel_replay_v59_scaling_curve/logs/n480.batch_coqchk.log,1,accepted_kernel_checked
V59,scaling curve suite,661,V59_N480_EQ_301,V59_N480_EQ_301,experiments/kernel_replay_v59_scaling_curve/generated_coq/n480/V59_N480_EQ_301.v,1,accept,kernel_success,coqchk_success,experiments/kernel_replay_v59_scaling_curve/logs/n480.batch_coqchk.log,1,accepted_kernel_checked
V59,scaling curve suite,662,V59_N480_SECTION_302,V59_N480_SECTION_302,experiments/kernel_replay_v59_scaling_curve/generated_coq/n480/V59_N480_SECTION_302.v,1,accept,kernel_success,coqchk_success,experiments/kernel_replay_v59_scaling_curve/logs/n480.batch_coqchk.log,1,accepted_kernel_checked
V59,scaling curve suite,663,V59_N480_RETRACTION_303,V59_N480_RETRACTION_303,experiments/kernel_replay_v59_scaling_curve/generated_coq/n480/V59_N480_RETRACTION_303.v,1,accept,kernel_success,coqchk_success,experiments/kernel_replay_v59_scaling_curve/logs/n480.batch_coqchk.log,1,accepted_kernel_checked
V59,scaling curve suite,664,V59_N480_LOGICAL_304,V59_N480_LOGICAL_304,experiments/kernel_replay_v59_scaling_curve/generated_coq/n480/V59_N480_LOGICAL_304.v,1,accept,kernel_success,coqchk_success,experiments/kernel_replay_v59_scaling_curve/logs/n480.batch_coqchk.log,1,accepted_kernel_checked
V59,scaling curve suite,665,V59_N480_PRODUCT_305,V59_N480_PRODUCT_305,experiments/kernel_replay_v59_scaling_curve/generated_coq/n480/V59_N480_PRODUCT_305.v,1,accept,kernel_success,coqchk_success,experiments/kernel_replay_v59_scaling_curve/logs/n480.batch_coqchk.log,1,accepted_kernel_checked
V59,scaling curve suite,666,V59_N480_EQ_306,V59_N480_EQ_306,experiments/kernel_replay_v59_scaling_curve/generated_coq/n480/V59_N480_EQ_306.v,1,accept,kernel_success,coqchk_success,experiments/kernel_replay_v59_scaling_curve/logs/n480.batch_coqchk.log,1,accepted_kernel_checked
V59,scaling curve suite,667,V59_N480_SECTION_307,V59_N480_SECTION_307,experiments/kernel_replay_v59_scaling_curve/generated_coq/n480/V59_N480_SECTION_307.v,1,accept,kernel_success,coqchk_success,experiments/kernel_replay_v59_scaling_curve/logs/n480.batch_coqchk.log,1,accepted_kernel_checked
V59,scaling curve suite,668,V59_N480_RETRACTION_308,V59_N480_RETRACTION_308,experiments/kernel_replay_v59_scaling_curve/generated_coq/n480/V59_N480_RETRACTION_308.v,1,accept,kernel_success,coqchk_success,experiments/kernel_replay_v59_scaling_curve/logs/n480.batch_coqchk.log,1,accepted_kernel_checked
V59,scaling curve suite,669,V59_N480_LOGICAL_309,V59_N480_LOGICAL_309,experiments/kernel_replay_v59_scaling_curve/generated_coq/n480/V59_N480_LOGICAL_309.v,1,accept,kernel_success,coqchk_success,experiments/kernel_replay_v59_scaling_curve/logs/n480.batch_coqchk.log,1,accepted_kernel_checked
V59,scaling curve suite,670,V59_N480_PRODUCT_310,V59_N480_PRODUCT_310,experiments/kernel_replay_v59_scaling_curve/generated_coq/n480/V59_N480_PRODUCT_310.v,1,accept,kernel_success,coqchk_success,experiments/kernel_replay_v59_scaling_curve/logs/n480.batch_coqchk.log,1,accepted_kernel_checked
V59,scaling curve suite,671,V59_N480_EQ_311,V59_N480_EQ_311,experiments/kernel_replay_v59_scaling_curve/generated_coq/n480/V59_N480_EQ_311.v,1,accept,kernel_success,coqchk_success,experiments/kernel_replay_v59_scaling_curve/logs/n480.batch_coqchk.log,1,accepted_kernel_checked
V59,scaling curve suite,672,V59_N480_SECTION_312,V59_N480_SECTION_312,experiments/kernel_replay_v59_scaling_curve/generated_coq/n480/V59_N480_SECTION_312.v,1,accept,kernel_success,coqchk_success,experiments/kernel_replay_v59_scaling_curve/logs/n480.batch_coqchk.log,1,accepted_kernel_checked
V59,scaling curve suite,673,V59_N480_RETRACTION_313,V59_N480_RETRACTION_313,experiments/kernel_replay_v59_scaling_curve/generated_coq/n480/V59_N480_RETRACTION_313.v,1,accept,kernel_success,coqchk_success,experiments/kernel_replay_v59_scaling_curve/logs/n480.batch_coqchk.log,1,accepted_kernel_checked
V59,scaling curve suite,674,V59_N480_LOGICAL_314,V59_N480_LOGICAL_314,experiments/kernel_replay_v59_scaling_curve/generated_coq/n480/V59_N480_LOGICAL_314.v,1,accept,kernel_success,coqchk_success,experiments/kernel_replay_v59_scaling_curve/logs/n480.batch_coqchk.log,1,accepted_kernel_checked
V59,scaling curve suite,675,V59_N480_PRODUCT_315,V59_N480_PRODUCT_315,experiments/kernel_replay_v59_scaling_curve/generated_coq/n480/V59_N480_PRODUCT_315.v,1,accept,kernel_success,coqchk_success,experiments/kernel_replay_v59_scaling_curve/logs/n480.batch_coqchk.log,1,accepted_kernel_checked
V59,scaling curve suite,676,V59_N480_EQ_316,V59_N480_EQ_316,experiments/kernel_replay_v59_scaling_curve/generated_coq/n480/V59_N480_EQ_316.v,1,accept,kernel_success,coqchk_success,experiments/kernel_replay_v59_scaling_curve/logs/n480.batch_coqchk.log,1,accepted_kernel_checked
V59,scaling curve suite,677,V59_N480_SECTION_317,V59_N480_SECTION_317,experiments/kernel_replay_v59_scaling_curve/generated_coq/n480/V59_N480_SECTION_317.v,1,accept,kernel_success,coqchk_success,experiments/kernel_replay_v59_scaling_curve/logs/n480.batch_coqchk.log,1,accepted_kernel_checked
V59,scaling curve suite,678,V59_N480_RETRACTION_318,V59_N480_RETRACTION_318,experiments/kernel_replay_v59_scaling_curve/generated_coq/n480/V59_N480_RETRACTION_318.v,1,accept,kernel_success,coqchk_success,experiments/kernel_replay_v59_scaling_curve/logs/n480.batch_coqchk.log,1,accepted_kernel_checked
V59,scaling curve suite,679,V59_N480_LOGICAL_319,V59_N480_LOGICAL_319,experiments/kernel_replay_v59_scaling_curve/generated_coq/n480/V59_N480_LOGICAL_319.v,1,accept,kernel_success,coqchk_success,experiments/kernel_replay_v59_scaling_curve/logs/n480.batch_coqchk.log,1,accepted_kernel_checked
V59,scaling curve suite,680,V59_N480_PRODUCT_320,V59_N480_PRODUCT_320,experiments/kernel_replay_v59_scaling_curve/generated_coq/n480/V59_N480_PRODUCT_320.v,1,accept,kernel_success,coqchk_success,experiments/kernel_replay_v59_scaling_curve/logs/n480.batch_coqchk.log,1,accepted_kernel_checked
V59,scaling curve suite,681,V59_N480_EQ_321,V59_N480_EQ_321,experiments/kernel_replay_v59_scaling_curve/generated_coq/n480/V59_N480_EQ_321.v,1,accept,kernel_success,coqchk_success,experiments/kernel_replay_v59_scaling_curve/logs/n480.batch_coqchk.log,1,accepted_kernel_checked
V59,scaling curve suite,682,V59_N480_SECTION_322,V59_N480_SECTION_322,experiments/kernel_replay_v59_scaling_curve/generated_coq/n480/V59_N480_SECTION_322.v,1,accept,kernel_success,coqchk_success,experiments/kernel_replay_v59_scaling_curve/logs/n480.batch_coqchk.log,1,accepted_kernel_checked
V59,scaling curve suite,683,V59_N480_RETRACTION_323,V59_N480_RETRACTION_323,experiments/kernel_replay_v59_scaling_curve/generated_coq/n480/V59_N480_RETRACTION_323.v,1,accept,kernel_success,coqchk_success,experiments/kernel_replay_v59_scaling_curve/logs/n480.batch_coqchk.log,1,accepted_kernel_checked
V59,scaling curve suite,684,V59_N480_LOGICAL_324,V59_N480_LOGICAL_324,experiments/kernel_replay_v59_scaling_curve/generated_coq/n480/V59_N480_LOGICAL_324.v,1,accept,kernel_success,coqchk_success,experiments/kernel_replay_v59_scaling_curve/logs/n480.batch_coqchk.log,1,accepted_kernel_checked
V59,scaling curve suite,685,V59_N480_PRODUCT_325,V59_N480_PRODUCT_325,experiments/kernel_replay_v59_scaling_curve/generated_coq/n480/V59_N480_PRODUCT_325.v,1,accept,kernel_success,coqchk_success,experiments/kernel_replay_v59_scaling_curve/logs/n480.batch_coqchk.log,1,accepted_kernel_checked
V59,scaling curve suite,686,V59_N480_EQ_326,V59_N480_EQ_326,experiments/kernel_replay_v59_scaling_curve/generated_coq/n480/V59_N480_EQ_326.v,1,accept,kernel_success,coqchk_success,experiments/kernel_replay_v59_scaling_curve/logs/n480.batch_coqchk.log,1,accepted_kernel_checked
V59,scaling curve suite,687,V59_N480_SECTION_327,V59_N480_SECTION_327,experiments/kernel_replay_v59_scaling_curve/generated_coq/n480/V59_N480_SECTION_327.v,1,accept,kernel_success,coqchk_success,experiments/kernel_replay_v59_scaling_curve/logs/n480.batch_coqchk.log,1,accepted_kernel_checked
V59,scaling curve suite,688,V59_N480_RETRACTION_328,V59_N480_RETRACTION_328,experiments/kernel_replay_v59_scaling_curve/generated_coq/n480/V59_N480_RETRACTION_328.v,1,accept,kernel_success,coqchk_success,experiments/kernel_replay_v59_scaling_curve/logs/n480.batch_coqchk.log,1,accepted_kernel_checked
V59,scaling curve suite,689,V59_N480_LOGICAL_329,V59_N480_LOGICAL_329,experiments/kernel_replay_v59_scaling_curve/generated_coq/n480/V59_N480_LOGICAL_329.v,1,accept,kernel_success,coqchk_success,experiments/kernel_replay_v59_scaling_curve/logs/n480.batch_coqchk.log,1,accepted_kernel_checked
V59,scaling curve suite,690,V59_N480_PRODUCT_330,V59_N480_PRODUCT_330,experiments/kernel_replay_v59_scaling_curve/generated_coq/n480/V59_N480_PRODUCT_330.v,1,accept,kernel_success,coqchk_success,experiments/kernel_replay_v59_scaling_curve/logs/n480.batch_coqchk.log,1,accepted_kernel_checked
V59,scaling curve suite,691,V59_N480_EQ_331,V59_N480_EQ_331,experiments/kernel_replay_v59_scaling_curve/generated_coq/n480/V59_N480_EQ_331.v,1,accept,kernel_success,coqchk_success,experiments/kernel_replay_v59_scaling_curve/logs/n480.batch_coqchk.log,1,accepted_kernel_checked
V59,scaling curve suite,692,V59_N480_SECTION_332,V59_N480_SECTION_332,experiments/kernel_replay_v59_scaling_curve/generated_coq/n480/V59_N480_SECTION_332.v,1,accept,kernel_success,coqchk_success,experiments/kernel_replay_v59_scaling_curve/logs/n480.batch_coqchk.log,1,accepted_kernel_checked
V59,scaling curve suite,693,V59_N480_RETRACTION_333,V59_N480_RETRACTION_333,experiments/kernel_replay_v59_scaling_curve/generated_coq/n480/V59_N480_RETRACTION_333.v,1,accept,kernel_success,coqchk_success,experiments/kernel_replay_v59_scaling_curve/logs/n480.batch_coqchk.log,1,accepted_kernel_checked
V59,scaling curve suite,694,V59_N480_LOGICAL_334,V59_N480_LOGICAL_334,experiments/kernel_replay_v59_scaling_curve/generated_coq/n480/V59_N480_LOGICAL_334.v,1,accept,kernel_success,coqchk_success,experiments/kernel_replay_v59_scaling_curve/logs/n480.batch_coqchk.log,1,accepted_kernel_checked
V59,scaling curve suite,695,V59_N480_PRODUCT_335,V59_N480_PRODUCT_335,experiments/kernel_replay_v59_scaling_curve/generated_coq/n480/V59_N480_PRODUCT_335.v,1,accept,kernel_success,coqchk_success,experiments/kernel_replay_v59_scaling_curve/logs/n480.batch_coqchk.log,1,accepted_kernel_checked
V59,scaling curve suite,696,V59_N480_EQ_336,V59_N480_EQ_336,experiments/kernel_replay_v59_scaling_curve/generated_coq/n480/V59_N480_EQ_336.v,1,accept,kernel_success,coqchk_success,experiments/kernel_replay_v59_scaling_curve/logs/n480.batch_coqchk.log,1,accepted_kernel_checked
V59,scaling curve suite,697,V59_N480_SECTION_337,V59_N480_SECTION_337,experiments/kernel_replay_v59_scaling_curve/generated_coq/n480/V59_N480_SECTION_337.v,1,accept,kernel_success,coqchk_success,experiments/kernel_replay_v59_scaling_curve/logs/n480.batch_coqchk.log,1,accepted_kernel_checked
V59,scaling curve suite,698,V59_N480_RETRACTION_338,V59_N480_RETRACTION_338,experiments/kernel_replay_v59_scaling_curve/generated_coq/n480/V59_N480_RETRACTION_338.v,1,accept,kernel_success,coqchk_success,experiments/kernel_replay_v59_scaling_curve/logs/n480.batch_coqchk.log,1,accepted_kernel_checked
V59,scaling curve suite,699,V59_N480_LOGICAL_339,V59_N480_LOGICAL_339,experiments/kernel_replay_v59_scaling_curve/generated_coq/n480/V59_N480_LOGICAL_339.v,1,accept,kernel_success,coqchk_success,experiments/kernel_replay_v59_scaling_curve/logs/n480.batch_coqchk.log,1,accepted_kernel_checked
V59,scaling curve suite,700,V59_N480_PRODUCT_340,V59_N480_PRODUCT_340,experiments/kernel_replay_v59_scaling_curve/generated_coq/n480/V59_N480_PRODUCT_340.v,1,accept,kernel_success,coqchk_success,experiments/kernel_replay_v59_scaling_curve/logs/n480.batch_coqchk.log,1,accepted_kernel_checked
V59,scaling curve suite,701,V59_N480_EQ_341,V59_N480_EQ_341,experiments/kernel_replay_v59_scaling_curve/generated_coq/n480/V59_N480_EQ_341.v,1,accept,kernel_success,coqchk_success,experiments/kernel_replay_v59_scaling_curve/logs/n480.batch_coqchk.log,1,accepted_kernel_checked
V59,scaling curve suite,702,V59_N480_SECTION_342,V59_N480_SECTION_342,experiments/kernel_replay_v59_scaling_curve/generated_coq/n480/V59_N480_SECTION_342.v,1,accept,kernel_success,coqchk_success,experiments/kernel_replay_v59_scaling_curve/logs/n480.batch_coqchk.log,1,accepted_kernel_checked
V59,scaling curve suite,703,V59_N480_RETRACTION_343,V59_N480_RETRACTION_343,experiments/kernel_replay_v59_scaling_curve/generated_coq/n480/V59_N480_RETRACTION_343.v,1,accept,kernel_success,coqchk_success,experiments/kernel_replay_v59_scaling_curve/logs/n480.batch_coqchk.log,1,accepted_kernel_checked
V59,scaling curve suite,704,V59_N480_LOGICAL_344,V59_N480_LOGICAL_344,experiments/kernel_replay_v59_scaling_curve/generated_coq/n480/V59_N480_LOGICAL_344.v,1,accept,kernel_success,coqchk_success,experiments/kernel_replay_v59_scaling_curve/logs/n480.batch_coqchk.log,1,accepted_kernel_checked
V59,scaling curve suite,705,V59_N480_PRODUCT_345,V59_N480_PRODUCT_345,experiments/kernel_replay_v59_scaling_curve/generated_coq/n480/V59_N480_PRODUCT_345.v,1,accept,kernel_success,coqchk_success,experiments/kernel_replay_v59_scaling_curve/logs/n480.batch_coqchk.log,1,accepted_kernel_checked
V59,scaling curve suite,706,V59_N480_EQ_346,V59_N480_EQ_346,experiments/kernel_replay_v59_scaling_curve/generated_coq/n480/V59_N480_EQ_346.v,1,accept,kernel_success,coqchk_success,experiments/kernel_replay_v59_scaling_curve/logs/n480.batch_coqchk.log,1,accepted_kernel_checked
V59,scaling curve suite,707,V59_N480_SECTION_347,V59_N480_SECTION_347,experiments/kernel_replay_v59_scaling_curve/generated_coq/n480/V59_N480_SECTION_347.v,1,accept,kernel_success,coqchk_success,experiments/kernel_replay_v59_scaling_curve/logs/n480.batch_coqchk.log,1,accepted_kernel_checked
V59,scaling curve suite,708,V59_N480_RETRACTION_348,V59_N480_RETRACTION_348,experiments/kernel_replay_v59_scaling_curve/generated_coq/n480/V59_N480_RETRACTION_348.v,1,accept,kernel_success,coqchk_success,experiments/kernel_replay_v59_scaling_curve/logs/n480.batch_coqchk.log,1,accepted_kernel_checked
V59,scaling curve suite,709,V59_N480_LOGICAL_349,V59_N480_LOGICAL_349,experiments/kernel_replay_v59_scaling_curve/generated_coq/n480/V59_N480_LOGICAL_349.v,1,accept,kernel_success,coqchk_success,experiments/kernel_replay_v59_scaling_curve/logs/n480.batch_coqchk.log,1,accepted_kernel_checked
V59,scaling curve suite,710,V59_N480_PRODUCT_350,V59_N480_PRODUCT_350,experiments/kernel_replay_v59_scaling_curve/generated_coq/n480/V59_N480_PRODUCT_350.v,1,accept,kernel_success,coqchk_success,experiments/kernel_replay_v59_scaling_curve/logs/n480.batch_coqchk.log,1,accepted_kernel_checked
V59,scaling curve suite,711,V59_N480_EQ_351,V59_N480_EQ_351,experiments/kernel_replay_v59_scaling_curve/generated_coq/n480/V59_N480_EQ_351.v,1,accept,kernel_success,coqchk_success,experiments/kernel_replay_v59_scaling_curve/logs/n480.batch_coqchk.log,1,accepted_kernel_checked
V59,scaling curve suite,712,V59_N480_SECTION_352,V59_N480_SECTION_352,experiments/kernel_replay_v59_scaling_curve/generated_coq/n480/V59_N480_SECTION_352.v,1,accept,kernel_success,coqchk_success,experiments/kernel_replay_v59_scaling_curve/logs/n480.batch_coqchk.log,1,accepted_kernel_checked
V59,scaling curve suite,713,V59_N480_RETRACTION_353,V59_N480_RETRACTION_353,experiments/kernel_replay_v59_scaling_curve/generated_coq/n480/V59_N480_RETRACTION_353.v,1,accept,kernel_success,coqchk_success,experiments/kernel_replay_v59_scaling_curve/logs/n480.batch_coqchk.log,1,accepted_kernel_checked
V59,scaling curve suite,714,V59_N480_LOGICAL_354,V59_N480_LOGICAL_354,experiments/kernel_replay_v59_scaling_curve/generated_coq/n480/V59_N480_LOGICAL_354.v,1,accept,kernel_success,coqchk_success,experiments/kernel_replay_v59_scaling_curve/logs/n480.batch_coqchk.log,1,accepted_kernel_checked
V59,scaling curve suite,715,V59_N480_PRODUCT_355,V59_N480_PRODUCT_355,experiments/kernel_replay_v59_scaling_curve/generated_coq/n480/V59_N480_PRODUCT_355.v,1,accept,kernel_success,coqchk_success,experiments/kernel_replay_v59_scaling_curve/logs/n480.batch_coqchk.log,1,accepted_kernel_checked
V59,scaling curve suite,716,V59_N480_EQ_356,V59_N480_EQ_356,experiments/kernel_replay_v59_scaling_curve/generated_coq/n480/V59_N480_EQ_356.v,1,accept,kernel_success,coqchk_success,experiments/kernel_replay_v59_scaling_curve/logs/n480.batch_coqchk.log,1,accepted_kernel_checked
V59,scaling curve suite,717,V59_N480_SECTION_357,V59_N480_SECTION_357,experiments/kernel_replay_v59_scaling_curve/generated_coq/n480/V59_N480_SECTION_357.v,1,accept,kernel_success,coqchk_success,experiments/kernel_replay_v59_scaling_curve/logs/n480.batch_coqchk.log,1,accepted_kernel_checked
V59,scaling curve suite,718,V59_N480_RETRACTION_358,V59_N480_RETRACTION_358,experiments/kernel_replay_v59_scaling_curve/generated_coq/n480/V59_N480_RETRACTION_358.v,1,accept,kernel_success,coqchk_success,experiments/kernel_replay_v59_scaling_curve/logs/n480.batch_coqchk.log,1,accepted_kernel_checked
V59,scaling curve suite,719,V59_N480_LOGICAL_359,V59_N480_LOGICAL_359,experiments/kernel_replay_v59_scaling_curve/generated_coq/n480/V59_N480_LOGICAL_359.v,1,accept,kernel_success,coqchk_success,experiments/kernel_replay_v59_scaling_curve/logs/n480.batch_coqchk.log,1,accepted_kernel_checked
V59,scaling curve suite,720,V59_N480_PRODUCT_360,V59_N480_PRODUCT_360,experiments/kernel_replay_v59_scaling_curve/generated_coq/n480/V59_N480_PRODUCT_360.v,1,accept,kernel_success,coqchk_success,experiments/kernel_replay_v59_scaling_curve/logs/n480.batch_coqchk.log,1,accepted_kernel_checked
V59,scaling curve suite,721,V59_N480_EQ_361,V59_N480_EQ_361,experiments/kernel_replay_v59_scaling_curve/generated_coq/n480/V59_N480_EQ_361.v,1,accept,kernel_success,coqchk_success,experiments/kernel_replay_v59_scaling_curve/logs/n480.batch_coqchk.log,1,accepted_kernel_checked
V59,scaling curve suite,722,V59_N480_SECTION_362,V59_N480_SECTION_362,experiments/kernel_replay_v59_scaling_curve/generated_coq/n480/V59_N480_SECTION_362.v,1,accept,kernel_success,coqchk_success,experiments/kernel_replay_v59_scaling_curve/logs/n480.batch_coqchk.log,1,accepted_kernel_checked
V59,scaling curve suite,723,V59_N480_RETRACTION_363,V59_N480_RETRACTION_363,experiments/kernel_replay_v59_scaling_curve/generated_coq/n480/V59_N480_RETRACTION_363.v,1,accept,kernel_success,coqchk_success,experiments/kernel_replay_v59_scaling_curve/logs/n480.batch_coqchk.log,1,accepted_kernel_checked
V59,scaling curve suite,724,V59_N480_LOGICAL_364,V59_N480_LOGICAL_364,experiments/kernel_replay_v59_scaling_curve/generated_coq/n480/V59_N480_LOGICAL_364.v,1,accept,kernel_success,coqchk_success,experiments/kernel_replay_v59_scaling_curve/logs/n480.batch_coqchk.log,1,accepted_kernel_checked
V59,scaling curve suite,725,V59_N480_PRODUCT_365,V59_N480_PRODUCT_365,experiments/kernel_replay_v59_scaling_curve/generated_coq/n480/V59_N480_PRODUCT_365.v,1,accept,kernel_success,coqchk_success,experiments/kernel_replay_v59_scaling_curve/logs/n480.batch_coqchk.log,1,accepted_kernel_checked
V59,scaling curve suite,726,V59_N480_EQ_366,V59_N480_EQ_366,experiments/kernel_replay_v59_scaling_curve/generated_coq/n480/V59_N480_EQ_366.v,1,accept,kernel_success,coqchk_success,experiments/kernel_replay_v59_scaling_curve/logs/n480.batch_coqchk.log,1,accepted_kernel_checked
V59,scaling curve suite,727,V59_N480_SECTION_367,V59_N480_SECTION_367,experiments/kernel_replay_v59_scaling_curve/generated_coq/n480/V59_N480_SECTION_367.v,1,accept,kernel_success,coqchk_success,experiments/kernel_replay_v59_scaling_curve/logs/n480.batch_coqchk.log,1,accepted_kernel_checked
V59,scaling curve suite,728,V59_N480_RETRACTION_368,V59_N480_RETRACTION_368,experiments/kernel_replay_v59_scaling_curve/generated_coq/n480/V59_N480_RETRACTION_368.v,1,accept,kernel_success,coqchk_success,experiments/kernel_replay_v59_scaling_curve/logs/n480.batch_coqchk.log,1,accepted_kernel_checked
V59,scaling curve suite,729,V59_N480_LOGICAL_369,V59_N480_LOGICAL_369,experiments/kernel_replay_v59_scaling_curve/generated_coq/n480/V59_N480_LOGICAL_369.v,1,accept,kernel_success,coqchk_success,experiments/kernel_replay_v59_scaling_curve/logs/n480.batch_coqchk.log,1,accepted_kernel_checked
V59,scaling curve suite,730,V59_N480_PRODUCT_370,V59_N480_PRODUCT_370,experiments/kernel_replay_v59_scaling_curve/generated_coq/n480/V59_N480_PRODUCT_370.v,1,accept,kernel_success,coqchk_success,experiments/kernel_replay_v59_scaling_curve/logs/n480.batch_coqchk.log,1,accepted_kernel_checked
V59,scaling curve suite,731,V59_N480_EQ_371,V59_N480_EQ_371,experiments/kernel_replay_v59_scaling_curve/generated_coq/n480/V59_N480_EQ_371.v,1,accept,kernel_success,coqchk_success,experiments/kernel_replay_v59_scaling_curve/logs/n480.batch_coqchk.log,1,accepted_kernel_checked
V59,scaling curve suite,732,V59_N480_SECTION_372,V59_N480_SECTION_372,experiments/kernel_replay_v59_scaling_curve/generated_coq/n480/V59_N480_SECTION_372.v,1,accept,kernel_success,coqchk_success,experiments/kernel_replay_v59_scaling_curve/logs/n480.batch_coqchk.log,1,accepted_kernel_checked
V59,scaling curve suite,733,V59_N480_RETRACTION_373,V59_N480_RETRACTION_373,experiments/kernel_replay_v59_scaling_curve/generated_coq/n480/V59_N480_RETRACTION_373.v,1,accept,kernel_success,coqchk_success,experiments/kernel_replay_v59_scaling_curve/logs/n480.batch_coqchk.log,1,accepted_kernel_checked
V59,scaling curve suite,734,V59_N480_LOGICAL_374,V59_N480_LOGICAL_374,experiments/kernel_replay_v59_scaling_curve/generated_coq/n480/V59_N480_LOGICAL_374.v,1,accept,kernel_success,coqchk_success,experiments/kernel_replay_v59_scaling_curve/logs/n480.batch_coqchk.log,1,accepted_kernel_checked
V59,scaling curve suite,735,V59_N480_PRODUCT_375,V59_N480_PRODUCT_375,experiments/kernel_replay_v59_scaling_curve/generated_coq/n480/V59_N480_PRODUCT_375.v,1,accept,kernel_success,coqchk_success,experiments/kernel_replay_v59_scaling_curve/logs/n480.batch_coqchk.log,1,accepted_kernel_checked
V59,scaling curve suite,736,V59_N480_EQ_376,V59_N480_EQ_376,experiments/kernel_replay_v59_scaling_curve/generated_coq/n480/V59_N480_EQ_376.v,1,accept,kernel_success,coqchk_success,experiments/kernel_replay_v59_scaling_curve/logs/n480.batch_coqchk.log,1,accepted_kernel_checked
V59,scaling curve suite,737,V59_N480_SECTION_377,V59_N480_SECTION_377,experiments/kernel_replay_v59_scaling_curve/generated_coq/n480/V59_N480_SECTION_377.v,1,accept,kernel_success,coqchk_success,experiments/kernel_replay_v59_scaling_curve/logs/n480.batch_coqchk.log,1,accepted_kernel_checked
V59,scaling curve suite,738,V59_N480_RETRACTION_378,V59_N480_RETRACTION_378,experiments/kernel_replay_v59_scaling_curve/generated_coq/n480/V59_N480_RETRACTION_378.v,1,accept,kernel_success,coqchk_success,experiments/kernel_replay_v59_scaling_curve/logs/n480.batch_coqchk.log,1,accepted_kernel_checked
V59,scaling curve suite,739,V59_N480_LOGICAL_379,V59_N480_LOGICAL_379,experiments/kernel_replay_v59_scaling_curve/generated_coq/n480/V59_N480_LOGICAL_379.v,1,accept,kernel_success,coqchk_success,experiments/kernel_replay_v59_scaling_curve/logs/n480.batch_coqchk.log,1,accepted_kernel_checked
V59,scaling curve suite,740,V59_N480_PRODUCT_380,V59_N480_PRODUCT_380,experiments/kernel_replay_v59_scaling_curve/generated_coq/n480/V59_N480_PRODUCT_380.v,1,accept,kernel_success,coqchk_success,experiments/kernel_replay_v59_scaling_curve/logs/n480.batch_coqchk.log,1,accepted_kernel_checked
V59,scaling curve suite,741,V59_N480_EQ_381,V59_N480_EQ_381,experiments/kernel_replay_v59_scaling_curve/generated_coq/n480/V59_N480_EQ_381.v,1,accept,kernel_success,coqchk_success,experiments/kernel_replay_v59_scaling_curve/logs/n480.batch_coqchk.log,1,accepted_kernel_checked
V59,scaling curve suite,742,V59_N480_SECTION_382,V59_N480_SECTION_382,experiments/kernel_replay_v59_scaling_curve/generated_coq/n480/V59_N480_SECTION_382.v,1,accept,kernel_success,coqchk_success,experiments/kernel_replay_v59_scaling_curve/logs/n480.batch_coqchk.log,1,accepted_kernel_checked
V59,scaling curve suite,743,V59_N480_RETRACTION_383,V59_N480_RETRACTION_383,experiments/kernel_replay_v59_scaling_curve/generated_coq/n480/V59_N480_RETRACTION_383.v,1,accept,kernel_success,coqchk_success,experiments/kernel_replay_v59_scaling_curve/logs/n480.batch_coqchk.log,1,accepted_kernel_checked
V59,scaling curve suite,744,V59_N480_LOGICAL_384,V59_N480_LOGICAL_384,experiments/kernel_replay_v59_scaling_curve/generated_coq/n480/V59_N480_LOGICAL_384.v,1,accept,kernel_success,coqchk_success,experiments/kernel_replay_v59_scaling_curve/logs/n480.batch_coqchk.log,1,accepted_kernel_checked
V59,scaling curve suite,745,V59_N480_PRODUCT_385,V59_N480_PRODUCT_385,experiments/kernel_replay_v59_scaling_curve/generated_coq/n480/V59_N480_PRODUCT_385.v,1,accept,kernel_success,coqchk_success,experiments/kernel_replay_v59_scaling_curve/logs/n480.batch_coqchk.log,1,accepted_kernel_checked
V59,scaling curve suite,746,V59_N480_EQ_386,V59_N480_EQ_386,experiments/kernel_replay_v59_scaling_curve/generated_coq/n480/V59_N480_EQ_386.v,1,accept,kernel_success,coqchk_success,experiments/kernel_replay_v59_scaling_curve/logs/n480.batch_coqchk.log,1,accepted_kernel_checked
V59,scaling curve suite,747,V59_N480_SECTION_387,V59_N480_SECTION_387,experiments/kernel_replay_v59_scaling_curve/generated_coq/n480/V59_N480_SECTION_387.v,1,accept,kernel_success,coqchk_success,experiments/kernel_replay_v59_scaling_curve/logs/n480.batch_coqchk.log,1,accepted_kernel_checked
V59,scaling curve suite,748,V59_N480_RETRACTION_388,V59_N480_RETRACTION_388,experiments/kernel_replay_v59_scaling_curve/generated_coq/n480/V59_N480_RETRACTION_388.v,1,accept,kernel_success,coqchk_success,experiments/kernel_replay_v59_scaling_curve/logs/n480.batch_coqchk.log,1,accepted_kernel_checked
V59,scaling curve suite,749,V59_N480_LOGICAL_389,V59_N480_LOGICAL_389,experiments/kernel_replay_v59_scaling_curve/generated_coq/n480/V59_N480_LOGICAL_389.v,1,accept,kernel_success,coqchk_success,experiments/kernel_replay_v59_scaling_curve/logs/n480.batch_coqchk.log,1,accepted_kernel_checked
V59,scaling curve suite,750,V59_N480_PRODUCT_390,V59_N480_PRODUCT_390,experiments/kernel_replay_v59_scaling_curve/generated_coq/n480/V59_N480_PRODUCT_390.v,1,accept,kernel_success,coqchk_success,experiments/kernel_replay_v59_scaling_curve/logs/n480.batch_coqchk.log,1,accepted_kernel_checked
V59,scaling curve suite,751,V59_N480_EQ_391,V59_N480_EQ_391,experiments/kernel_replay_v59_scaling_curve/generated_coq/n480/V59_N480_EQ_391.v,1,accept,kernel_success,coqchk_success,experiments/kernel_replay_v59_scaling_curve/logs/n480.batch_coqchk.log,1,accepted_kernel_checked
V59,scaling curve suite,752,V59_N480_SECTION_392,V59_N480_SECTION_392,experiments/kernel_replay_v59_scaling_curve/generated_coq/n480/V59_N480_SECTION_392.v,1,accept,kernel_success,coqchk_success,experiments/kernel_replay_v59_scaling_curve/logs/n480.batch_coqchk.log,1,accepted_kernel_checked
V59,scaling curve suite,753,V59_N480_RETRACTION_393,V59_N480_RETRACTION_393,experiments/kernel_replay_v59_scaling_curve/generated_coq/n480/V59_N480_RETRACTION_393.v,1,accept,kernel_success,coqchk_success,experiments/kernel_replay_v59_scaling_curve/logs/n480.batch_coqchk.log,1,accepted_kernel_checked
V59,scaling curve suite,754,V59_N480_LOGICAL_394,V59_N480_LOGICAL_394,experiments/kernel_replay_v59_scaling_curve/generated_coq/n480/V59_N480_LOGICAL_394.v,1,accept,kernel_success,coqchk_success,experiments/kernel_replay_v59_scaling_curve/logs/n480.batch_coqchk.log,1,accepted_kernel_checked
V59,scaling curve suite,755,V59_N480_PRODUCT_395,V59_N480_PRODUCT_395,experiments/kernel_replay_v59_scaling_curve/generated_coq/n480/V59_N480_PRODUCT_395.v,1,accept,kernel_success,coqchk_success,experiments/kernel_replay_v59_scaling_curve/logs/n480.batch_coqchk.log,1,accepted_kernel_checked
V59,scaling curve suite,756,V59_N480_EQ_396,V59_N480_EQ_396,experiments/kernel_replay_v59_scaling_curve/generated_coq/n480/V59_N480_EQ_396.v,1,accept,kernel_success,coqchk_success,experiments/kernel_replay_v59_scaling_curve/logs/n480.batch_coqchk.log,1,accepted_kernel_checked
V59,scaling curve suite,757,V59_N480_SECTION_397,V59_N480_SECTION_397,experiments/kernel_replay_v59_scaling_curve/generated_coq/n480/V59_N480_SECTION_397.v,1,accept,kernel_success,coqchk_success,experiments/kernel_replay_v59_scaling_curve/logs/n480.batch_coqchk.log,1,accepted_kernel_checked
V59,scaling curve suite,758,V59_N480_RETRACTION_398,V59_N480_RETRACTION_398,experiments/kernel_replay_v59_scaling_curve/generated_coq/n480/V59_N480_RETRACTION_398.v,1,accept,kernel_success,coqchk_success,experiments/kernel_replay_v59_scaling_curve/logs/n480.batch_coqchk.log,1,accepted_kernel_checked
V59,scaling curve suite,759,V59_N480_LOGICAL_399,V59_N480_LOGICAL_399,experiments/kernel_replay_v59_scaling_curve/generated_coq/n480/V59_N480_LOGICAL_399.v,1,accept,kernel_success,coqchk_success,experiments/kernel_replay_v59_scaling_curve/logs/n480.batch_coqchk.log,1,accepted_kernel_checked
V59,scaling curve suite,760,V59_N480_PRODUCT_400,V59_N480_PRODUCT_400,experiments/kernel_replay_v59_scaling_curve/generated_coq/n480/V59_N480_PRODUCT_400.v,1,accept,kernel_success,coqchk_success,experiments/kernel_replay_v59_scaling_curve/logs/n480.batch_coqchk.log,1,accepted_kernel_checked
V59,scaling curve suite,761,V59_N480_EQ_401,V59_N480_EQ_401,experiments/kernel_replay_v59_scaling_curve/generated_coq/n480/V59_N480_EQ_401.v,1,accept,kernel_success,coqchk_success,experiments/kernel_replay_v59_scaling_curve/logs/n480.batch_coqchk.log,1,accepted_kernel_checked
V59,scaling curve suite,762,V59_N480_SECTION_402,V59_N480_SECTION_402,experiments/kernel_replay_v59_scaling_curve/generated_coq/n480/V59_N480_SECTION_402.v,1,accept,kernel_success,coqchk_success,experiments/kernel_replay_v59_scaling_curve/logs/n480.batch_coqchk.log,1,accepted_kernel_checked
V59,scaling curve suite,763,V59_N480_RETRACTION_403,V59_N480_RETRACTION_403,experiments/kernel_replay_v59_scaling_curve/generated_coq/n480/V59_N480_RETRACTION_403.v,1,accept,kernel_success,coqchk_success,experiments/kernel_replay_v59_scaling_curve/logs/n480.batch_coqchk.log,1,accepted_kernel_checked
V59,scaling curve suite,764,V59_N480_LOGICAL_404,V59_N480_LOGICAL_404,experiments/kernel_replay_v59_scaling_curve/generated_coq/n480/V59_N480_LOGICAL_404.v,1,accept,kernel_success,coqchk_success,experiments/kernel_replay_v59_scaling_curve/logs/n480.batch_coqchk.log,1,accepted_kernel_checked
V59,scaling curve suite,765,V59_N480_PRODUCT_405,V59_N480_PRODUCT_405,experiments/kernel_replay_v59_scaling_curve/generated_coq/n480/V59_N480_PRODUCT_405.v,1,accept,kernel_success,coqchk_success,experiments/kernel_replay_v59_scaling_curve/logs/n480.batch_coqchk.log,1,accepted_kernel_checked
V59,scaling curve suite,766,V59_N480_EQ_406,V59_N480_EQ_406,experiments/kernel_replay_v59_scaling_curve/generated_coq/n480/V59_N480_EQ_406.v,1,accept,kernel_success,coqchk_success,experiments/kernel_replay_v59_scaling_curve/logs/n480.batch_coqchk.log,1,accepted_kernel_checked
V59,scaling curve suite,767,V59_N480_SECTION_407,V59_N480_SECTION_407,experiments/kernel_replay_v59_scaling_curve/generated_coq/n480/V59_N480_SECTION_407.v,1,accept,kernel_success,coqchk_success,experiments/kernel_replay_v59_scaling_curve/logs/n480.batch_coqchk.log,1,accepted_kernel_checked
V59,scaling curve suite,768,V59_N480_RETRACTION_408,V59_N480_RETRACTION_408,experiments/kernel_replay_v59_scaling_curve/generated_coq/n480/V59_N480_RETRACTION_408.v,1,accept,kernel_success,coqchk_success,experiments/kernel_replay_v59_scaling_curve/logs/n480.batch_coqchk.log,1,accepted_kernel_checked
V59,scaling curve suite,769,V59_N480_LOGICAL_409,V59_N480_LOGICAL_409,experiments/kernel_replay_v59_scaling_curve/generated_coq/n480/V59_N480_LOGICAL_409.v,1,accept,kernel_success,coqchk_success,experiments/kernel_replay_v59_scaling_curve/logs/n480.batch_coqchk.log,1,accepted_kernel_checked
V59,scaling curve suite,770,V59_N480_PRODUCT_410,V59_N480_PRODUCT_410,experiments/kernel_replay_v59_scaling_curve/generated_coq/n480/V59_N480_PRODUCT_410.v,1,accept,kernel_success,coqchk_success,experiments/kernel_replay_v59_scaling_curve/logs/n480.batch_coqchk.log,1,accepted_kernel_checked
V59,scaling curve suite,771,V59_N480_EQ_411,V59_N480_EQ_411,experiments/kernel_replay_v59_scaling_curve/generated_coq/n480/V59_N480_EQ_411.v,1,accept,kernel_success,coqchk_success,experiments/kernel_replay_v59_scaling_curve/logs/n480.batch_coqchk.log,1,accepted_kernel_checked
V59,scaling curve suite,772,V59_N480_SECTION_412,V59_N480_SECTION_412,experiments/kernel_replay_v59_scaling_curve/generated_coq/n480/V59_N480_SECTION_412.v,1,accept,kernel_success,coqchk_success,experiments/kernel_replay_v59_scaling_curve/logs/n480.batch_coqchk.log,1,accepted_kernel_checked
V59,scaling curve suite,773,V59_N480_RETRACTION_413,V59_N480_RETRACTION_413,experiments/kernel_replay_v59_scaling_curve/generated_coq/n480/V59_N480_RETRACTION_413.v,1,accept,kernel_success,coqchk_success,experiments/kernel_replay_v59_scaling_curve/logs/n480.batch_coqchk.log,1,accepted_kernel_checked
V59,scaling curve suite,774,V59_N480_LOGICAL_414,V59_N480_LOGICAL_414,experiments/kernel_replay_v59_scaling_curve/generated_coq/n480/V59_N480_LOGICAL_414.v,1,accept,kernel_success,coqchk_success,experiments/kernel_replay_v59_scaling_curve/logs/n480.batch_coqchk.log,1,accepted_kernel_checked
V59,scaling curve suite,775,V59_N480_PRODUCT_415,V59_N480_PRODUCT_415,experiments/kernel_replay_v59_scaling_curve/generated_coq/n480/V59_N480_PRODUCT_415.v,1,accept,kernel_success,coqchk_success,experiments/kernel_replay_v59_scaling_curve/logs/n480.batch_coqchk.log,1,accepted_kernel_checked
V59,scaling curve suite,776,V59_N480_EQ_416,V59_N480_EQ_416,experiments/kernel_replay_v59_scaling_curve/generated_coq/n480/V59_N480_EQ_416.v,1,accept,kernel_success,coqchk_success,experiments/kernel_replay_v59_scaling_curve/logs/n480.batch_coqchk.log,1,accepted_kernel_checked
V59,scaling curve suite,777,V59_N480_SECTION_417,V59_N480_SECTION_417,experiments/kernel_replay_v59_scaling_curve/generated_coq/n480/V59_N480_SECTION_417.v,1,accept,kernel_success,coqchk_success,experiments/kernel_replay_v59_scaling_curve/logs/n480.batch_coqchk.log,1,accepted_kernel_checked
V59,scaling curve suite,778,V59_N480_RETRACTION_418,V59_N480_RETRACTION_418,experiments/kernel_replay_v59_scaling_curve/generated_coq/n480/V59_N480_RETRACTION_418.v,1,accept,kernel_success,coqchk_success,experiments/kernel_replay_v59_scaling_curve/logs/n480.batch_coqchk.log,1,accepted_kernel_checked
V59,scaling curve suite,779,V59_N480_LOGICAL_419,V59_N480_LOGICAL_419,experiments/kernel_replay_v59_scaling_curve/generated_coq/n480/V59_N480_LOGICAL_419.v,1,accept,kernel_success,coqchk_success,experiments/kernel_replay_v59_scaling_curve/logs/n480.batch_coqchk.log,1,accepted_kernel_checked
V59,scaling curve suite,780,V59_N480_PRODUCT_420,V59_N480_PRODUCT_420,experiments/kernel_replay_v59_scaling_curve/generated_coq/n480/V59_N480_PRODUCT_420.v,1,accept,kernel_success,coqchk_success,experiments/kernel_replay_v59_scaling_curve/logs/n480.batch_coqchk.log,1,accepted_kernel_checked
V59,scaling curve suite,781,V59_N480_EQ_421,V59_N480_EQ_421,experiments/kernel_replay_v59_scaling_curve/generated_coq/n480/V59_N480_EQ_421.v,1,accept,kernel_success,coqchk_success,experiments/kernel_replay_v59_scaling_curve/logs/n480.batch_coqchk.log,1,accepted_kernel_checked
V59,scaling curve suite,782,V59_N480_SECTION_422,V59_N480_SECTION_422,experiments/kernel_replay_v59_scaling_curve/generated_coq/n480/V59_N480_SECTION_422.v,1,accept,kernel_success,coqchk_success,experiments/kernel_replay_v59_scaling_curve/logs/n480.batch_coqchk.log,1,accepted_kernel_checked
V59,scaling curve suite,783,V59_N480_RETRACTION_423,V59_N480_RETRACTION_423,experiments/kernel_replay_v59_scaling_curve/generated_coq/n480/V59_N480_RETRACTION_423.v,1,accept,kernel_success,coqchk_success,experiments/kernel_replay_v59_scaling_curve/logs/n480.batch_coqchk.log,1,accepted_kernel_checked
V59,scaling curve suite,784,V59_N480_LOGICAL_424,V59_N480_LOGICAL_424,experiments/kernel_replay_v59_scaling_curve/generated_coq/n480/V59_N480_LOGICAL_424.v,1,accept,kernel_success,coqchk_success,experiments/kernel_replay_v59_scaling_curve/logs/n480.batch_coqchk.log,1,accepted_kernel_checked
V59,scaling curve suite,785,V59_N480_PRODUCT_425,V59_N480_PRODUCT_425,experiments/kernel_replay_v59_scaling_curve/generated_coq/n480/V59_N480_PRODUCT_425.v,1,accept,kernel_success,coqchk_success,experiments/kernel_replay_v59_scaling_curve/logs/n480.batch_coqchk.log,1,accepted_kernel_checked
V59,scaling curve suite,786,V59_N480_EQ_426,V59_N480_EQ_426,experiments/kernel_replay_v59_scaling_curve/generated_coq/n480/V59_N480_EQ_426.v,1,accept,kernel_success,coqchk_success,experiments/kernel_replay_v59_scaling_curve/logs/n480.batch_coqchk.log,1,accepted_kernel_checked
V59,scaling curve suite,787,V59_N480_SECTION_427,V59_N480_SECTION_427,experiments/kernel_replay_v59_scaling_curve/generated_coq/n480/V59_N480_SECTION_427.v,1,accept,kernel_success,coqchk_success,experiments/kernel_replay_v59_scaling_curve/logs/n480.batch_coqchk.log,1,accepted_kernel_checked
V59,scaling curve suite,788,V59_N480_RETRACTION_428,V59_N480_RETRACTION_428,experiments/kernel_replay_v59_scaling_curve/generated_coq/n480/V59_N480_RETRACTION_428.v,1,accept,kernel_success,coqchk_success,experiments/kernel_replay_v59_scaling_curve/logs/n480.batch_coqchk.log,1,accepted_kernel_checked
V59,scaling curve suite,789,V59_N480_LOGICAL_429,V59_N480_LOGICAL_429,experiments/kernel_replay_v59_scaling_curve/generated_coq/n480/V59_N480_LOGICAL_429.v,1,accept,kernel_success,coqchk_success,experiments/kernel_replay_v59_scaling_curve/logs/n480.batch_coqchk.log,1,accepted_kernel_checked
V59,scaling curve suite,790,V59_N480_PRODUCT_430,V59_N480_PRODUCT_430,experiments/kernel_replay_v59_scaling_curve/generated_coq/n480/V59_N480_PRODUCT_430.v,1,accept,kernel_success,coqchk_success,experiments/kernel_replay_v59_scaling_curve/logs/n480.batch_coqchk.log,1,accepted_kernel_checked
V59,scaling curve suite,791,V59_N480_EQ_431,V59_N480_EQ_431,experiments/kernel_replay_v59_scaling_curve/generated_coq/n480/V59_N480_EQ_431.v,1,accept,kernel_success,coqchk_success,experiments/kernel_replay_v59_scaling_curve/logs/n480.batch_coqchk.log,1,accepted_kernel_checked
V59,scaling curve suite,792,V59_N480_SECTION_432,V59_N480_SECTION_432,experiments/kernel_replay_v59_scaling_curve/generated_coq/n480/V59_N480_SECTION_432.v,1,accept,kernel_success,coqchk_success,experiments/kernel_replay_v59_scaling_curve/logs/n480.batch_coqchk.log,1,accepted_kernel_checked
V59,scaling curve suite,793,V59_N480_RETRACTION_433,V59_N480_RETRACTION_433,experiments/kernel_replay_v59_scaling_curve/generated_coq/n480/V59_N480_RETRACTION_433.v,1,accept,kernel_success,coqchk_success,experiments/kernel_replay_v59_scaling_curve/logs/n480.batch_coqchk.log,1,accepted_kernel_checked
V59,scaling curve suite,794,V59_N480_LOGICAL_434,V59_N480_LOGICAL_434,experiments/kernel_replay_v59_scaling_curve/generated_coq/n480/V59_N480_LOGICAL_434.v,1,accept,kernel_success,coqchk_success,experiments/kernel_replay_v59_scaling_curve/logs/n480.batch_coqchk.log,1,accepted_kernel_checked
V59,scaling curve suite,795,V59_N480_PRODUCT_435,V59_N480_PRODUCT_435,experiments/kernel_replay_v59_scaling_curve/generated_coq/n480/V59_N480_PRODUCT_435.v,1,accept,kernel_success,coqchk_success,experiments/kernel_replay_v59_scaling_curve/logs/n480.batch_coqchk.log,1,accepted_kernel_checked
V59,scaling curve suite,796,V59_N480_EQ_436,V59_N480_EQ_436,experiments/kernel_replay_v59_scaling_curve/generated_coq/n480/V59_N480_EQ_436.v,1,accept,kernel_success,coqchk_success,experiments/kernel_replay_v59_scaling_curve/logs/n480.batch_coqchk.log,1,accepted_kernel_checked
V59,scaling curve suite,797,V59_N480_SECTION_437,V59_N480_SECTION_437,experiments/kernel_replay_v59_scaling_curve/generated_coq/n480/V59_N480_SECTION_437.v,1,accept,kernel_success,coqchk_success,experiments/kernel_replay_v59_scaling_curve/logs/n480.batch_coqchk.log,1,accepted_kernel_checked
V59,scaling curve suite,798,V59_N480_RETRACTION_438,V59_N480_RETRACTION_438,experiments/kernel_replay_v59_scaling_curve/generated_coq/n480/V59_N480_RETRACTION_438.v,1,accept,kernel_success,coqchk_success,experiments/kernel_replay_v59_scaling_curve/logs/n480.batch_coqchk.log,1,accepted_kernel_checked
V59,scaling curve suite,799,V59_N480_LOGICAL_439,V59_N480_LOGICAL_439,experiments/kernel_replay_v59_scaling_curve/generated_coq/n480/V59_N480_LOGICAL_439.v,1,accept,kernel_success,coqchk_success,experiments/kernel_replay_v59_scaling_curve/logs/n480.batch_coqchk.log,1,accepted_kernel_checked
V59,scaling curve suite,800,V59_N480_PRODUCT_440,V59_N480_PRODUCT_440,experiments/kernel_replay_v59_scaling_curve/generated_coq/n480/V59_N480_PRODUCT_440.v,1,accept,kernel_success,coqchk_success,experiments/kernel_replay_v59_scaling_curve/logs/n480.batch_coqchk.log,1,accepted_kernel_checked
V59,scaling curve suite,801,V59_N480_EQ_441,V59_N480_EQ_441,experiments/kernel_replay_v59_scaling_curve/generated_coq/n480/V59_N480_EQ_441.v,1,accept,kernel_success,coqchk_success,experiments/kernel_replay_v59_scaling_curve/logs/n480.batch_coqchk.log,1,accepted_kernel_checked
V59,scaling curve suite,802,V59_N480_SECTION_442,V59_N480_SECTION_442,experiments/kernel_replay_v59_scaling_curve/generated_coq/n480/V59_N480_SECTION_442.v,1,accept,kernel_success,coqchk_success,experiments/kernel_replay_v59_scaling_curve/logs/n480.batch_coqchk.log,1,accepted_kernel_checked
V59,scaling curve suite,803,V59_N480_RETRACTION_443,V59_N480_RETRACTION_443,experiments/kernel_replay_v59_scaling_curve/generated_coq/n480/V59_N480_RETRACTION_443.v,1,accept,kernel_success,coqchk_success,experiments/kernel_replay_v59_scaling_curve/logs/n480.batch_coqchk.log,1,accepted_kernel_checked
V59,scaling curve suite,804,V59_N480_LOGICAL_444,V59_N480_LOGICAL_444,experiments/kernel_replay_v59_scaling_curve/generated_coq/n480/V59_N480_LOGICAL_444.v,1,accept,kernel_success,coqchk_success,experiments/kernel_replay_v59_scaling_curve/logs/n480.batch_coqchk.log,1,accepted_kernel_checked
V59,scaling curve suite,805,V59_N480_PRODUCT_445,V59_N480_PRODUCT_445,experiments/kernel_replay_v59_scaling_curve/generated_coq/n480/V59_N480_PRODUCT_445.v,1,accept,kernel_success,coqchk_success,experiments/kernel_replay_v59_scaling_curve/logs/n480.batch_coqchk.log,1,accepted_kernel_checked
V59,scaling curve suite,806,V59_N480_EQ_446,V59_N480_EQ_446,experiments/kernel_replay_v59_scaling_curve/generated_coq/n480/V59_N480_EQ_446.v,1,accept,kernel_success,coqchk_success,experiments/kernel_replay_v59_scaling_curve/logs/n480.batch_coqchk.log,1,accepted_kernel_checked
V59,scaling curve suite,807,V59_N480_SECTION_447,V59_N480_SECTION_447,experiments/kernel_replay_v59_scaling_curve/generated_coq/n480/V59_N480_SECTION_447.v,1,accept,kernel_success,coqchk_success,experiments/kernel_replay_v59_scaling_curve/logs/n480.batch_coqchk.log,1,accepted_kernel_checked
V59,scaling curve suite,808,V59_N480_RETRACTION_448,V59_N480_RETRACTION_448,experiments/kernel_replay_v59_scaling_curve/generated_coq/n480/V59_N480_RETRACTION_448.v,1,accept,kernel_success,coqchk_success,experiments/kernel_replay_v59_scaling_curve/logs/n480.batch_coqchk.log,1,accepted_kernel_checked
V59,scaling curve suite,809,V59_N480_LOGICAL_449,V59_N480_LOGICAL_449,experiments/kernel_replay_v59_scaling_curve/generated_coq/n480/V59_N480_LOGICAL_449.v,1,accept,kernel_success,coqchk_success,experiments/kernel_replay_v59_scaling_curve/logs/n480.batch_coqchk.log,1,accepted_kernel_checked
V59,scaling curve suite,810,V59_N480_PRODUCT_450,V59_N480_PRODUCT_450,experiments/kernel_replay_v59_scaling_curve/generated_coq/n480/V59_N480_PRODUCT_450.v,1,accept,kernel_success,coqchk_success,experiments/kernel_replay_v59_scaling_curve/logs/n480.batch_coqchk.log,1,accepted_kernel_checked
V59,scaling curve suite,811,V59_N480_EQ_451,V59_N480_EQ_451,experiments/kernel_replay_v59_scaling_curve/generated_coq/n480/V59_N480_EQ_451.v,1,accept,kernel_success,coqchk_success,experiments/kernel_replay_v59_scaling_curve/logs/n480.batch_coqchk.log,1,accepted_kernel_checked
V59,scaling curve suite,812,V59_N480_SECTION_452,V59_N480_SECTION_452,experiments/kernel_replay_v59_scaling_curve/generated_coq/n480/V59_N480_SECTION_452.v,1,accept,kernel_success,coqchk_success,experiments/kernel_replay_v59_scaling_curve/logs/n480.batch_coqchk.log,1,accepted_kernel_checked
V59,scaling curve suite,813,V59_N480_RETRACTION_453,V59_N480_RETRACTION_453,experiments/kernel_replay_v59_scaling_curve/generated_coq/n480/V59_N480_RETRACTION_453.v,1,accept,kernel_success,coqchk_success,experiments/kernel_replay_v59_scaling_curve/logs/n480.batch_coqchk.log,1,accepted_kernel_checked
V59,scaling curve suite,814,V59_N480_LOGICAL_454,V59_N480_LOGICAL_454,experiments/kernel_replay_v59_scaling_curve/generated_coq/n480/V59_N480_LOGICAL_454.v,1,accept,kernel_success,coqchk_success,experiments/kernel_replay_v59_scaling_curve/logs/n480.batch_coqchk.log,1,accepted_kernel_checked
V59,scaling curve suite,815,V59_N480_PRODUCT_455,V59_N480_PRODUCT_455,experiments/kernel_replay_v59_scaling_curve/generated_coq/n480/V59_N480_PRODUCT_455.v,1,accept,kernel_success,coqchk_success,experiments/kernel_replay_v59_scaling_curve/logs/n480.batch_coqchk.log,1,accepted_kernel_checked
V59,scaling curve suite,816,V59_N480_EQ_456,V59_N480_EQ_456,experiments/kernel_replay_v59_scaling_curve/generated_coq/n480/V59_N480_EQ_456.v,1,accept,kernel_success,coqchk_success,experiments/kernel_replay_v59_scaling_curve/logs/n480.batch_coqchk.log,1,accepted_kernel_checked
V59,scaling curve suite,817,V59_N480_SECTION_457,V59_N480_SECTION_457,experiments/kernel_replay_v59_scaling_curve/generated_coq/n480/V59_N480_SECTION_457.v,1,accept,kernel_success,coqchk_success,experiments/kernel_replay_v59_scaling_curve/logs/n480.batch_coqchk.log,1,accepted_kernel_checked
V59,scaling curve suite,818,V59_N480_RETRACTION_458,V59_N480_RETRACTION_458,experiments/kernel_replay_v59_scaling_curve/generated_coq/n480/V59_N480_RETRACTION_458.v,1,accept,kernel_success,coqchk_success,experiments/kernel_replay_v59_scaling_curve/logs/n480.batch_coqchk.log,1,accepted_kernel_checked
V59,scaling curve suite,819,V59_N480_LOGICAL_459,V59_N480_LOGICAL_459,experiments/kernel_replay_v59_scaling_curve/generated_coq/n480/V59_N480_LOGICAL_459.v,1,accept,kernel_success,coqchk_success,experiments/kernel_replay_v59_scaling_curve/logs/n480.batch_coqchk.log,1,accepted_kernel_checked
V59,scaling curve suite,820,V59_N480_PRODUCT_460,V59_N480_PRODUCT_460,experiments/kernel_replay_v59_scaling_curve/generated_coq/n480/V59_N480_PRODUCT_460.v,1,accept,kernel_success,coqchk_success,experiments/kernel_replay_v59_scaling_curve/logs/n480.batch_coqchk.log,1,accepted_kernel_checked
V59,scaling curve suite,821,V59_N480_EQ_461,V59_N480_EQ_461,experiments/kernel_replay_v59_scaling_curve/generated_coq/n480/V59_N480_EQ_461.v,1,accept,kernel_success,coqchk_success,experiments/kernel_replay_v59_scaling_curve/logs/n480.batch_coqchk.log,1,accepted_kernel_checked
V59,scaling curve suite,822,V59_N480_SECTION_462,V59_N480_SECTION_462,experiments/kernel_replay_v59_scaling_curve/generated_coq/n480/V59_N480_SECTION_462.v,1,accept,kernel_success,coqchk_success,experiments/kernel_replay_v59_scaling_curve/logs/n480.batch_coqchk.log,1,accepted_kernel_checked
V59,scaling curve suite,823,V59_N480_RETRACTION_463,V59_N480_RETRACTION_463,experiments/kernel_replay_v59_scaling_curve/generated_coq/n480/V59_N480_RETRACTION_463.v,1,accept,kernel_success,coqchk_success,experiments/kernel_replay_v59_scaling_curve/logs/n480.batch_coqchk.log,1,accepted_kernel_checked
V59,scaling curve suite,824,V59_N480_LOGICAL_464,V59_N480_LOGICAL_464,experiments/kernel_replay_v59_scaling_curve/generated_coq/n480/V59_N480_LOGICAL_464.v,1,accept,kernel_success,coqchk_success,experiments/kernel_replay_v59_scaling_curve/logs/n480.batch_coqchk.log,1,accepted_kernel_checked
V59,scaling curve suite,825,V59_N480_PRODUCT_465,V59_N480_PRODUCT_465,experiments/kernel_replay_v59_scaling_curve/generated_coq/n480/V59_N480_PRODUCT_465.v,1,accept,kernel_success,coqchk_success,experiments/kernel_replay_v59_scaling_curve/logs/n480.batch_coqchk.log,1,accepted_kernel_checked
V59,scaling curve suite,826,V59_N480_EQ_466,V59_N480_EQ_466,experiments/kernel_replay_v59_scaling_curve/generated_coq/n480/V59_N480_EQ_466.v,1,accept,kernel_success,coqchk_success,experiments/kernel_replay_v59_scaling_curve/logs/n480.batch_coqchk.log,1,accepted_kernel_checked
V59,scaling curve suite,827,V59_N480_SECTION_467,V59_N480_SECTION_467,experiments/kernel_replay_v59_scaling_curve/generated_coq/n480/V59_N480_SECTION_467.v,1,accept,kernel_success,coqchk_success,experiments/kernel_replay_v59_scaling_curve/logs/n480.batch_coqchk.log,1,accepted_kernel_checked
V59,scaling curve suite,828,V59_N480_RETRACTION_468,V59_N480_RETRACTION_468,experiments/kernel_replay_v59_scaling_curve/generated_coq/n480/V59_N480_RETRACTION_468.v,1,accept,kernel_success,coqchk_success,experiments/kernel_replay_v59_scaling_curve/logs/n480.batch_coqchk.log,1,accepted_kernel_checked
V59,scaling curve suite,829,V59_N480_LOGICAL_469,V59_N480_LOGICAL_469,experiments/kernel_replay_v59_scaling_curve/generated_coq/n480/V59_N480_LOGICAL_469.v,1,accept,kernel_success,coqchk_success,experiments/kernel_replay_v59_scaling_curve/logs/n480.batch_coqchk.log,1,accepted_kernel_checked
V59,scaling curve suite,830,V59_N480_PRODUCT_470,V59_N480_PRODUCT_470,experiments/kernel_replay_v59_scaling_curve/generated_coq/n480/V59_N480_PRODUCT_470.v,1,accept,kernel_success,coqchk_success,experiments/kernel_replay_v59_scaling_curve/logs/n480.batch_coqchk.log,1,accepted_kernel_checked
V59,scaling curve suite,831,V59_N480_EQ_471,V59_N480_EQ_471,experiments/kernel_replay_v59_scaling_curve/generated_coq/n480/V59_N480_EQ_471.v,1,accept,kernel_success,coqchk_success,experiments/kernel_replay_v59_scaling_curve/logs/n480.batch_coqchk.log,1,accepted_kernel_checked
V59,scaling curve suite,832,V59_N480_SECTION_472,V59_N480_SECTION_472,experiments/kernel_replay_v59_scaling_curve/generated_coq/n480/V59_N480_SECTION_472.v,1,accept,kernel_success,coqchk_success,experiments/kernel_replay_v59_scaling_curve/logs/n480.batch_coqchk.log,1,accepted_kernel_checked
V59,scaling curve suite,833,V59_N480_RETRACTION_473,V59_N480_RETRACTION_473,experiments/kernel_replay_v59_scaling_curve/generated_coq/n480/V59_N480_RETRACTION_473.v,1,accept,kernel_success,coqchk_success,experiments/kernel_replay_v59_scaling_curve/logs/n480.batch_coqchk.log,1,accepted_kernel_checked
V59,scaling curve suite,834,V59_N480_LOGICAL_474,V59_N480_LOGICAL_474,experiments/kernel_replay_v59_scaling_curve/generated_coq/n480/V59_N480_LOGICAL_474.v,1,accept,kernel_success,coqchk_success,experiments/kernel_replay_v59_scaling_curve/logs/n480.batch_coqchk.log,1,accepted_kernel_checked
V59,scaling curve suite,835,V59_N480_PRODUCT_475,V59_N480_PRODUCT_475,experiments/kernel_replay_v59_scaling_curve/generated_coq/n480/V59_N480_PRODUCT_475.v,1,accept,kernel_success,coqchk_success,experiments/kernel_replay_v59_scaling_curve/logs/n480.batch_coqchk.log,1,accepted_kernel_checked
V59,scaling curve suite,836,V59_N480_EQ_476,V59_N480_EQ_476,experiments/kernel_replay_v59_scaling_curve/generated_coq/n480/V59_N480_EQ_476.v,1,accept,kernel_success,coqchk_success,experiments/kernel_replay_v59_scaling_curve/logs/n480.batch_coqchk.log,1,accepted_kernel_checked
V59,scaling curve suite,837,V59_N480_SECTION_477,V59_N480_SECTION_477,experiments/kernel_replay_v59_scaling_curve/generated_coq/n480/V59_N480_SECTION_477.v,1,accept,kernel_success,coqchk_success,experiments/kernel_replay_v59_scaling_curve/logs/n480.batch_coqchk.log,1,accepted_kernel_checked
V59,scaling curve suite,838,V59_N480_RETRACTION_478,V59_N480_RETRACTION_478,experiments/kernel_replay_v59_scaling_curve/generated_coq/n480/V59_N480_RETRACTION_478.v,1,accept,kernel_success,coqchk_success,experiments/kernel_replay_v59_scaling_curve/logs/n480.batch_coqchk.log,1,accepted_kernel_checked
V59,scaling curve suite,839,V59_N480_LOGICAL_479,V59_N480_LOGICAL_479,experiments/kernel_replay_v59_scaling_curve/generated_coq/n480/V59_N480_LOGICAL_479.v,1,accept,kernel_success,coqchk_success,experiments/kernel_replay_v59_scaling_curve/logs/n480.batch_coqchk.log,1,accepted_kernel_checked
V59,scaling curve suite,840,V59_N480_PRODUCT_480,V59_N480_PRODUCT_480,experiments/kernel_replay_v59_scaling_curve/generated_coq/n480/V59_N480_PRODUCT_480.v,1,accept,kernel_success,coqchk_success,experiments/kernel_replay_v59_scaling_curve/logs/n480.batch_coqchk.log,1,accepted_kernel_checked
V60,case-study suite,1,V60_RecordTuple,V60_RecordTuple,experiments/kernel_replay_v60_case_studies/coq/V60_RecordTuple.v,1,accept,kernel_success,coqchk_success,experiments/kernel_replay_v60_case_studies/logs/batch_coqchk.log,1,accepted_kernel_checked
V60,case-study suite,2,V60_BoolNatEncoding,V60_BoolNatEncoding,experiments/kernel_replay_v60_case_studies/coq/V60_BoolNatEncoding.v,1,accept,kernel_success,coqchk_success,experiments/kernel_replay_v60_case_studies/logs/batch_coqchk.log,1,accepted_kernel_checked
V60,case-study suite,3,V60_OptionSentinel,V60_OptionSentinel,experiments/kernel_replay_v60_case_studies/coq/V60_OptionSentinel.v,1,accept,kernel_success,coqchk_success,experiments/kernel_replay_v60_case_studies/logs/batch_coqchk.log,1,accepted_kernel_checked
V60,case-study suite,4,V60_StackWrapper,V60_StackWrapper,experiments/kernel_replay_v60_case_studies/coq/V60_StackWrapper.v,1,accept,kernel_success,coqchk_success,experiments/kernel_replay_v60_case_studies/logs/batch_coqchk.log,1,accepted_kernel_checked
V60,case-study suite,5,V60_ListMapIdentity,V60_ListMapIdentity,experiments/kernel_replay_v60_case_studies/coq/V60_ListMapIdentity.v,1,accept,kernel_success,coqchk_success,experiments/kernel_replay_v60_case_studies/logs/batch_coqchk.log,1,accepted_kernel_checked
V60,case-study suite,6,V60_AssocLookup,V60_AssocLookup,experiments/kernel_replay_v60_case_studies/coq/V60_AssocLookup.v,1,accept,kernel_success,coqchk_success,experiments/kernel_replay_v60_case_studies/logs/batch_coqchk.log,1,accepted_kernel_checked
V60,case-study suite,7,V60_TreeMirror,V60_TreeMirror,experiments/kernel_replay_v60_case_studies/coq/V60_TreeMirror.v,1,accept,kernel_success,coqchk_success,experiments/kernel_replay_v60_case_studies/logs/batch_coqchk.log,1,accepted_kernel_checked
V60,case-study suite,8,V60_ExprSimplifier,V60_ExprSimplifier,experiments/kernel_replay_v60_case_studies/coq/V60_ExprSimplifier.v,1,accept,kernel_success,coqchk_success,experiments/kernel_replay_v60_case_studies/logs/batch_coqchk.log,1,accepted_kernel_checked
V60,case-study suite,9,V60_ProductSwap,V60_ProductSwap,experiments/kernel_replay_v60_case_studies/coq/V60_ProductSwap.v,1,accept,kernel_success,coqchk_success,experiments/kernel_replay_v60_case_studies/logs/batch_coqchk.log,1,accepted_kernel_checked
V60,case-study suite,10,V60_SigmaPackage,V60_SigmaPackage,experiments/kernel_replay_v60_case_studies/coq/V60_SigmaPackage.v,1,accept,kernel_success,coqchk_success,experiments/kernel_replay_v60_case_studies/logs/batch_coqchk.log,1,accepted_kernel_checked
V60,case-study suite,11,V60_SetLikeList,V60_SetLikeList,experiments/kernel_replay_v60_case_studies/coq/V60_SetLikeList.v,1,accept,kernel_success,coqchk_success,experiments/kernel_replay_v60_case_studies/logs/batch_coqchk.log,1,accepted_kernel_checked
V60,case-study suite,12,V60_PairAccumulator,V60_PairAccumulator,experiments/kernel_replay_v60_case_studies/coq/V60_PairAccumulator.v,1,accept,kernel_success,coqchk_success,experiments/kernel_replay_v60_case_studies/logs/batch_coqchk.log,1,accepted_kernel_checked
V63,library migration suite,1,V63_record_tuple_001,V63_record_tuple_001,experiments/kernel_replay_v63_library_migration/coq/V63_record_tuple_001.v,1,accept,kernel_success,coqchk_success,experiments/kernel_replay_v63_library_migration/logs/library_migration.batch_coqchk.log,1,accepted_kernel_checked
V63,library migration suite,2,V63_record_tuple_002,V63_record_tuple_002,experiments/kernel_replay_v63_library_migration/coq/V63_record_tuple_002.v,1,accept,kernel_success,coqchk_success,experiments/kernel_replay_v63_library_migration/logs/library_migration.batch_coqchk.log,1,accepted_kernel_checked
V63,library migration suite,3,V63_record_tuple_003,V63_record_tuple_003,experiments/kernel_replay_v63_library_migration/coq/V63_record_tuple_003.v,1,accept,kernel_success,coqchk_success,experiments/kernel_replay_v63_library_migration/logs/library_migration.batch_coqchk.log,1,accepted_kernel_checked
V63,library migration suite,4,V63_record_tuple_004,V63_record_tuple_004,experiments/kernel_replay_v63_library_migration/coq/V63_record_tuple_004.v,1,accept,kernel_success,coqchk_success,experiments/kernel_replay_v63_library_migration/logs/library_migration.batch_coqchk.log,1,accepted_kernel_checked
V63,library migration suite,5,V63_record_tuple_005,V63_record_tuple_005,experiments/kernel_replay_v63_library_migration/coq/V63_record_tuple_005.v,1,accept,kernel_success,coqchk_success,experiments/kernel_replay_v63_library_migration/logs/library_migration.batch_coqchk.log,1,accepted_kernel_checked
V63,library migration suite,6,V63_record_tuple_006,V63_record_tuple_006,experiments/kernel_replay_v63_library_migration/coq/V63_record_tuple_006.v,1,accept,kernel_success,coqchk_success,experiments/kernel_replay_v63_library_migration/logs/library_migration.batch_coqchk.log,1,accepted_kernel_checked
V63,library migration suite,7,V63_record_tuple_007,V63_record_tuple_007,experiments/kernel_replay_v63_library_migration/coq/V63_record_tuple_007.v,1,accept,kernel_success,coqchk_success,experiments/kernel_replay_v63_library_migration/logs/library_migration.batch_coqchk.log,1,accepted_kernel_checked
V63,library migration suite,8,V63_record_tuple_008,V63_record_tuple_008,experiments/kernel_replay_v63_library_migration/coq/V63_record_tuple_008.v,1,accept,kernel_success,coqchk_success,experiments/kernel_replay_v63_library_migration/logs/library_migration.batch_coqchk.log,1,accepted_kernel_checked
V63,library migration suite,9,V63_record_tuple_009,V63_record_tuple_009,experiments/kernel_replay_v63_library_migration/coq/V63_record_tuple_009.v,1,accept,kernel_success,coqchk_success,experiments/kernel_replay_v63_library_migration/logs/library_migration.batch_coqchk.log,1,accepted_kernel_checked
V63,library migration suite,10,V63_record_tuple_010,V63_record_tuple_010,experiments/kernel_replay_v63_library_migration/coq/V63_record_tuple_010.v,1,accept,kernel_success,coqchk_success,experiments/kernel_replay_v63_library_migration/logs/library_migration.batch_coqchk.log,1,accepted_kernel_checked
V63,library migration suite,11,V63_record_tuple_011,V63_record_tuple_011,experiments/kernel_replay_v63_library_migration/coq/V63_record_tuple_011.v,1,accept,kernel_success,coqchk_success,experiments/kernel_replay_v63_library_migration/logs/library_migration.batch_coqchk.log,1,accepted_kernel_checked
V63,library migration suite,12,V63_record_tuple_012,V63_record_tuple_012,experiments/kernel_replay_v63_library_migration/coq/V63_record_tuple_012.v,1,accept,kernel_success,coqchk_success,experiments/kernel_replay_v63_library_migration/logs/library_migration.batch_coqchk.log,1,accepted_kernel_checked
V63,library migration suite,13,V63_record_tuple_013,V63_record_tuple_013,experiments/kernel_replay_v63_library_migration/coq/V63_record_tuple_013.v,1,accept,kernel_success,coqchk_success,experiments/kernel_replay_v63_library_migration/logs/library_migration.batch_coqchk.log,1,accepted_kernel_checked
V63,library migration suite,14,V63_record_tuple_014,V63_record_tuple_014,experiments/kernel_replay_v63_library_migration/coq/V63_record_tuple_014.v,1,accept,kernel_success,coqchk_success,experiments/kernel_replay_v63_library_migration/logs/library_migration.batch_coqchk.log,1,accepted_kernel_checked
V63,library migration suite,15,V63_record_tuple_015,V63_record_tuple_015,experiments/kernel_replay_v63_library_migration/coq/V63_record_tuple_015.v,1,accept,kernel_success,coqchk_success,experiments/kernel_replay_v63_library_migration/logs/library_migration.batch_coqchk.log,1,accepted_kernel_checked
V63,library migration suite,16,V63_record_tuple_016,V63_record_tuple_016,experiments/kernel_replay_v63_library_migration/coq/V63_record_tuple_016.v,1,accept,kernel_success,coqchk_success,experiments/kernel_replay_v63_library_migration/logs/library_migration.batch_coqchk.log,1,accepted_kernel_checked
V63,library migration suite,17,V63_record_tuple_017,V63_record_tuple_017,experiments/kernel_replay_v63_library_migration/coq/V63_record_tuple_017.v,1,accept,kernel_success,coqchk_success,experiments/kernel_replay_v63_library_migration/logs/library_migration.batch_coqchk.log,1,accepted_kernel_checked
V63,library migration suite,18,V63_record_tuple_018,V63_record_tuple_018,experiments/kernel_replay_v63_library_migration/coq/V63_record_tuple_018.v,1,accept,kernel_success,coqchk_success,experiments/kernel_replay_v63_library_migration/logs/library_migration.batch_coqchk.log,1,accepted_kernel_checked
V63,library migration suite,19,V63_record_tuple_019,V63_record_tuple_019,experiments/kernel_replay_v63_library_migration/coq/V63_record_tuple_019.v,1,accept,kernel_success,coqchk_success,experiments/kernel_replay_v63_library_migration/logs/library_migration.batch_coqchk.log,1,accepted_kernel_checked
V63,library migration suite,20,V63_record_tuple_020,V63_record_tuple_020,experiments/kernel_replay_v63_library_migration/coq/V63_record_tuple_020.v,1,accept,kernel_success,coqchk_success,experiments/kernel_replay_v63_library_migration/logs/library_migration.batch_coqchk.log,1,accepted_kernel_checked
V63,library migration suite,21,V63_record_tuple_021,V63_record_tuple_021,experiments/kernel_replay_v63_library_migration/coq/V63_record_tuple_021.v,1,accept,kernel_success,coqchk_success,experiments/kernel_replay_v63_library_migration/logs/library_migration.batch_coqchk.log,1,accepted_kernel_checked
V63,library migration suite,22,V63_record_tuple_022,V63_record_tuple_022,experiments/kernel_replay_v63_library_migration/coq/V63_record_tuple_022.v,1,accept,kernel_success,coqchk_success,experiments/kernel_replay_v63_library_migration/logs/library_migration.batch_coqchk.log,1,accepted_kernel_checked
V63,library migration suite,23,V63_record_tuple_023,V63_record_tuple_023,experiments/kernel_replay_v63_library_migration/coq/V63_record_tuple_023.v,1,accept,kernel_success,coqchk_success,experiments/kernel_replay_v63_library_migration/logs/library_migration.batch_coqchk.log,1,accepted_kernel_checked
V63,library migration suite,24,V63_record_tuple_024,V63_record_tuple_024,experiments/kernel_replay_v63_library_migration/coq/V63_record_tuple_024.v,1,accept,kernel_success,coqchk_success,experiments/kernel_replay_v63_library_migration/logs/library_migration.batch_coqchk.log,1,accepted_kernel_checked
V63,library migration suite,25,V63_record_tuple_025,V63_record_tuple_025,experiments/kernel_replay_v63_library_migration/coq/V63_record_tuple_025.v,1,accept,kernel_success,coqchk_success,experiments/kernel_replay_v63_library_migration/logs/library_migration.batch_coqchk.log,1,accepted_kernel_checked
V63,library migration suite,26,V63_record_tuple_026,V63_record_tuple_026,experiments/kernel_replay_v63_library_migration/coq/V63_record_tuple_026.v,1,accept,kernel_success,coqchk_success,experiments/kernel_replay_v63_library_migration/logs/library_migration.batch_coqchk.log,1,accepted_kernel_checked
V63,library migration suite,27,V63_record_tuple_027,V63_record_tuple_027,experiments/kernel_replay_v63_library_migration/coq/V63_record_tuple_027.v,1,accept,kernel_success,coqchk_success,experiments/kernel_replay_v63_library_migration/logs/library_migration.batch_coqchk.log,1,accepted_kernel_checked
V63,library migration suite,28,V63_record_tuple_028,V63_record_tuple_028,experiments/kernel_replay_v63_library_migration/coq/V63_record_tuple_028.v,1,accept,kernel_success,coqchk_success,experiments/kernel_replay_v63_library_migration/logs/library_migration.batch_coqchk.log,1,accepted_kernel_checked
V63,library migration suite,29,V63_record_tuple_029,V63_record_tuple_029,experiments/kernel_replay_v63_library_migration/coq/V63_record_tuple_029.v,1,accept,kernel_success,coqchk_success,experiments/kernel_replay_v63_library_migration/logs/library_migration.batch_coqchk.log,1,accepted_kernel_checked
V63,library migration suite,30,V63_record_tuple_030,V63_record_tuple_030,experiments/kernel_replay_v63_library_migration/coq/V63_record_tuple_030.v,1,accept,kernel_success,coqchk_success,experiments/kernel_replay_v63_library_migration/logs/library_migration.batch_coqchk.log,1,accepted_kernel_checked
V63,library migration suite,31,V63_record_tuple_031,V63_record_tuple_031,experiments/kernel_replay_v63_library_migration/coq/V63_record_tuple_031.v,1,accept,kernel_success,coqchk_success,experiments/kernel_replay_v63_library_migration/logs/library_migration.batch_coqchk.log,1,accepted_kernel_checked
V63,library migration suite,32,V63_record_tuple_032,V63_record_tuple_032,experiments/kernel_replay_v63_library_migration/coq/V63_record_tuple_032.v,1,accept,kernel_success,coqchk_success,experiments/kernel_replay_v63_library_migration/logs/library_migration.batch_coqchk.log,1,accepted_kernel_checked
V63,library migration suite,33,V63_record_tuple_033,V63_record_tuple_033,experiments/kernel_replay_v63_library_migration/coq/V63_record_tuple_033.v,1,accept,kernel_success,coqchk_success,experiments/kernel_replay_v63_library_migration/logs/library_migration.batch_coqchk.log,1,accepted_kernel_checked
V63,library migration suite,34,V63_record_tuple_034,V63_record_tuple_034,experiments/kernel_replay_v63_library_migration/coq/V63_record_tuple_034.v,1,accept,kernel_success,coqchk_success,experiments/kernel_replay_v63_library_migration/logs/library_migration.batch_coqchk.log,1,accepted_kernel_checked
V63,library migration suite,35,V63_record_tuple_035,V63_record_tuple_035,experiments/kernel_replay_v63_library_migration/coq/V63_record_tuple_035.v,1,accept,kernel_success,coqchk_success,experiments/kernel_replay_v63_library_migration/logs/library_migration.batch_coqchk.log,1,accepted_kernel_checked
V63,library migration suite,36,V63_record_tuple_036,V63_record_tuple_036,experiments/kernel_replay_v63_library_migration/coq/V63_record_tuple_036.v,1,accept,kernel_success,coqchk_success,experiments/kernel_replay_v63_library_migration/logs/library_migration.batch_coqchk.log,1,accepted_kernel_checked
V63,library migration suite,37,V63_record_tuple_037,V63_record_tuple_037,experiments/kernel_replay_v63_library_migration/coq/V63_record_tuple_037.v,1,accept,kernel_success,coqchk_success,experiments/kernel_replay_v63_library_migration/logs/library_migration.batch_coqchk.log,1,accepted_kernel_checked
V63,library migration suite,38,V63_record_tuple_038,V63_record_tuple_038,experiments/kernel_replay_v63_library_migration/coq/V63_record_tuple_038.v,1,accept,kernel_success,coqchk_success,experiments/kernel_replay_v63_library_migration/logs/library_migration.batch_coqchk.log,1,accepted_kernel_checked
V63,library migration suite,39,V63_record_tuple_039,V63_record_tuple_039,experiments/kernel_replay_v63_library_migration/coq/V63_record_tuple_039.v,1,accept,kernel_success,coqchk_success,experiments/kernel_replay_v63_library_migration/logs/library_migration.batch_coqchk.log,1,accepted_kernel_checked
V63,library migration suite,40,V63_record_tuple_040,V63_record_tuple_040,experiments/kernel_replay_v63_library_migration/coq/V63_record_tuple_040.v,1,accept,kernel_success,coqchk_success,experiments/kernel_replay_v63_library_migration/logs/library_migration.batch_coqchk.log,1,accepted_kernel_checked
V63,library migration suite,41,V63_record_tuple_041,V63_record_tuple_041,experiments/kernel_replay_v63_library_migration/coq/V63_record_tuple_041.v,1,accept,kernel_success,coqchk_success,experiments/kernel_replay_v63_library_migration/logs/library_migration.batch_coqchk.log,1,accepted_kernel_checked
V63,library migration suite,42,V63_record_tuple_042,V63_record_tuple_042,experiments/kernel_replay_v63_library_migration/coq/V63_record_tuple_042.v,1,accept,kernel_success,coqchk_success,experiments/kernel_replay_v63_library_migration/logs/library_migration.batch_coqchk.log,1,accepted_kernel_checked
V63,library migration suite,43,V63_record_tuple_043,V63_record_tuple_043,experiments/kernel_replay_v63_library_migration/coq/V63_record_tuple_043.v,1,accept,kernel_success,coqchk_success,experiments/kernel_replay_v63_library_migration/logs/library_migration.batch_coqchk.log,1,accepted_kernel_checked
V63,library migration suite,44,V63_record_tuple_044,V63_record_tuple_044,experiments/kernel_replay_v63_library_migration/coq/V63_record_tuple_044.v,1,accept,kernel_success,coqchk_success,experiments/kernel_replay_v63_library_migration/logs/library_migration.batch_coqchk.log,1,accepted_kernel_checked
V63,library migration suite,45,V63_record_tuple_045,V63_record_tuple_045,experiments/kernel_replay_v63_library_migration/coq/V63_record_tuple_045.v,1,accept,kernel_success,coqchk_success,experiments/kernel_replay_v63_library_migration/logs/library_migration.batch_coqchk.log,1,accepted_kernel_checked
V63,library migration suite,46,V63_record_tuple_046,V63_record_tuple_046,experiments/kernel_replay_v63_library_migration/coq/V63_record_tuple_046.v,1,accept,kernel_success,coqchk_success,experiments/kernel_replay_v63_library_migration/logs/library_migration.batch_coqchk.log,1,accepted_kernel_checked
V63,library migration suite,47,V63_record_tuple_047,V63_record_tuple_047,experiments/kernel_replay_v63_library_migration/coq/V63_record_tuple_047.v,1,accept,kernel_success,coqchk_success,experiments/kernel_replay_v63_library_migration/logs/library_migration.batch_coqchk.log,1,accepted_kernel_checked
V63,library migration suite,48,V63_record_tuple_048,V63_record_tuple_048,experiments/kernel_replay_v63_library_migration/coq/V63_record_tuple_048.v,1,accept,kernel_success,coqchk_success,experiments/kernel_replay_v63_library_migration/logs/library_migration.batch_coqchk.log,1,accepted_kernel_checked
V63,library migration suite,49,V63_record_tuple_049,V63_record_tuple_049,experiments/kernel_replay_v63_library_migration/coq/V63_record_tuple_049.v,1,accept,kernel_success,coqchk_success,experiments/kernel_replay_v63_library_migration/logs/library_migration.batch_coqchk.log,1,accepted_kernel_checked
V63,library migration suite,50,V63_record_tuple_050,V63_record_tuple_050,experiments/kernel_replay_v63_library_migration/coq/V63_record_tuple_050.v,1,accept,kernel_success,coqchk_success,experiments/kernel_replay_v63_library_migration/logs/library_migration.batch_coqchk.log,1,accepted_kernel_checked
V63,library migration suite,51,V63_record_tuple_051,V63_record_tuple_051,experiments/kernel_replay_v63_library_migration/coq/V63_record_tuple_051.v,1,accept,kernel_success,coqchk_success,experiments/kernel_replay_v63_library_migration/logs/library_migration.batch_coqchk.log,1,accepted_kernel_checked
V63,library migration suite,52,V63_record_tuple_052,V63_record_tuple_052,experiments/kernel_replay_v63_library_migration/coq/V63_record_tuple_052.v,1,accept,kernel_success,coqchk_success,experiments/kernel_replay_v63_library_migration/logs/library_migration.batch_coqchk.log,1,accepted_kernel_checked
V63,library migration suite,53,V63_record_tuple_053,V63_record_tuple_053,experiments/kernel_replay_v63_library_migration/coq/V63_record_tuple_053.v,1,accept,kernel_success,coqchk_success,experiments/kernel_replay_v63_library_migration/logs/library_migration.batch_coqchk.log,1,accepted_kernel_checked
V63,library migration suite,54,V63_record_tuple_054,V63_record_tuple_054,experiments/kernel_replay_v63_library_migration/coq/V63_record_tuple_054.v,1,accept,kernel_success,coqchk_success,experiments/kernel_replay_v63_library_migration/logs/library_migration.batch_coqchk.log,1,accepted_kernel_checked
V63,library migration suite,55,V63_record_tuple_055,V63_record_tuple_055,experiments/kernel_replay_v63_library_migration/coq/V63_record_tuple_055.v,1,accept,kernel_success,coqchk_success,experiments/kernel_replay_v63_library_migration/logs/library_migration.batch_coqchk.log,1,accepted_kernel_checked
V63,library migration suite,56,V63_record_tuple_056,V63_record_tuple_056,experiments/kernel_replay_v63_library_migration/coq/V63_record_tuple_056.v,1,accept,kernel_success,coqchk_success,experiments/kernel_replay_v63_library_migration/logs/library_migration.batch_coqchk.log,1,accepted_kernel_checked
V63,library migration suite,57,V63_record_tuple_057,V63_record_tuple_057,experiments/kernel_replay_v63_library_migration/coq/V63_record_tuple_057.v,1,accept,kernel_success,coqchk_success,experiments/kernel_replay_v63_library_migration/logs/library_migration.batch_coqchk.log,1,accepted_kernel_checked
V63,library migration suite,58,V63_record_tuple_058,V63_record_tuple_058,experiments/kernel_replay_v63_library_migration/coq/V63_record_tuple_058.v,1,accept,kernel_success,coqchk_success,experiments/kernel_replay_v63_library_migration/logs/library_migration.batch_coqchk.log,1,accepted_kernel_checked
V63,library migration suite,59,V63_record_tuple_059,V63_record_tuple_059,experiments/kernel_replay_v63_library_migration/coq/V63_record_tuple_059.v,1,accept,kernel_success,coqchk_success,experiments/kernel_replay_v63_library_migration/logs/library_migration.batch_coqchk.log,1,accepted_kernel_checked
V63,library migration suite,60,V63_record_tuple_060,V63_record_tuple_060,experiments/kernel_replay_v63_library_migration/coq/V63_record_tuple_060.v,1,accept,kernel_success,coqchk_success,experiments/kernel_replay_v63_library_migration/logs/library_migration.batch_coqchk.log,1,accepted_kernel_checked
V63,library migration suite,61,V63_record_tuple_061,V63_record_tuple_061,experiments/kernel_replay_v63_library_migration/coq/V63_record_tuple_061.v,1,accept,kernel_success,coqchk_success,experiments/kernel_replay_v63_library_migration/logs/library_migration.batch_coqchk.log,1,accepted_kernel_checked
V63,library migration suite,62,V63_record_tuple_062,V63_record_tuple_062,experiments/kernel_replay_v63_library_migration/coq/V63_record_tuple_062.v,1,accept,kernel_success,coqchk_success,experiments/kernel_replay_v63_library_migration/logs/library_migration.batch_coqchk.log,1,accepted_kernel_checked
V63,library migration suite,63,V63_record_tuple_063,V63_record_tuple_063,experiments/kernel_replay_v63_library_migration/coq/V63_record_tuple_063.v,1,accept,kernel_success,coqchk_success,experiments/kernel_replay_v63_library_migration/logs/library_migration.batch_coqchk.log,1,accepted_kernel_checked
V63,library migration suite,64,V63_record_tuple_064,V63_record_tuple_064,experiments/kernel_replay_v63_library_migration/coq/V63_record_tuple_064.v,1,accept,kernel_success,coqchk_success,experiments/kernel_replay_v63_library_migration/logs/library_migration.batch_coqchk.log,1,accepted_kernel_checked
V63,library migration suite,65,V63_record_tuple_065,V63_record_tuple_065,experiments/kernel_replay_v63_library_migration/coq/V63_record_tuple_065.v,1,accept,kernel_success,coqchk_success,experiments/kernel_replay_v63_library_migration/logs/library_migration.batch_coqchk.log,1,accepted_kernel_checked
V63,library migration suite,66,V63_record_tuple_066,V63_record_tuple_066,experiments/kernel_replay_v63_library_migration/coq/V63_record_tuple_066.v,1,accept,kernel_success,coqchk_success,experiments/kernel_replay_v63_library_migration/logs/library_migration.batch_coqchk.log,1,accepted_kernel_checked
V63,library migration suite,67,V63_record_tuple_067,V63_record_tuple_067,experiments/kernel_replay_v63_library_migration/coq/V63_record_tuple_067.v,1,accept,kernel_success,coqchk_success,experiments/kernel_replay_v63_library_migration/logs/library_migration.batch_coqchk.log,1,accepted_kernel_checked
V63,library migration suite,68,V63_record_tuple_068,V63_record_tuple_068,experiments/kernel_replay_v63_library_migration/coq/V63_record_tuple_068.v,1,accept,kernel_success,coqchk_success,experiments/kernel_replay_v63_library_migration/logs/library_migration.batch_coqchk.log,1,accepted_kernel_checked
V63,library migration suite,69,V63_record_tuple_069,V63_record_tuple_069,experiments/kernel_replay_v63_library_migration/coq/V63_record_tuple_069.v,1,accept,kernel_success,coqchk_success,experiments/kernel_replay_v63_library_migration/logs/library_migration.batch_coqchk.log,1,accepted_kernel_checked
V63,library migration suite,70,V63_record_tuple_070,V63_record_tuple_070,experiments/kernel_replay_v63_library_migration/coq/V63_record_tuple_070.v,1,accept,kernel_success,coqchk_success,experiments/kernel_replay_v63_library_migration/logs/library_migration.batch_coqchk.log,1,accepted_kernel_checked
V63,library migration suite,71,V63_record_tuple_071,V63_record_tuple_071,experiments/kernel_replay_v63_library_migration/coq/V63_record_tuple_071.v,1,accept,kernel_success,coqchk_success,experiments/kernel_replay_v63_library_migration/logs/library_migration.batch_coqchk.log,1,accepted_kernel_checked
V63,library migration suite,72,V63_record_tuple_072,V63_record_tuple_072,experiments/kernel_replay_v63_library_migration/coq/V63_record_tuple_072.v,1,accept,kernel_success,coqchk_success,experiments/kernel_replay_v63_library_migration/logs/library_migration.batch_coqchk.log,1,accepted_kernel_checked
V63,library migration suite,73,V63_option_sentinel_001,V63_option_sentinel_001,experiments/kernel_replay_v63_library_migration/coq/V63_option_sentinel_001.v,1,accept,kernel_success,coqchk_success,experiments/kernel_replay_v63_library_migration/logs/library_migration.batch_coqchk.log,1,accepted_kernel_checked
V63,library migration suite,74,V63_option_sentinel_002,V63_option_sentinel_002,experiments/kernel_replay_v63_library_migration/coq/V63_option_sentinel_002.v,1,accept,kernel_success,coqchk_success,experiments/kernel_replay_v63_library_migration/logs/library_migration.batch_coqchk.log,1,accepted_kernel_checked
V63,library migration suite,75,V63_option_sentinel_003,V63_option_sentinel_003,experiments/kernel_replay_v63_library_migration/coq/V63_option_sentinel_003.v,1,accept,kernel_success,coqchk_success,experiments/kernel_replay_v63_library_migration/logs/library_migration.batch_coqchk.log,1,accepted_kernel_checked
V63,library migration suite,76,V63_option_sentinel_004,V63_option_sentinel_004,experiments/kernel_replay_v63_library_migration/coq/V63_option_sentinel_004.v,1,accept,kernel_success,coqchk_success,experiments/kernel_replay_v63_library_migration/logs/library_migration.batch_coqchk.log,1,accepted_kernel_checked
V63,library migration suite,77,V63_option_sentinel_005,V63_option_sentinel_005,experiments/kernel_replay_v63_library_migration/coq/V63_option_sentinel_005.v,1,accept,kernel_success,coqchk_success,experiments/kernel_replay_v63_library_migration/logs/library_migration.batch_coqchk.log,1,accepted_kernel_checked
V63,library migration suite,78,V63_option_sentinel_006,V63_option_sentinel_006,experiments/kernel_replay_v63_library_migration/coq/V63_option_sentinel_006.v,1,accept,kernel_success,coqchk_success,experiments/kernel_replay_v63_library_migration/logs/library_migration.batch_coqchk.log,1,accepted_kernel_checked
V63,library migration suite,79,V63_option_sentinel_007,V63_option_sentinel_007,experiments/kernel_replay_v63_library_migration/coq/V63_option_sentinel_007.v,1,accept,kernel_success,coqchk_success,experiments/kernel_replay_v63_library_migration/logs/library_migration.batch_coqchk.log,1,accepted_kernel_checked
V63,library migration suite,80,V63_option_sentinel_008,V63_option_sentinel_008,experiments/kernel_replay_v63_library_migration/coq/V63_option_sentinel_008.v,1,accept,kernel_success,coqchk_success,experiments/kernel_replay_v63_library_migration/logs/library_migration.batch_coqchk.log,1,accepted_kernel_checked
V63,library migration suite,81,V63_option_sentinel_009,V63_option_sentinel_009,experiments/kernel_replay_v63_library_migration/coq/V63_option_sentinel_009.v,1,accept,kernel_success,coqchk_success,experiments/kernel_replay_v63_library_migration/logs/library_migration.batch_coqchk.log,1,accepted_kernel_checked
V63,library migration suite,82,V63_option_sentinel_010,V63_option_sentinel_010,experiments/kernel_replay_v63_library_migration/coq/V63_option_sentinel_010.v,1,accept,kernel_success,coqchk_success,experiments/kernel_replay_v63_library_migration/logs/library_migration.batch_coqchk.log,1,accepted_kernel_checked
V63,library migration suite,83,V63_option_sentinel_011,V63_option_sentinel_011,experiments/kernel_replay_v63_library_migration/coq/V63_option_sentinel_011.v,1,accept,kernel_success,coqchk_success,experiments/kernel_replay_v63_library_migration/logs/library_migration.batch_coqchk.log,1,accepted_kernel_checked
V63,library migration suite,84,V63_option_sentinel_012,V63_option_sentinel_012,experiments/kernel_replay_v63_library_migration/coq/V63_option_sentinel_012.v,1,accept,kernel_success,coqchk_success,experiments/kernel_replay_v63_library_migration/logs/library_migration.batch_coqchk.log,1,accepted_kernel_checked
V63,library migration suite,85,V63_option_sentinel_013,V63_option_sentinel_013,experiments/kernel_replay_v63_library_migration/coq/V63_option_sentinel_013.v,1,accept,kernel_success,coqchk_success,experiments/kernel_replay_v63_library_migration/logs/library_migration.batch_coqchk.log,1,accepted_kernel_checked
V63,library migration suite,86,V63_option_sentinel_014,V63_option_sentinel_014,experiments/kernel_replay_v63_library_migration/coq/V63_option_sentinel_014.v,1,accept,kernel_success,coqchk_success,experiments/kernel_replay_v63_library_migration/logs/library_migration.batch_coqchk.log,1,accepted_kernel_checked
V63,library migration suite,87,V63_option_sentinel_015,V63_option_sentinel_015,experiments/kernel_replay_v63_library_migration/coq/V63_option_sentinel_015.v,1,accept,kernel_success,coqchk_success,experiments/kernel_replay_v63_library_migration/logs/library_migration.batch_coqchk.log,1,accepted_kernel_checked
V63,library migration suite,88,V63_option_sentinel_016,V63_option_sentinel_016,experiments/kernel_replay_v63_library_migration/coq/V63_option_sentinel_016.v,1,accept,kernel_success,coqchk_success,experiments/kernel_replay_v63_library_migration/logs/library_migration.batch_coqchk.log,1,accepted_kernel_checked
V63,library migration suite,89,V63_option_sentinel_017,V63_option_sentinel_017,experiments/kernel_replay_v63_library_migration/coq/V63_option_sentinel_017.v,1,accept,kernel_success,coqchk_success,experiments/kernel_replay_v63_library_migration/logs/library_migration.batch_coqchk.log,1,accepted_kernel_checked
V63,library migration suite,90,V63_option_sentinel_018,V63_option_sentinel_018,experiments/kernel_replay_v63_library_migration/coq/V63_option_sentinel_018.v,1,accept,kernel_success,coqchk_success,experiments/kernel_replay_v63_library_migration/logs/library_migration.batch_coqchk.log,1,accepted_kernel_checked
V63,library migration suite,91,V63_option_sentinel_019,V63_option_sentinel_019,experiments/kernel_replay_v63_library_migration/coq/V63_option_sentinel_019.v,1,accept,kernel_success,coqchk_success,experiments/kernel_replay_v63_library_migration/logs/library_migration.batch_coqchk.log,1,accepted_kernel_checked
V63,library migration suite,92,V63_option_sentinel_020,V63_option_sentinel_020,experiments/kernel_replay_v63_library_migration/coq/V63_option_sentinel_020.v,1,accept,kernel_success,coqchk_success,experiments/kernel_replay_v63_library_migration/logs/library_migration.batch_coqchk.log,1,accepted_kernel_checked
V63,library migration suite,93,V63_option_sentinel_021,V63_option_sentinel_021,experiments/kernel_replay_v63_library_migration/coq/V63_option_sentinel_021.v,1,accept,kernel_success,coqchk_success,experiments/kernel_replay_v63_library_migration/logs/library_migration.batch_coqchk.log,1,accepted_kernel_checked
V63,library migration suite,94,V63_option_sentinel_022,V63_option_sentinel_022,experiments/kernel_replay_v63_library_migration/coq/V63_option_sentinel_022.v,1,accept,kernel_success,coqchk_success,experiments/kernel_replay_v63_library_migration/logs/library_migration.batch_coqchk.log,1,accepted_kernel_checked
V63,library migration suite,95,V63_option_sentinel_023,V63_option_sentinel_023,experiments/kernel_replay_v63_library_migration/coq/V63_option_sentinel_023.v,1,accept,kernel_success,coqchk_success,experiments/kernel_replay_v63_library_migration/logs/library_migration.batch_coqchk.log,1,accepted_kernel_checked
V63,library migration suite,96,V63_option_sentinel_024,V63_option_sentinel_024,experiments/kernel_replay_v63_library_migration/coq/V63_option_sentinel_024.v,1,accept,kernel_success,coqchk_success,experiments/kernel_replay_v63_library_migration/logs/library_migration.batch_coqchk.log,1,accepted_kernel_checked
V63,library migration suite,97,V63_option_sentinel_025,V63_option_sentinel_025,experiments/kernel_replay_v63_library_migration/coq/V63_option_sentinel_025.v,1,accept,kernel_success,coqchk_success,experiments/kernel_replay_v63_library_migration/logs/library_migration.batch_coqchk.log,1,accepted_kernel_checked
V63,library migration suite,98,V63_option_sentinel_026,V63_option_sentinel_026,experiments/kernel_replay_v63_library_migration/coq/V63_option_sentinel_026.v,1,accept,kernel_success,coqchk_success,experiments/kernel_replay_v63_library_migration/logs/library_migration.batch_coqchk.log,1,accepted_kernel_checked
V63,library migration suite,99,V63_option_sentinel_027,V63_option_sentinel_027,experiments/kernel_replay_v63_library_migration/coq/V63_option_sentinel_027.v,1,accept,kernel_success,coqchk_success,experiments/kernel_replay_v63_library_migration/logs/library_migration.batch_coqchk.log,1,accepted_kernel_checked
V63,library migration suite,100,V63_option_sentinel_028,V63_option_sentinel_028,experiments/kernel_replay_v63_library_migration/coq/V63_option_sentinel_028.v,1,accept,kernel_success,coqchk_success,experiments/kernel_replay_v63_library_migration/logs/library_migration.batch_coqchk.log,1,accepted_kernel_checked
V63,library migration suite,101,V63_option_sentinel_029,V63_option_sentinel_029,experiments/kernel_replay_v63_library_migration/coq/V63_option_sentinel_029.v,1,accept,kernel_success,coqchk_success,experiments/kernel_replay_v63_library_migration/logs/library_migration.batch_coqchk.log,1,accepted_kernel_checked
V63,library migration suite,102,V63_option_sentinel_030,V63_option_sentinel_030,experiments/kernel_replay_v63_library_migration/coq/V63_option_sentinel_030.v,1,accept,kernel_success,coqchk_success,experiments/kernel_replay_v63_library_migration/logs/library_migration.batch_coqchk.log,1,accepted_kernel_checked
V63,library migration suite,103,V63_option_sentinel_031,V63_option_sentinel_031,experiments/kernel_replay_v63_library_migration/coq/V63_option_sentinel_031.v,1,accept,kernel_success,coqchk_success,experiments/kernel_replay_v63_library_migration/logs/library_migration.batch_coqchk.log,1,accepted_kernel_checked
V63,library migration suite,104,V63_option_sentinel_032,V63_option_sentinel_032,experiments/kernel_replay_v63_library_migration/coq/V63_option_sentinel_032.v,1,accept,kernel_success,coqchk_success,experiments/kernel_replay_v63_library_migration/logs/library_migration.batch_coqchk.log,1,accepted_kernel_checked
V63,library migration suite,105,V63_option_sentinel_033,V63_option_sentinel_033,experiments/kernel_replay_v63_library_migration/coq/V63_option_sentinel_033.v,1,accept,kernel_success,coqchk_success,experiments/kernel_replay_v63_library_migration/logs/library_migration.batch_coqchk.log,1,accepted_kernel_checked
V63,library migration suite,106,V63_option_sentinel_034,V63_option_sentinel_034,experiments/kernel_replay_v63_library_migration/coq/V63_option_sentinel_034.v,1,accept,kernel_success,coqchk_success,experiments/kernel_replay_v63_library_migration/logs/library_migration.batch_coqchk.log,1,accepted_kernel_checked
V63,library migration suite,107,V63_option_sentinel_035,V63_option_sentinel_035,experiments/kernel_replay_v63_library_migration/coq/V63_option_sentinel_035.v,1,accept,kernel_success,coqchk_success,experiments/kernel_replay_v63_library_migration/logs/library_migration.batch_coqchk.log,1,accepted_kernel_checked
V63,library migration suite,108,V63_option_sentinel_036,V63_option_sentinel_036,experiments/kernel_replay_v63_library_migration/coq/V63_option_sentinel_036.v,1,accept,kernel_success,coqchk_success,experiments/kernel_replay_v63_library_migration/logs/library_migration.batch_coqchk.log,1,accepted_kernel_checked
V63,library migration suite,109,V63_option_sentinel_037,V63_option_sentinel_037,experiments/kernel_replay_v63_library_migration/coq/V63_option_sentinel_037.v,1,accept,kernel_success,coqchk_success,experiments/kernel_replay_v63_library_migration/logs/library_migration.batch_coqchk.log,1,accepted_kernel_checked
V63,library migration suite,110,V63_option_sentinel_038,V63_option_sentinel_038,experiments/kernel_replay_v63_library_migration/coq/V63_option_sentinel_038.v,1,accept,kernel_success,coqchk_success,experiments/kernel_replay_v63_library_migration/logs/library_migration.batch_coqchk.log,1,accepted_kernel_checked
V63,library migration suite,111,V63_option_sentinel_039,V63_option_sentinel_039,experiments/kernel_replay_v63_library_migration/coq/V63_option_sentinel_039.v,1,accept,kernel_success,coqchk_success,experiments/kernel_replay_v63_library_migration/logs/library_migration.batch_coqchk.log,1,accepted_kernel_checked
V63,library migration suite,112,V63_option_sentinel_040,V63_option_sentinel_040,experiments/kernel_replay_v63_library_migration/coq/V63_option_sentinel_040.v,1,accept,kernel_success,coqchk_success,experiments/kernel_replay_v63_library_migration/logs/library_migration.batch_coqchk.log,1,accepted_kernel_checked
V63,library migration suite,113,V63_option_sentinel_041,V63_option_sentinel_041,experiments/kernel_replay_v63_library_migration/coq/V63_option_sentinel_041.v,1,accept,kernel_success,coqchk_success,experiments/kernel_replay_v63_library_migration/logs/library_migration.batch_coqchk.log,1,accepted_kernel_checked
V63,library migration suite,114,V63_option_sentinel_042,V63_option_sentinel_042,experiments/kernel_replay_v63_library_migration/coq/V63_option_sentinel_042.v,1,accept,kernel_success,coqchk_success,experiments/kernel_replay_v63_library_migration/logs/library_migration.batch_coqchk.log,1,accepted_kernel_checked
V63,library migration suite,115,V63_option_sentinel_043,V63_option_sentinel_043,experiments/kernel_replay_v63_library_migration/coq/V63_option_sentinel_043.v,1,accept,kernel_success,coqchk_success,experiments/kernel_replay_v63_library_migration/logs/library_migration.batch_coqchk.log,1,accepted_kernel_checked
V63,library migration suite,116,V63_option_sentinel_044,V63_option_sentinel_044,experiments/kernel_replay_v63_library_migration/coq/V63_option_sentinel_044.v,1,accept,kernel_success,coqchk_success,experiments/kernel_replay_v63_library_migration/logs/library_migration.batch_coqchk.log,1,accepted_kernel_checked
V63,library migration suite,117,V63_option_sentinel_045,V63_option_sentinel_045,experiments/kernel_replay_v63_library_migration/coq/V63_option_sentinel_045.v,1,accept,kernel_success,coqchk_success,experiments/kernel_replay_v63_library_migration/logs/library_migration.batch_coqchk.log,1,accepted_kernel_checked
V63,library migration suite,118,V63_option_sentinel_046,V63_option_sentinel_046,experiments/kernel_replay_v63_library_migration/coq/V63_option_sentinel_046.v,1,accept,kernel_success,coqchk_success,experiments/kernel_replay_v63_library_migration/logs/library_migration.batch_coqchk.log,1,accepted_kernel_checked
V63,library migration suite,119,V63_option_sentinel_047,V63_option_sentinel_047,experiments/kernel_replay_v63_library_migration/coq/V63_option_sentinel_047.v,1,accept,kernel_success,coqchk_success,experiments/kernel_replay_v63_library_migration/logs/library_migration.batch_coqchk.log,1,accepted_kernel_checked
V63,library migration suite,120,V63_option_sentinel_048,V63_option_sentinel_048,experiments/kernel_replay_v63_library_migration/coq/V63_option_sentinel_048.v,1,accept,kernel_success,coqchk_success,experiments/kernel_replay_v63_library_migration/logs/library_migration.batch_coqchk.log,1,accepted_kernel_checked
V63,library migration suite,121,V63_option_sentinel_049,V63_option_sentinel_049,experiments/kernel_replay_v63_library_migration/coq/V63_option_sentinel_049.v,1,accept,kernel_success,coqchk_success,experiments/kernel_replay_v63_library_migration/logs/library_migration.batch_coqchk.log,1,accepted_kernel_checked
V63,library migration suite,122,V63_option_sentinel_050,V63_option_sentinel_050,experiments/kernel_replay_v63_library_migration/coq/V63_option_sentinel_050.v,1,accept,kernel_success,coqchk_success,experiments/kernel_replay_v63_library_migration/logs/library_migration.batch_coqchk.log,1,accepted_kernel_checked
V63,library migration suite,123,V63_option_sentinel_051,V63_option_sentinel_051,experiments/kernel_replay_v63_library_migration/coq/V63_option_sentinel_051.v,1,accept,kernel_success,coqchk_success,experiments/kernel_replay_v63_library_migration/logs/library_migration.batch_coqchk.log,1,accepted_kernel_checked
V63,library migration suite,124,V63_option_sentinel_052,V63_option_sentinel_052,experiments/kernel_replay_v63_library_migration/coq/V63_option_sentinel_052.v,1,accept,kernel_success,coqchk_success,experiments/kernel_replay_v63_library_migration/logs/library_migration.batch_coqchk.log,1,accepted_kernel_checked
V63,library migration suite,125,V63_option_sentinel_053,V63_option_sentinel_053,experiments/kernel_replay_v63_library_migration/coq/V63_option_sentinel_053.v,1,accept,kernel_success,coqchk_success,experiments/kernel_replay_v63_library_migration/logs/library_migration.batch_coqchk.log,1,accepted_kernel_checked
V63,library migration suite,126,V63_option_sentinel_054,V63_option_sentinel_054,experiments/kernel_replay_v63_library_migration/coq/V63_option_sentinel_054.v,1,accept,kernel_success,coqchk_success,experiments/kernel_replay_v63_library_migration/logs/library_migration.batch_coqchk.log,1,accepted_kernel_checked
V63,library migration suite,127,V63_option_sentinel_055,V63_option_sentinel_055,experiments/kernel_replay_v63_library_migration/coq/V63_option_sentinel_055.v,1,accept,kernel_success,coqchk_success,experiments/kernel_replay_v63_library_migration/logs/library_migration.batch_coqchk.log,1,accepted_kernel_checked
V63,library migration suite,128,V63_option_sentinel_056,V63_option_sentinel_056,experiments/kernel_replay_v63_library_migration/coq/V63_option_sentinel_056.v,1,accept,kernel_success,coqchk_success,experiments/kernel_replay_v63_library_migration/logs/library_migration.batch_coqchk.log,1,accepted_kernel_checked
V63,library migration suite,129,V63_option_sentinel_057,V63_option_sentinel_057,experiments/kernel_replay_v63_library_migration/coq/V63_option_sentinel_057.v,1,accept,kernel_success,coqchk_success,experiments/kernel_replay_v63_library_migration/logs/library_migration.batch_coqchk.log,1,accepted_kernel_checked
V63,library migration suite,130,V63_option_sentinel_058,V63_option_sentinel_058,experiments/kernel_replay_v63_library_migration/coq/V63_option_sentinel_058.v,1,accept,kernel_success,coqchk_success,experiments/kernel_replay_v63_library_migration/logs/library_migration.batch_coqchk.log,1,accepted_kernel_checked
V63,library migration suite,131,V63_option_sentinel_059,V63_option_sentinel_059,experiments/kernel_replay_v63_library_migration/coq/V63_option_sentinel_059.v,1,accept,kernel_success,coqchk_success,experiments/kernel_replay_v63_library_migration/logs/library_migration.batch_coqchk.log,1,accepted_kernel_checked
V63,library migration suite,132,V63_option_sentinel_060,V63_option_sentinel_060,experiments/kernel_replay_v63_library_migration/coq/V63_option_sentinel_060.v,1,accept,kernel_success,coqchk_success,experiments/kernel_replay_v63_library_migration/logs/library_migration.batch_coqchk.log,1,accepted_kernel_checked
V63,library migration suite,133,V63_option_sentinel_061,V63_option_sentinel_061,experiments/kernel_replay_v63_library_migration/coq/V63_option_sentinel_061.v,1,accept,kernel_success,coqchk_success,experiments/kernel_replay_v63_library_migration/logs/library_migration.batch_coqchk.log,1,accepted_kernel_checked
V63,library migration suite,134,V63_option_sentinel_062,V63_option_sentinel_062,experiments/kernel_replay_v63_library_migration/coq/V63_option_sentinel_062.v,1,accept,kernel_success,coqchk_success,experiments/kernel_replay_v63_library_migration/logs/library_migration.batch_coqchk.log,1,accepted_kernel_checked
V63,library migration suite,135,V63_option_sentinel_063,V63_option_sentinel_063,experiments/kernel_replay_v63_library_migration/coq/V63_option_sentinel_063.v,1,accept,kernel_success,coqchk_success,experiments/kernel_replay_v63_library_migration/logs/library_migration.batch_coqchk.log,1,accepted_kernel_checked
V63,library migration suite,136,V63_option_sentinel_064,V63_option_sentinel_064,experiments/kernel_replay_v63_library_migration/coq/V63_option_sentinel_064.v,1,accept,kernel_success,coqchk_success,experiments/kernel_replay_v63_library_migration/logs/library_migration.batch_coqchk.log,1,accepted_kernel_checked
V63,library migration suite,137,V63_option_sentinel_065,V63_option_sentinel_065,experiments/kernel_replay_v63_library_migration/coq/V63_option_sentinel_065.v,1,accept,kernel_success,coqchk_success,experiments/kernel_replay_v63_library_migration/logs/library_migration.batch_coqchk.log,1,accepted_kernel_checked
V63,library migration suite,138,V63_option_sentinel_066,V63_option_sentinel_066,experiments/kernel_replay_v63_library_migration/coq/V63_option_sentinel_066.v,1,accept,kernel_success,coqchk_success,experiments/kernel_replay_v63_library_migration/logs/library_migration.batch_coqchk.log,1,accepted_kernel_checked
V63,library migration suite,139,V63_option_sentinel_067,V63_option_sentinel_067,experiments/kernel_replay_v63_library_migration/coq/V63_option_sentinel_067.v,1,accept,kernel_success,coqchk_success,experiments/kernel_replay_v63_library_migration/logs/library_migration.batch_coqchk.log,1,accepted_kernel_checked
V63,library migration suite,140,V63_option_sentinel_068,V63_option_sentinel_068,experiments/kernel_replay_v63_library_migration/coq/V63_option_sentinel_068.v,1,accept,kernel_success,coqchk_success,experiments/kernel_replay_v63_library_migration/logs/library_migration.batch_coqchk.log,1,accepted_kernel_checked
V63,library migration suite,141,V63_option_sentinel_069,V63_option_sentinel_069,experiments/kernel_replay_v63_library_migration/coq/V63_option_sentinel_069.v,1,accept,kernel_success,coqchk_success,experiments/kernel_replay_v63_library_migration/logs/library_migration.batch_coqchk.log,1,accepted_kernel_checked
V63,library migration suite,142,V63_option_sentinel_070,V63_option_sentinel_070,experiments/kernel_replay_v63_library_migration/coq/V63_option_sentinel_070.v,1,accept,kernel_success,coqchk_success,experiments/kernel_replay_v63_library_migration/logs/library_migration.batch_coqchk.log,1,accepted_kernel_checked
V63,library migration suite,143,V63_option_sentinel_071,V63_option_sentinel_071,experiments/kernel_replay_v63_library_migration/coq/V63_option_sentinel_071.v,1,accept,kernel_success,coqchk_success,experiments/kernel_replay_v63_library_migration/logs/library_migration.batch_coqchk.log,1,accepted_kernel_checked
V63,library migration suite,144,V63_option_sentinel_072,V63_option_sentinel_072,experiments/kernel_replay_v63_library_migration/coq/V63_option_sentinel_072.v,1,accept,kernel_success,coqchk_success,experiments/kernel_replay_v63_library_migration/logs/library_migration.batch_coqchk.log,1,accepted_kernel_checked
V63,library migration suite,145,V63_assoc_update_001,V63_assoc_update_001,experiments/kernel_replay_v63_library_migration/coq/V63_assoc_update_001.v,1,accept,kernel_success,coqchk_success,experiments/kernel_replay_v63_library_migration/logs/library_migration.batch_coqchk.log,1,accepted_kernel_checked
V63,library migration suite,146,V63_assoc_update_002,V63_assoc_update_002,experiments/kernel_replay_v63_library_migration/coq/V63_assoc_update_002.v,1,accept,kernel_success,coqchk_success,experiments/kernel_replay_v63_library_migration/logs/library_migration.batch_coqchk.log,1,accepted_kernel_checked
V63,library migration suite,147,V63_assoc_update_003,V63_assoc_update_003,experiments/kernel_replay_v63_library_migration/coq/V63_assoc_update_003.v,1,accept,kernel_success,coqchk_success,experiments/kernel_replay_v63_library_migration/logs/library_migration.batch_coqchk.log,1,accepted_kernel_checked
V63,library migration suite,148,V63_assoc_update_004,V63_assoc_update_004,experiments/kernel_replay_v63_library_migration/coq/V63_assoc_update_004.v,1,accept,kernel_success,coqchk_success,experiments/kernel_replay_v63_library_migration/logs/library_migration.batch_coqchk.log,1,accepted_kernel_checked
V63,library migration suite,149,V63_assoc_update_005,V63_assoc_update_005,experiments/kernel_replay_v63_library_migration/coq/V63_assoc_update_005.v,1,accept,kernel_success,coqchk_success,experiments/kernel_replay_v63_library_migration/logs/library_migration.batch_coqchk.log,1,accepted_kernel_checked
V63,library migration suite,150,V63_assoc_update_006,V63_assoc_update_006,experiments/kernel_replay_v63_library_migration/coq/V63_assoc_update_006.v,1,accept,kernel_success,coqchk_success,experiments/kernel_replay_v63_library_migration/logs/library_migration.batch_coqchk.log,1,accepted_kernel_checked
V63,library migration suite,151,V63_assoc_update_007,V63_assoc_update_007,experiments/kernel_replay_v63_library_migration/coq/V63_assoc_update_007.v,1,accept,kernel_success,coqchk_success,experiments/kernel_replay_v63_library_migration/logs/library_migration.batch_coqchk.log,1,accepted_kernel_checked
V63,library migration suite,152,V63_assoc_update_008,V63_assoc_update_008,experiments/kernel_replay_v63_library_migration/coq/V63_assoc_update_008.v,1,accept,kernel_success,coqchk_success,experiments/kernel_replay_v63_library_migration/logs/library_migration.batch_coqchk.log,1,accepted_kernel_checked
V63,library migration suite,153,V63_assoc_update_009,V63_assoc_update_009,experiments/kernel_replay_v63_library_migration/coq/V63_assoc_update_009.v,1,accept,kernel_success,coqchk_success,experiments/kernel_replay_v63_library_migration/logs/library_migration.batch_coqchk.log,1,accepted_kernel_checked
V63,library migration suite,154,V63_assoc_update_010,V63_assoc_update_010,experiments/kernel_replay_v63_library_migration/coq/V63_assoc_update_010.v,1,accept,kernel_success,coqchk_success,experiments/kernel_replay_v63_library_migration/logs/library_migration.batch_coqchk.log,1,accepted_kernel_checked
V63,library migration suite,155,V63_assoc_update_011,V63_assoc_update_011,experiments/kernel_replay_v63_library_migration/coq/V63_assoc_update_011.v,1,accept,kernel_success,coqchk_success,experiments/kernel_replay_v63_library_migration/logs/library_migration.batch_coqchk.log,1,accepted_kernel_checked
V63,library migration suite,156,V63_assoc_update_012,V63_assoc_update_012,experiments/kernel_replay_v63_library_migration/coq/V63_assoc_update_012.v,1,accept,kernel_success,coqchk_success,experiments/kernel_replay_v63_library_migration/logs/library_migration.batch_coqchk.log,1,accepted_kernel_checked
V63,library migration suite,157,V63_assoc_update_013,V63_assoc_update_013,experiments/kernel_replay_v63_library_migration/coq/V63_assoc_update_013.v,1,accept,kernel_success,coqchk_success,experiments/kernel_replay_v63_library_migration/logs/library_migration.batch_coqchk.log,1,accepted_kernel_checked
V63,library migration suite,158,V63_assoc_update_014,V63_assoc_update_014,experiments/kernel_replay_v63_library_migration/coq/V63_assoc_update_014.v,1,accept,kernel_success,coqchk_success,experiments/kernel_replay_v63_library_migration/logs/library_migration.batch_coqchk.log,1,accepted_kernel_checked
V63,library migration suite,159,V63_assoc_update_015,V63_assoc_update_015,experiments/kernel_replay_v63_library_migration/coq/V63_assoc_update_015.v,1,accept,kernel_success,coqchk_success,experiments/kernel_replay_v63_library_migration/logs/library_migration.batch_coqchk.log,1,accepted_kernel_checked
V63,library migration suite,160,V63_assoc_update_016,V63_assoc_update_016,experiments/kernel_replay_v63_library_migration/coq/V63_assoc_update_016.v,1,accept,kernel_success,coqchk_success,experiments/kernel_replay_v63_library_migration/logs/library_migration.batch_coqchk.log,1,accepted_kernel_checked
V63,library migration suite,161,V63_assoc_update_017,V63_assoc_update_017,experiments/kernel_replay_v63_library_migration/coq/V63_assoc_update_017.v,1,accept,kernel_success,coqchk_success,experiments/kernel_replay_v63_library_migration/logs/library_migration.batch_coqchk.log,1,accepted_kernel_checked
V63,library migration suite,162,V63_assoc_update_018,V63_assoc_update_018,experiments/kernel_replay_v63_library_migration/coq/V63_assoc_update_018.v,1,accept,kernel_success,coqchk_success,experiments/kernel_replay_v63_library_migration/logs/library_migration.batch_coqchk.log,1,accepted_kernel_checked
V63,library migration suite,163,V63_assoc_update_019,V63_assoc_update_019,experiments/kernel_replay_v63_library_migration/coq/V63_assoc_update_019.v,1,accept,kernel_success,coqchk_success,experiments/kernel_replay_v63_library_migration/logs/library_migration.batch_coqchk.log,1,accepted_kernel_checked
V63,library migration suite,164,V63_assoc_update_020,V63_assoc_update_020,experiments/kernel_replay_v63_library_migration/coq/V63_assoc_update_020.v,1,accept,kernel_success,coqchk_success,experiments/kernel_replay_v63_library_migration/logs/library_migration.batch_coqchk.log,1,accepted_kernel_checked
V63,library migration suite,165,V63_assoc_update_021,V63_assoc_update_021,experiments/kernel_replay_v63_library_migration/coq/V63_assoc_update_021.v,1,accept,kernel_success,coqchk_success,experiments/kernel_replay_v63_library_migration/logs/library_migration.batch_coqchk.log,1,accepted_kernel_checked
V63,library migration suite,166,V63_assoc_update_022,V63_assoc_update_022,experiments/kernel_replay_v63_library_migration/coq/V63_assoc_update_022.v,1,accept,kernel_success,coqchk_success,experiments/kernel_replay_v63_library_migration/logs/library_migration.batch_coqchk.log,1,accepted_kernel_checked
V63,library migration suite,167,V63_assoc_update_023,V63_assoc_update_023,experiments/kernel_replay_v63_library_migration/coq/V63_assoc_update_023.v,1,accept,kernel_success,coqchk_success,experiments/kernel_replay_v63_library_migration/logs/library_migration.batch_coqchk.log,1,accepted_kernel_checked
V63,library migration suite,168,V63_assoc_update_024,V63_assoc_update_024,experiments/kernel_replay_v63_library_migration/coq/V63_assoc_update_024.v,1,accept,kernel_success,coqchk_success,experiments/kernel_replay_v63_library_migration/logs/library_migration.batch_coqchk.log,1,accepted_kernel_checked
V63,library migration suite,169,V63_assoc_update_025,V63_assoc_update_025,experiments/kernel_replay_v63_library_migration/coq/V63_assoc_update_025.v,1,accept,kernel_success,coqchk_success,experiments/kernel_replay_v63_library_migration/logs/library_migration.batch_coqchk.log,1,accepted_kernel_checked
V63,library migration suite,170,V63_assoc_update_026,V63_assoc_update_026,experiments/kernel_replay_v63_library_migration/coq/V63_assoc_update_026.v,1,accept,kernel_success,coqchk_success,experiments/kernel_replay_v63_library_migration/logs/library_migration.batch_coqchk.log,1,accepted_kernel_checked
V63,library migration suite,171,V63_assoc_update_027,V63_assoc_update_027,experiments/kernel_replay_v63_library_migration/coq/V63_assoc_update_027.v,1,accept,kernel_success,coqchk_success,experiments/kernel_replay_v63_library_migration/logs/library_migration.batch_coqchk.log,1,accepted_kernel_checked
V63,library migration suite,172,V63_assoc_update_028,V63_assoc_update_028,experiments/kernel_replay_v63_library_migration/coq/V63_assoc_update_028.v,1,accept,kernel_success,coqchk_success,experiments/kernel_replay_v63_library_migration/logs/library_migration.batch_coqchk.log,1,accepted_kernel_checked
V63,library migration suite,173,V63_assoc_update_029,V63_assoc_update_029,experiments/kernel_replay_v63_library_migration/coq/V63_assoc_update_029.v,1,accept,kernel_success,coqchk_success,experiments/kernel_replay_v63_library_migration/logs/library_migration.batch_coqchk.log,1,accepted_kernel_checked
V63,library migration suite,174,V63_assoc_update_030,V63_assoc_update_030,experiments/kernel_replay_v63_library_migration/coq/V63_assoc_update_030.v,1,accept,kernel_success,coqchk_success,experiments/kernel_replay_v63_library_migration/logs/library_migration.batch_coqchk.log,1,accepted_kernel_checked
V63,library migration suite,175,V63_assoc_update_031,V63_assoc_update_031,experiments/kernel_replay_v63_library_migration/coq/V63_assoc_update_031.v,1,accept,kernel_success,coqchk_success,experiments/kernel_replay_v63_library_migration/logs/library_migration.batch_coqchk.log,1,accepted_kernel_checked
V63,library migration suite,176,V63_assoc_update_032,V63_assoc_update_032,experiments/kernel_replay_v63_library_migration/coq/V63_assoc_update_032.v,1,accept,kernel_success,coqchk_success,experiments/kernel_replay_v63_library_migration/logs/library_migration.batch_coqchk.log,1,accepted_kernel_checked
V63,library migration suite,177,V63_assoc_update_033,V63_assoc_update_033,experiments/kernel_replay_v63_library_migration/coq/V63_assoc_update_033.v,1,accept,kernel_success,coqchk_success,experiments/kernel_replay_v63_library_migration/logs/library_migration.batch_coqchk.log,1,accepted_kernel_checked
V63,library migration suite,178,V63_assoc_update_034,V63_assoc_update_034,experiments/kernel_replay_v63_library_migration/coq/V63_assoc_update_034.v,1,accept,kernel_success,coqchk_success,experiments/kernel_replay_v63_library_migration/logs/library_migration.batch_coqchk.log,1,accepted_kernel_checked
V63,library migration suite,179,V63_assoc_update_035,V63_assoc_update_035,experiments/kernel_replay_v63_library_migration/coq/V63_assoc_update_035.v,1,accept,kernel_success,coqchk_success,experiments/kernel_replay_v63_library_migration/logs/library_migration.batch_coqchk.log,1,accepted_kernel_checked
V63,library migration suite,180,V63_assoc_update_036,V63_assoc_update_036,experiments/kernel_replay_v63_library_migration/coq/V63_assoc_update_036.v,1,accept,kernel_success,coqchk_success,experiments/kernel_replay_v63_library_migration/logs/library_migration.batch_coqchk.log,1,accepted_kernel_checked
V63,library migration suite,181,V63_assoc_update_037,V63_assoc_update_037,experiments/kernel_replay_v63_library_migration/coq/V63_assoc_update_037.v,1,accept,kernel_success,coqchk_success,experiments/kernel_replay_v63_library_migration/logs/library_migration.batch_coqchk.log,1,accepted_kernel_checked
V63,library migration suite,182,V63_assoc_update_038,V63_assoc_update_038,experiments/kernel_replay_v63_library_migration/coq/V63_assoc_update_038.v,1,accept,kernel_success,coqchk_success,experiments/kernel_replay_v63_library_migration/logs/library_migration.batch_coqchk.log,1,accepted_kernel_checked
V63,library migration suite,183,V63_assoc_update_039,V63_assoc_update_039,experiments/kernel_replay_v63_library_migration/coq/V63_assoc_update_039.v,1,accept,kernel_success,coqchk_success,experiments/kernel_replay_v63_library_migration/logs/library_migration.batch_coqchk.log,1,accepted_kernel_checked
V63,library migration suite,184,V63_assoc_update_040,V63_assoc_update_040,experiments/kernel_replay_v63_library_migration/coq/V63_assoc_update_040.v,1,accept,kernel_success,coqchk_success,experiments/kernel_replay_v63_library_migration/logs/library_migration.batch_coqchk.log,1,accepted_kernel_checked
V63,library migration suite,185,V63_assoc_update_041,V63_assoc_update_041,experiments/kernel_replay_v63_library_migration/coq/V63_assoc_update_041.v,1,accept,kernel_success,coqchk_success,experiments/kernel_replay_v63_library_migration/logs/library_migration.batch_coqchk.log,1,accepted_kernel_checked
V63,library migration suite,186,V63_assoc_update_042,V63_assoc_update_042,experiments/kernel_replay_v63_library_migration/coq/V63_assoc_update_042.v,1,accept,kernel_success,coqchk_success,experiments/kernel_replay_v63_library_migration/logs/library_migration.batch_coqchk.log,1,accepted_kernel_checked
V63,library migration suite,187,V63_assoc_update_043,V63_assoc_update_043,experiments/kernel_replay_v63_library_migration/coq/V63_assoc_update_043.v,1,accept,kernel_success,coqchk_success,experiments/kernel_replay_v63_library_migration/logs/library_migration.batch_coqchk.log,1,accepted_kernel_checked
V63,library migration suite,188,V63_assoc_update_044,V63_assoc_update_044,experiments/kernel_replay_v63_library_migration/coq/V63_assoc_update_044.v,1,accept,kernel_success,coqchk_success,experiments/kernel_replay_v63_library_migration/logs/library_migration.batch_coqchk.log,1,accepted_kernel_checked
V63,library migration suite,189,V63_assoc_update_045,V63_assoc_update_045,experiments/kernel_replay_v63_library_migration/coq/V63_assoc_update_045.v,1,accept,kernel_success,coqchk_success,experiments/kernel_replay_v63_library_migration/logs/library_migration.batch_coqchk.log,1,accepted_kernel_checked
V63,library migration suite,190,V63_assoc_update_046,V63_assoc_update_046,experiments/kernel_replay_v63_library_migration/coq/V63_assoc_update_046.v,1,accept,kernel_success,coqchk_success,experiments/kernel_replay_v63_library_migration/logs/library_migration.batch_coqchk.log,1,accepted_kernel_checked
V63,library migration suite,191,V63_assoc_update_047,V63_assoc_update_047,experiments/kernel_replay_v63_library_migration/coq/V63_assoc_update_047.v,1,accept,kernel_success,coqchk_success,experiments/kernel_replay_v63_library_migration/logs/library_migration.batch_coqchk.log,1,accepted_kernel_checked
V63,library migration suite,192,V63_assoc_update_048,V63_assoc_update_048,experiments/kernel_replay_v63_library_migration/coq/V63_assoc_update_048.v,1,accept,kernel_success,coqchk_success,experiments/kernel_replay_v63_library_migration/logs/library_migration.batch_coqchk.log,1,accepted_kernel_checked
V63,library migration suite,193,V63_assoc_update_049,V63_assoc_update_049,experiments/kernel_replay_v63_library_migration/coq/V63_assoc_update_049.v,1,accept,kernel_success,coqchk_success,experiments/kernel_replay_v63_library_migration/logs/library_migration.batch_coqchk.log,1,accepted_kernel_checked
V63,library migration suite,194,V63_assoc_update_050,V63_assoc_update_050,experiments/kernel_replay_v63_library_migration/coq/V63_assoc_update_050.v,1,accept,kernel_success,coqchk_success,experiments/kernel_replay_v63_library_migration/logs/library_migration.batch_coqchk.log,1,accepted_kernel_checked
V63,library migration suite,195,V63_assoc_update_051,V63_assoc_update_051,experiments/kernel_replay_v63_library_migration/coq/V63_assoc_update_051.v,1,accept,kernel_success,coqchk_success,experiments/kernel_replay_v63_library_migration/logs/library_migration.batch_coqchk.log,1,accepted_kernel_checked
V63,library migration suite,196,V63_assoc_update_052,V63_assoc_update_052,experiments/kernel_replay_v63_library_migration/coq/V63_assoc_update_052.v,1,accept,kernel_success,coqchk_success,experiments/kernel_replay_v63_library_migration/logs/library_migration.batch_coqchk.log,1,accepted_kernel_checked
V63,library migration suite,197,V63_assoc_update_053,V63_assoc_update_053,experiments/kernel_replay_v63_library_migration/coq/V63_assoc_update_053.v,1,accept,kernel_success,coqchk_success,experiments/kernel_replay_v63_library_migration/logs/library_migration.batch_coqchk.log,1,accepted_kernel_checked
V63,library migration suite,198,V63_assoc_update_054,V63_assoc_update_054,experiments/kernel_replay_v63_library_migration/coq/V63_assoc_update_054.v,1,accept,kernel_success,coqchk_success,experiments/kernel_replay_v63_library_migration/logs/library_migration.batch_coqchk.log,1,accepted_kernel_checked
V63,library migration suite,199,V63_assoc_update_055,V63_assoc_update_055,experiments/kernel_replay_v63_library_migration/coq/V63_assoc_update_055.v,1,accept,kernel_success,coqchk_success,experiments/kernel_replay_v63_library_migration/logs/library_migration.batch_coqchk.log,1,accepted_kernel_checked
V63,library migration suite,200,V63_assoc_update_056,V63_assoc_update_056,experiments/kernel_replay_v63_library_migration/coq/V63_assoc_update_056.v,1,accept,kernel_success,coqchk_success,experiments/kernel_replay_v63_library_migration/logs/library_migration.batch_coqchk.log,1,accepted_kernel_checked
V63,library migration suite,201,V63_assoc_update_057,V63_assoc_update_057,experiments/kernel_replay_v63_library_migration/coq/V63_assoc_update_057.v,1,accept,kernel_success,coqchk_success,experiments/kernel_replay_v63_library_migration/logs/library_migration.batch_coqchk.log,1,accepted_kernel_checked
V63,library migration suite,202,V63_assoc_update_058,V63_assoc_update_058,experiments/kernel_replay_v63_library_migration/coq/V63_assoc_update_058.v,1,accept,kernel_success,coqchk_success,experiments/kernel_replay_v63_library_migration/logs/library_migration.batch_coqchk.log,1,accepted_kernel_checked
V63,library migration suite,203,V63_assoc_update_059,V63_assoc_update_059,experiments/kernel_replay_v63_library_migration/coq/V63_assoc_update_059.v,1,accept,kernel_success,coqchk_success,experiments/kernel_replay_v63_library_migration/logs/library_migration.batch_coqchk.log,1,accepted_kernel_checked
V63,library migration suite,204,V63_assoc_update_060,V63_assoc_update_060,experiments/kernel_replay_v63_library_migration/coq/V63_assoc_update_060.v,1,accept,kernel_success,coqchk_success,experiments/kernel_replay_v63_library_migration/logs/library_migration.batch_coqchk.log,1,accepted_kernel_checked
V63,library migration suite,205,V63_assoc_update_061,V63_assoc_update_061,experiments/kernel_replay_v63_library_migration/coq/V63_assoc_update_061.v,1,accept,kernel_success,coqchk_success,experiments/kernel_replay_v63_library_migration/logs/library_migration.batch_coqchk.log,1,accepted_kernel_checked
V63,library migration suite,206,V63_assoc_update_062,V63_assoc_update_062,experiments/kernel_replay_v63_library_migration/coq/V63_assoc_update_062.v,1,accept,kernel_success,coqchk_success,experiments/kernel_replay_v63_library_migration/logs/library_migration.batch_coqchk.log,1,accepted_kernel_checked
V63,library migration suite,207,V63_assoc_update_063,V63_assoc_update_063,experiments/kernel_replay_v63_library_migration/coq/V63_assoc_update_063.v,1,accept,kernel_success,coqchk_success,experiments/kernel_replay_v63_library_migration/logs/library_migration.batch_coqchk.log,1,accepted_kernel_checked
V63,library migration suite,208,V63_assoc_update_064,V63_assoc_update_064,experiments/kernel_replay_v63_library_migration/coq/V63_assoc_update_064.v,1,accept,kernel_success,coqchk_success,experiments/kernel_replay_v63_library_migration/logs/library_migration.batch_coqchk.log,1,accepted_kernel_checked
V63,library migration suite,209,V63_assoc_update_065,V63_assoc_update_065,experiments/kernel_replay_v63_library_migration/coq/V63_assoc_update_065.v,1,accept,kernel_success,coqchk_success,experiments/kernel_replay_v63_library_migration/logs/library_migration.batch_coqchk.log,1,accepted_kernel_checked
V63,library migration suite,210,V63_assoc_update_066,V63_assoc_update_066,experiments/kernel_replay_v63_library_migration/coq/V63_assoc_update_066.v,1,accept,kernel_success,coqchk_success,experiments/kernel_replay_v63_library_migration/logs/library_migration.batch_coqchk.log,1,accepted_kernel_checked
V63,library migration suite,211,V63_assoc_update_067,V63_assoc_update_067,experiments/kernel_replay_v63_library_migration/coq/V63_assoc_update_067.v,1,accept,kernel_success,coqchk_success,experiments/kernel_replay_v63_library_migration/logs/library_migration.batch_coqchk.log,1,accepted_kernel_checked
V63,library migration suite,212,V63_assoc_update_068,V63_assoc_update_068,experiments/kernel_replay_v63_library_migration/coq/V63_assoc_update_068.v,1,accept,kernel_success,coqchk_success,experiments/kernel_replay_v63_library_migration/logs/library_migration.batch_coqchk.log,1,accepted_kernel_checked
V63,library migration suite,213,V63_assoc_update_069,V63_assoc_update_069,experiments/kernel_replay_v63_library_migration/coq/V63_assoc_update_069.v,1,accept,kernel_success,coqchk_success,experiments/kernel_replay_v63_library_migration/logs/library_migration.batch_coqchk.log,1,accepted_kernel_checked
V63,library migration suite,214,V63_assoc_update_070,V63_assoc_update_070,experiments/kernel_replay_v63_library_migration/coq/V63_assoc_update_070.v,1,accept,kernel_success,coqchk_success,experiments/kernel_replay_v63_library_migration/logs/library_migration.batch_coqchk.log,1,accepted_kernel_checked
V63,library migration suite,215,V63_assoc_update_071,V63_assoc_update_071,experiments/kernel_replay_v63_library_migration/coq/V63_assoc_update_071.v,1,accept,kernel_success,coqchk_success,experiments/kernel_replay_v63_library_migration/logs/library_migration.batch_coqchk.log,1,accepted_kernel_checked
V63,library migration suite,216,V63_assoc_update_072,V63_assoc_update_072,experiments/kernel_replay_v63_library_migration/coq/V63_assoc_update_072.v,1,accept,kernel_success,coqchk_success,experiments/kernel_replay_v63_library_migration/logs/library_migration.batch_coqchk.log,1,accepted_kernel_checked
V63,library migration suite,217,V63_tree_mirror_001,V63_tree_mirror_001,experiments/kernel_replay_v63_library_migration/coq/V63_tree_mirror_001.v,1,accept,kernel_success,coqchk_success,experiments/kernel_replay_v63_library_migration/logs/library_migration.batch_coqchk.log,1,accepted_kernel_checked
V63,library migration suite,218,V63_tree_mirror_002,V63_tree_mirror_002,experiments/kernel_replay_v63_library_migration/coq/V63_tree_mirror_002.v,1,accept,kernel_success,coqchk_success,experiments/kernel_replay_v63_library_migration/logs/library_migration.batch_coqchk.log,1,accepted_kernel_checked
V63,library migration suite,219,V63_tree_mirror_003,V63_tree_mirror_003,experiments/kernel_replay_v63_library_migration/coq/V63_tree_mirror_003.v,1,accept,kernel_success,coqchk_success,experiments/kernel_replay_v63_library_migration/logs/library_migration.batch_coqchk.log,1,accepted_kernel_checked
V63,library migration suite,220,V63_tree_mirror_004,V63_tree_mirror_004,experiments/kernel_replay_v63_library_migration/coq/V63_tree_mirror_004.v,1,accept,kernel_success,coqchk_success,experiments/kernel_replay_v63_library_migration/logs/library_migration.batch_coqchk.log,1,accepted_kernel_checked
V63,library migration suite,221,V63_tree_mirror_005,V63_tree_mirror_005,experiments/kernel_replay_v63_library_migration/coq/V63_tree_mirror_005.v,1,accept,kernel_success,coqchk_success,experiments/kernel_replay_v63_library_migration/logs/library_migration.batch_coqchk.log,1,accepted_kernel_checked
V63,library migration suite,222,V63_tree_mirror_006,V63_tree_mirror_006,experiments/kernel_replay_v63_library_migration/coq/V63_tree_mirror_006.v,1,accept,kernel_success,coqchk_success,experiments/kernel_replay_v63_library_migration/logs/library_migration.batch_coqchk.log,1,accepted_kernel_checked
V63,library migration suite,223,V63_tree_mirror_007,V63_tree_mirror_007,experiments/kernel_replay_v63_library_migration/coq/V63_tree_mirror_007.v,1,accept,kernel_success,coqchk_success,experiments/kernel_replay_v63_library_migration/logs/library_migration.batch_coqchk.log,1,accepted_kernel_checked
V63,library migration suite,224,V63_tree_mirror_008,V63_tree_mirror_008,experiments/kernel_replay_v63_library_migration/coq/V63_tree_mirror_008.v,1,accept,kernel_success,coqchk_success,experiments/kernel_replay_v63_library_migration/logs/library_migration.batch_coqchk.log,1,accepted_kernel_checked
V63,library migration suite,225,V63_tree_mirror_009,V63_tree_mirror_009,experiments/kernel_replay_v63_library_migration/coq/V63_tree_mirror_009.v,1,accept,kernel_success,coqchk_success,experiments/kernel_replay_v63_library_migration/logs/library_migration.batch_coqchk.log,1,accepted_kernel_checked
V63,library migration suite,226,V63_tree_mirror_010,V63_tree_mirror_010,experiments/kernel_replay_v63_library_migration/coq/V63_tree_mirror_010.v,1,accept,kernel_success,coqchk_success,experiments/kernel_replay_v63_library_migration/logs/library_migration.batch_coqchk.log,1,accepted_kernel_checked
V63,library migration suite,227,V63_tree_mirror_011,V63_tree_mirror_011,experiments/kernel_replay_v63_library_migration/coq/V63_tree_mirror_011.v,1,accept,kernel_success,coqchk_success,experiments/kernel_replay_v63_library_migration/logs/library_migration.batch_coqchk.log,1,accepted_kernel_checked
V63,library migration suite,228,V63_tree_mirror_012,V63_tree_mirror_012,experiments/kernel_replay_v63_library_migration/coq/V63_tree_mirror_012.v,1,accept,kernel_success,coqchk_success,experiments/kernel_replay_v63_library_migration/logs/library_migration.batch_coqchk.log,1,accepted_kernel_checked
V63,library migration suite,229,V63_tree_mirror_013,V63_tree_mirror_013,experiments/kernel_replay_v63_library_migration/coq/V63_tree_mirror_013.v,1,accept,kernel_success,coqchk_success,experiments/kernel_replay_v63_library_migration/logs/library_migration.batch_coqchk.log,1,accepted_kernel_checked
V63,library migration suite,230,V63_tree_mirror_014,V63_tree_mirror_014,experiments/kernel_replay_v63_library_migration/coq/V63_tree_mirror_014.v,1,accept,kernel_success,coqchk_success,experiments/kernel_replay_v63_library_migration/logs/library_migration.batch_coqchk.log,1,accepted_kernel_checked
V63,library migration suite,231,V63_tree_mirror_015,V63_tree_mirror_015,experiments/kernel_replay_v63_library_migration/coq/V63_tree_mirror_015.v,1,accept,kernel_success,coqchk_success,experiments/kernel_replay_v63_library_migration/logs/library_migration.batch_coqchk.log,1,accepted_kernel_checked
V63,library migration suite,232,V63_tree_mirror_016,V63_tree_mirror_016,experiments/kernel_replay_v63_library_migration/coq/V63_tree_mirror_016.v,1,accept,kernel_success,coqchk_success,experiments/kernel_replay_v63_library_migration/logs/library_migration.batch_coqchk.log,1,accepted_kernel_checked
V63,library migration suite,233,V63_tree_mirror_017,V63_tree_mirror_017,experiments/kernel_replay_v63_library_migration/coq/V63_tree_mirror_017.v,1,accept,kernel_success,coqchk_success,experiments/kernel_replay_v63_library_migration/logs/library_migration.batch_coqchk.log,1,accepted_kernel_checked
V63,library migration suite,234,V63_tree_mirror_018,V63_tree_mirror_018,experiments/kernel_replay_v63_library_migration/coq/V63_tree_mirror_018.v,1,accept,kernel_success,coqchk_success,experiments/kernel_replay_v63_library_migration/logs/library_migration.batch_coqchk.log,1,accepted_kernel_checked
V63,library migration suite,235,V63_tree_mirror_019,V63_tree_mirror_019,experiments/kernel_replay_v63_library_migration/coq/V63_tree_mirror_019.v,1,accept,kernel_success,coqchk_success,experiments/kernel_replay_v63_library_migration/logs/library_migration.batch_coqchk.log,1,accepted_kernel_checked
V63,library migration suite,236,V63_tree_mirror_020,V63_tree_mirror_020,experiments/kernel_replay_v63_library_migration/coq/V63_tree_mirror_020.v,1,accept,kernel_success,coqchk_success,experiments/kernel_replay_v63_library_migration/logs/library_migration.batch_coqchk.log,1,accepted_kernel_checked
V63,library migration suite,237,V63_tree_mirror_021,V63_tree_mirror_021,experiments/kernel_replay_v63_library_migration/coq/V63_tree_mirror_021.v,1,accept,kernel_success,coqchk_success,experiments/kernel_replay_v63_library_migration/logs/library_migration.batch_coqchk.log,1,accepted_kernel_checked
V63,library migration suite,238,V63_tree_mirror_022,V63_tree_mirror_022,experiments/kernel_replay_v63_library_migration/coq/V63_tree_mirror_022.v,1,accept,kernel_success,coqchk_success,experiments/kernel_replay_v63_library_migration/logs/library_migration.batch_coqchk.log,1,accepted_kernel_checked
V63,library migration suite,239,V63_tree_mirror_023,V63_tree_mirror_023,experiments/kernel_replay_v63_library_migration/coq/V63_tree_mirror_023.v,1,accept,kernel_success,coqchk_success,experiments/kernel_replay_v63_library_migration/logs/library_migration.batch_coqchk.log,1,accepted_kernel_checked
V63,library migration suite,240,V63_tree_mirror_024,V63_tree_mirror_024,experiments/kernel_replay_v63_library_migration/coq/V63_tree_mirror_024.v,1,accept,kernel_success,coqchk_success,experiments/kernel_replay_v63_library_migration/logs/library_migration.batch_coqchk.log,1,accepted_kernel_checked
V63,library migration suite,241,V63_tree_mirror_025,V63_tree_mirror_025,experiments/kernel_replay_v63_library_migration/coq/V63_tree_mirror_025.v,1,accept,kernel_success,coqchk_success,experiments/kernel_replay_v63_library_migration/logs/library_migration.batch_coqchk.log,1,accepted_kernel_checked
V63,library migration suite,242,V63_tree_mirror_026,V63_tree_mirror_026,experiments/kernel_replay_v63_library_migration/coq/V63_tree_mirror_026.v,1,accept,kernel_success,coqchk_success,experiments/kernel_replay_v63_library_migration/logs/library_migration.batch_coqchk.log,1,accepted_kernel_checked
V63,library migration suite,243,V63_tree_mirror_027,V63_tree_mirror_027,experiments/kernel_replay_v63_library_migration/coq/V63_tree_mirror_027.v,1,accept,kernel_success,coqchk_success,experiments/kernel_replay_v63_library_migration/logs/library_migration.batch_coqchk.log,1,accepted_kernel_checked
V63,library migration suite,244,V63_tree_mirror_028,V63_tree_mirror_028,experiments/kernel_replay_v63_library_migration/coq/V63_tree_mirror_028.v,1,accept,kernel_success,coqchk_success,experiments/kernel_replay_v63_library_migration/logs/library_migration.batch_coqchk.log,1,accepted_kernel_checked
V63,library migration suite,245,V63_tree_mirror_029,V63_tree_mirror_029,experiments/kernel_replay_v63_library_migration/coq/V63_tree_mirror_029.v,1,accept,kernel_success,coqchk_success,experiments/kernel_replay_v63_library_migration/logs/library_migration.batch_coqchk.log,1,accepted_kernel_checked
V63,library migration suite,246,V63_tree_mirror_030,V63_tree_mirror_030,experiments/kernel_replay_v63_library_migration/coq/V63_tree_mirror_030.v,1,accept,kernel_success,coqchk_success,experiments/kernel_replay_v63_library_migration/logs/library_migration.batch_coqchk.log,1,accepted_kernel_checked
V63,library migration suite,247,V63_tree_mirror_031,V63_tree_mirror_031,experiments/kernel_replay_v63_library_migration/coq/V63_tree_mirror_031.v,1,accept,kernel_success,coqchk_success,experiments/kernel_replay_v63_library_migration/logs/library_migration.batch_coqchk.log,1,accepted_kernel_checked
V63,library migration suite,248,V63_tree_mirror_032,V63_tree_mirror_032,experiments/kernel_replay_v63_library_migration/coq/V63_tree_mirror_032.v,1,accept,kernel_success,coqchk_success,experiments/kernel_replay_v63_library_migration/logs/library_migration.batch_coqchk.log,1,accepted_kernel_checked
V63,library migration suite,249,V63_tree_mirror_033,V63_tree_mirror_033,experiments/kernel_replay_v63_library_migration/coq/V63_tree_mirror_033.v,1,accept,kernel_success,coqchk_success,experiments/kernel_replay_v63_library_migration/logs/library_migration.batch_coqchk.log,1,accepted_kernel_checked
V63,library migration suite,250,V63_tree_mirror_034,V63_tree_mirror_034,experiments/kernel_replay_v63_library_migration/coq/V63_tree_mirror_034.v,1,accept,kernel_success,coqchk_success,experiments/kernel_replay_v63_library_migration/logs/library_migration.batch_coqchk.log,1,accepted_kernel_checked
V63,library migration suite,251,V63_tree_mirror_035,V63_tree_mirror_035,experiments/kernel_replay_v63_library_migration/coq/V63_tree_mirror_035.v,1,accept,kernel_success,coqchk_success,experiments/kernel_replay_v63_library_migration/logs/library_migration.batch_coqchk.log,1,accepted_kernel_checked
V63,library migration suite,252,V63_tree_mirror_036,V63_tree_mirror_036,experiments/kernel_replay_v63_library_migration/coq/V63_tree_mirror_036.v,1,accept,kernel_success,coqchk_success,experiments/kernel_replay_v63_library_migration/logs/library_migration.batch_coqchk.log,1,accepted_kernel_checked
V63,library migration suite,253,V63_tree_mirror_037,V63_tree_mirror_037,experiments/kernel_replay_v63_library_migration/coq/V63_tree_mirror_037.v,1,accept,kernel_success,coqchk_success,experiments/kernel_replay_v63_library_migration/logs/library_migration.batch_coqchk.log,1,accepted_kernel_checked
V63,library migration suite,254,V63_tree_mirror_038,V63_tree_mirror_038,experiments/kernel_replay_v63_library_migration/coq/V63_tree_mirror_038.v,1,accept,kernel_success,coqchk_success,experiments/kernel_replay_v63_library_migration/logs/library_migration.batch_coqchk.log,1,accepted_kernel_checked
V63,library migration suite,255,V63_tree_mirror_039,V63_tree_mirror_039,experiments/kernel_replay_v63_library_migration/coq/V63_tree_mirror_039.v,1,accept,kernel_success,coqchk_success,experiments/kernel_replay_v63_library_migration/logs/library_migration.batch_coqchk.log,1,accepted_kernel_checked
V63,library migration suite,256,V63_tree_mirror_040,V63_tree_mirror_040,experiments/kernel_replay_v63_library_migration/coq/V63_tree_mirror_040.v,1,accept,kernel_success,coqchk_success,experiments/kernel_replay_v63_library_migration/logs/library_migration.batch_coqchk.log,1,accepted_kernel_checked
V63,library migration suite,257,V63_tree_mirror_041,V63_tree_mirror_041,experiments/kernel_replay_v63_library_migration/coq/V63_tree_mirror_041.v,1,accept,kernel_success,coqchk_success,experiments/kernel_replay_v63_library_migration/logs/library_migration.batch_coqchk.log,1,accepted_kernel_checked
V63,library migration suite,258,V63_tree_mirror_042,V63_tree_mirror_042,experiments/kernel_replay_v63_library_migration/coq/V63_tree_mirror_042.v,1,accept,kernel_success,coqchk_success,experiments/kernel_replay_v63_library_migration/logs/library_migration.batch_coqchk.log,1,accepted_kernel_checked
V63,library migration suite,259,V63_tree_mirror_043,V63_tree_mirror_043,experiments/kernel_replay_v63_library_migration/coq/V63_tree_mirror_043.v,1,accept,kernel_success,coqchk_success,experiments/kernel_replay_v63_library_migration/logs/library_migration.batch_coqchk.log,1,accepted_kernel_checked
V63,library migration suite,260,V63_tree_mirror_044,V63_tree_mirror_044,experiments/kernel_replay_v63_library_migration/coq/V63_tree_mirror_044.v,1,accept,kernel_success,coqchk_success,experiments/kernel_replay_v63_library_migration/logs/library_migration.batch_coqchk.log,1,accepted_kernel_checked
V63,library migration suite,261,V63_tree_mirror_045,V63_tree_mirror_045,experiments/kernel_replay_v63_library_migration/coq/V63_tree_mirror_045.v,1,accept,kernel_success,coqchk_success,experiments/kernel_replay_v63_library_migration/logs/library_migration.batch_coqchk.log,1,accepted_kernel_checked
V63,library migration suite,262,V63_tree_mirror_046,V63_tree_mirror_046,experiments/kernel_replay_v63_library_migration/coq/V63_tree_mirror_046.v,1,accept,kernel_success,coqchk_success,experiments/kernel_replay_v63_library_migration/logs/library_migration.batch_coqchk.log,1,accepted_kernel_checked
V63,library migration suite,263,V63_tree_mirror_047,V63_tree_mirror_047,experiments/kernel_replay_v63_library_migration/coq/V63_tree_mirror_047.v,1,accept,kernel_success,coqchk_success,experiments/kernel_replay_v63_library_migration/logs/library_migration.batch_coqchk.log,1,accepted_kernel_checked
V63,library migration suite,264,V63_tree_mirror_048,V63_tree_mirror_048,experiments/kernel_replay_v63_library_migration/coq/V63_tree_mirror_048.v,1,accept,kernel_success,coqchk_success,experiments/kernel_replay_v63_library_migration/logs/library_migration.batch_coqchk.log,1,accepted_kernel_checked
V63,library migration suite,265,V63_tree_mirror_049,V63_tree_mirror_049,experiments/kernel_replay_v63_library_migration/coq/V63_tree_mirror_049.v,1,accept,kernel_success,coqchk_success,experiments/kernel_replay_v63_library_migration/logs/library_migration.batch_coqchk.log,1,accepted_kernel_checked
V63,library migration suite,266,V63_tree_mirror_050,V63_tree_mirror_050,experiments/kernel_replay_v63_library_migration/coq/V63_tree_mirror_050.v,1,accept,kernel_success,coqchk_success,experiments/kernel_replay_v63_library_migration/logs/library_migration.batch_coqchk.log,1,accepted_kernel_checked
V63,library migration suite,267,V63_tree_mirror_051,V63_tree_mirror_051,experiments/kernel_replay_v63_library_migration/coq/V63_tree_mirror_051.v,1,accept,kernel_success,coqchk_success,experiments/kernel_replay_v63_library_migration/logs/library_migration.batch_coqchk.log,1,accepted_kernel_checked
V63,library migration suite,268,V63_tree_mirror_052,V63_tree_mirror_052,experiments/kernel_replay_v63_library_migration/coq/V63_tree_mirror_052.v,1,accept,kernel_success,coqchk_success,experiments/kernel_replay_v63_library_migration/logs/library_migration.batch_coqchk.log,1,accepted_kernel_checked
V63,library migration suite,269,V63_tree_mirror_053,V63_tree_mirror_053,experiments/kernel_replay_v63_library_migration/coq/V63_tree_mirror_053.v,1,accept,kernel_success,coqchk_success,experiments/kernel_replay_v63_library_migration/logs/library_migration.batch_coqchk.log,1,accepted_kernel_checked
V63,library migration suite,270,V63_tree_mirror_054,V63_tree_mirror_054,experiments/kernel_replay_v63_library_migration/coq/V63_tree_mirror_054.v,1,accept,kernel_success,coqchk_success,experiments/kernel_replay_v63_library_migration/logs/library_migration.batch_coqchk.log,1,accepted_kernel_checked
V63,library migration suite,271,V63_tree_mirror_055,V63_tree_mirror_055,experiments/kernel_replay_v63_library_migration/coq/V63_tree_mirror_055.v,1,accept,kernel_success,coqchk_success,experiments/kernel_replay_v63_library_migration/logs/library_migration.batch_coqchk.log,1,accepted_kernel_checked
V63,library migration suite,272,V63_tree_mirror_056,V63_tree_mirror_056,experiments/kernel_replay_v63_library_migration/coq/V63_tree_mirror_056.v,1,accept,kernel_success,coqchk_success,experiments/kernel_replay_v63_library_migration/logs/library_migration.batch_coqchk.log,1,accepted_kernel_checked
V63,library migration suite,273,V63_tree_mirror_057,V63_tree_mirror_057,experiments/kernel_replay_v63_library_migration/coq/V63_tree_mirror_057.v,1,accept,kernel_success,coqchk_success,experiments/kernel_replay_v63_library_migration/logs/library_migration.batch_coqchk.log,1,accepted_kernel_checked
V63,library migration suite,274,V63_tree_mirror_058,V63_tree_mirror_058,experiments/kernel_replay_v63_library_migration/coq/V63_tree_mirror_058.v,1,accept,kernel_success,coqchk_success,experiments/kernel_replay_v63_library_migration/logs/library_migration.batch_coqchk.log,1,accepted_kernel_checked
V63,library migration suite,275,V63_tree_mirror_059,V63_tree_mirror_059,experiments/kernel_replay_v63_library_migration/coq/V63_tree_mirror_059.v,1,accept,kernel_success,coqchk_success,experiments/kernel_replay_v63_library_migration/logs/library_migration.batch_coqchk.log,1,accepted_kernel_checked
V63,library migration suite,276,V63_tree_mirror_060,V63_tree_mirror_060,experiments/kernel_replay_v63_library_migration/coq/V63_tree_mirror_060.v,1,accept,kernel_success,coqchk_success,experiments/kernel_replay_v63_library_migration/logs/library_migration.batch_coqchk.log,1,accepted_kernel_checked
V63,library migration suite,277,V63_tree_mirror_061,V63_tree_mirror_061,experiments/kernel_replay_v63_library_migration/coq/V63_tree_mirror_061.v,1,accept,kernel_success,coqchk_success,experiments/kernel_replay_v63_library_migration/logs/library_migration.batch_coqchk.log,1,accepted_kernel_checked
V63,library migration suite,278,V63_tree_mirror_062,V63_tree_mirror_062,experiments/kernel_replay_v63_library_migration/coq/V63_tree_mirror_062.v,1,accept,kernel_success,coqchk_success,experiments/kernel_replay_v63_library_migration/logs/library_migration.batch_coqchk.log,1,accepted_kernel_checked
V63,library migration suite,279,V63_tree_mirror_063,V63_tree_mirror_063,experiments/kernel_replay_v63_library_migration/coq/V63_tree_mirror_063.v,1,accept,kernel_success,coqchk_success,experiments/kernel_replay_v63_library_migration/logs/library_migration.batch_coqchk.log,1,accepted_kernel_checked
V63,library migration suite,280,V63_tree_mirror_064,V63_tree_mirror_064,experiments/kernel_replay_v63_library_migration/coq/V63_tree_mirror_064.v,1,accept,kernel_success,coqchk_success,experiments/kernel_replay_v63_library_migration/logs/library_migration.batch_coqchk.log,1,accepted_kernel_checked
V63,library migration suite,281,V63_tree_mirror_065,V63_tree_mirror_065,experiments/kernel_replay_v63_library_migration/coq/V63_tree_mirror_065.v,1,accept,kernel_success,coqchk_success,experiments/kernel_replay_v63_library_migration/logs/library_migration.batch_coqchk.log,1,accepted_kernel_checked
V63,library migration suite,282,V63_tree_mirror_066,V63_tree_mirror_066,experiments/kernel_replay_v63_library_migration/coq/V63_tree_mirror_066.v,1,accept,kernel_success,coqchk_success,experiments/kernel_replay_v63_library_migration/logs/library_migration.batch_coqchk.log,1,accepted_kernel_checked
V63,library migration suite,283,V63_tree_mirror_067,V63_tree_mirror_067,experiments/kernel_replay_v63_library_migration/coq/V63_tree_mirror_067.v,1,accept,kernel_success,coqchk_success,experiments/kernel_replay_v63_library_migration/logs/library_migration.batch_coqchk.log,1,accepted_kernel_checked
V63,library migration suite,284,V63_tree_mirror_068,V63_tree_mirror_068,experiments/kernel_replay_v63_library_migration/coq/V63_tree_mirror_068.v,1,accept,kernel_success,coqchk_success,experiments/kernel_replay_v63_library_migration/logs/library_migration.batch_coqchk.log,1,accepted_kernel_checked
V63,library migration suite,285,V63_tree_mirror_069,V63_tree_mirror_069,experiments/kernel_replay_v63_library_migration/coq/V63_tree_mirror_069.v,1,accept,kernel_success,coqchk_success,experiments/kernel_replay_v63_library_migration/logs/library_migration.batch_coqchk.log,1,accepted_kernel_checked
V63,library migration suite,286,V63_tree_mirror_070,V63_tree_mirror_070,experiments/kernel_replay_v63_library_migration/coq/V63_tree_mirror_070.v,1,accept,kernel_success,coqchk_success,experiments/kernel_replay_v63_library_migration/logs/library_migration.batch_coqchk.log,1,accepted_kernel_checked
V63,library migration suite,287,V63_tree_mirror_071,V63_tree_mirror_071,experiments/kernel_replay_v63_library_migration/coq/V63_tree_mirror_071.v,1,accept,kernel_success,coqchk_success,experiments/kernel_replay_v63_library_migration/logs/library_migration.batch_coqchk.log,1,accepted_kernel_checked
V63,library migration suite,288,V63_tree_mirror_072,V63_tree_mirror_072,experiments/kernel_replay_v63_library_migration/coq/V63_tree_mirror_072.v,1,accept,kernel_success,coqchk_success,experiments/kernel_replay_v63_library_migration/logs/library_migration.batch_coqchk.log,1,accepted_kernel_checked
V63,library migration suite,289,V63_accumulator_001,V63_accumulator_001,experiments/kernel_replay_v63_library_migration/coq/V63_accumulator_001.v,1,accept,kernel_success,coqchk_success,experiments/kernel_replay_v63_library_migration/logs/library_migration.batch_coqchk.log,1,accepted_kernel_checked
V63,library migration suite,290,V63_accumulator_002,V63_accumulator_002,experiments/kernel_replay_v63_library_migration/coq/V63_accumulator_002.v,1,accept,kernel_success,coqchk_success,experiments/kernel_replay_v63_library_migration/logs/library_migration.batch_coqchk.log,1,accepted_kernel_checked
V63,library migration suite,291,V63_accumulator_003,V63_accumulator_003,experiments/kernel_replay_v63_library_migration/coq/V63_accumulator_003.v,1,accept,kernel_success,coqchk_success,experiments/kernel_replay_v63_library_migration/logs/library_migration.batch_coqchk.log,1,accepted_kernel_checked
V63,library migration suite,292,V63_accumulator_004,V63_accumulator_004,experiments/kernel_replay_v63_library_migration/coq/V63_accumulator_004.v,1,accept,kernel_success,coqchk_success,experiments/kernel_replay_v63_library_migration/logs/library_migration.batch_coqchk.log,1,accepted_kernel_checked
V63,library migration suite,293,V63_accumulator_005,V63_accumulator_005,experiments/kernel_replay_v63_library_migration/coq/V63_accumulator_005.v,1,accept,kernel_success,coqchk_success,experiments/kernel_replay_v63_library_migration/logs/library_migration.batch_coqchk.log,1,accepted_kernel_checked
V63,library migration suite,294,V63_accumulator_006,V63_accumulator_006,experiments/kernel_replay_v63_library_migration/coq/V63_accumulator_006.v,1,accept,kernel_success,coqchk_success,experiments/kernel_replay_v63_library_migration/logs/library_migration.batch_coqchk.log,1,accepted_kernel_checked
V63,library migration suite,295,V63_accumulator_007,V63_accumulator_007,experiments/kernel_replay_v63_library_migration/coq/V63_accumulator_007.v,1,accept,kernel_success,coqchk_success,experiments/kernel_replay_v63_library_migration/logs/library_migration.batch_coqchk.log,1,accepted_kernel_checked
V63,library migration suite,296,V63_accumulator_008,V63_accumulator_008,experiments/kernel_replay_v63_library_migration/coq/V63_accumulator_008.v,1,accept,kernel_success,coqchk_success,experiments/kernel_replay_v63_library_migration/logs/library_migration.batch_coqchk.log,1,accepted_kernel_checked
V63,library migration suite,297,V63_accumulator_009,V63_accumulator_009,experiments/kernel_replay_v63_library_migration/coq/V63_accumulator_009.v,1,accept,kernel_success,coqchk_success,experiments/kernel_replay_v63_library_migration/logs/library_migration.batch_coqchk.log,1,accepted_kernel_checked
V63,library migration suite,298,V63_accumulator_010,V63_accumulator_010,experiments/kernel_replay_v63_library_migration/coq/V63_accumulator_010.v,1,accept,kernel_success,coqchk_success,experiments/kernel_replay_v63_library_migration/logs/library_migration.batch_coqchk.log,1,accepted_kernel_checked
V63,library migration suite,299,V63_accumulator_011,V63_accumulator_011,experiments/kernel_replay_v63_library_migration/coq/V63_accumulator_011.v,1,accept,kernel_success,coqchk_success,experiments/kernel_replay_v63_library_migration/logs/library_migration.batch_coqchk.log,1,accepted_kernel_checked
V63,library migration suite,300,V63_accumulator_012,V63_accumulator_012,experiments/kernel_replay_v63_library_migration/coq/V63_accumulator_012.v,1,accept,kernel_success,coqchk_success,experiments/kernel_replay_v63_library_migration/logs/library_migration.batch_coqchk.log,1,accepted_kernel_checked
V63,library migration suite,301,V63_accumulator_013,V63_accumulator_013,experiments/kernel_replay_v63_library_migration/coq/V63_accumulator_013.v,1,accept,kernel_success,coqchk_success,experiments/kernel_replay_v63_library_migration/logs/library_migration.batch_coqchk.log,1,accepted_kernel_checked
V63,library migration suite,302,V63_accumulator_014,V63_accumulator_014,experiments/kernel_replay_v63_library_migration/coq/V63_accumulator_014.v,1,accept,kernel_success,coqchk_success,experiments/kernel_replay_v63_library_migration/logs/library_migration.batch_coqchk.log,1,accepted_kernel_checked
V63,library migration suite,303,V63_accumulator_015,V63_accumulator_015,experiments/kernel_replay_v63_library_migration/coq/V63_accumulator_015.v,1,accept,kernel_success,coqchk_success,experiments/kernel_replay_v63_library_migration/logs/library_migration.batch_coqchk.log,1,accepted_kernel_checked
V63,library migration suite,304,V63_accumulator_016,V63_accumulator_016,experiments/kernel_replay_v63_library_migration/coq/V63_accumulator_016.v,1,accept,kernel_success,coqchk_success,experiments/kernel_replay_v63_library_migration/logs/library_migration.batch_coqchk.log,1,accepted_kernel_checked
V63,library migration suite,305,V63_accumulator_017,V63_accumulator_017,experiments/kernel_replay_v63_library_migration/coq/V63_accumulator_017.v,1,accept,kernel_success,coqchk_success,experiments/kernel_replay_v63_library_migration/logs/library_migration.batch_coqchk.log,1,accepted_kernel_checked
V63,library migration suite,306,V63_accumulator_018,V63_accumulator_018,experiments/kernel_replay_v63_library_migration/coq/V63_accumulator_018.v,1,accept,kernel_success,coqchk_success,experiments/kernel_replay_v63_library_migration/logs/library_migration.batch_coqchk.log,1,accepted_kernel_checked
V63,library migration suite,307,V63_accumulator_019,V63_accumulator_019,experiments/kernel_replay_v63_library_migration/coq/V63_accumulator_019.v,1,accept,kernel_success,coqchk_success,experiments/kernel_replay_v63_library_migration/logs/library_migration.batch_coqchk.log,1,accepted_kernel_checked
V63,library migration suite,308,V63_accumulator_020,V63_accumulator_020,experiments/kernel_replay_v63_library_migration/coq/V63_accumulator_020.v,1,accept,kernel_success,coqchk_success,experiments/kernel_replay_v63_library_migration/logs/library_migration.batch_coqchk.log,1,accepted_kernel_checked
V63,library migration suite,309,V63_accumulator_021,V63_accumulator_021,experiments/kernel_replay_v63_library_migration/coq/V63_accumulator_021.v,1,accept,kernel_success,coqchk_success,experiments/kernel_replay_v63_library_migration/logs/library_migration.batch_coqchk.log,1,accepted_kernel_checked
V63,library migration suite,310,V63_accumulator_022,V63_accumulator_022,experiments/kernel_replay_v63_library_migration/coq/V63_accumulator_022.v,1,accept,kernel_success,coqchk_success,experiments/kernel_replay_v63_library_migration/logs/library_migration.batch_coqchk.log,1,accepted_kernel_checked
V63,library migration suite,311,V63_accumulator_023,V63_accumulator_023,experiments/kernel_replay_v63_library_migration/coq/V63_accumulator_023.v,1,accept,kernel_success,coqchk_success,experiments/kernel_replay_v63_library_migration/logs/library_migration.batch_coqchk.log,1,accepted_kernel_checked
V63,library migration suite,312,V63_accumulator_024,V63_accumulator_024,experiments/kernel_replay_v63_library_migration/coq/V63_accumulator_024.v,1,accept,kernel_success,coqchk_success,experiments/kernel_replay_v63_library_migration/logs/library_migration.batch_coqchk.log,1,accepted_kernel_checked
V63,library migration suite,313,V63_accumulator_025,V63_accumulator_025,experiments/kernel_replay_v63_library_migration/coq/V63_accumulator_025.v,1,accept,kernel_success,coqchk_success,experiments/kernel_replay_v63_library_migration/logs/library_migration.batch_coqchk.log,1,accepted_kernel_checked
V63,library migration suite,314,V63_accumulator_026,V63_accumulator_026,experiments/kernel_replay_v63_library_migration/coq/V63_accumulator_026.v,1,accept,kernel_success,coqchk_success,experiments/kernel_replay_v63_library_migration/logs/library_migration.batch_coqchk.log,1,accepted_kernel_checked
V63,library migration suite,315,V63_accumulator_027,V63_accumulator_027,experiments/kernel_replay_v63_library_migration/coq/V63_accumulator_027.v,1,accept,kernel_success,coqchk_success,experiments/kernel_replay_v63_library_migration/logs/library_migration.batch_coqchk.log,1,accepted_kernel_checked
V63,library migration suite,316,V63_accumulator_028,V63_accumulator_028,experiments/kernel_replay_v63_library_migration/coq/V63_accumulator_028.v,1,accept,kernel_success,coqchk_success,experiments/kernel_replay_v63_library_migration/logs/library_migration.batch_coqchk.log,1,accepted_kernel_checked
V63,library migration suite,317,V63_accumulator_029,V63_accumulator_029,experiments/kernel_replay_v63_library_migration/coq/V63_accumulator_029.v,1,accept,kernel_success,coqchk_success,experiments/kernel_replay_v63_library_migration/logs/library_migration.batch_coqchk.log,1,accepted_kernel_checked
V63,library migration suite,318,V63_accumulator_030,V63_accumulator_030,experiments/kernel_replay_v63_library_migration/coq/V63_accumulator_030.v,1,accept,kernel_success,coqchk_success,experiments/kernel_replay_v63_library_migration/logs/library_migration.batch_coqchk.log,1,accepted_kernel_checked
V63,library migration suite,319,V63_accumulator_031,V63_accumulator_031,experiments/kernel_replay_v63_library_migration/coq/V63_accumulator_031.v,1,accept,kernel_success,coqchk_success,experiments/kernel_replay_v63_library_migration/logs/library_migration.batch_coqchk.log,1,accepted_kernel_checked
V63,library migration suite,320,V63_accumulator_032,V63_accumulator_032,experiments/kernel_replay_v63_library_migration/coq/V63_accumulator_032.v,1,accept,kernel_success,coqchk_success,experiments/kernel_replay_v63_library_migration/logs/library_migration.batch_coqchk.log,1,accepted_kernel_checked
V63,library migration suite,321,V63_accumulator_033,V63_accumulator_033,experiments/kernel_replay_v63_library_migration/coq/V63_accumulator_033.v,1,accept,kernel_success,coqchk_success,experiments/kernel_replay_v63_library_migration/logs/library_migration.batch_coqchk.log,1,accepted_kernel_checked
V63,library migration suite,322,V63_accumulator_034,V63_accumulator_034,experiments/kernel_replay_v63_library_migration/coq/V63_accumulator_034.v,1,accept,kernel_success,coqchk_success,experiments/kernel_replay_v63_library_migration/logs/library_migration.batch_coqchk.log,1,accepted_kernel_checked
V63,library migration suite,323,V63_accumulator_035,V63_accumulator_035,experiments/kernel_replay_v63_library_migration/coq/V63_accumulator_035.v,1,accept,kernel_success,coqchk_success,experiments/kernel_replay_v63_library_migration/logs/library_migration.batch_coqchk.log,1,accepted_kernel_checked
V63,library migration suite,324,V63_accumulator_036,V63_accumulator_036,experiments/kernel_replay_v63_library_migration/coq/V63_accumulator_036.v,1,accept,kernel_success,coqchk_success,experiments/kernel_replay_v63_library_migration/logs/library_migration.batch_coqchk.log,1,accepted_kernel_checked
V63,library migration suite,325,V63_accumulator_037,V63_accumulator_037,experiments/kernel_replay_v63_library_migration/coq/V63_accumulator_037.v,1,accept,kernel_success,coqchk_success,experiments/kernel_replay_v63_library_migration/logs/library_migration.batch_coqchk.log,1,accepted_kernel_checked
V63,library migration suite,326,V63_accumulator_038,V63_accumulator_038,experiments/kernel_replay_v63_library_migration/coq/V63_accumulator_038.v,1,accept,kernel_success,coqchk_success,experiments/kernel_replay_v63_library_migration/logs/library_migration.batch_coqchk.log,1,accepted_kernel_checked
V63,library migration suite,327,V63_accumulator_039,V63_accumulator_039,experiments/kernel_replay_v63_library_migration/coq/V63_accumulator_039.v,1,accept,kernel_success,coqchk_success,experiments/kernel_replay_v63_library_migration/logs/library_migration.batch_coqchk.log,1,accepted_kernel_checked
V63,library migration suite,328,V63_accumulator_040,V63_accumulator_040,experiments/kernel_replay_v63_library_migration/coq/V63_accumulator_040.v,1,accept,kernel_success,coqchk_success,experiments/kernel_replay_v63_library_migration/logs/library_migration.batch_coqchk.log,1,accepted_kernel_checked
V63,library migration suite,329,V63_accumulator_041,V63_accumulator_041,experiments/kernel_replay_v63_library_migration/coq/V63_accumulator_041.v,1,accept,kernel_success,coqchk_success,experiments/kernel_replay_v63_library_migration/logs/library_migration.batch_coqchk.log,1,accepted_kernel_checked
V63,library migration suite,330,V63_accumulator_042,V63_accumulator_042,experiments/kernel_replay_v63_library_migration/coq/V63_accumulator_042.v,1,accept,kernel_success,coqchk_success,experiments/kernel_replay_v63_library_migration/logs/library_migration.batch_coqchk.log,1,accepted_kernel_checked
V63,library migration suite,331,V63_accumulator_043,V63_accumulator_043,experiments/kernel_replay_v63_library_migration/coq/V63_accumulator_043.v,1,accept,kernel_success,coqchk_success,experiments/kernel_replay_v63_library_migration/logs/library_migration.batch_coqchk.log,1,accepted_kernel_checked
V63,library migration suite,332,V63_accumulator_044,V63_accumulator_044,experiments/kernel_replay_v63_library_migration/coq/V63_accumulator_044.v,1,accept,kernel_success,coqchk_success,experiments/kernel_replay_v63_library_migration/logs/library_migration.batch_coqchk.log,1,accepted_kernel_checked
V63,library migration suite,333,V63_accumulator_045,V63_accumulator_045,experiments/kernel_replay_v63_library_migration/coq/V63_accumulator_045.v,1,accept,kernel_success,coqchk_success,experiments/kernel_replay_v63_library_migration/logs/library_migration.batch_coqchk.log,1,accepted_kernel_checked
V63,library migration suite,334,V63_accumulator_046,V63_accumulator_046,experiments/kernel_replay_v63_library_migration/coq/V63_accumulator_046.v,1,accept,kernel_success,coqchk_success,experiments/kernel_replay_v63_library_migration/logs/library_migration.batch_coqchk.log,1,accepted_kernel_checked
V63,library migration suite,335,V63_accumulator_047,V63_accumulator_047,experiments/kernel_replay_v63_library_migration/coq/V63_accumulator_047.v,1,accept,kernel_success,coqchk_success,experiments/kernel_replay_v63_library_migration/logs/library_migration.batch_coqchk.log,1,accepted_kernel_checked
V63,library migration suite,336,V63_accumulator_048,V63_accumulator_048,experiments/kernel_replay_v63_library_migration/coq/V63_accumulator_048.v,1,accept,kernel_success,coqchk_success,experiments/kernel_replay_v63_library_migration/logs/library_migration.batch_coqchk.log,1,accepted_kernel_checked
V63,library migration suite,337,V63_accumulator_049,V63_accumulator_049,experiments/kernel_replay_v63_library_migration/coq/V63_accumulator_049.v,1,accept,kernel_success,coqchk_success,experiments/kernel_replay_v63_library_migration/logs/library_migration.batch_coqchk.log,1,accepted_kernel_checked
V63,library migration suite,338,V63_accumulator_050,V63_accumulator_050,experiments/kernel_replay_v63_library_migration/coq/V63_accumulator_050.v,1,accept,kernel_success,coqchk_success,experiments/kernel_replay_v63_library_migration/logs/library_migration.batch_coqchk.log,1,accepted_kernel_checked
V63,library migration suite,339,V63_accumulator_051,V63_accumulator_051,experiments/kernel_replay_v63_library_migration/coq/V63_accumulator_051.v,1,accept,kernel_success,coqchk_success,experiments/kernel_replay_v63_library_migration/logs/library_migration.batch_coqchk.log,1,accepted_kernel_checked
V63,library migration suite,340,V63_accumulator_052,V63_accumulator_052,experiments/kernel_replay_v63_library_migration/coq/V63_accumulator_052.v,1,accept,kernel_success,coqchk_success,experiments/kernel_replay_v63_library_migration/logs/library_migration.batch_coqchk.log,1,accepted_kernel_checked
V63,library migration suite,341,V63_accumulator_053,V63_accumulator_053,experiments/kernel_replay_v63_library_migration/coq/V63_accumulator_053.v,1,accept,kernel_success,coqchk_success,experiments/kernel_replay_v63_library_migration/logs/library_migration.batch_coqchk.log,1,accepted_kernel_checked
V63,library migration suite,342,V63_accumulator_054,V63_accumulator_054,experiments/kernel_replay_v63_library_migration/coq/V63_accumulator_054.v,1,accept,kernel_success,coqchk_success,experiments/kernel_replay_v63_library_migration/logs/library_migration.batch_coqchk.log,1,accepted_kernel_checked
V63,library migration suite,343,V63_accumulator_055,V63_accumulator_055,experiments/kernel_replay_v63_library_migration/coq/V63_accumulator_055.v,1,accept,kernel_success,coqchk_success,experiments/kernel_replay_v63_library_migration/logs/library_migration.batch_coqchk.log,1,accepted_kernel_checked
V63,library migration suite,344,V63_accumulator_056,V63_accumulator_056,experiments/kernel_replay_v63_library_migration/coq/V63_accumulator_056.v,1,accept,kernel_success,coqchk_success,experiments/kernel_replay_v63_library_migration/logs/library_migration.batch_coqchk.log,1,accepted_kernel_checked
V63,library migration suite,345,V63_accumulator_057,V63_accumulator_057,experiments/kernel_replay_v63_library_migration/coq/V63_accumulator_057.v,1,accept,kernel_success,coqchk_success,experiments/kernel_replay_v63_library_migration/logs/library_migration.batch_coqchk.log,1,accepted_kernel_checked
V63,library migration suite,346,V63_accumulator_058,V63_accumulator_058,experiments/kernel_replay_v63_library_migration/coq/V63_accumulator_058.v,1,accept,kernel_success,coqchk_success,experiments/kernel_replay_v63_library_migration/logs/library_migration.batch_coqchk.log,1,accepted_kernel_checked
V63,library migration suite,347,V63_accumulator_059,V63_accumulator_059,experiments/kernel_replay_v63_library_migration/coq/V63_accumulator_059.v,1,accept,kernel_success,coqchk_success,experiments/kernel_replay_v63_library_migration/logs/library_migration.batch_coqchk.log,1,accepted_kernel_checked
V63,library migration suite,348,V63_accumulator_060,V63_accumulator_060,experiments/kernel_replay_v63_library_migration/coq/V63_accumulator_060.v,1,accept,kernel_success,coqchk_success,experiments/kernel_replay_v63_library_migration/logs/library_migration.batch_coqchk.log,1,accepted_kernel_checked
V63,library migration suite,349,V63_accumulator_061,V63_accumulator_061,experiments/kernel_replay_v63_library_migration/coq/V63_accumulator_061.v,1,accept,kernel_success,coqchk_success,experiments/kernel_replay_v63_library_migration/logs/library_migration.batch_coqchk.log,1,accepted_kernel_checked
V63,library migration suite,350,V63_accumulator_062,V63_accumulator_062,experiments/kernel_replay_v63_library_migration/coq/V63_accumulator_062.v,1,accept,kernel_success,coqchk_success,experiments/kernel_replay_v63_library_migration/logs/library_migration.batch_coqchk.log,1,accepted_kernel_checked
V63,library migration suite,351,V63_accumulator_063,V63_accumulator_063,experiments/kernel_replay_v63_library_migration/coq/V63_accumulator_063.v,1,accept,kernel_success,coqchk_success,experiments/kernel_replay_v63_library_migration/logs/library_migration.batch_coqchk.log,1,accepted_kernel_checked
V63,library migration suite,352,V63_accumulator_064,V63_accumulator_064,experiments/kernel_replay_v63_library_migration/coq/V63_accumulator_064.v,1,accept,kernel_success,coqchk_success,experiments/kernel_replay_v63_library_migration/logs/library_migration.batch_coqchk.log,1,accepted_kernel_checked
V63,library migration suite,353,V63_accumulator_065,V63_accumulator_065,experiments/kernel_replay_v63_library_migration/coq/V63_accumulator_065.v,1,accept,kernel_success,coqchk_success,experiments/kernel_replay_v63_library_migration/logs/library_migration.batch_coqchk.log,1,accepted_kernel_checked
V63,library migration suite,354,V63_accumulator_066,V63_accumulator_066,experiments/kernel_replay_v63_library_migration/coq/V63_accumulator_066.v,1,accept,kernel_success,coqchk_success,experiments/kernel_replay_v63_library_migration/logs/library_migration.batch_coqchk.log,1,accepted_kernel_checked
V63,library migration suite,355,V63_accumulator_067,V63_accumulator_067,experiments/kernel_replay_v63_library_migration/coq/V63_accumulator_067.v,1,accept,kernel_success,coqchk_success,experiments/kernel_replay_v63_library_migration/logs/library_migration.batch_coqchk.log,1,accepted_kernel_checked
V63,library migration suite,356,V63_accumulator_068,V63_accumulator_068,experiments/kernel_replay_v63_library_migration/coq/V63_accumulator_068.v,1,accept,kernel_success,coqchk_success,experiments/kernel_replay_v63_library_migration/logs/library_migration.batch_coqchk.log,1,accepted_kernel_checked
V63,library migration suite,357,V63_accumulator_069,V63_accumulator_069,experiments/kernel_replay_v63_library_migration/coq/V63_accumulator_069.v,1,accept,kernel_success,coqchk_success,experiments/kernel_replay_v63_library_migration/logs/library_migration.batch_coqchk.log,1,accepted_kernel_checked
V63,library migration suite,358,V63_accumulator_070,V63_accumulator_070,experiments/kernel_replay_v63_library_migration/coq/V63_accumulator_070.v,1,accept,kernel_success,coqchk_success,experiments/kernel_replay_v63_library_migration/logs/library_migration.batch_coqchk.log,1,accepted_kernel_checked
V63,library migration suite,359,V63_accumulator_071,V63_accumulator_071,experiments/kernel_replay_v63_library_migration/coq/V63_accumulator_071.v,1,accept,kernel_success,coqchk_success,experiments/kernel_replay_v63_library_migration/logs/library_migration.batch_coqchk.log,1,accepted_kernel_checked
V63,library migration suite,360,V63_accumulator_072,V63_accumulator_072,experiments/kernel_replay_v63_library_migration/coq/V63_accumulator_072.v,1,accept,kernel_success,coqchk_success,experiments/kernel_replay_v63_library_migration/logs/library_migration.batch_coqchk.log,1,accepted_kernel_checked
V64,robustness matrix,1,V64_ACCEPT_RECORD_TUPLE_001,V64_ACCEPT_RECORD_TUPLE_001,experiments/kernel_replay_v64_robustness_matrix/coq/V64_ACCEPT_RECORD_TUPLE_001.v,1,accept,kernel_success,coqchk_success,experiments/kernel_replay_v64_robustness_matrix/logs/V64_ACCEPT_BATCH.coqchk.log,1,accepted_kernel_checked
V64,robustness matrix,2,V64_ACCEPT_RECORD_TUPLE_002,V64_ACCEPT_RECORD_TUPLE_002,experiments/kernel_replay_v64_robustness_matrix/coq/V64_ACCEPT_RECORD_TUPLE_002.v,1,accept,kernel_success,coqchk_success,experiments/kernel_replay_v64_robustness_matrix/logs/V64_ACCEPT_BATCH.coqchk.log,1,accepted_kernel_checked
V64,robustness matrix,3,V64_ACCEPT_RECORD_TUPLE_003,V64_ACCEPT_RECORD_TUPLE_003,experiments/kernel_replay_v64_robustness_matrix/coq/V64_ACCEPT_RECORD_TUPLE_003.v,1,accept,kernel_success,coqchk_success,experiments/kernel_replay_v64_robustness_matrix/logs/V64_ACCEPT_BATCH.coqchk.log,1,accepted_kernel_checked
V64,robustness matrix,4,V64_ACCEPT_RECORD_TUPLE_004,V64_ACCEPT_RECORD_TUPLE_004,experiments/kernel_replay_v64_robustness_matrix/coq/V64_ACCEPT_RECORD_TUPLE_004.v,1,accept,kernel_success,coqchk_success,experiments/kernel_replay_v64_robustness_matrix/logs/V64_ACCEPT_BATCH.coqchk.log,1,accepted_kernel_checked
V64,robustness matrix,5,V64_ACCEPT_RECORD_TUPLE_005,V64_ACCEPT_RECORD_TUPLE_005,experiments/kernel_replay_v64_robustness_matrix/coq/V64_ACCEPT_RECORD_TUPLE_005.v,1,accept,kernel_success,coqchk_success,experiments/kernel_replay_v64_robustness_matrix/logs/V64_ACCEPT_BATCH.coqchk.log,1,accepted_kernel_checked
V64,robustness matrix,6,V64_ACCEPT_RECORD_TUPLE_006,V64_ACCEPT_RECORD_TUPLE_006,experiments/kernel_replay_v64_robustness_matrix/coq/V64_ACCEPT_RECORD_TUPLE_006.v,1,accept,kernel_success,coqchk_success,experiments/kernel_replay_v64_robustness_matrix/logs/V64_ACCEPT_BATCH.coqchk.log,1,accepted_kernel_checked
V64,robustness matrix,7,V64_ACCEPT_RECORD_TUPLE_007,V64_ACCEPT_RECORD_TUPLE_007,experiments/kernel_replay_v64_robustness_matrix/coq/V64_ACCEPT_RECORD_TUPLE_007.v,1,accept,kernel_success,coqchk_success,experiments/kernel_replay_v64_robustness_matrix/logs/V64_ACCEPT_BATCH.coqchk.log,1,accepted_kernel_checked
V64,robustness matrix,8,V64_ACCEPT_RECORD_TUPLE_008,V64_ACCEPT_RECORD_TUPLE_008,experiments/kernel_replay_v64_robustness_matrix/coq/V64_ACCEPT_RECORD_TUPLE_008.v,1,accept,kernel_success,coqchk_success,experiments/kernel_replay_v64_robustness_matrix/logs/V64_ACCEPT_BATCH.coqchk.log,1,accepted_kernel_checked
V64,robustness matrix,9,V64_ACCEPT_RECORD_TUPLE_009,V64_ACCEPT_RECORD_TUPLE_009,experiments/kernel_replay_v64_robustness_matrix/coq/V64_ACCEPT_RECORD_TUPLE_009.v,1,accept,kernel_success,coqchk_success,experiments/kernel_replay_v64_robustness_matrix/logs/V64_ACCEPT_BATCH.coqchk.log,1,accepted_kernel_checked
V64,robustness matrix,10,V64_ACCEPT_RECORD_TUPLE_010,V64_ACCEPT_RECORD_TUPLE_010,experiments/kernel_replay_v64_robustness_matrix/coq/V64_ACCEPT_RECORD_TUPLE_010.v,1,accept,kernel_success,coqchk_success,experiments/kernel_replay_v64_robustness_matrix/logs/V64_ACCEPT_BATCH.coqchk.log,1,accepted_kernel_checked
V64,robustness matrix,11,V64_ACCEPT_RECORD_TUPLE_011,V64_ACCEPT_RECORD_TUPLE_011,experiments/kernel_replay_v64_robustness_matrix/coq/V64_ACCEPT_RECORD_TUPLE_011.v,1,accept,kernel_success,coqchk_success,experiments/kernel_replay_v64_robustness_matrix/logs/V64_ACCEPT_BATCH.coqchk.log,1,accepted_kernel_checked
V64,robustness matrix,12,V64_ACCEPT_RECORD_TUPLE_012,V64_ACCEPT_RECORD_TUPLE_012,experiments/kernel_replay_v64_robustness_matrix/coq/V64_ACCEPT_RECORD_TUPLE_012.v,1,accept,kernel_success,coqchk_success,experiments/kernel_replay_v64_robustness_matrix/logs/V64_ACCEPT_BATCH.coqchk.log,1,accepted_kernel_checked
V64,robustness matrix,13,V64_ACCEPT_RECORD_TUPLE_013,V64_ACCEPT_RECORD_TUPLE_013,experiments/kernel_replay_v64_robustness_matrix/coq/V64_ACCEPT_RECORD_TUPLE_013.v,1,accept,kernel_success,coqchk_success,experiments/kernel_replay_v64_robustness_matrix/logs/V64_ACCEPT_BATCH.coqchk.log,1,accepted_kernel_checked
V64,robustness matrix,14,V64_ACCEPT_RECORD_TUPLE_014,V64_ACCEPT_RECORD_TUPLE_014,experiments/kernel_replay_v64_robustness_matrix/coq/V64_ACCEPT_RECORD_TUPLE_014.v,1,accept,kernel_success,coqchk_success,experiments/kernel_replay_v64_robustness_matrix/logs/V64_ACCEPT_BATCH.coqchk.log,1,accepted_kernel_checked
V64,robustness matrix,15,V64_ACCEPT_RECORD_TUPLE_015,V64_ACCEPT_RECORD_TUPLE_015,experiments/kernel_replay_v64_robustness_matrix/coq/V64_ACCEPT_RECORD_TUPLE_015.v,1,accept,kernel_success,coqchk_success,experiments/kernel_replay_v64_robustness_matrix/logs/V64_ACCEPT_BATCH.coqchk.log,1,accepted_kernel_checked
V64,robustness matrix,16,V64_ACCEPT_RECORD_TUPLE_016,V64_ACCEPT_RECORD_TUPLE_016,experiments/kernel_replay_v64_robustness_matrix/coq/V64_ACCEPT_RECORD_TUPLE_016.v,1,accept,kernel_success,coqchk_success,experiments/kernel_replay_v64_robustness_matrix/logs/V64_ACCEPT_BATCH.coqchk.log,1,accepted_kernel_checked
V64,robustness matrix,17,V64_ACCEPT_RECORD_TUPLE_017,V64_ACCEPT_RECORD_TUPLE_017,experiments/kernel_replay_v64_robustness_matrix/coq/V64_ACCEPT_RECORD_TUPLE_017.v,1,accept,kernel_success,coqchk_success,experiments/kernel_replay_v64_robustness_matrix/logs/V64_ACCEPT_BATCH.coqchk.log,1,accepted_kernel_checked
V64,robustness matrix,18,V64_ACCEPT_RECORD_TUPLE_018,V64_ACCEPT_RECORD_TUPLE_018,experiments/kernel_replay_v64_robustness_matrix/coq/V64_ACCEPT_RECORD_TUPLE_018.v,1,accept,kernel_success,coqchk_success,experiments/kernel_replay_v64_robustness_matrix/logs/V64_ACCEPT_BATCH.coqchk.log,1,accepted_kernel_checked
V64,robustness matrix,19,V64_ACCEPT_RECORD_TUPLE_019,V64_ACCEPT_RECORD_TUPLE_019,experiments/kernel_replay_v64_robustness_matrix/coq/V64_ACCEPT_RECORD_TUPLE_019.v,1,accept,kernel_success,coqchk_success,experiments/kernel_replay_v64_robustness_matrix/logs/V64_ACCEPT_BATCH.coqchk.log,1,accepted_kernel_checked
V64,robustness matrix,20,V64_ACCEPT_RECORD_TUPLE_020,V64_ACCEPT_RECORD_TUPLE_020,experiments/kernel_replay_v64_robustness_matrix/coq/V64_ACCEPT_RECORD_TUPLE_020.v,1,accept,kernel_success,coqchk_success,experiments/kernel_replay_v64_robustness_matrix/logs/V64_ACCEPT_BATCH.coqchk.log,1,accepted_kernel_checked
V64,robustness matrix,21,V64_ACCEPT_RECORD_TUPLE_021,V64_ACCEPT_RECORD_TUPLE_021,experiments/kernel_replay_v64_robustness_matrix/coq/V64_ACCEPT_RECORD_TUPLE_021.v,1,accept,kernel_success,coqchk_success,experiments/kernel_replay_v64_robustness_matrix/logs/V64_ACCEPT_BATCH.coqchk.log,1,accepted_kernel_checked
V64,robustness matrix,22,V64_ACCEPT_RECORD_TUPLE_022,V64_ACCEPT_RECORD_TUPLE_022,experiments/kernel_replay_v64_robustness_matrix/coq/V64_ACCEPT_RECORD_TUPLE_022.v,1,accept,kernel_success,coqchk_success,experiments/kernel_replay_v64_robustness_matrix/logs/V64_ACCEPT_BATCH.coqchk.log,1,accepted_kernel_checked
V64,robustness matrix,23,V64_ACCEPT_RECORD_TUPLE_023,V64_ACCEPT_RECORD_TUPLE_023,experiments/kernel_replay_v64_robustness_matrix/coq/V64_ACCEPT_RECORD_TUPLE_023.v,1,accept,kernel_success,coqchk_success,experiments/kernel_replay_v64_robustness_matrix/logs/V64_ACCEPT_BATCH.coqchk.log,1,accepted_kernel_checked
V64,robustness matrix,24,V64_ACCEPT_RECORD_TUPLE_024,V64_ACCEPT_RECORD_TUPLE_024,experiments/kernel_replay_v64_robustness_matrix/coq/V64_ACCEPT_RECORD_TUPLE_024.v,1,accept,kernel_success,coqchk_success,experiments/kernel_replay_v64_robustness_matrix/logs/V64_ACCEPT_BATCH.coqchk.log,1,accepted_kernel_checked
V64,robustness matrix,25,V64_ACCEPT_RECORD_TUPLE_025,V64_ACCEPT_RECORD_TUPLE_025,experiments/kernel_replay_v64_robustness_matrix/coq/V64_ACCEPT_RECORD_TUPLE_025.v,1,accept,kernel_success,coqchk_success,experiments/kernel_replay_v64_robustness_matrix/logs/V64_ACCEPT_BATCH.coqchk.log,1,accepted_kernel_checked
V64,robustness matrix,26,V64_ACCEPT_RECORD_TUPLE_026,V64_ACCEPT_RECORD_TUPLE_026,experiments/kernel_replay_v64_robustness_matrix/coq/V64_ACCEPT_RECORD_TUPLE_026.v,1,accept,kernel_success,coqchk_success,experiments/kernel_replay_v64_robustness_matrix/logs/V64_ACCEPT_BATCH.coqchk.log,1,accepted_kernel_checked
V64,robustness matrix,27,V64_ACCEPT_RECORD_TUPLE_027,V64_ACCEPT_RECORD_TUPLE_027,experiments/kernel_replay_v64_robustness_matrix/coq/V64_ACCEPT_RECORD_TUPLE_027.v,1,accept,kernel_success,coqchk_success,experiments/kernel_replay_v64_robustness_matrix/logs/V64_ACCEPT_BATCH.coqchk.log,1,accepted_kernel_checked
V64,robustness matrix,28,V64_ACCEPT_RECORD_TUPLE_028,V64_ACCEPT_RECORD_TUPLE_028,experiments/kernel_replay_v64_robustness_matrix/coq/V64_ACCEPT_RECORD_TUPLE_028.v,1,accept,kernel_success,coqchk_success,experiments/kernel_replay_v64_robustness_matrix/logs/V64_ACCEPT_BATCH.coqchk.log,1,accepted_kernel_checked
V64,robustness matrix,29,V64_ACCEPT_RECORD_TUPLE_029,V64_ACCEPT_RECORD_TUPLE_029,experiments/kernel_replay_v64_robustness_matrix/coq/V64_ACCEPT_RECORD_TUPLE_029.v,1,accept,kernel_success,coqchk_success,experiments/kernel_replay_v64_robustness_matrix/logs/V64_ACCEPT_BATCH.coqchk.log,1,accepted_kernel_checked
V64,robustness matrix,30,V64_ACCEPT_RECORD_TUPLE_030,V64_ACCEPT_RECORD_TUPLE_030,experiments/kernel_replay_v64_robustness_matrix/coq/V64_ACCEPT_RECORD_TUPLE_030.v,1,accept,kernel_success,coqchk_success,experiments/kernel_replay_v64_robustness_matrix/logs/V64_ACCEPT_BATCH.coqchk.log,1,accepted_kernel_checked
V64,robustness matrix,31,V64_ACCEPT_RECORD_TUPLE_031,V64_ACCEPT_RECORD_TUPLE_031,experiments/kernel_replay_v64_robustness_matrix/coq/V64_ACCEPT_RECORD_TUPLE_031.v,1,accept,kernel_success,coqchk_success,experiments/kernel_replay_v64_robustness_matrix/logs/V64_ACCEPT_BATCH.coqchk.log,1,accepted_kernel_checked
V64,robustness matrix,32,V64_ACCEPT_RECORD_TUPLE_032,V64_ACCEPT_RECORD_TUPLE_032,experiments/kernel_replay_v64_robustness_matrix/coq/V64_ACCEPT_RECORD_TUPLE_032.v,1,accept,kernel_success,coqchk_success,experiments/kernel_replay_v64_robustness_matrix/logs/V64_ACCEPT_BATCH.coqchk.log,1,accepted_kernel_checked
V64,robustness matrix,33,V64_ACCEPT_RECORD_TUPLE_033,V64_ACCEPT_RECORD_TUPLE_033,experiments/kernel_replay_v64_robustness_matrix/coq/V64_ACCEPT_RECORD_TUPLE_033.v,1,accept,kernel_success,coqchk_success,experiments/kernel_replay_v64_robustness_matrix/logs/V64_ACCEPT_BATCH.coqchk.log,1,accepted_kernel_checked
V64,robustness matrix,34,V64_ACCEPT_RECORD_TUPLE_034,V64_ACCEPT_RECORD_TUPLE_034,experiments/kernel_replay_v64_robustness_matrix/coq/V64_ACCEPT_RECORD_TUPLE_034.v,1,accept,kernel_success,coqchk_success,experiments/kernel_replay_v64_robustness_matrix/logs/V64_ACCEPT_BATCH.coqchk.log,1,accepted_kernel_checked
V64,robustness matrix,35,V64_ACCEPT_RECORD_TUPLE_035,V64_ACCEPT_RECORD_TUPLE_035,experiments/kernel_replay_v64_robustness_matrix/coq/V64_ACCEPT_RECORD_TUPLE_035.v,1,accept,kernel_success,coqchk_success,experiments/kernel_replay_v64_robustness_matrix/logs/V64_ACCEPT_BATCH.coqchk.log,1,accepted_kernel_checked
V64,robustness matrix,36,V64_ACCEPT_RECORD_TUPLE_036,V64_ACCEPT_RECORD_TUPLE_036,experiments/kernel_replay_v64_robustness_matrix/coq/V64_ACCEPT_RECORD_TUPLE_036.v,1,accept,kernel_success,coqchk_success,experiments/kernel_replay_v64_robustness_matrix/logs/V64_ACCEPT_BATCH.coqchk.log,1,accepted_kernel_checked
V64,robustness matrix,37,V64_ACCEPT_RECORD_TUPLE_037,V64_ACCEPT_RECORD_TUPLE_037,experiments/kernel_replay_v64_robustness_matrix/coq/V64_ACCEPT_RECORD_TUPLE_037.v,1,accept,kernel_success,coqchk_success,experiments/kernel_replay_v64_robustness_matrix/logs/V64_ACCEPT_BATCH.coqchk.log,1,accepted_kernel_checked
V64,robustness matrix,38,V64_ACCEPT_RECORD_TUPLE_038,V64_ACCEPT_RECORD_TUPLE_038,experiments/kernel_replay_v64_robustness_matrix/coq/V64_ACCEPT_RECORD_TUPLE_038.v,1,accept,kernel_success,coqchk_success,experiments/kernel_replay_v64_robustness_matrix/logs/V64_ACCEPT_BATCH.coqchk.log,1,accepted_kernel_checked
V64,robustness matrix,39,V64_ACCEPT_RECORD_TUPLE_039,V64_ACCEPT_RECORD_TUPLE_039,experiments/kernel_replay_v64_robustness_matrix/coq/V64_ACCEPT_RECORD_TUPLE_039.v,1,accept,kernel_success,coqchk_success,experiments/kernel_replay_v64_robustness_matrix/logs/V64_ACCEPT_BATCH.coqchk.log,1,accepted_kernel_checked
V64,robustness matrix,40,V64_ACCEPT_RECORD_TUPLE_040,V64_ACCEPT_RECORD_TUPLE_040,experiments/kernel_replay_v64_robustness_matrix/coq/V64_ACCEPT_RECORD_TUPLE_040.v,1,accept,kernel_success,coqchk_success,experiments/kernel_replay_v64_robustness_matrix/logs/V64_ACCEPT_BATCH.coqchk.log,1,accepted_kernel_checked
V64,robustness matrix,41,V64_ACCEPT_RECORD_TUPLE_041,V64_ACCEPT_RECORD_TUPLE_041,experiments/kernel_replay_v64_robustness_matrix/coq/V64_ACCEPT_RECORD_TUPLE_041.v,1,accept,kernel_success,coqchk_success,experiments/kernel_replay_v64_robustness_matrix/logs/V64_ACCEPT_BATCH.coqchk.log,1,accepted_kernel_checked
V64,robustness matrix,42,V64_ACCEPT_RECORD_TUPLE_042,V64_ACCEPT_RECORD_TUPLE_042,experiments/kernel_replay_v64_robustness_matrix/coq/V64_ACCEPT_RECORD_TUPLE_042.v,1,accept,kernel_success,coqchk_success,experiments/kernel_replay_v64_robustness_matrix/logs/V64_ACCEPT_BATCH.coqchk.log,1,accepted_kernel_checked
V64,robustness matrix,43,V64_ACCEPT_RECORD_TUPLE_043,V64_ACCEPT_RECORD_TUPLE_043,experiments/kernel_replay_v64_robustness_matrix/coq/V64_ACCEPT_RECORD_TUPLE_043.v,1,accept,kernel_success,coqchk_success,experiments/kernel_replay_v64_robustness_matrix/logs/V64_ACCEPT_BATCH.coqchk.log,1,accepted_kernel_checked
V64,robustness matrix,44,V64_ACCEPT_RECORD_TUPLE_044,V64_ACCEPT_RECORD_TUPLE_044,experiments/kernel_replay_v64_robustness_matrix/coq/V64_ACCEPT_RECORD_TUPLE_044.v,1,accept,kernel_success,coqchk_success,experiments/kernel_replay_v64_robustness_matrix/logs/V64_ACCEPT_BATCH.coqchk.log,1,accepted_kernel_checked
V64,robustness matrix,45,V64_ACCEPT_RECORD_TUPLE_045,V64_ACCEPT_RECORD_TUPLE_045,experiments/kernel_replay_v64_robustness_matrix/coq/V64_ACCEPT_RECORD_TUPLE_045.v,1,accept,kernel_success,coqchk_success,experiments/kernel_replay_v64_robustness_matrix/logs/V64_ACCEPT_BATCH.coqchk.log,1,accepted_kernel_checked
V64,robustness matrix,46,V64_ACCEPT_RECORD_TUPLE_046,V64_ACCEPT_RECORD_TUPLE_046,experiments/kernel_replay_v64_robustness_matrix/coq/V64_ACCEPT_RECORD_TUPLE_046.v,1,accept,kernel_success,coqchk_success,experiments/kernel_replay_v64_robustness_matrix/logs/V64_ACCEPT_BATCH.coqchk.log,1,accepted_kernel_checked
V64,robustness matrix,47,V64_ACCEPT_RECORD_TUPLE_047,V64_ACCEPT_RECORD_TUPLE_047,experiments/kernel_replay_v64_robustness_matrix/coq/V64_ACCEPT_RECORD_TUPLE_047.v,1,accept,kernel_success,coqchk_success,experiments/kernel_replay_v64_robustness_matrix/logs/V64_ACCEPT_BATCH.coqchk.log,1,accepted_kernel_checked
V64,robustness matrix,48,V64_ACCEPT_RECORD_TUPLE_048,V64_ACCEPT_RECORD_TUPLE_048,experiments/kernel_replay_v64_robustness_matrix/coq/V64_ACCEPT_RECORD_TUPLE_048.v,1,accept,kernel_success,coqchk_success,experiments/kernel_replay_v64_robustness_matrix/logs/V64_ACCEPT_BATCH.coqchk.log,1,accepted_kernel_checked
V64,robustness matrix,49,V64_ACCEPT_RECORD_TUPLE_049,V64_ACCEPT_RECORD_TUPLE_049,experiments/kernel_replay_v64_robustness_matrix/coq/V64_ACCEPT_RECORD_TUPLE_049.v,1,accept,kernel_success,coqchk_success,experiments/kernel_replay_v64_robustness_matrix/logs/V64_ACCEPT_BATCH.coqchk.log,1,accepted_kernel_checked
V64,robustness matrix,50,V64_ACCEPT_RECORD_TUPLE_050,V64_ACCEPT_RECORD_TUPLE_050,experiments/kernel_replay_v64_robustness_matrix/coq/V64_ACCEPT_RECORD_TUPLE_050.v,1,accept,kernel_success,coqchk_success,experiments/kernel_replay_v64_robustness_matrix/logs/V64_ACCEPT_BATCH.coqchk.log,1,accepted_kernel_checked
V64,robustness matrix,51,V64_ACCEPT_RECORD_TUPLE_051,V64_ACCEPT_RECORD_TUPLE_051,experiments/kernel_replay_v64_robustness_matrix/coq/V64_ACCEPT_RECORD_TUPLE_051.v,1,accept,kernel_success,coqchk_success,experiments/kernel_replay_v64_robustness_matrix/logs/V64_ACCEPT_BATCH.coqchk.log,1,accepted_kernel_checked
V64,robustness matrix,52,V64_ACCEPT_RECORD_TUPLE_052,V64_ACCEPT_RECORD_TUPLE_052,experiments/kernel_replay_v64_robustness_matrix/coq/V64_ACCEPT_RECORD_TUPLE_052.v,1,accept,kernel_success,coqchk_success,experiments/kernel_replay_v64_robustness_matrix/logs/V64_ACCEPT_BATCH.coqchk.log,1,accepted_kernel_checked
V64,robustness matrix,53,V64_ACCEPT_RECORD_TUPLE_053,V64_ACCEPT_RECORD_TUPLE_053,experiments/kernel_replay_v64_robustness_matrix/coq/V64_ACCEPT_RECORD_TUPLE_053.v,1,accept,kernel_success,coqchk_success,experiments/kernel_replay_v64_robustness_matrix/logs/V64_ACCEPT_BATCH.coqchk.log,1,accepted_kernel_checked
V64,robustness matrix,54,V64_ACCEPT_RECORD_TUPLE_054,V64_ACCEPT_RECORD_TUPLE_054,experiments/kernel_replay_v64_robustness_matrix/coq/V64_ACCEPT_RECORD_TUPLE_054.v,1,accept,kernel_success,coqchk_success,experiments/kernel_replay_v64_robustness_matrix/logs/V64_ACCEPT_BATCH.coqchk.log,1,accepted_kernel_checked
V64,robustness matrix,55,V64_ACCEPT_RECORD_TUPLE_055,V64_ACCEPT_RECORD_TUPLE_055,experiments/kernel_replay_v64_robustness_matrix/coq/V64_ACCEPT_RECORD_TUPLE_055.v,1,accept,kernel_success,coqchk_success,experiments/kernel_replay_v64_robustness_matrix/logs/V64_ACCEPT_BATCH.coqchk.log,1,accepted_kernel_checked
V64,robustness matrix,56,V64_ACCEPT_RECORD_TUPLE_056,V64_ACCEPT_RECORD_TUPLE_056,experiments/kernel_replay_v64_robustness_matrix/coq/V64_ACCEPT_RECORD_TUPLE_056.v,1,accept,kernel_success,coqchk_success,experiments/kernel_replay_v64_robustness_matrix/logs/V64_ACCEPT_BATCH.coqchk.log,1,accepted_kernel_checked
V64,robustness matrix,57,V64_ACCEPT_RECORD_TUPLE_057,V64_ACCEPT_RECORD_TUPLE_057,experiments/kernel_replay_v64_robustness_matrix/coq/V64_ACCEPT_RECORD_TUPLE_057.v,1,accept,kernel_success,coqchk_success,experiments/kernel_replay_v64_robustness_matrix/logs/V64_ACCEPT_BATCH.coqchk.log,1,accepted_kernel_checked
V64,robustness matrix,58,V64_ACCEPT_RECORD_TUPLE_058,V64_ACCEPT_RECORD_TUPLE_058,experiments/kernel_replay_v64_robustness_matrix/coq/V64_ACCEPT_RECORD_TUPLE_058.v,1,accept,kernel_success,coqchk_success,experiments/kernel_replay_v64_robustness_matrix/logs/V64_ACCEPT_BATCH.coqchk.log,1,accepted_kernel_checked
V64,robustness matrix,59,V64_ACCEPT_RECORD_TUPLE_059,V64_ACCEPT_RECORD_TUPLE_059,experiments/kernel_replay_v64_robustness_matrix/coq/V64_ACCEPT_RECORD_TUPLE_059.v,1,accept,kernel_success,coqchk_success,experiments/kernel_replay_v64_robustness_matrix/logs/V64_ACCEPT_BATCH.coqchk.log,1,accepted_kernel_checked
V64,robustness matrix,60,V64_ACCEPT_RECORD_TUPLE_060,V64_ACCEPT_RECORD_TUPLE_060,experiments/kernel_replay_v64_robustness_matrix/coq/V64_ACCEPT_RECORD_TUPLE_060.v,1,accept,kernel_success,coqchk_success,experiments/kernel_replay_v64_robustness_matrix/logs/V64_ACCEPT_BATCH.coqchk.log,1,accepted_kernel_checked
V64,robustness matrix,61,V64_ACCEPT_OPTION_SENTINEL_001,V64_ACCEPT_OPTION_SENTINEL_001,experiments/kernel_replay_v64_robustness_matrix/coq/V64_ACCEPT_OPTION_SENTINEL_001.v,1,accept,kernel_success,coqchk_success,experiments/kernel_replay_v64_robustness_matrix/logs/V64_ACCEPT_BATCH.coqchk.log,1,accepted_kernel_checked
V64,robustness matrix,62,V64_ACCEPT_OPTION_SENTINEL_002,V64_ACCEPT_OPTION_SENTINEL_002,experiments/kernel_replay_v64_robustness_matrix/coq/V64_ACCEPT_OPTION_SENTINEL_002.v,1,accept,kernel_success,coqchk_success,experiments/kernel_replay_v64_robustness_matrix/logs/V64_ACCEPT_BATCH.coqchk.log,1,accepted_kernel_checked
V64,robustness matrix,63,V64_ACCEPT_OPTION_SENTINEL_003,V64_ACCEPT_OPTION_SENTINEL_003,experiments/kernel_replay_v64_robustness_matrix/coq/V64_ACCEPT_OPTION_SENTINEL_003.v,1,accept,kernel_success,coqchk_success,experiments/kernel_replay_v64_robustness_matrix/logs/V64_ACCEPT_BATCH.coqchk.log,1,accepted_kernel_checked
V64,robustness matrix,64,V64_ACCEPT_OPTION_SENTINEL_004,V64_ACCEPT_OPTION_SENTINEL_004,experiments/kernel_replay_v64_robustness_matrix/coq/V64_ACCEPT_OPTION_SENTINEL_004.v,1,accept,kernel_success,coqchk_success,experiments/kernel_replay_v64_robustness_matrix/logs/V64_ACCEPT_BATCH.coqchk.log,1,accepted_kernel_checked
V64,robustness matrix,65,V64_ACCEPT_OPTION_SENTINEL_005,V64_ACCEPT_OPTION_SENTINEL_005,experiments/kernel_replay_v64_robustness_matrix/coq/V64_ACCEPT_OPTION_SENTINEL_005.v,1,accept,kernel_success,coqchk_success,experiments/kernel_replay_v64_robustness_matrix/logs/V64_ACCEPT_BATCH.coqchk.log,1,accepted_kernel_checked
V64,robustness matrix,66,V64_ACCEPT_OPTION_SENTINEL_006,V64_ACCEPT_OPTION_SENTINEL_006,experiments/kernel_replay_v64_robustness_matrix/coq/V64_ACCEPT_OPTION_SENTINEL_006.v,1,accept,kernel_success,coqchk_success,experiments/kernel_replay_v64_robustness_matrix/logs/V64_ACCEPT_BATCH.coqchk.log,1,accepted_kernel_checked
V64,robustness matrix,67,V64_ACCEPT_OPTION_SENTINEL_007,V64_ACCEPT_OPTION_SENTINEL_007,experiments/kernel_replay_v64_robustness_matrix/coq/V64_ACCEPT_OPTION_SENTINEL_007.v,1,accept,kernel_success,coqchk_success,experiments/kernel_replay_v64_robustness_matrix/logs/V64_ACCEPT_BATCH.coqchk.log,1,accepted_kernel_checked
V64,robustness matrix,68,V64_ACCEPT_OPTION_SENTINEL_008,V64_ACCEPT_OPTION_SENTINEL_008,experiments/kernel_replay_v64_robustness_matrix/coq/V64_ACCEPT_OPTION_SENTINEL_008.v,1,accept,kernel_success,coqchk_success,experiments/kernel_replay_v64_robustness_matrix/logs/V64_ACCEPT_BATCH.coqchk.log,1,accepted_kernel_checked
V64,robustness matrix,69,V64_ACCEPT_OPTION_SENTINEL_009,V64_ACCEPT_OPTION_SENTINEL_009,experiments/kernel_replay_v64_robustness_matrix/coq/V64_ACCEPT_OPTION_SENTINEL_009.v,1,accept,kernel_success,coqchk_success,experiments/kernel_replay_v64_robustness_matrix/logs/V64_ACCEPT_BATCH.coqchk.log,1,accepted_kernel_checked
V64,robustness matrix,70,V64_ACCEPT_OPTION_SENTINEL_010,V64_ACCEPT_OPTION_SENTINEL_010,experiments/kernel_replay_v64_robustness_matrix/coq/V64_ACCEPT_OPTION_SENTINEL_010.v,1,accept,kernel_success,coqchk_success,experiments/kernel_replay_v64_robustness_matrix/logs/V64_ACCEPT_BATCH.coqchk.log,1,accepted_kernel_checked
V64,robustness matrix,71,V64_ACCEPT_OPTION_SENTINEL_011,V64_ACCEPT_OPTION_SENTINEL_011,experiments/kernel_replay_v64_robustness_matrix/coq/V64_ACCEPT_OPTION_SENTINEL_011.v,1,accept,kernel_success,coqchk_success,experiments/kernel_replay_v64_robustness_matrix/logs/V64_ACCEPT_BATCH.coqchk.log,1,accepted_kernel_checked
V64,robustness matrix,72,V64_ACCEPT_OPTION_SENTINEL_012,V64_ACCEPT_OPTION_SENTINEL_012,experiments/kernel_replay_v64_robustness_matrix/coq/V64_ACCEPT_OPTION_SENTINEL_012.v,1,accept,kernel_success,coqchk_success,experiments/kernel_replay_v64_robustness_matrix/logs/V64_ACCEPT_BATCH.coqchk.log,1,accepted_kernel_checked
V64,robustness matrix,73,V64_ACCEPT_OPTION_SENTINEL_013,V64_ACCEPT_OPTION_SENTINEL_013,experiments/kernel_replay_v64_robustness_matrix/coq/V64_ACCEPT_OPTION_SENTINEL_013.v,1,accept,kernel_success,coqchk_success,experiments/kernel_replay_v64_robustness_matrix/logs/V64_ACCEPT_BATCH.coqchk.log,1,accepted_kernel_checked
V64,robustness matrix,74,V64_ACCEPT_OPTION_SENTINEL_014,V64_ACCEPT_OPTION_SENTINEL_014,experiments/kernel_replay_v64_robustness_matrix/coq/V64_ACCEPT_OPTION_SENTINEL_014.v,1,accept,kernel_success,coqchk_success,experiments/kernel_replay_v64_robustness_matrix/logs/V64_ACCEPT_BATCH.coqchk.log,1,accepted_kernel_checked
V64,robustness matrix,75,V64_ACCEPT_OPTION_SENTINEL_015,V64_ACCEPT_OPTION_SENTINEL_015,experiments/kernel_replay_v64_robustness_matrix/coq/V64_ACCEPT_OPTION_SENTINEL_015.v,1,accept,kernel_success,coqchk_success,experiments/kernel_replay_v64_robustness_matrix/logs/V64_ACCEPT_BATCH.coqchk.log,1,accepted_kernel_checked
V64,robustness matrix,76,V64_ACCEPT_OPTION_SENTINEL_016,V64_ACCEPT_OPTION_SENTINEL_016,experiments/kernel_replay_v64_robustness_matrix/coq/V64_ACCEPT_OPTION_SENTINEL_016.v,1,accept,kernel_success,coqchk_success,experiments/kernel_replay_v64_robustness_matrix/logs/V64_ACCEPT_BATCH.coqchk.log,1,accepted_kernel_checked
V64,robustness matrix,77,V64_ACCEPT_OPTION_SENTINEL_017,V64_ACCEPT_OPTION_SENTINEL_017,experiments/kernel_replay_v64_robustness_matrix/coq/V64_ACCEPT_OPTION_SENTINEL_017.v,1,accept,kernel_success,coqchk_success,experiments/kernel_replay_v64_robustness_matrix/logs/V64_ACCEPT_BATCH.coqchk.log,1,accepted_kernel_checked
V64,robustness matrix,78,V64_ACCEPT_OPTION_SENTINEL_018,V64_ACCEPT_OPTION_SENTINEL_018,experiments/kernel_replay_v64_robustness_matrix/coq/V64_ACCEPT_OPTION_SENTINEL_018.v,1,accept,kernel_success,coqchk_success,experiments/kernel_replay_v64_robustness_matrix/logs/V64_ACCEPT_BATCH.coqchk.log,1,accepted_kernel_checked
V64,robustness matrix,79,V64_ACCEPT_OPTION_SENTINEL_019,V64_ACCEPT_OPTION_SENTINEL_019,experiments/kernel_replay_v64_robustness_matrix/coq/V64_ACCEPT_OPTION_SENTINEL_019.v,1,accept,kernel_success,coqchk_success,experiments/kernel_replay_v64_robustness_matrix/logs/V64_ACCEPT_BATCH.coqchk.log,1,accepted_kernel_checked
V64,robustness matrix,80,V64_ACCEPT_OPTION_SENTINEL_020,V64_ACCEPT_OPTION_SENTINEL_020,experiments/kernel_replay_v64_robustness_matrix/coq/V64_ACCEPT_OPTION_SENTINEL_020.v,1,accept,kernel_success,coqchk_success,experiments/kernel_replay_v64_robustness_matrix/logs/V64_ACCEPT_BATCH.coqchk.log,1,accepted_kernel_checked
V64,robustness matrix,81,V64_ACCEPT_OPTION_SENTINEL_021,V64_ACCEPT_OPTION_SENTINEL_021,experiments/kernel_replay_v64_robustness_matrix/coq/V64_ACCEPT_OPTION_SENTINEL_021.v,1,accept,kernel_success,coqchk_success,experiments/kernel_replay_v64_robustness_matrix/logs/V64_ACCEPT_BATCH.coqchk.log,1,accepted_kernel_checked
V64,robustness matrix,82,V64_ACCEPT_OPTION_SENTINEL_022,V64_ACCEPT_OPTION_SENTINEL_022,experiments/kernel_replay_v64_robustness_matrix/coq/V64_ACCEPT_OPTION_SENTINEL_022.v,1,accept,kernel_success,coqchk_success,experiments/kernel_replay_v64_robustness_matrix/logs/V64_ACCEPT_BATCH.coqchk.log,1,accepted_kernel_checked
V64,robustness matrix,83,V64_ACCEPT_OPTION_SENTINEL_023,V64_ACCEPT_OPTION_SENTINEL_023,experiments/kernel_replay_v64_robustness_matrix/coq/V64_ACCEPT_OPTION_SENTINEL_023.v,1,accept,kernel_success,coqchk_success,experiments/kernel_replay_v64_robustness_matrix/logs/V64_ACCEPT_BATCH.coqchk.log,1,accepted_kernel_checked
V64,robustness matrix,84,V64_ACCEPT_OPTION_SENTINEL_024,V64_ACCEPT_OPTION_SENTINEL_024,experiments/kernel_replay_v64_robustness_matrix/coq/V64_ACCEPT_OPTION_SENTINEL_024.v,1,accept,kernel_success,coqchk_success,experiments/kernel_replay_v64_robustness_matrix/logs/V64_ACCEPT_BATCH.coqchk.log,1,accepted_kernel_checked
V64,robustness matrix,85,V64_ACCEPT_OPTION_SENTINEL_025,V64_ACCEPT_OPTION_SENTINEL_025,experiments/kernel_replay_v64_robustness_matrix/coq/V64_ACCEPT_OPTION_SENTINEL_025.v,1,accept,kernel_success,coqchk_success,experiments/kernel_replay_v64_robustness_matrix/logs/V64_ACCEPT_BATCH.coqchk.log,1,accepted_kernel_checked
V64,robustness matrix,86,V64_ACCEPT_OPTION_SENTINEL_026,V64_ACCEPT_OPTION_SENTINEL_026,experiments/kernel_replay_v64_robustness_matrix/coq/V64_ACCEPT_OPTION_SENTINEL_026.v,1,accept,kernel_success,coqchk_success,experiments/kernel_replay_v64_robustness_matrix/logs/V64_ACCEPT_BATCH.coqchk.log,1,accepted_kernel_checked
V64,robustness matrix,87,V64_ACCEPT_OPTION_SENTINEL_027,V64_ACCEPT_OPTION_SENTINEL_027,experiments/kernel_replay_v64_robustness_matrix/coq/V64_ACCEPT_OPTION_SENTINEL_027.v,1,accept,kernel_success,coqchk_success,experiments/kernel_replay_v64_robustness_matrix/logs/V64_ACCEPT_BATCH.coqchk.log,1,accepted_kernel_checked
V64,robustness matrix,88,V64_ACCEPT_OPTION_SENTINEL_028,V64_ACCEPT_OPTION_SENTINEL_028,experiments/kernel_replay_v64_robustness_matrix/coq/V64_ACCEPT_OPTION_SENTINEL_028.v,1,accept,kernel_success,coqchk_success,experiments/kernel_replay_v64_robustness_matrix/logs/V64_ACCEPT_BATCH.coqchk.log,1,accepted_kernel_checked
V64,robustness matrix,89,V64_ACCEPT_OPTION_SENTINEL_029,V64_ACCEPT_OPTION_SENTINEL_029,experiments/kernel_replay_v64_robustness_matrix/coq/V64_ACCEPT_OPTION_SENTINEL_029.v,1,accept,kernel_success,coqchk_success,experiments/kernel_replay_v64_robustness_matrix/logs/V64_ACCEPT_BATCH.coqchk.log,1,accepted_kernel_checked
V64,robustness matrix,90,V64_ACCEPT_OPTION_SENTINEL_030,V64_ACCEPT_OPTION_SENTINEL_030,experiments/kernel_replay_v64_robustness_matrix/coq/V64_ACCEPT_OPTION_SENTINEL_030.v,1,accept,kernel_success,coqchk_success,experiments/kernel_replay_v64_robustness_matrix/logs/V64_ACCEPT_BATCH.coqchk.log,1,accepted_kernel_checked
V64,robustness matrix,91,V64_ACCEPT_OPTION_SENTINEL_031,V64_ACCEPT_OPTION_SENTINEL_031,experiments/kernel_replay_v64_robustness_matrix/coq/V64_ACCEPT_OPTION_SENTINEL_031.v,1,accept,kernel_success,coqchk_success,experiments/kernel_replay_v64_robustness_matrix/logs/V64_ACCEPT_BATCH.coqchk.log,1,accepted_kernel_checked
V64,robustness matrix,92,V64_ACCEPT_OPTION_SENTINEL_032,V64_ACCEPT_OPTION_SENTINEL_032,experiments/kernel_replay_v64_robustness_matrix/coq/V64_ACCEPT_OPTION_SENTINEL_032.v,1,accept,kernel_success,coqchk_success,experiments/kernel_replay_v64_robustness_matrix/logs/V64_ACCEPT_BATCH.coqchk.log,1,accepted_kernel_checked
V64,robustness matrix,93,V64_ACCEPT_OPTION_SENTINEL_033,V64_ACCEPT_OPTION_SENTINEL_033,experiments/kernel_replay_v64_robustness_matrix/coq/V64_ACCEPT_OPTION_SENTINEL_033.v,1,accept,kernel_success,coqchk_success,experiments/kernel_replay_v64_robustness_matrix/logs/V64_ACCEPT_BATCH.coqchk.log,1,accepted_kernel_checked
V64,robustness matrix,94,V64_ACCEPT_OPTION_SENTINEL_034,V64_ACCEPT_OPTION_SENTINEL_034,experiments/kernel_replay_v64_robustness_matrix/coq/V64_ACCEPT_OPTION_SENTINEL_034.v,1,accept,kernel_success,coqchk_success,experiments/kernel_replay_v64_robustness_matrix/logs/V64_ACCEPT_BATCH.coqchk.log,1,accepted_kernel_checked
V64,robustness matrix,95,V64_ACCEPT_OPTION_SENTINEL_035,V64_ACCEPT_OPTION_SENTINEL_035,experiments/kernel_replay_v64_robustness_matrix/coq/V64_ACCEPT_OPTION_SENTINEL_035.v,1,accept,kernel_success,coqchk_success,experiments/kernel_replay_v64_robustness_matrix/logs/V64_ACCEPT_BATCH.coqchk.log,1,accepted_kernel_checked
V64,robustness matrix,96,V64_ACCEPT_OPTION_SENTINEL_036,V64_ACCEPT_OPTION_SENTINEL_036,experiments/kernel_replay_v64_robustness_matrix/coq/V64_ACCEPT_OPTION_SENTINEL_036.v,1,accept,kernel_success,coqchk_success,experiments/kernel_replay_v64_robustness_matrix/logs/V64_ACCEPT_BATCH.coqchk.log,1,accepted_kernel_checked
V64,robustness matrix,97,V64_ACCEPT_OPTION_SENTINEL_037,V64_ACCEPT_OPTION_SENTINEL_037,experiments/kernel_replay_v64_robustness_matrix/coq/V64_ACCEPT_OPTION_SENTINEL_037.v,1,accept,kernel_success,coqchk_success,experiments/kernel_replay_v64_robustness_matrix/logs/V64_ACCEPT_BATCH.coqchk.log,1,accepted_kernel_checked
V64,robustness matrix,98,V64_ACCEPT_OPTION_SENTINEL_038,V64_ACCEPT_OPTION_SENTINEL_038,experiments/kernel_replay_v64_robustness_matrix/coq/V64_ACCEPT_OPTION_SENTINEL_038.v,1,accept,kernel_success,coqchk_success,experiments/kernel_replay_v64_robustness_matrix/logs/V64_ACCEPT_BATCH.coqchk.log,1,accepted_kernel_checked
V64,robustness matrix,99,V64_ACCEPT_OPTION_SENTINEL_039,V64_ACCEPT_OPTION_SENTINEL_039,experiments/kernel_replay_v64_robustness_matrix/coq/V64_ACCEPT_OPTION_SENTINEL_039.v,1,accept,kernel_success,coqchk_success,experiments/kernel_replay_v64_robustness_matrix/logs/V64_ACCEPT_BATCH.coqchk.log,1,accepted_kernel_checked
V64,robustness matrix,100,V64_ACCEPT_OPTION_SENTINEL_040,V64_ACCEPT_OPTION_SENTINEL_040,experiments/kernel_replay_v64_robustness_matrix/coq/V64_ACCEPT_OPTION_SENTINEL_040.v,1,accept,kernel_success,coqchk_success,experiments/kernel_replay_v64_robustness_matrix/logs/V64_ACCEPT_BATCH.coqchk.log,1,accepted_kernel_checked
V64,robustness matrix,101,V64_ACCEPT_OPTION_SENTINEL_041,V64_ACCEPT_OPTION_SENTINEL_041,experiments/kernel_replay_v64_robustness_matrix/coq/V64_ACCEPT_OPTION_SENTINEL_041.v,1,accept,kernel_success,coqchk_success,experiments/kernel_replay_v64_robustness_matrix/logs/V64_ACCEPT_BATCH.coqchk.log,1,accepted_kernel_checked
V64,robustness matrix,102,V64_ACCEPT_OPTION_SENTINEL_042,V64_ACCEPT_OPTION_SENTINEL_042,experiments/kernel_replay_v64_robustness_matrix/coq/V64_ACCEPT_OPTION_SENTINEL_042.v,1,accept,kernel_success,coqchk_success,experiments/kernel_replay_v64_robustness_matrix/logs/V64_ACCEPT_BATCH.coqchk.log,1,accepted_kernel_checked
V64,robustness matrix,103,V64_ACCEPT_OPTION_SENTINEL_043,V64_ACCEPT_OPTION_SENTINEL_043,experiments/kernel_replay_v64_robustness_matrix/coq/V64_ACCEPT_OPTION_SENTINEL_043.v,1,accept,kernel_success,coqchk_success,experiments/kernel_replay_v64_robustness_matrix/logs/V64_ACCEPT_BATCH.coqchk.log,1,accepted_kernel_checked
V64,robustness matrix,104,V64_ACCEPT_OPTION_SENTINEL_044,V64_ACCEPT_OPTION_SENTINEL_044,experiments/kernel_replay_v64_robustness_matrix/coq/V64_ACCEPT_OPTION_SENTINEL_044.v,1,accept,kernel_success,coqchk_success,experiments/kernel_replay_v64_robustness_matrix/logs/V64_ACCEPT_BATCH.coqchk.log,1,accepted_kernel_checked
V64,robustness matrix,105,V64_ACCEPT_OPTION_SENTINEL_045,V64_ACCEPT_OPTION_SENTINEL_045,experiments/kernel_replay_v64_robustness_matrix/coq/V64_ACCEPT_OPTION_SENTINEL_045.v,1,accept,kernel_success,coqchk_success,experiments/kernel_replay_v64_robustness_matrix/logs/V64_ACCEPT_BATCH.coqchk.log,1,accepted_kernel_checked
V64,robustness matrix,106,V64_ACCEPT_OPTION_SENTINEL_046,V64_ACCEPT_OPTION_SENTINEL_046,experiments/kernel_replay_v64_robustness_matrix/coq/V64_ACCEPT_OPTION_SENTINEL_046.v,1,accept,kernel_success,coqchk_success,experiments/kernel_replay_v64_robustness_matrix/logs/V64_ACCEPT_BATCH.coqchk.log,1,accepted_kernel_checked
V64,robustness matrix,107,V64_ACCEPT_OPTION_SENTINEL_047,V64_ACCEPT_OPTION_SENTINEL_047,experiments/kernel_replay_v64_robustness_matrix/coq/V64_ACCEPT_OPTION_SENTINEL_047.v,1,accept,kernel_success,coqchk_success,experiments/kernel_replay_v64_robustness_matrix/logs/V64_ACCEPT_BATCH.coqchk.log,1,accepted_kernel_checked
V64,robustness matrix,108,V64_ACCEPT_OPTION_SENTINEL_048,V64_ACCEPT_OPTION_SENTINEL_048,experiments/kernel_replay_v64_robustness_matrix/coq/V64_ACCEPT_OPTION_SENTINEL_048.v,1,accept,kernel_success,coqchk_success,experiments/kernel_replay_v64_robustness_matrix/logs/V64_ACCEPT_BATCH.coqchk.log,1,accepted_kernel_checked
V64,robustness matrix,109,V64_ACCEPT_OPTION_SENTINEL_049,V64_ACCEPT_OPTION_SENTINEL_049,experiments/kernel_replay_v64_robustness_matrix/coq/V64_ACCEPT_OPTION_SENTINEL_049.v,1,accept,kernel_success,coqchk_success,experiments/kernel_replay_v64_robustness_matrix/logs/V64_ACCEPT_BATCH.coqchk.log,1,accepted_kernel_checked
V64,robustness matrix,110,V64_ACCEPT_OPTION_SENTINEL_050,V64_ACCEPT_OPTION_SENTINEL_050,experiments/kernel_replay_v64_robustness_matrix/coq/V64_ACCEPT_OPTION_SENTINEL_050.v,1,accept,kernel_success,coqchk_success,experiments/kernel_replay_v64_robustness_matrix/logs/V64_ACCEPT_BATCH.coqchk.log,1,accepted_kernel_checked
V64,robustness matrix,111,V64_ACCEPT_OPTION_SENTINEL_051,V64_ACCEPT_OPTION_SENTINEL_051,experiments/kernel_replay_v64_robustness_matrix/coq/V64_ACCEPT_OPTION_SENTINEL_051.v,1,accept,kernel_success,coqchk_success,experiments/kernel_replay_v64_robustness_matrix/logs/V64_ACCEPT_BATCH.coqchk.log,1,accepted_kernel_checked
V64,robustness matrix,112,V64_ACCEPT_OPTION_SENTINEL_052,V64_ACCEPT_OPTION_SENTINEL_052,experiments/kernel_replay_v64_robustness_matrix/coq/V64_ACCEPT_OPTION_SENTINEL_052.v,1,accept,kernel_success,coqchk_success,experiments/kernel_replay_v64_robustness_matrix/logs/V64_ACCEPT_BATCH.coqchk.log,1,accepted_kernel_checked
V64,robustness matrix,113,V64_ACCEPT_OPTION_SENTINEL_053,V64_ACCEPT_OPTION_SENTINEL_053,experiments/kernel_replay_v64_robustness_matrix/coq/V64_ACCEPT_OPTION_SENTINEL_053.v,1,accept,kernel_success,coqchk_success,experiments/kernel_replay_v64_robustness_matrix/logs/V64_ACCEPT_BATCH.coqchk.log,1,accepted_kernel_checked
V64,robustness matrix,114,V64_ACCEPT_OPTION_SENTINEL_054,V64_ACCEPT_OPTION_SENTINEL_054,experiments/kernel_replay_v64_robustness_matrix/coq/V64_ACCEPT_OPTION_SENTINEL_054.v,1,accept,kernel_success,coqchk_success,experiments/kernel_replay_v64_robustness_matrix/logs/V64_ACCEPT_BATCH.coqchk.log,1,accepted_kernel_checked
V64,robustness matrix,115,V64_ACCEPT_OPTION_SENTINEL_055,V64_ACCEPT_OPTION_SENTINEL_055,experiments/kernel_replay_v64_robustness_matrix/coq/V64_ACCEPT_OPTION_SENTINEL_055.v,1,accept,kernel_success,coqchk_success,experiments/kernel_replay_v64_robustness_matrix/logs/V64_ACCEPT_BATCH.coqchk.log,1,accepted_kernel_checked
V64,robustness matrix,116,V64_ACCEPT_OPTION_SENTINEL_056,V64_ACCEPT_OPTION_SENTINEL_056,experiments/kernel_replay_v64_robustness_matrix/coq/V64_ACCEPT_OPTION_SENTINEL_056.v,1,accept,kernel_success,coqchk_success,experiments/kernel_replay_v64_robustness_matrix/logs/V64_ACCEPT_BATCH.coqchk.log,1,accepted_kernel_checked
V64,robustness matrix,117,V64_ACCEPT_OPTION_SENTINEL_057,V64_ACCEPT_OPTION_SENTINEL_057,experiments/kernel_replay_v64_robustness_matrix/coq/V64_ACCEPT_OPTION_SENTINEL_057.v,1,accept,kernel_success,coqchk_success,experiments/kernel_replay_v64_robustness_matrix/logs/V64_ACCEPT_BATCH.coqchk.log,1,accepted_kernel_checked
V64,robustness matrix,118,V64_ACCEPT_OPTION_SENTINEL_058,V64_ACCEPT_OPTION_SENTINEL_058,experiments/kernel_replay_v64_robustness_matrix/coq/V64_ACCEPT_OPTION_SENTINEL_058.v,1,accept,kernel_success,coqchk_success,experiments/kernel_replay_v64_robustness_matrix/logs/V64_ACCEPT_BATCH.coqchk.log,1,accepted_kernel_checked
V64,robustness matrix,119,V64_ACCEPT_OPTION_SENTINEL_059,V64_ACCEPT_OPTION_SENTINEL_059,experiments/kernel_replay_v64_robustness_matrix/coq/V64_ACCEPT_OPTION_SENTINEL_059.v,1,accept,kernel_success,coqchk_success,experiments/kernel_replay_v64_robustness_matrix/logs/V64_ACCEPT_BATCH.coqchk.log,1,accepted_kernel_checked
V64,robustness matrix,120,V64_ACCEPT_OPTION_SENTINEL_060,V64_ACCEPT_OPTION_SENTINEL_060,experiments/kernel_replay_v64_robustness_matrix/coq/V64_ACCEPT_OPTION_SENTINEL_060.v,1,accept,kernel_success,coqchk_success,experiments/kernel_replay_v64_robustness_matrix/logs/V64_ACCEPT_BATCH.coqchk.log,1,accepted_kernel_checked
V64,robustness matrix,121,V64_ACCEPT_LIST_SUM_001,V64_ACCEPT_LIST_SUM_001,experiments/kernel_replay_v64_robustness_matrix/coq/V64_ACCEPT_LIST_SUM_001.v,1,accept,kernel_success,coqchk_success,experiments/kernel_replay_v64_robustness_matrix/logs/V64_ACCEPT_BATCH.coqchk.log,1,accepted_kernel_checked
V64,robustness matrix,122,V64_ACCEPT_LIST_SUM_002,V64_ACCEPT_LIST_SUM_002,experiments/kernel_replay_v64_robustness_matrix/coq/V64_ACCEPT_LIST_SUM_002.v,1,accept,kernel_success,coqchk_success,experiments/kernel_replay_v64_robustness_matrix/logs/V64_ACCEPT_BATCH.coqchk.log,1,accepted_kernel_checked
V64,robustness matrix,123,V64_ACCEPT_LIST_SUM_003,V64_ACCEPT_LIST_SUM_003,experiments/kernel_replay_v64_robustness_matrix/coq/V64_ACCEPT_LIST_SUM_003.v,1,accept,kernel_success,coqchk_success,experiments/kernel_replay_v64_robustness_matrix/logs/V64_ACCEPT_BATCH.coqchk.log,1,accepted_kernel_checked
V64,robustness matrix,124,V64_ACCEPT_LIST_SUM_004,V64_ACCEPT_LIST_SUM_004,experiments/kernel_replay_v64_robustness_matrix/coq/V64_ACCEPT_LIST_SUM_004.v,1,accept,kernel_success,coqchk_success,experiments/kernel_replay_v64_robustness_matrix/logs/V64_ACCEPT_BATCH.coqchk.log,1,accepted_kernel_checked
V64,robustness matrix,125,V64_ACCEPT_LIST_SUM_005,V64_ACCEPT_LIST_SUM_005,experiments/kernel_replay_v64_robustness_matrix/coq/V64_ACCEPT_LIST_SUM_005.v,1,accept,kernel_success,coqchk_success,experiments/kernel_replay_v64_robustness_matrix/logs/V64_ACCEPT_BATCH.coqchk.log,1,accepted_kernel_checked
V64,robustness matrix,126,V64_ACCEPT_LIST_SUM_006,V64_ACCEPT_LIST_SUM_006,experiments/kernel_replay_v64_robustness_matrix/coq/V64_ACCEPT_LIST_SUM_006.v,1,accept,kernel_success,coqchk_success,experiments/kernel_replay_v64_robustness_matrix/logs/V64_ACCEPT_BATCH.coqchk.log,1,accepted_kernel_checked
V64,robustness matrix,127,V64_ACCEPT_LIST_SUM_007,V64_ACCEPT_LIST_SUM_007,experiments/kernel_replay_v64_robustness_matrix/coq/V64_ACCEPT_LIST_SUM_007.v,1,accept,kernel_success,coqchk_success,experiments/kernel_replay_v64_robustness_matrix/logs/V64_ACCEPT_BATCH.coqchk.log,1,accepted_kernel_checked
V64,robustness matrix,128,V64_ACCEPT_LIST_SUM_008,V64_ACCEPT_LIST_SUM_008,experiments/kernel_replay_v64_robustness_matrix/coq/V64_ACCEPT_LIST_SUM_008.v,1,accept,kernel_success,coqchk_success,experiments/kernel_replay_v64_robustness_matrix/logs/V64_ACCEPT_BATCH.coqchk.log,1,accepted_kernel_checked
V64,robustness matrix,129,V64_ACCEPT_LIST_SUM_009,V64_ACCEPT_LIST_SUM_009,experiments/kernel_replay_v64_robustness_matrix/coq/V64_ACCEPT_LIST_SUM_009.v,1,accept,kernel_success,coqchk_success,experiments/kernel_replay_v64_robustness_matrix/logs/V64_ACCEPT_BATCH.coqchk.log,1,accepted_kernel_checked
V64,robustness matrix,130,V64_ACCEPT_LIST_SUM_010,V64_ACCEPT_LIST_SUM_010,experiments/kernel_replay_v64_robustness_matrix/coq/V64_ACCEPT_LIST_SUM_010.v,1,accept,kernel_success,coqchk_success,experiments/kernel_replay_v64_robustness_matrix/logs/V64_ACCEPT_BATCH.coqchk.log,1,accepted_kernel_checked
V64,robustness matrix,131,V64_ACCEPT_LIST_SUM_011,V64_ACCEPT_LIST_SUM_011,experiments/kernel_replay_v64_robustness_matrix/coq/V64_ACCEPT_LIST_SUM_011.v,1,accept,kernel_success,coqchk_success,experiments/kernel_replay_v64_robustness_matrix/logs/V64_ACCEPT_BATCH.coqchk.log,1,accepted_kernel_checked
V64,robustness matrix,132,V64_ACCEPT_LIST_SUM_012,V64_ACCEPT_LIST_SUM_012,experiments/kernel_replay_v64_robustness_matrix/coq/V64_ACCEPT_LIST_SUM_012.v,1,accept,kernel_success,coqchk_success,experiments/kernel_replay_v64_robustness_matrix/logs/V64_ACCEPT_BATCH.coqchk.log,1,accepted_kernel_checked
V64,robustness matrix,133,V64_ACCEPT_LIST_SUM_013,V64_ACCEPT_LIST_SUM_013,experiments/kernel_replay_v64_robustness_matrix/coq/V64_ACCEPT_LIST_SUM_013.v,1,accept,kernel_success,coqchk_success,experiments/kernel_replay_v64_robustness_matrix/logs/V64_ACCEPT_BATCH.coqchk.log,1,accepted_kernel_checked
V64,robustness matrix,134,V64_ACCEPT_LIST_SUM_014,V64_ACCEPT_LIST_SUM_014,experiments/kernel_replay_v64_robustness_matrix/coq/V64_ACCEPT_LIST_SUM_014.v,1,accept,kernel_success,coqchk_success,experiments/kernel_replay_v64_robustness_matrix/logs/V64_ACCEPT_BATCH.coqchk.log,1,accepted_kernel_checked
V64,robustness matrix,135,V64_ACCEPT_LIST_SUM_015,V64_ACCEPT_LIST_SUM_015,experiments/kernel_replay_v64_robustness_matrix/coq/V64_ACCEPT_LIST_SUM_015.v,1,accept,kernel_success,coqchk_success,experiments/kernel_replay_v64_robustness_matrix/logs/V64_ACCEPT_BATCH.coqchk.log,1,accepted_kernel_checked
V64,robustness matrix,136,V64_ACCEPT_LIST_SUM_016,V64_ACCEPT_LIST_SUM_016,experiments/kernel_replay_v64_robustness_matrix/coq/V64_ACCEPT_LIST_SUM_016.v,1,accept,kernel_success,coqchk_success,experiments/kernel_replay_v64_robustness_matrix/logs/V64_ACCEPT_BATCH.coqchk.log,1,accepted_kernel_checked
V64,robustness matrix,137,V64_ACCEPT_LIST_SUM_017,V64_ACCEPT_LIST_SUM_017,experiments/kernel_replay_v64_robustness_matrix/coq/V64_ACCEPT_LIST_SUM_017.v,1,accept,kernel_success,coqchk_success,experiments/kernel_replay_v64_robustness_matrix/logs/V64_ACCEPT_BATCH.coqchk.log,1,accepted_kernel_checked
V64,robustness matrix,138,V64_ACCEPT_LIST_SUM_018,V64_ACCEPT_LIST_SUM_018,experiments/kernel_replay_v64_robustness_matrix/coq/V64_ACCEPT_LIST_SUM_018.v,1,accept,kernel_success,coqchk_success,experiments/kernel_replay_v64_robustness_matrix/logs/V64_ACCEPT_BATCH.coqchk.log,1,accepted_kernel_checked
V64,robustness matrix,139,V64_ACCEPT_LIST_SUM_019,V64_ACCEPT_LIST_SUM_019,experiments/kernel_replay_v64_robustness_matrix/coq/V64_ACCEPT_LIST_SUM_019.v,1,accept,kernel_success,coqchk_success,experiments/kernel_replay_v64_robustness_matrix/logs/V64_ACCEPT_BATCH.coqchk.log,1,accepted_kernel_checked
V64,robustness matrix,140,V64_ACCEPT_LIST_SUM_020,V64_ACCEPT_LIST_SUM_020,experiments/kernel_replay_v64_robustness_matrix/coq/V64_ACCEPT_LIST_SUM_020.v,1,accept,kernel_success,coqchk_success,experiments/kernel_replay_v64_robustness_matrix/logs/V64_ACCEPT_BATCH.coqchk.log,1,accepted_kernel_checked
V64,robustness matrix,141,V64_ACCEPT_LIST_SUM_021,V64_ACCEPT_LIST_SUM_021,experiments/kernel_replay_v64_robustness_matrix/coq/V64_ACCEPT_LIST_SUM_021.v,1,accept,kernel_success,coqchk_success,experiments/kernel_replay_v64_robustness_matrix/logs/V64_ACCEPT_BATCH.coqchk.log,1,accepted_kernel_checked
V64,robustness matrix,142,V64_ACCEPT_LIST_SUM_022,V64_ACCEPT_LIST_SUM_022,experiments/kernel_replay_v64_robustness_matrix/coq/V64_ACCEPT_LIST_SUM_022.v,1,accept,kernel_success,coqchk_success,experiments/kernel_replay_v64_robustness_matrix/logs/V64_ACCEPT_BATCH.coqchk.log,1,accepted_kernel_checked
V64,robustness matrix,143,V64_ACCEPT_LIST_SUM_023,V64_ACCEPT_LIST_SUM_023,experiments/kernel_replay_v64_robustness_matrix/coq/V64_ACCEPT_LIST_SUM_023.v,1,accept,kernel_success,coqchk_success,experiments/kernel_replay_v64_robustness_matrix/logs/V64_ACCEPT_BATCH.coqchk.log,1,accepted_kernel_checked
V64,robustness matrix,144,V64_ACCEPT_LIST_SUM_024,V64_ACCEPT_LIST_SUM_024,experiments/kernel_replay_v64_robustness_matrix/coq/V64_ACCEPT_LIST_SUM_024.v,1,accept,kernel_success,coqchk_success,experiments/kernel_replay_v64_robustness_matrix/logs/V64_ACCEPT_BATCH.coqchk.log,1,accepted_kernel_checked
V64,robustness matrix,145,V64_ACCEPT_LIST_SUM_025,V64_ACCEPT_LIST_SUM_025,experiments/kernel_replay_v64_robustness_matrix/coq/V64_ACCEPT_LIST_SUM_025.v,1,accept,kernel_success,coqchk_success,experiments/kernel_replay_v64_robustness_matrix/logs/V64_ACCEPT_BATCH.coqchk.log,1,accepted_kernel_checked
V64,robustness matrix,146,V64_ACCEPT_LIST_SUM_026,V64_ACCEPT_LIST_SUM_026,experiments/kernel_replay_v64_robustness_matrix/coq/V64_ACCEPT_LIST_SUM_026.v,1,accept,kernel_success,coqchk_success,experiments/kernel_replay_v64_robustness_matrix/logs/V64_ACCEPT_BATCH.coqchk.log,1,accepted_kernel_checked
V64,robustness matrix,147,V64_ACCEPT_LIST_SUM_027,V64_ACCEPT_LIST_SUM_027,experiments/kernel_replay_v64_robustness_matrix/coq/V64_ACCEPT_LIST_SUM_027.v,1,accept,kernel_success,coqchk_success,experiments/kernel_replay_v64_robustness_matrix/logs/V64_ACCEPT_BATCH.coqchk.log,1,accepted_kernel_checked
V64,robustness matrix,148,V64_ACCEPT_LIST_SUM_028,V64_ACCEPT_LIST_SUM_028,experiments/kernel_replay_v64_robustness_matrix/coq/V64_ACCEPT_LIST_SUM_028.v,1,accept,kernel_success,coqchk_success,experiments/kernel_replay_v64_robustness_matrix/logs/V64_ACCEPT_BATCH.coqchk.log,1,accepted_kernel_checked
V64,robustness matrix,149,V64_ACCEPT_LIST_SUM_029,V64_ACCEPT_LIST_SUM_029,experiments/kernel_replay_v64_robustness_matrix/coq/V64_ACCEPT_LIST_SUM_029.v,1,accept,kernel_success,coqchk_success,experiments/kernel_replay_v64_robustness_matrix/logs/V64_ACCEPT_BATCH.coqchk.log,1,accepted_kernel_checked
V64,robustness matrix,150,V64_ACCEPT_LIST_SUM_030,V64_ACCEPT_LIST_SUM_030,experiments/kernel_replay_v64_robustness_matrix/coq/V64_ACCEPT_LIST_SUM_030.v,1,accept,kernel_success,coqchk_success,experiments/kernel_replay_v64_robustness_matrix/logs/V64_ACCEPT_BATCH.coqchk.log,1,accepted_kernel_checked
V64,robustness matrix,151,V64_ACCEPT_LIST_SUM_031,V64_ACCEPT_LIST_SUM_031,experiments/kernel_replay_v64_robustness_matrix/coq/V64_ACCEPT_LIST_SUM_031.v,1,accept,kernel_success,coqchk_success,experiments/kernel_replay_v64_robustness_matrix/logs/V64_ACCEPT_BATCH.coqchk.log,1,accepted_kernel_checked
V64,robustness matrix,152,V64_ACCEPT_LIST_SUM_032,V64_ACCEPT_LIST_SUM_032,experiments/kernel_replay_v64_robustness_matrix/coq/V64_ACCEPT_LIST_SUM_032.v,1,accept,kernel_success,coqchk_success,experiments/kernel_replay_v64_robustness_matrix/logs/V64_ACCEPT_BATCH.coqchk.log,1,accepted_kernel_checked
V64,robustness matrix,153,V64_ACCEPT_LIST_SUM_033,V64_ACCEPT_LIST_SUM_033,experiments/kernel_replay_v64_robustness_matrix/coq/V64_ACCEPT_LIST_SUM_033.v,1,accept,kernel_success,coqchk_success,experiments/kernel_replay_v64_robustness_matrix/logs/V64_ACCEPT_BATCH.coqchk.log,1,accepted_kernel_checked
V64,robustness matrix,154,V64_ACCEPT_LIST_SUM_034,V64_ACCEPT_LIST_SUM_034,experiments/kernel_replay_v64_robustness_matrix/coq/V64_ACCEPT_LIST_SUM_034.v,1,accept,kernel_success,coqchk_success,experiments/kernel_replay_v64_robustness_matrix/logs/V64_ACCEPT_BATCH.coqchk.log,1,accepted_kernel_checked
V64,robustness matrix,155,V64_ACCEPT_LIST_SUM_035,V64_ACCEPT_LIST_SUM_035,experiments/kernel_replay_v64_robustness_matrix/coq/V64_ACCEPT_LIST_SUM_035.v,1,accept,kernel_success,coqchk_success,experiments/kernel_replay_v64_robustness_matrix/logs/V64_ACCEPT_BATCH.coqchk.log,1,accepted_kernel_checked
V64,robustness matrix,156,V64_ACCEPT_LIST_SUM_036,V64_ACCEPT_LIST_SUM_036,experiments/kernel_replay_v64_robustness_matrix/coq/V64_ACCEPT_LIST_SUM_036.v,1,accept,kernel_success,coqchk_success,experiments/kernel_replay_v64_robustness_matrix/logs/V64_ACCEPT_BATCH.coqchk.log,1,accepted_kernel_checked
V64,robustness matrix,157,V64_ACCEPT_LIST_SUM_037,V64_ACCEPT_LIST_SUM_037,experiments/kernel_replay_v64_robustness_matrix/coq/V64_ACCEPT_LIST_SUM_037.v,1,accept,kernel_success,coqchk_success,experiments/kernel_replay_v64_robustness_matrix/logs/V64_ACCEPT_BATCH.coqchk.log,1,accepted_kernel_checked
V64,robustness matrix,158,V64_ACCEPT_LIST_SUM_038,V64_ACCEPT_LIST_SUM_038,experiments/kernel_replay_v64_robustness_matrix/coq/V64_ACCEPT_LIST_SUM_038.v,1,accept,kernel_success,coqchk_success,experiments/kernel_replay_v64_robustness_matrix/logs/V64_ACCEPT_BATCH.coqchk.log,1,accepted_kernel_checked
V64,robustness matrix,159,V64_ACCEPT_LIST_SUM_039,V64_ACCEPT_LIST_SUM_039,experiments/kernel_replay_v64_robustness_matrix/coq/V64_ACCEPT_LIST_SUM_039.v,1,accept,kernel_success,coqchk_success,experiments/kernel_replay_v64_robustness_matrix/logs/V64_ACCEPT_BATCH.coqchk.log,1,accepted_kernel_checked
V64,robustness matrix,160,V64_ACCEPT_LIST_SUM_040,V64_ACCEPT_LIST_SUM_040,experiments/kernel_replay_v64_robustness_matrix/coq/V64_ACCEPT_LIST_SUM_040.v,1,accept,kernel_success,coqchk_success,experiments/kernel_replay_v64_robustness_matrix/logs/V64_ACCEPT_BATCH.coqchk.log,1,accepted_kernel_checked
V64,robustness matrix,161,V64_ACCEPT_LIST_SUM_041,V64_ACCEPT_LIST_SUM_041,experiments/kernel_replay_v64_robustness_matrix/coq/V64_ACCEPT_LIST_SUM_041.v,1,accept,kernel_success,coqchk_success,experiments/kernel_replay_v64_robustness_matrix/logs/V64_ACCEPT_BATCH.coqchk.log,1,accepted_kernel_checked
V64,robustness matrix,162,V64_ACCEPT_LIST_SUM_042,V64_ACCEPT_LIST_SUM_042,experiments/kernel_replay_v64_robustness_matrix/coq/V64_ACCEPT_LIST_SUM_042.v,1,accept,kernel_success,coqchk_success,experiments/kernel_replay_v64_robustness_matrix/logs/V64_ACCEPT_BATCH.coqchk.log,1,accepted_kernel_checked
V64,robustness matrix,163,V64_ACCEPT_LIST_SUM_043,V64_ACCEPT_LIST_SUM_043,experiments/kernel_replay_v64_robustness_matrix/coq/V64_ACCEPT_LIST_SUM_043.v,1,accept,kernel_success,coqchk_success,experiments/kernel_replay_v64_robustness_matrix/logs/V64_ACCEPT_BATCH.coqchk.log,1,accepted_kernel_checked
V64,robustness matrix,164,V64_ACCEPT_LIST_SUM_044,V64_ACCEPT_LIST_SUM_044,experiments/kernel_replay_v64_robustness_matrix/coq/V64_ACCEPT_LIST_SUM_044.v,1,accept,kernel_success,coqchk_success,experiments/kernel_replay_v64_robustness_matrix/logs/V64_ACCEPT_BATCH.coqchk.log,1,accepted_kernel_checked
V64,robustness matrix,165,V64_ACCEPT_LIST_SUM_045,V64_ACCEPT_LIST_SUM_045,experiments/kernel_replay_v64_robustness_matrix/coq/V64_ACCEPT_LIST_SUM_045.v,1,accept,kernel_success,coqchk_success,experiments/kernel_replay_v64_robustness_matrix/logs/V64_ACCEPT_BATCH.coqchk.log,1,accepted_kernel_checked
V64,robustness matrix,166,V64_ACCEPT_LIST_SUM_046,V64_ACCEPT_LIST_SUM_046,experiments/kernel_replay_v64_robustness_matrix/coq/V64_ACCEPT_LIST_SUM_046.v,1,accept,kernel_success,coqchk_success,experiments/kernel_replay_v64_robustness_matrix/logs/V64_ACCEPT_BATCH.coqchk.log,1,accepted_kernel_checked
V64,robustness matrix,167,V64_ACCEPT_LIST_SUM_047,V64_ACCEPT_LIST_SUM_047,experiments/kernel_replay_v64_robustness_matrix/coq/V64_ACCEPT_LIST_SUM_047.v,1,accept,kernel_success,coqchk_success,experiments/kernel_replay_v64_robustness_matrix/logs/V64_ACCEPT_BATCH.coqchk.log,1,accepted_kernel_checked
V64,robustness matrix,168,V64_ACCEPT_LIST_SUM_048,V64_ACCEPT_LIST_SUM_048,experiments/kernel_replay_v64_robustness_matrix/coq/V64_ACCEPT_LIST_SUM_048.v,1,accept,kernel_success,coqchk_success,experiments/kernel_replay_v64_robustness_matrix/logs/V64_ACCEPT_BATCH.coqchk.log,1,accepted_kernel_checked
V64,robustness matrix,169,V64_ACCEPT_LIST_SUM_049,V64_ACCEPT_LIST_SUM_049,experiments/kernel_replay_v64_robustness_matrix/coq/V64_ACCEPT_LIST_SUM_049.v,1,accept,kernel_success,coqchk_success,experiments/kernel_replay_v64_robustness_matrix/logs/V64_ACCEPT_BATCH.coqchk.log,1,accepted_kernel_checked
V64,robustness matrix,170,V64_ACCEPT_LIST_SUM_050,V64_ACCEPT_LIST_SUM_050,experiments/kernel_replay_v64_robustness_matrix/coq/V64_ACCEPT_LIST_SUM_050.v,1,accept,kernel_success,coqchk_success,experiments/kernel_replay_v64_robustness_matrix/logs/V64_ACCEPT_BATCH.coqchk.log,1,accepted_kernel_checked
V64,robustness matrix,171,V64_ACCEPT_LIST_SUM_051,V64_ACCEPT_LIST_SUM_051,experiments/kernel_replay_v64_robustness_matrix/coq/V64_ACCEPT_LIST_SUM_051.v,1,accept,kernel_success,coqchk_success,experiments/kernel_replay_v64_robustness_matrix/logs/V64_ACCEPT_BATCH.coqchk.log,1,accepted_kernel_checked
V64,robustness matrix,172,V64_ACCEPT_LIST_SUM_052,V64_ACCEPT_LIST_SUM_052,experiments/kernel_replay_v64_robustness_matrix/coq/V64_ACCEPT_LIST_SUM_052.v,1,accept,kernel_success,coqchk_success,experiments/kernel_replay_v64_robustness_matrix/logs/V64_ACCEPT_BATCH.coqchk.log,1,accepted_kernel_checked
V64,robustness matrix,173,V64_ACCEPT_LIST_SUM_053,V64_ACCEPT_LIST_SUM_053,experiments/kernel_replay_v64_robustness_matrix/coq/V64_ACCEPT_LIST_SUM_053.v,1,accept,kernel_success,coqchk_success,experiments/kernel_replay_v64_robustness_matrix/logs/V64_ACCEPT_BATCH.coqchk.log,1,accepted_kernel_checked
V64,robustness matrix,174,V64_ACCEPT_LIST_SUM_054,V64_ACCEPT_LIST_SUM_054,experiments/kernel_replay_v64_robustness_matrix/coq/V64_ACCEPT_LIST_SUM_054.v,1,accept,kernel_success,coqchk_success,experiments/kernel_replay_v64_robustness_matrix/logs/V64_ACCEPT_BATCH.coqchk.log,1,accepted_kernel_checked
V64,robustness matrix,175,V64_ACCEPT_LIST_SUM_055,V64_ACCEPT_LIST_SUM_055,experiments/kernel_replay_v64_robustness_matrix/coq/V64_ACCEPT_LIST_SUM_055.v,1,accept,kernel_success,coqchk_success,experiments/kernel_replay_v64_robustness_matrix/logs/V64_ACCEPT_BATCH.coqchk.log,1,accepted_kernel_checked
V64,robustness matrix,176,V64_ACCEPT_LIST_SUM_056,V64_ACCEPT_LIST_SUM_056,experiments/kernel_replay_v64_robustness_matrix/coq/V64_ACCEPT_LIST_SUM_056.v,1,accept,kernel_success,coqchk_success,experiments/kernel_replay_v64_robustness_matrix/logs/V64_ACCEPT_BATCH.coqchk.log,1,accepted_kernel_checked
V64,robustness matrix,177,V64_ACCEPT_LIST_SUM_057,V64_ACCEPT_LIST_SUM_057,experiments/kernel_replay_v64_robustness_matrix/coq/V64_ACCEPT_LIST_SUM_057.v,1,accept,kernel_success,coqchk_success,experiments/kernel_replay_v64_robustness_matrix/logs/V64_ACCEPT_BATCH.coqchk.log,1,accepted_kernel_checked
V64,robustness matrix,178,V64_ACCEPT_LIST_SUM_058,V64_ACCEPT_LIST_SUM_058,experiments/kernel_replay_v64_robustness_matrix/coq/V64_ACCEPT_LIST_SUM_058.v,1,accept,kernel_success,coqchk_success,experiments/kernel_replay_v64_robustness_matrix/logs/V64_ACCEPT_BATCH.coqchk.log,1,accepted_kernel_checked
V64,robustness matrix,179,V64_ACCEPT_LIST_SUM_059,V64_ACCEPT_LIST_SUM_059,experiments/kernel_replay_v64_robustness_matrix/coq/V64_ACCEPT_LIST_SUM_059.v,1,accept,kernel_success,coqchk_success,experiments/kernel_replay_v64_robustness_matrix/logs/V64_ACCEPT_BATCH.coqchk.log,1,accepted_kernel_checked
V64,robustness matrix,180,V64_ACCEPT_LIST_SUM_060,V64_ACCEPT_LIST_SUM_060,experiments/kernel_replay_v64_robustness_matrix/coq/V64_ACCEPT_LIST_SUM_060.v,1,accept,kernel_success,coqchk_success,experiments/kernel_replay_v64_robustness_matrix/logs/V64_ACCEPT_BATCH.coqchk.log,1,accepted_kernel_checked
V64,robustness matrix,181,V64_ACCEPT_TREE_MIRROR_001,V64_ACCEPT_TREE_MIRROR_001,experiments/kernel_replay_v64_robustness_matrix/coq/V64_ACCEPT_TREE_MIRROR_001.v,1,accept,kernel_success,coqchk_success,experiments/kernel_replay_v64_robustness_matrix/logs/V64_ACCEPT_BATCH.coqchk.log,1,accepted_kernel_checked
V64,robustness matrix,182,V64_ACCEPT_TREE_MIRROR_002,V64_ACCEPT_TREE_MIRROR_002,experiments/kernel_replay_v64_robustness_matrix/coq/V64_ACCEPT_TREE_MIRROR_002.v,1,accept,kernel_success,coqchk_success,experiments/kernel_replay_v64_robustness_matrix/logs/V64_ACCEPT_BATCH.coqchk.log,1,accepted_kernel_checked
V64,robustness matrix,183,V64_ACCEPT_TREE_MIRROR_003,V64_ACCEPT_TREE_MIRROR_003,experiments/kernel_replay_v64_robustness_matrix/coq/V64_ACCEPT_TREE_MIRROR_003.v,1,accept,kernel_success,coqchk_success,experiments/kernel_replay_v64_robustness_matrix/logs/V64_ACCEPT_BATCH.coqchk.log,1,accepted_kernel_checked
V64,robustness matrix,184,V64_ACCEPT_TREE_MIRROR_004,V64_ACCEPT_TREE_MIRROR_004,experiments/kernel_replay_v64_robustness_matrix/coq/V64_ACCEPT_TREE_MIRROR_004.v,1,accept,kernel_success,coqchk_success,experiments/kernel_replay_v64_robustness_matrix/logs/V64_ACCEPT_BATCH.coqchk.log,1,accepted_kernel_checked
V64,robustness matrix,185,V64_ACCEPT_TREE_MIRROR_005,V64_ACCEPT_TREE_MIRROR_005,experiments/kernel_replay_v64_robustness_matrix/coq/V64_ACCEPT_TREE_MIRROR_005.v,1,accept,kernel_success,coqchk_success,experiments/kernel_replay_v64_robustness_matrix/logs/V64_ACCEPT_BATCH.coqchk.log,1,accepted_kernel_checked
V64,robustness matrix,186,V64_ACCEPT_TREE_MIRROR_006,V64_ACCEPT_TREE_MIRROR_006,experiments/kernel_replay_v64_robustness_matrix/coq/V64_ACCEPT_TREE_MIRROR_006.v,1,accept,kernel_success,coqchk_success,experiments/kernel_replay_v64_robustness_matrix/logs/V64_ACCEPT_BATCH.coqchk.log,1,accepted_kernel_checked
V64,robustness matrix,187,V64_ACCEPT_TREE_MIRROR_007,V64_ACCEPT_TREE_MIRROR_007,experiments/kernel_replay_v64_robustness_matrix/coq/V64_ACCEPT_TREE_MIRROR_007.v,1,accept,kernel_success,coqchk_success,experiments/kernel_replay_v64_robustness_matrix/logs/V64_ACCEPT_BATCH.coqchk.log,1,accepted_kernel_checked
V64,robustness matrix,188,V64_ACCEPT_TREE_MIRROR_008,V64_ACCEPT_TREE_MIRROR_008,experiments/kernel_replay_v64_robustness_matrix/coq/V64_ACCEPT_TREE_MIRROR_008.v,1,accept,kernel_success,coqchk_success,experiments/kernel_replay_v64_robustness_matrix/logs/V64_ACCEPT_BATCH.coqchk.log,1,accepted_kernel_checked
V64,robustness matrix,189,V64_ACCEPT_TREE_MIRROR_009,V64_ACCEPT_TREE_MIRROR_009,experiments/kernel_replay_v64_robustness_matrix/coq/V64_ACCEPT_TREE_MIRROR_009.v,1,accept,kernel_success,coqchk_success,experiments/kernel_replay_v64_robustness_matrix/logs/V64_ACCEPT_BATCH.coqchk.log,1,accepted_kernel_checked
V64,robustness matrix,190,V64_ACCEPT_TREE_MIRROR_010,V64_ACCEPT_TREE_MIRROR_010,experiments/kernel_replay_v64_robustness_matrix/coq/V64_ACCEPT_TREE_MIRROR_010.v,1,accept,kernel_success,coqchk_success,experiments/kernel_replay_v64_robustness_matrix/logs/V64_ACCEPT_BATCH.coqchk.log,1,accepted_kernel_checked
V64,robustness matrix,191,V64_ACCEPT_TREE_MIRROR_011,V64_ACCEPT_TREE_MIRROR_011,experiments/kernel_replay_v64_robustness_matrix/coq/V64_ACCEPT_TREE_MIRROR_011.v,1,accept,kernel_success,coqchk_success,experiments/kernel_replay_v64_robustness_matrix/logs/V64_ACCEPT_BATCH.coqchk.log,1,accepted_kernel_checked
V64,robustness matrix,192,V64_ACCEPT_TREE_MIRROR_012,V64_ACCEPT_TREE_MIRROR_012,experiments/kernel_replay_v64_robustness_matrix/coq/V64_ACCEPT_TREE_MIRROR_012.v,1,accept,kernel_success,coqchk_success,experiments/kernel_replay_v64_robustness_matrix/logs/V64_ACCEPT_BATCH.coqchk.log,1,accepted_kernel_checked
V64,robustness matrix,193,V64_ACCEPT_TREE_MIRROR_013,V64_ACCEPT_TREE_MIRROR_013,experiments/kernel_replay_v64_robustness_matrix/coq/V64_ACCEPT_TREE_MIRROR_013.v,1,accept,kernel_success,coqchk_success,experiments/kernel_replay_v64_robustness_matrix/logs/V64_ACCEPT_BATCH.coqchk.log,1,accepted_kernel_checked
V64,robustness matrix,194,V64_ACCEPT_TREE_MIRROR_014,V64_ACCEPT_TREE_MIRROR_014,experiments/kernel_replay_v64_robustness_matrix/coq/V64_ACCEPT_TREE_MIRROR_014.v,1,accept,kernel_success,coqchk_success,experiments/kernel_replay_v64_robustness_matrix/logs/V64_ACCEPT_BATCH.coqchk.log,1,accepted_kernel_checked
V64,robustness matrix,195,V64_ACCEPT_TREE_MIRROR_015,V64_ACCEPT_TREE_MIRROR_015,experiments/kernel_replay_v64_robustness_matrix/coq/V64_ACCEPT_TREE_MIRROR_015.v,1,accept,kernel_success,coqchk_success,experiments/kernel_replay_v64_robustness_matrix/logs/V64_ACCEPT_BATCH.coqchk.log,1,accepted_kernel_checked
V64,robustness matrix,196,V64_ACCEPT_TREE_MIRROR_016,V64_ACCEPT_TREE_MIRROR_016,experiments/kernel_replay_v64_robustness_matrix/coq/V64_ACCEPT_TREE_MIRROR_016.v,1,accept,kernel_success,coqchk_success,experiments/kernel_replay_v64_robustness_matrix/logs/V64_ACCEPT_BATCH.coqchk.log,1,accepted_kernel_checked
V64,robustness matrix,197,V64_ACCEPT_TREE_MIRROR_017,V64_ACCEPT_TREE_MIRROR_017,experiments/kernel_replay_v64_robustness_matrix/coq/V64_ACCEPT_TREE_MIRROR_017.v,1,accept,kernel_success,coqchk_success,experiments/kernel_replay_v64_robustness_matrix/logs/V64_ACCEPT_BATCH.coqchk.log,1,accepted_kernel_checked
V64,robustness matrix,198,V64_ACCEPT_TREE_MIRROR_018,V64_ACCEPT_TREE_MIRROR_018,experiments/kernel_replay_v64_robustness_matrix/coq/V64_ACCEPT_TREE_MIRROR_018.v,1,accept,kernel_success,coqchk_success,experiments/kernel_replay_v64_robustness_matrix/logs/V64_ACCEPT_BATCH.coqchk.log,1,accepted_kernel_checked
V64,robustness matrix,199,V64_ACCEPT_TREE_MIRROR_019,V64_ACCEPT_TREE_MIRROR_019,experiments/kernel_replay_v64_robustness_matrix/coq/V64_ACCEPT_TREE_MIRROR_019.v,1,accept,kernel_success,coqchk_success,experiments/kernel_replay_v64_robustness_matrix/logs/V64_ACCEPT_BATCH.coqchk.log,1,accepted_kernel_checked
V64,robustness matrix,200,V64_ACCEPT_TREE_MIRROR_020,V64_ACCEPT_TREE_MIRROR_020,experiments/kernel_replay_v64_robustness_matrix/coq/V64_ACCEPT_TREE_MIRROR_020.v,1,accept,kernel_success,coqchk_success,experiments/kernel_replay_v64_robustness_matrix/logs/V64_ACCEPT_BATCH.coqchk.log,1,accepted_kernel_checked
V64,robustness matrix,201,V64_ACCEPT_TREE_MIRROR_021,V64_ACCEPT_TREE_MIRROR_021,experiments/kernel_replay_v64_robustness_matrix/coq/V64_ACCEPT_TREE_MIRROR_021.v,1,accept,kernel_success,coqchk_success,experiments/kernel_replay_v64_robustness_matrix/logs/V64_ACCEPT_BATCH.coqchk.log,1,accepted_kernel_checked
V64,robustness matrix,202,V64_ACCEPT_TREE_MIRROR_022,V64_ACCEPT_TREE_MIRROR_022,experiments/kernel_replay_v64_robustness_matrix/coq/V64_ACCEPT_TREE_MIRROR_022.v,1,accept,kernel_success,coqchk_success,experiments/kernel_replay_v64_robustness_matrix/logs/V64_ACCEPT_BATCH.coqchk.log,1,accepted_kernel_checked
V64,robustness matrix,203,V64_ACCEPT_TREE_MIRROR_023,V64_ACCEPT_TREE_MIRROR_023,experiments/kernel_replay_v64_robustness_matrix/coq/V64_ACCEPT_TREE_MIRROR_023.v,1,accept,kernel_success,coqchk_success,experiments/kernel_replay_v64_robustness_matrix/logs/V64_ACCEPT_BATCH.coqchk.log,1,accepted_kernel_checked
V64,robustness matrix,204,V64_ACCEPT_TREE_MIRROR_024,V64_ACCEPT_TREE_MIRROR_024,experiments/kernel_replay_v64_robustness_matrix/coq/V64_ACCEPT_TREE_MIRROR_024.v,1,accept,kernel_success,coqchk_success,experiments/kernel_replay_v64_robustness_matrix/logs/V64_ACCEPT_BATCH.coqchk.log,1,accepted_kernel_checked
V64,robustness matrix,205,V64_ACCEPT_TREE_MIRROR_025,V64_ACCEPT_TREE_MIRROR_025,experiments/kernel_replay_v64_robustness_matrix/coq/V64_ACCEPT_TREE_MIRROR_025.v,1,accept,kernel_success,coqchk_success,experiments/kernel_replay_v64_robustness_matrix/logs/V64_ACCEPT_BATCH.coqchk.log,1,accepted_kernel_checked
V64,robustness matrix,206,V64_ACCEPT_TREE_MIRROR_026,V64_ACCEPT_TREE_MIRROR_026,experiments/kernel_replay_v64_robustness_matrix/coq/V64_ACCEPT_TREE_MIRROR_026.v,1,accept,kernel_success,coqchk_success,experiments/kernel_replay_v64_robustness_matrix/logs/V64_ACCEPT_BATCH.coqchk.log,1,accepted_kernel_checked
V64,robustness matrix,207,V64_ACCEPT_TREE_MIRROR_027,V64_ACCEPT_TREE_MIRROR_027,experiments/kernel_replay_v64_robustness_matrix/coq/V64_ACCEPT_TREE_MIRROR_027.v,1,accept,kernel_success,coqchk_success,experiments/kernel_replay_v64_robustness_matrix/logs/V64_ACCEPT_BATCH.coqchk.log,1,accepted_kernel_checked
V64,robustness matrix,208,V64_ACCEPT_TREE_MIRROR_028,V64_ACCEPT_TREE_MIRROR_028,experiments/kernel_replay_v64_robustness_matrix/coq/V64_ACCEPT_TREE_MIRROR_028.v,1,accept,kernel_success,coqchk_success,experiments/kernel_replay_v64_robustness_matrix/logs/V64_ACCEPT_BATCH.coqchk.log,1,accepted_kernel_checked
V64,robustness matrix,209,V64_ACCEPT_TREE_MIRROR_029,V64_ACCEPT_TREE_MIRROR_029,experiments/kernel_replay_v64_robustness_matrix/coq/V64_ACCEPT_TREE_MIRROR_029.v,1,accept,kernel_success,coqchk_success,experiments/kernel_replay_v64_robustness_matrix/logs/V64_ACCEPT_BATCH.coqchk.log,1,accepted_kernel_checked
V64,robustness matrix,210,V64_ACCEPT_TREE_MIRROR_030,V64_ACCEPT_TREE_MIRROR_030,experiments/kernel_replay_v64_robustness_matrix/coq/V64_ACCEPT_TREE_MIRROR_030.v,1,accept,kernel_success,coqchk_success,experiments/kernel_replay_v64_robustness_matrix/logs/V64_ACCEPT_BATCH.coqchk.log,1,accepted_kernel_checked
V64,robustness matrix,211,V64_ACCEPT_TREE_MIRROR_031,V64_ACCEPT_TREE_MIRROR_031,experiments/kernel_replay_v64_robustness_matrix/coq/V64_ACCEPT_TREE_MIRROR_031.v,1,accept,kernel_success,coqchk_success,experiments/kernel_replay_v64_robustness_matrix/logs/V64_ACCEPT_BATCH.coqchk.log,1,accepted_kernel_checked
V64,robustness matrix,212,V64_ACCEPT_TREE_MIRROR_032,V64_ACCEPT_TREE_MIRROR_032,experiments/kernel_replay_v64_robustness_matrix/coq/V64_ACCEPT_TREE_MIRROR_032.v,1,accept,kernel_success,coqchk_success,experiments/kernel_replay_v64_robustness_matrix/logs/V64_ACCEPT_BATCH.coqchk.log,1,accepted_kernel_checked
V64,robustness matrix,213,V64_ACCEPT_TREE_MIRROR_033,V64_ACCEPT_TREE_MIRROR_033,experiments/kernel_replay_v64_robustness_matrix/coq/V64_ACCEPT_TREE_MIRROR_033.v,1,accept,kernel_success,coqchk_success,experiments/kernel_replay_v64_robustness_matrix/logs/V64_ACCEPT_BATCH.coqchk.log,1,accepted_kernel_checked
V64,robustness matrix,214,V64_ACCEPT_TREE_MIRROR_034,V64_ACCEPT_TREE_MIRROR_034,experiments/kernel_replay_v64_robustness_matrix/coq/V64_ACCEPT_TREE_MIRROR_034.v,1,accept,kernel_success,coqchk_success,experiments/kernel_replay_v64_robustness_matrix/logs/V64_ACCEPT_BATCH.coqchk.log,1,accepted_kernel_checked
V64,robustness matrix,215,V64_ACCEPT_TREE_MIRROR_035,V64_ACCEPT_TREE_MIRROR_035,experiments/kernel_replay_v64_robustness_matrix/coq/V64_ACCEPT_TREE_MIRROR_035.v,1,accept,kernel_success,coqchk_success,experiments/kernel_replay_v64_robustness_matrix/logs/V64_ACCEPT_BATCH.coqchk.log,1,accepted_kernel_checked
V64,robustness matrix,216,V64_ACCEPT_TREE_MIRROR_036,V64_ACCEPT_TREE_MIRROR_036,experiments/kernel_replay_v64_robustness_matrix/coq/V64_ACCEPT_TREE_MIRROR_036.v,1,accept,kernel_success,coqchk_success,experiments/kernel_replay_v64_robustness_matrix/logs/V64_ACCEPT_BATCH.coqchk.log,1,accepted_kernel_checked
V64,robustness matrix,217,V64_ACCEPT_TREE_MIRROR_037,V64_ACCEPT_TREE_MIRROR_037,experiments/kernel_replay_v64_robustness_matrix/coq/V64_ACCEPT_TREE_MIRROR_037.v,1,accept,kernel_success,coqchk_success,experiments/kernel_replay_v64_robustness_matrix/logs/V64_ACCEPT_BATCH.coqchk.log,1,accepted_kernel_checked
V64,robustness matrix,218,V64_ACCEPT_TREE_MIRROR_038,V64_ACCEPT_TREE_MIRROR_038,experiments/kernel_replay_v64_robustness_matrix/coq/V64_ACCEPT_TREE_MIRROR_038.v,1,accept,kernel_success,coqchk_success,experiments/kernel_replay_v64_robustness_matrix/logs/V64_ACCEPT_BATCH.coqchk.log,1,accepted_kernel_checked
V64,robustness matrix,219,V64_ACCEPT_TREE_MIRROR_039,V64_ACCEPT_TREE_MIRROR_039,experiments/kernel_replay_v64_robustness_matrix/coq/V64_ACCEPT_TREE_MIRROR_039.v,1,accept,kernel_success,coqchk_success,experiments/kernel_replay_v64_robustness_matrix/logs/V64_ACCEPT_BATCH.coqchk.log,1,accepted_kernel_checked
V64,robustness matrix,220,V64_ACCEPT_TREE_MIRROR_040,V64_ACCEPT_TREE_MIRROR_040,experiments/kernel_replay_v64_robustness_matrix/coq/V64_ACCEPT_TREE_MIRROR_040.v,1,accept,kernel_success,coqchk_success,experiments/kernel_replay_v64_robustness_matrix/logs/V64_ACCEPT_BATCH.coqchk.log,1,accepted_kernel_checked
V64,robustness matrix,221,V64_ACCEPT_TREE_MIRROR_041,V64_ACCEPT_TREE_MIRROR_041,experiments/kernel_replay_v64_robustness_matrix/coq/V64_ACCEPT_TREE_MIRROR_041.v,1,accept,kernel_success,coqchk_success,experiments/kernel_replay_v64_robustness_matrix/logs/V64_ACCEPT_BATCH.coqchk.log,1,accepted_kernel_checked
V64,robustness matrix,222,V64_ACCEPT_TREE_MIRROR_042,V64_ACCEPT_TREE_MIRROR_042,experiments/kernel_replay_v64_robustness_matrix/coq/V64_ACCEPT_TREE_MIRROR_042.v,1,accept,kernel_success,coqchk_success,experiments/kernel_replay_v64_robustness_matrix/logs/V64_ACCEPT_BATCH.coqchk.log,1,accepted_kernel_checked
V64,robustness matrix,223,V64_ACCEPT_TREE_MIRROR_043,V64_ACCEPT_TREE_MIRROR_043,experiments/kernel_replay_v64_robustness_matrix/coq/V64_ACCEPT_TREE_MIRROR_043.v,1,accept,kernel_success,coqchk_success,experiments/kernel_replay_v64_robustness_matrix/logs/V64_ACCEPT_BATCH.coqchk.log,1,accepted_kernel_checked
V64,robustness matrix,224,V64_ACCEPT_TREE_MIRROR_044,V64_ACCEPT_TREE_MIRROR_044,experiments/kernel_replay_v64_robustness_matrix/coq/V64_ACCEPT_TREE_MIRROR_044.v,1,accept,kernel_success,coqchk_success,experiments/kernel_replay_v64_robustness_matrix/logs/V64_ACCEPT_BATCH.coqchk.log,1,accepted_kernel_checked
V64,robustness matrix,225,V64_ACCEPT_TREE_MIRROR_045,V64_ACCEPT_TREE_MIRROR_045,experiments/kernel_replay_v64_robustness_matrix/coq/V64_ACCEPT_TREE_MIRROR_045.v,1,accept,kernel_success,coqchk_success,experiments/kernel_replay_v64_robustness_matrix/logs/V64_ACCEPT_BATCH.coqchk.log,1,accepted_kernel_checked
V64,robustness matrix,226,V64_ACCEPT_TREE_MIRROR_046,V64_ACCEPT_TREE_MIRROR_046,experiments/kernel_replay_v64_robustness_matrix/coq/V64_ACCEPT_TREE_MIRROR_046.v,1,accept,kernel_success,coqchk_success,experiments/kernel_replay_v64_robustness_matrix/logs/V64_ACCEPT_BATCH.coqchk.log,1,accepted_kernel_checked
V64,robustness matrix,227,V64_ACCEPT_TREE_MIRROR_047,V64_ACCEPT_TREE_MIRROR_047,experiments/kernel_replay_v64_robustness_matrix/coq/V64_ACCEPT_TREE_MIRROR_047.v,1,accept,kernel_success,coqchk_success,experiments/kernel_replay_v64_robustness_matrix/logs/V64_ACCEPT_BATCH.coqchk.log,1,accepted_kernel_checked
V64,robustness matrix,228,V64_ACCEPT_TREE_MIRROR_048,V64_ACCEPT_TREE_MIRROR_048,experiments/kernel_replay_v64_robustness_matrix/coq/V64_ACCEPT_TREE_MIRROR_048.v,1,accept,kernel_success,coqchk_success,experiments/kernel_replay_v64_robustness_matrix/logs/V64_ACCEPT_BATCH.coqchk.log,1,accepted_kernel_checked
V64,robustness matrix,229,V64_ACCEPT_TREE_MIRROR_049,V64_ACCEPT_TREE_MIRROR_049,experiments/kernel_replay_v64_robustness_matrix/coq/V64_ACCEPT_TREE_MIRROR_049.v,1,accept,kernel_success,coqchk_success,experiments/kernel_replay_v64_robustness_matrix/logs/V64_ACCEPT_BATCH.coqchk.log,1,accepted_kernel_checked
V64,robustness matrix,230,V64_ACCEPT_TREE_MIRROR_050,V64_ACCEPT_TREE_MIRROR_050,experiments/kernel_replay_v64_robustness_matrix/coq/V64_ACCEPT_TREE_MIRROR_050.v,1,accept,kernel_success,coqchk_success,experiments/kernel_replay_v64_robustness_matrix/logs/V64_ACCEPT_BATCH.coqchk.log,1,accepted_kernel_checked
V64,robustness matrix,231,V64_ACCEPT_TREE_MIRROR_051,V64_ACCEPT_TREE_MIRROR_051,experiments/kernel_replay_v64_robustness_matrix/coq/V64_ACCEPT_TREE_MIRROR_051.v,1,accept,kernel_success,coqchk_success,experiments/kernel_replay_v64_robustness_matrix/logs/V64_ACCEPT_BATCH.coqchk.log,1,accepted_kernel_checked
V64,robustness matrix,232,V64_ACCEPT_TREE_MIRROR_052,V64_ACCEPT_TREE_MIRROR_052,experiments/kernel_replay_v64_robustness_matrix/coq/V64_ACCEPT_TREE_MIRROR_052.v,1,accept,kernel_success,coqchk_success,experiments/kernel_replay_v64_robustness_matrix/logs/V64_ACCEPT_BATCH.coqchk.log,1,accepted_kernel_checked
V64,robustness matrix,233,V64_ACCEPT_TREE_MIRROR_053,V64_ACCEPT_TREE_MIRROR_053,experiments/kernel_replay_v64_robustness_matrix/coq/V64_ACCEPT_TREE_MIRROR_053.v,1,accept,kernel_success,coqchk_success,experiments/kernel_replay_v64_robustness_matrix/logs/V64_ACCEPT_BATCH.coqchk.log,1,accepted_kernel_checked
V64,robustness matrix,234,V64_ACCEPT_TREE_MIRROR_054,V64_ACCEPT_TREE_MIRROR_054,experiments/kernel_replay_v64_robustness_matrix/coq/V64_ACCEPT_TREE_MIRROR_054.v,1,accept,kernel_success,coqchk_success,experiments/kernel_replay_v64_robustness_matrix/logs/V64_ACCEPT_BATCH.coqchk.log,1,accepted_kernel_checked
V64,robustness matrix,235,V64_ACCEPT_TREE_MIRROR_055,V64_ACCEPT_TREE_MIRROR_055,experiments/kernel_replay_v64_robustness_matrix/coq/V64_ACCEPT_TREE_MIRROR_055.v,1,accept,kernel_success,coqchk_success,experiments/kernel_replay_v64_robustness_matrix/logs/V64_ACCEPT_BATCH.coqchk.log,1,accepted_kernel_checked
V64,robustness matrix,236,V64_ACCEPT_TREE_MIRROR_056,V64_ACCEPT_TREE_MIRROR_056,experiments/kernel_replay_v64_robustness_matrix/coq/V64_ACCEPT_TREE_MIRROR_056.v,1,accept,kernel_success,coqchk_success,experiments/kernel_replay_v64_robustness_matrix/logs/V64_ACCEPT_BATCH.coqchk.log,1,accepted_kernel_checked
V64,robustness matrix,237,V64_ACCEPT_TREE_MIRROR_057,V64_ACCEPT_TREE_MIRROR_057,experiments/kernel_replay_v64_robustness_matrix/coq/V64_ACCEPT_TREE_MIRROR_057.v,1,accept,kernel_success,coqchk_success,experiments/kernel_replay_v64_robustness_matrix/logs/V64_ACCEPT_BATCH.coqchk.log,1,accepted_kernel_checked
V64,robustness matrix,238,V64_ACCEPT_TREE_MIRROR_058,V64_ACCEPT_TREE_MIRROR_058,experiments/kernel_replay_v64_robustness_matrix/coq/V64_ACCEPT_TREE_MIRROR_058.v,1,accept,kernel_success,coqchk_success,experiments/kernel_replay_v64_robustness_matrix/logs/V64_ACCEPT_BATCH.coqchk.log,1,accepted_kernel_checked
V64,robustness matrix,239,V64_ACCEPT_TREE_MIRROR_059,V64_ACCEPT_TREE_MIRROR_059,experiments/kernel_replay_v64_robustness_matrix/coq/V64_ACCEPT_TREE_MIRROR_059.v,1,accept,kernel_success,coqchk_success,experiments/kernel_replay_v64_robustness_matrix/logs/V64_ACCEPT_BATCH.coqchk.log,1,accepted_kernel_checked
V64,robustness matrix,240,V64_ACCEPT_TREE_MIRROR_060,V64_ACCEPT_TREE_MIRROR_060,experiments/kernel_replay_v64_robustness_matrix/coq/V64_ACCEPT_TREE_MIRROR_060.v,1,accept,kernel_success,coqchk_success,experiments/kernel_replay_v64_robustness_matrix/logs/V64_ACCEPT_BATCH.coqchk.log,1,accepted_kernel_checked
V64,robustness matrix,241,V64_REJECT_WRONG_ROUNDTRIP_001,V64_REJECT_WRONG_ROUNDTRIP_001,experiments/kernel_replay_v64_robustness_matrix/coq/V64_REJECT_WRONG_ROUNDTRIP_001.v,1,safe_reject,kernel_failure,not_run,experiments/kernel_replay_v64_robustness_matrix/logs/V64_REJECT_WRONG_ROUNDTRIP_001.coqchk.log,0,safe_reject_compile_blocked
V64,robustness matrix,242,V64_REJECT_WRONG_ROUNDTRIP_002,V64_REJECT_WRONG_ROUNDTRIP_002,experiments/kernel_replay_v64_robustness_matrix/coq/V64_REJECT_WRONG_ROUNDTRIP_002.v,1,safe_reject,kernel_failure,not_run,experiments/kernel_replay_v64_robustness_matrix/logs/V64_REJECT_WRONG_ROUNDTRIP_002.coqchk.log,0,safe_reject_compile_blocked
V64,robustness matrix,243,V64_REJECT_WRONG_ROUNDTRIP_003,V64_REJECT_WRONG_ROUNDTRIP_003,experiments/kernel_replay_v64_robustness_matrix/coq/V64_REJECT_WRONG_ROUNDTRIP_003.v,1,safe_reject,kernel_failure,not_run,experiments/kernel_replay_v64_robustness_matrix/logs/V64_REJECT_WRONG_ROUNDTRIP_003.coqchk.log,0,safe_reject_compile_blocked
V64,robustness matrix,244,V64_REJECT_WRONG_ROUNDTRIP_004,V64_REJECT_WRONG_ROUNDTRIP_004,experiments/kernel_replay_v64_robustness_matrix/coq/V64_REJECT_WRONG_ROUNDTRIP_004.v,1,safe_reject,kernel_failure,not_run,experiments/kernel_replay_v64_robustness_matrix/logs/V64_REJECT_WRONG_ROUNDTRIP_004.coqchk.log,0,safe_reject_compile_blocked
V64,robustness matrix,245,V64_REJECT_WRONG_ROUNDTRIP_005,V64_REJECT_WRONG_ROUNDTRIP_005,experiments/kernel_replay_v64_robustness_matrix/coq/V64_REJECT_WRONG_ROUNDTRIP_005.v,1,safe_reject,kernel_failure,not_run,experiments/kernel_replay_v64_robustness_matrix/logs/V64_REJECT_WRONG_ROUNDTRIP_005.coqchk.log,0,safe_reject_compile_blocked
V64,robustness matrix,246,V64_REJECT_WRONG_ROUNDTRIP_006,V64_REJECT_WRONG_ROUNDTRIP_006,experiments/kernel_replay_v64_robustness_matrix/coq/V64_REJECT_WRONG_ROUNDTRIP_006.v,1,safe_reject,kernel_failure,not_run,experiments/kernel_replay_v64_robustness_matrix/logs/V64_REJECT_WRONG_ROUNDTRIP_006.coqchk.log,0,safe_reject_compile_blocked
V64,robustness matrix,247,V64_REJECT_WRONG_ROUNDTRIP_007,V64_REJECT_WRONG_ROUNDTRIP_007,experiments/kernel_replay_v64_robustness_matrix/coq/V64_REJECT_WRONG_ROUNDTRIP_007.v,1,safe_reject,kernel_failure,not_run,experiments/kernel_replay_v64_robustness_matrix/logs/V64_REJECT_WRONG_ROUNDTRIP_007.coqchk.log,0,safe_reject_compile_blocked
V64,robustness matrix,248,V64_REJECT_WRONG_ROUNDTRIP_008,V64_REJECT_WRONG_ROUNDTRIP_008,experiments/kernel_replay_v64_robustness_matrix/coq/V64_REJECT_WRONG_ROUNDTRIP_008.v,1,safe_reject,kernel_failure,not_run,experiments/kernel_replay_v64_robustness_matrix/logs/V64_REJECT_WRONG_ROUNDTRIP_008.coqchk.log,0,safe_reject_compile_blocked
V64,robustness matrix,249,V64_REJECT_WRONG_ROUNDTRIP_009,V64_REJECT_WRONG_ROUNDTRIP_009,experiments/kernel_replay_v64_robustness_matrix/coq/V64_REJECT_WRONG_ROUNDTRIP_009.v,1,safe_reject,kernel_failure,not_run,experiments/kernel_replay_v64_robustness_matrix/logs/V64_REJECT_WRONG_ROUNDTRIP_009.coqchk.log,0,safe_reject_compile_blocked
V64,robustness matrix,250,V64_REJECT_WRONG_ROUNDTRIP_010,V64_REJECT_WRONG_ROUNDTRIP_010,experiments/kernel_replay_v64_robustness_matrix/coq/V64_REJECT_WRONG_ROUNDTRIP_010.v,1,safe_reject,kernel_failure,not_run,experiments/kernel_replay_v64_robustness_matrix/logs/V64_REJECT_WRONG_ROUNDTRIP_010.coqchk.log,0,safe_reject_compile_blocked
V64,robustness matrix,251,V64_REJECT_WRONG_ROUNDTRIP_011,V64_REJECT_WRONG_ROUNDTRIP_011,experiments/kernel_replay_v64_robustness_matrix/coq/V64_REJECT_WRONG_ROUNDTRIP_011.v,1,safe_reject,kernel_failure,not_run,experiments/kernel_replay_v64_robustness_matrix/logs/V64_REJECT_WRONG_ROUNDTRIP_011.coqchk.log,0,safe_reject_compile_blocked
V64,robustness matrix,252,V64_REJECT_WRONG_ROUNDTRIP_012,V64_REJECT_WRONG_ROUNDTRIP_012,experiments/kernel_replay_v64_robustness_matrix/coq/V64_REJECT_WRONG_ROUNDTRIP_012.v,1,safe_reject,kernel_failure,not_run,experiments/kernel_replay_v64_robustness_matrix/logs/V64_REJECT_WRONG_ROUNDTRIP_012.coqchk.log,0,safe_reject_compile_blocked
V64,robustness matrix,253,V64_REJECT_WRONG_ROUNDTRIP_013,V64_REJECT_WRONG_ROUNDTRIP_013,experiments/kernel_replay_v64_robustness_matrix/coq/V64_REJECT_WRONG_ROUNDTRIP_013.v,1,safe_reject,kernel_failure,not_run,experiments/kernel_replay_v64_robustness_matrix/logs/V64_REJECT_WRONG_ROUNDTRIP_013.coqchk.log,0,safe_reject_compile_blocked
V64,robustness matrix,254,V64_REJECT_WRONG_ROUNDTRIP_014,V64_REJECT_WRONG_ROUNDTRIP_014,experiments/kernel_replay_v64_robustness_matrix/coq/V64_REJECT_WRONG_ROUNDTRIP_014.v,1,safe_reject,kernel_failure,not_run,experiments/kernel_replay_v64_robustness_matrix/logs/V64_REJECT_WRONG_ROUNDTRIP_014.coqchk.log,0,safe_reject_compile_blocked
V64,robustness matrix,255,V64_REJECT_WRONG_ROUNDTRIP_015,V64_REJECT_WRONG_ROUNDTRIP_015,experiments/kernel_replay_v64_robustness_matrix/coq/V64_REJECT_WRONG_ROUNDTRIP_015.v,1,safe_reject,kernel_failure,not_run,experiments/kernel_replay_v64_robustness_matrix/logs/V64_REJECT_WRONG_ROUNDTRIP_015.coqchk.log,0,safe_reject_compile_blocked
V64,robustness matrix,256,V64_REJECT_WRONG_ROUNDTRIP_016,V64_REJECT_WRONG_ROUNDTRIP_016,experiments/kernel_replay_v64_robustness_matrix/coq/V64_REJECT_WRONG_ROUNDTRIP_016.v,1,safe_reject,kernel_failure,not_run,experiments/kernel_replay_v64_robustness_matrix/logs/V64_REJECT_WRONG_ROUNDTRIP_016.coqchk.log,0,safe_reject_compile_blocked
V64,robustness matrix,257,V64_REJECT_WRONG_ROUNDTRIP_017,V64_REJECT_WRONG_ROUNDTRIP_017,experiments/kernel_replay_v64_robustness_matrix/coq/V64_REJECT_WRONG_ROUNDTRIP_017.v,1,safe_reject,kernel_failure,not_run,experiments/kernel_replay_v64_robustness_matrix/logs/V64_REJECT_WRONG_ROUNDTRIP_017.coqchk.log,0,safe_reject_compile_blocked
V64,robustness matrix,258,V64_REJECT_WRONG_ROUNDTRIP_018,V64_REJECT_WRONG_ROUNDTRIP_018,experiments/kernel_replay_v64_robustness_matrix/coq/V64_REJECT_WRONG_ROUNDTRIP_018.v,1,safe_reject,kernel_failure,not_run,experiments/kernel_replay_v64_robustness_matrix/logs/V64_REJECT_WRONG_ROUNDTRIP_018.coqchk.log,0,safe_reject_compile_blocked
V64,robustness matrix,259,V64_REJECT_WRONG_ROUNDTRIP_019,V64_REJECT_WRONG_ROUNDTRIP_019,experiments/kernel_replay_v64_robustness_matrix/coq/V64_REJECT_WRONG_ROUNDTRIP_019.v,1,safe_reject,kernel_failure,not_run,experiments/kernel_replay_v64_robustness_matrix/logs/V64_REJECT_WRONG_ROUNDTRIP_019.coqchk.log,0,safe_reject_compile_blocked
V64,robustness matrix,260,V64_REJECT_WRONG_ROUNDTRIP_020,V64_REJECT_WRONG_ROUNDTRIP_020,experiments/kernel_replay_v64_robustness_matrix/coq/V64_REJECT_WRONG_ROUNDTRIP_020.v,1,safe_reject,kernel_failure,not_run,experiments/kernel_replay_v64_robustness_matrix/logs/V64_REJECT_WRONG_ROUNDTRIP_020.coqchk.log,0,safe_reject_compile_blocked
V64,robustness matrix,261,V64_REJECT_WRONG_ROUNDTRIP_021,V64_REJECT_WRONG_ROUNDTRIP_021,experiments/kernel_replay_v64_robustness_matrix/coq/V64_REJECT_WRONG_ROUNDTRIP_021.v,1,safe_reject,kernel_failure,not_run,experiments/kernel_replay_v64_robustness_matrix/logs/V64_REJECT_WRONG_ROUNDTRIP_021.coqchk.log,0,safe_reject_compile_blocked
V64,robustness matrix,262,V64_REJECT_WRONG_ROUNDTRIP_022,V64_REJECT_WRONG_ROUNDTRIP_022,experiments/kernel_replay_v64_robustness_matrix/coq/V64_REJECT_WRONG_ROUNDTRIP_022.v,1,safe_reject,kernel_failure,not_run,experiments/kernel_replay_v64_robustness_matrix/logs/V64_REJECT_WRONG_ROUNDTRIP_022.coqchk.log,0,safe_reject_compile_blocked
V64,robustness matrix,263,V64_REJECT_WRONG_ROUNDTRIP_023,V64_REJECT_WRONG_ROUNDTRIP_023,experiments/kernel_replay_v64_robustness_matrix/coq/V64_REJECT_WRONG_ROUNDTRIP_023.v,1,safe_reject,kernel_failure,not_run,experiments/kernel_replay_v64_robustness_matrix/logs/V64_REJECT_WRONG_ROUNDTRIP_023.coqchk.log,0,safe_reject_compile_blocked
V64,robustness matrix,264,V64_REJECT_WRONG_ROUNDTRIP_024,V64_REJECT_WRONG_ROUNDTRIP_024,experiments/kernel_replay_v64_robustness_matrix/coq/V64_REJECT_WRONG_ROUNDTRIP_024.v,1,safe_reject,kernel_failure,not_run,experiments/kernel_replay_v64_robustness_matrix/logs/V64_REJECT_WRONG_ROUNDTRIP_024.coqchk.log,0,safe_reject_compile_blocked
V64,robustness matrix,265,V64_REJECT_WRONG_ROUNDTRIP_025,V64_REJECT_WRONG_ROUNDTRIP_025,experiments/kernel_replay_v64_robustness_matrix/coq/V64_REJECT_WRONG_ROUNDTRIP_025.v,1,safe_reject,kernel_failure,not_run,experiments/kernel_replay_v64_robustness_matrix/logs/V64_REJECT_WRONG_ROUNDTRIP_025.coqchk.log,0,safe_reject_compile_blocked
V64,robustness matrix,266,V64_REJECT_WRONG_ROUNDTRIP_026,V64_REJECT_WRONG_ROUNDTRIP_026,experiments/kernel_replay_v64_robustness_matrix/coq/V64_REJECT_WRONG_ROUNDTRIP_026.v,1,safe_reject,kernel_failure,not_run,experiments/kernel_replay_v64_robustness_matrix/logs/V64_REJECT_WRONG_ROUNDTRIP_026.coqchk.log,0,safe_reject_compile_blocked
V64,robustness matrix,267,V64_REJECT_WRONG_ROUNDTRIP_027,V64_REJECT_WRONG_ROUNDTRIP_027,experiments/kernel_replay_v64_robustness_matrix/coq/V64_REJECT_WRONG_ROUNDTRIP_027.v,1,safe_reject,kernel_failure,not_run,experiments/kernel_replay_v64_robustness_matrix/logs/V64_REJECT_WRONG_ROUNDTRIP_027.coqchk.log,0,safe_reject_compile_blocked
V64,robustness matrix,268,V64_REJECT_WRONG_ROUNDTRIP_028,V64_REJECT_WRONG_ROUNDTRIP_028,experiments/kernel_replay_v64_robustness_matrix/coq/V64_REJECT_WRONG_ROUNDTRIP_028.v,1,safe_reject,kernel_failure,not_run,experiments/kernel_replay_v64_robustness_matrix/logs/V64_REJECT_WRONG_ROUNDTRIP_028.coqchk.log,0,safe_reject_compile_blocked
V64,robustness matrix,269,V64_REJECT_WRONG_ROUNDTRIP_029,V64_REJECT_WRONG_ROUNDTRIP_029,experiments/kernel_replay_v64_robustness_matrix/coq/V64_REJECT_WRONG_ROUNDTRIP_029.v,1,safe_reject,kernel_failure,not_run,experiments/kernel_replay_v64_robustness_matrix/logs/V64_REJECT_WRONG_ROUNDTRIP_029.coqchk.log,0,safe_reject_compile_blocked
V64,robustness matrix,270,V64_REJECT_WRONG_ROUNDTRIP_030,V64_REJECT_WRONG_ROUNDTRIP_030,experiments/kernel_replay_v64_robustness_matrix/coq/V64_REJECT_WRONG_ROUNDTRIP_030.v,1,safe_reject,kernel_failure,not_run,experiments/kernel_replay_v64_robustness_matrix/logs/V64_REJECT_WRONG_ROUNDTRIP_030.coqchk.log,0,safe_reject_compile_blocked
V64,robustness matrix,271,V64_REJECT_WRONG_ROUNDTRIP_031,V64_REJECT_WRONG_ROUNDTRIP_031,experiments/kernel_replay_v64_robustness_matrix/coq/V64_REJECT_WRONG_ROUNDTRIP_031.v,1,safe_reject,kernel_failure,not_run,experiments/kernel_replay_v64_robustness_matrix/logs/V64_REJECT_WRONG_ROUNDTRIP_031.coqchk.log,0,safe_reject_compile_blocked
V64,robustness matrix,272,V64_REJECT_WRONG_ROUNDTRIP_032,V64_REJECT_WRONG_ROUNDTRIP_032,experiments/kernel_replay_v64_robustness_matrix/coq/V64_REJECT_WRONG_ROUNDTRIP_032.v,1,safe_reject,kernel_failure,not_run,experiments/kernel_replay_v64_robustness_matrix/logs/V64_REJECT_WRONG_ROUNDTRIP_032.coqchk.log,0,safe_reject_compile_blocked
V64,robustness matrix,273,V64_REJECT_WRONG_ROUNDTRIP_033,V64_REJECT_WRONG_ROUNDTRIP_033,experiments/kernel_replay_v64_robustness_matrix/coq/V64_REJECT_WRONG_ROUNDTRIP_033.v,1,safe_reject,kernel_failure,not_run,experiments/kernel_replay_v64_robustness_matrix/logs/V64_REJECT_WRONG_ROUNDTRIP_033.coqchk.log,0,safe_reject_compile_blocked
V64,robustness matrix,274,V64_REJECT_WRONG_ROUNDTRIP_034,V64_REJECT_WRONG_ROUNDTRIP_034,experiments/kernel_replay_v64_robustness_matrix/coq/V64_REJECT_WRONG_ROUNDTRIP_034.v,1,safe_reject,kernel_failure,not_run,experiments/kernel_replay_v64_robustness_matrix/logs/V64_REJECT_WRONG_ROUNDTRIP_034.coqchk.log,0,safe_reject_compile_blocked
V64,robustness matrix,275,V64_REJECT_WRONG_ROUNDTRIP_035,V64_REJECT_WRONG_ROUNDTRIP_035,experiments/kernel_replay_v64_robustness_matrix/coq/V64_REJECT_WRONG_ROUNDTRIP_035.v,1,safe_reject,kernel_failure,not_run,experiments/kernel_replay_v64_robustness_matrix/logs/V64_REJECT_WRONG_ROUNDTRIP_035.coqchk.log,0,safe_reject_compile_blocked
V64,robustness matrix,276,V64_REJECT_WRONG_ROUNDTRIP_036,V64_REJECT_WRONG_ROUNDTRIP_036,experiments/kernel_replay_v64_robustness_matrix/coq/V64_REJECT_WRONG_ROUNDTRIP_036.v,1,safe_reject,kernel_failure,not_run,experiments/kernel_replay_v64_robustness_matrix/logs/V64_REJECT_WRONG_ROUNDTRIP_036.coqchk.log,0,safe_reject_compile_blocked
V64,robustness matrix,277,V64_REJECT_WRONG_ROUNDTRIP_037,V64_REJECT_WRONG_ROUNDTRIP_037,experiments/kernel_replay_v64_robustness_matrix/coq/V64_REJECT_WRONG_ROUNDTRIP_037.v,1,safe_reject,kernel_failure,not_run,experiments/kernel_replay_v64_robustness_matrix/logs/V64_REJECT_WRONG_ROUNDTRIP_037.coqchk.log,0,safe_reject_compile_blocked
V64,robustness matrix,278,V64_REJECT_WRONG_ROUNDTRIP_038,V64_REJECT_WRONG_ROUNDTRIP_038,experiments/kernel_replay_v64_robustness_matrix/coq/V64_REJECT_WRONG_ROUNDTRIP_038.v,1,safe_reject,kernel_failure,not_run,experiments/kernel_replay_v64_robustness_matrix/logs/V64_REJECT_WRONG_ROUNDTRIP_038.coqchk.log,0,safe_reject_compile_blocked
V64,robustness matrix,279,V64_REJECT_WRONG_ROUNDTRIP_039,V64_REJECT_WRONG_ROUNDTRIP_039,experiments/kernel_replay_v64_robustness_matrix/coq/V64_REJECT_WRONG_ROUNDTRIP_039.v,1,safe_reject,kernel_failure,not_run,experiments/kernel_replay_v64_robustness_matrix/logs/V64_REJECT_WRONG_ROUNDTRIP_039.coqchk.log,0,safe_reject_compile_blocked
V64,robustness matrix,280,V64_REJECT_WRONG_ROUNDTRIP_040,V64_REJECT_WRONG_ROUNDTRIP_040,experiments/kernel_replay_v64_robustness_matrix/coq/V64_REJECT_WRONG_ROUNDTRIP_040.v,1,safe_reject,kernel_failure,not_run,experiments/kernel_replay_v64_robustness_matrix/logs/V64_REJECT_WRONG_ROUNDTRIP_040.coqchk.log,0,safe_reject_compile_blocked
V64,robustness matrix,281,V64_REJECT_MISSING_CASE_001,V64_REJECT_MISSING_CASE_001,experiments/kernel_replay_v64_robustness_matrix/coq/V64_REJECT_MISSING_CASE_001.v,1,safe_reject,kernel_failure,not_run,experiments/kernel_replay_v64_robustness_matrix/logs/V64_REJECT_MISSING_CASE_001.coqchk.log,0,safe_reject_compile_blocked
V64,robustness matrix,282,V64_REJECT_MISSING_CASE_002,V64_REJECT_MISSING_CASE_002,experiments/kernel_replay_v64_robustness_matrix/coq/V64_REJECT_MISSING_CASE_002.v,1,safe_reject,kernel_failure,not_run,experiments/kernel_replay_v64_robustness_matrix/logs/V64_REJECT_MISSING_CASE_002.coqchk.log,0,safe_reject_compile_blocked
V64,robustness matrix,283,V64_REJECT_MISSING_CASE_003,V64_REJECT_MISSING_CASE_003,experiments/kernel_replay_v64_robustness_matrix/coq/V64_REJECT_MISSING_CASE_003.v,1,safe_reject,kernel_failure,not_run,experiments/kernel_replay_v64_robustness_matrix/logs/V64_REJECT_MISSING_CASE_003.coqchk.log,0,safe_reject_compile_blocked
V64,robustness matrix,284,V64_REJECT_MISSING_CASE_004,V64_REJECT_MISSING_CASE_004,experiments/kernel_replay_v64_robustness_matrix/coq/V64_REJECT_MISSING_CASE_004.v,1,safe_reject,kernel_failure,not_run,experiments/kernel_replay_v64_robustness_matrix/logs/V64_REJECT_MISSING_CASE_004.coqchk.log,0,safe_reject_compile_blocked
V64,robustness matrix,285,V64_REJECT_MISSING_CASE_005,V64_REJECT_MISSING_CASE_005,experiments/kernel_replay_v64_robustness_matrix/coq/V64_REJECT_MISSING_CASE_005.v,1,safe_reject,kernel_failure,not_run,experiments/kernel_replay_v64_robustness_matrix/logs/V64_REJECT_MISSING_CASE_005.coqchk.log,0,safe_reject_compile_blocked
V64,robustness matrix,286,V64_REJECT_MISSING_CASE_006,V64_REJECT_MISSING_CASE_006,experiments/kernel_replay_v64_robustness_matrix/coq/V64_REJECT_MISSING_CASE_006.v,1,safe_reject,kernel_failure,not_run,experiments/kernel_replay_v64_robustness_matrix/logs/V64_REJECT_MISSING_CASE_006.coqchk.log,0,safe_reject_compile_blocked
V64,robustness matrix,287,V64_REJECT_MISSING_CASE_007,V64_REJECT_MISSING_CASE_007,experiments/kernel_replay_v64_robustness_matrix/coq/V64_REJECT_MISSING_CASE_007.v,1,safe_reject,kernel_failure,not_run,experiments/kernel_replay_v64_robustness_matrix/logs/V64_REJECT_MISSING_CASE_007.coqchk.log,0,safe_reject_compile_blocked
V64,robustness matrix,288,V64_REJECT_MISSING_CASE_008,V64_REJECT_MISSING_CASE_008,experiments/kernel_replay_v64_robustness_matrix/coq/V64_REJECT_MISSING_CASE_008.v,1,safe_reject,kernel_failure,not_run,experiments/kernel_replay_v64_robustness_matrix/logs/V64_REJECT_MISSING_CASE_008.coqchk.log,0,safe_reject_compile_blocked
V64,robustness matrix,289,V64_REJECT_MISSING_CASE_009,V64_REJECT_MISSING_CASE_009,experiments/kernel_replay_v64_robustness_matrix/coq/V64_REJECT_MISSING_CASE_009.v,1,safe_reject,kernel_failure,not_run,experiments/kernel_replay_v64_robustness_matrix/logs/V64_REJECT_MISSING_CASE_009.coqchk.log,0,safe_reject_compile_blocked
V64,robustness matrix,290,V64_REJECT_MISSING_CASE_010,V64_REJECT_MISSING_CASE_010,experiments/kernel_replay_v64_robustness_matrix/coq/V64_REJECT_MISSING_CASE_010.v,1,safe_reject,kernel_failure,not_run,experiments/kernel_replay_v64_robustness_matrix/logs/V64_REJECT_MISSING_CASE_010.coqchk.log,0,safe_reject_compile_blocked
V64,robustness matrix,291,V64_REJECT_MISSING_CASE_011,V64_REJECT_MISSING_CASE_011,experiments/kernel_replay_v64_robustness_matrix/coq/V64_REJECT_MISSING_CASE_011.v,1,safe_reject,kernel_failure,not_run,experiments/kernel_replay_v64_robustness_matrix/logs/V64_REJECT_MISSING_CASE_011.coqchk.log,0,safe_reject_compile_blocked
V64,robustness matrix,292,V64_REJECT_MISSING_CASE_012,V64_REJECT_MISSING_CASE_012,experiments/kernel_replay_v64_robustness_matrix/coq/V64_REJECT_MISSING_CASE_012.v,1,safe_reject,kernel_failure,not_run,experiments/kernel_replay_v64_robustness_matrix/logs/V64_REJECT_MISSING_CASE_012.coqchk.log,0,safe_reject_compile_blocked
V64,robustness matrix,293,V64_REJECT_MISSING_CASE_013,V64_REJECT_MISSING_CASE_013,experiments/kernel_replay_v64_robustness_matrix/coq/V64_REJECT_MISSING_CASE_013.v,1,safe_reject,kernel_failure,not_run,experiments/kernel_replay_v64_robustness_matrix/logs/V64_REJECT_MISSING_CASE_013.coqchk.log,0,safe_reject_compile_blocked
V64,robustness matrix,294,V64_REJECT_MISSING_CASE_014,V64_REJECT_MISSING_CASE_014,experiments/kernel_replay_v64_robustness_matrix/coq/V64_REJECT_MISSING_CASE_014.v,1,safe_reject,kernel_failure,not_run,experiments/kernel_replay_v64_robustness_matrix/logs/V64_REJECT_MISSING_CASE_014.coqchk.log,0,safe_reject_compile_blocked
V64,robustness matrix,295,V64_REJECT_MISSING_CASE_015,V64_REJECT_MISSING_CASE_015,experiments/kernel_replay_v64_robustness_matrix/coq/V64_REJECT_MISSING_CASE_015.v,1,safe_reject,kernel_failure,not_run,experiments/kernel_replay_v64_robustness_matrix/logs/V64_REJECT_MISSING_CASE_015.coqchk.log,0,safe_reject_compile_blocked
V64,robustness matrix,296,V64_REJECT_MISSING_CASE_016,V64_REJECT_MISSING_CASE_016,experiments/kernel_replay_v64_robustness_matrix/coq/V64_REJECT_MISSING_CASE_016.v,1,safe_reject,kernel_failure,not_run,experiments/kernel_replay_v64_robustness_matrix/logs/V64_REJECT_MISSING_CASE_016.coqchk.log,0,safe_reject_compile_blocked
V64,robustness matrix,297,V64_REJECT_MISSING_CASE_017,V64_REJECT_MISSING_CASE_017,experiments/kernel_replay_v64_robustness_matrix/coq/V64_REJECT_MISSING_CASE_017.v,1,safe_reject,kernel_failure,not_run,experiments/kernel_replay_v64_robustness_matrix/logs/V64_REJECT_MISSING_CASE_017.coqchk.log,0,safe_reject_compile_blocked
V64,robustness matrix,298,V64_REJECT_MISSING_CASE_018,V64_REJECT_MISSING_CASE_018,experiments/kernel_replay_v64_robustness_matrix/coq/V64_REJECT_MISSING_CASE_018.v,1,safe_reject,kernel_failure,not_run,experiments/kernel_replay_v64_robustness_matrix/logs/V64_REJECT_MISSING_CASE_018.coqchk.log,0,safe_reject_compile_blocked
V64,robustness matrix,299,V64_REJECT_MISSING_CASE_019,V64_REJECT_MISSING_CASE_019,experiments/kernel_replay_v64_robustness_matrix/coq/V64_REJECT_MISSING_CASE_019.v,1,safe_reject,kernel_failure,not_run,experiments/kernel_replay_v64_robustness_matrix/logs/V64_REJECT_MISSING_CASE_019.coqchk.log,0,safe_reject_compile_blocked
V64,robustness matrix,300,V64_REJECT_MISSING_CASE_020,V64_REJECT_MISSING_CASE_020,experiments/kernel_replay_v64_robustness_matrix/coq/V64_REJECT_MISSING_CASE_020.v,1,safe_reject,kernel_failure,not_run,experiments/kernel_replay_v64_robustness_matrix/logs/V64_REJECT_MISSING_CASE_020.coqchk.log,0,safe_reject_compile_blocked
V64,robustness matrix,301,V64_REJECT_MISSING_CASE_021,V64_REJECT_MISSING_CASE_021,experiments/kernel_replay_v64_robustness_matrix/coq/V64_REJECT_MISSING_CASE_021.v,1,safe_reject,kernel_failure,not_run,experiments/kernel_replay_v64_robustness_matrix/logs/V64_REJECT_MISSING_CASE_021.coqchk.log,0,safe_reject_compile_blocked
V64,robustness matrix,302,V64_REJECT_MISSING_CASE_022,V64_REJECT_MISSING_CASE_022,experiments/kernel_replay_v64_robustness_matrix/coq/V64_REJECT_MISSING_CASE_022.v,1,safe_reject,kernel_failure,not_run,experiments/kernel_replay_v64_robustness_matrix/logs/V64_REJECT_MISSING_CASE_022.coqchk.log,0,safe_reject_compile_blocked
V64,robustness matrix,303,V64_REJECT_MISSING_CASE_023,V64_REJECT_MISSING_CASE_023,experiments/kernel_replay_v64_robustness_matrix/coq/V64_REJECT_MISSING_CASE_023.v,1,safe_reject,kernel_failure,not_run,experiments/kernel_replay_v64_robustness_matrix/logs/V64_REJECT_MISSING_CASE_023.coqchk.log,0,safe_reject_compile_blocked
V64,robustness matrix,304,V64_REJECT_MISSING_CASE_024,V64_REJECT_MISSING_CASE_024,experiments/kernel_replay_v64_robustness_matrix/coq/V64_REJECT_MISSING_CASE_024.v,1,safe_reject,kernel_failure,not_run,experiments/kernel_replay_v64_robustness_matrix/logs/V64_REJECT_MISSING_CASE_024.coqchk.log,0,safe_reject_compile_blocked
V64,robustness matrix,305,V64_REJECT_MISSING_CASE_025,V64_REJECT_MISSING_CASE_025,experiments/kernel_replay_v64_robustness_matrix/coq/V64_REJECT_MISSING_CASE_025.v,1,safe_reject,kernel_failure,not_run,experiments/kernel_replay_v64_robustness_matrix/logs/V64_REJECT_MISSING_CASE_025.coqchk.log,0,safe_reject_compile_blocked
V64,robustness matrix,306,V64_REJECT_MISSING_CASE_026,V64_REJECT_MISSING_CASE_026,experiments/kernel_replay_v64_robustness_matrix/coq/V64_REJECT_MISSING_CASE_026.v,1,safe_reject,kernel_failure,not_run,experiments/kernel_replay_v64_robustness_matrix/logs/V64_REJECT_MISSING_CASE_026.coqchk.log,0,safe_reject_compile_blocked
V64,robustness matrix,307,V64_REJECT_MISSING_CASE_027,V64_REJECT_MISSING_CASE_027,experiments/kernel_replay_v64_robustness_matrix/coq/V64_REJECT_MISSING_CASE_027.v,1,safe_reject,kernel_failure,not_run,experiments/kernel_replay_v64_robustness_matrix/logs/V64_REJECT_MISSING_CASE_027.coqchk.log,0,safe_reject_compile_blocked
V64,robustness matrix,308,V64_REJECT_MISSING_CASE_028,V64_REJECT_MISSING_CASE_028,experiments/kernel_replay_v64_robustness_matrix/coq/V64_REJECT_MISSING_CASE_028.v,1,safe_reject,kernel_failure,not_run,experiments/kernel_replay_v64_robustness_matrix/logs/V64_REJECT_MISSING_CASE_028.coqchk.log,0,safe_reject_compile_blocked
V64,robustness matrix,309,V64_REJECT_MISSING_CASE_029,V64_REJECT_MISSING_CASE_029,experiments/kernel_replay_v64_robustness_matrix/coq/V64_REJECT_MISSING_CASE_029.v,1,safe_reject,kernel_failure,not_run,experiments/kernel_replay_v64_robustness_matrix/logs/V64_REJECT_MISSING_CASE_029.coqchk.log,0,safe_reject_compile_blocked
V64,robustness matrix,310,V64_REJECT_MISSING_CASE_030,V64_REJECT_MISSING_CASE_030,experiments/kernel_replay_v64_robustness_matrix/coq/V64_REJECT_MISSING_CASE_030.v,1,safe_reject,kernel_failure,not_run,experiments/kernel_replay_v64_robustness_matrix/logs/V64_REJECT_MISSING_CASE_030.coqchk.log,0,safe_reject_compile_blocked
V64,robustness matrix,311,V64_REJECT_MISSING_CASE_031,V64_REJECT_MISSING_CASE_031,experiments/kernel_replay_v64_robustness_matrix/coq/V64_REJECT_MISSING_CASE_031.v,1,safe_reject,kernel_failure,not_run,experiments/kernel_replay_v64_robustness_matrix/logs/V64_REJECT_MISSING_CASE_031.coqchk.log,0,safe_reject_compile_blocked
V64,robustness matrix,312,V64_REJECT_MISSING_CASE_032,V64_REJECT_MISSING_CASE_032,experiments/kernel_replay_v64_robustness_matrix/coq/V64_REJECT_MISSING_CASE_032.v,1,safe_reject,kernel_failure,not_run,experiments/kernel_replay_v64_robustness_matrix/logs/V64_REJECT_MISSING_CASE_032.coqchk.log,0,safe_reject_compile_blocked
V64,robustness matrix,313,V64_REJECT_MISSING_CASE_033,V64_REJECT_MISSING_CASE_033,experiments/kernel_replay_v64_robustness_matrix/coq/V64_REJECT_MISSING_CASE_033.v,1,safe_reject,kernel_failure,not_run,experiments/kernel_replay_v64_robustness_matrix/logs/V64_REJECT_MISSING_CASE_033.coqchk.log,0,safe_reject_compile_blocked
V64,robustness matrix,314,V64_REJECT_MISSING_CASE_034,V64_REJECT_MISSING_CASE_034,experiments/kernel_replay_v64_robustness_matrix/coq/V64_REJECT_MISSING_CASE_034.v,1,safe_reject,kernel_failure,not_run,experiments/kernel_replay_v64_robustness_matrix/logs/V64_REJECT_MISSING_CASE_034.coqchk.log,0,safe_reject_compile_blocked
V64,robustness matrix,315,V64_REJECT_MISSING_CASE_035,V64_REJECT_MISSING_CASE_035,experiments/kernel_replay_v64_robustness_matrix/coq/V64_REJECT_MISSING_CASE_035.v,1,safe_reject,kernel_failure,not_run,experiments/kernel_replay_v64_robustness_matrix/logs/V64_REJECT_MISSING_CASE_035.coqchk.log,0,safe_reject_compile_blocked
V64,robustness matrix,316,V64_REJECT_MISSING_CASE_036,V64_REJECT_MISSING_CASE_036,experiments/kernel_replay_v64_robustness_matrix/coq/V64_REJECT_MISSING_CASE_036.v,1,safe_reject,kernel_failure,not_run,experiments/kernel_replay_v64_robustness_matrix/logs/V64_REJECT_MISSING_CASE_036.coqchk.log,0,safe_reject_compile_blocked
V64,robustness matrix,317,V64_REJECT_MISSING_CASE_037,V64_REJECT_MISSING_CASE_037,experiments/kernel_replay_v64_robustness_matrix/coq/V64_REJECT_MISSING_CASE_037.v,1,safe_reject,kernel_failure,not_run,experiments/kernel_replay_v64_robustness_matrix/logs/V64_REJECT_MISSING_CASE_037.coqchk.log,0,safe_reject_compile_blocked
V64,robustness matrix,318,V64_REJECT_MISSING_CASE_038,V64_REJECT_MISSING_CASE_038,experiments/kernel_replay_v64_robustness_matrix/coq/V64_REJECT_MISSING_CASE_038.v,1,safe_reject,kernel_failure,not_run,experiments/kernel_replay_v64_robustness_matrix/logs/V64_REJECT_MISSING_CASE_038.coqchk.log,0,safe_reject_compile_blocked
V64,robustness matrix,319,V64_REJECT_MISSING_CASE_039,V64_REJECT_MISSING_CASE_039,experiments/kernel_replay_v64_robustness_matrix/coq/V64_REJECT_MISSING_CASE_039.v,1,safe_reject,kernel_failure,not_run,experiments/kernel_replay_v64_robustness_matrix/logs/V64_REJECT_MISSING_CASE_039.coqchk.log,0,safe_reject_compile_blocked
V64,robustness matrix,320,V64_REJECT_MISSING_CASE_040,V64_REJECT_MISSING_CASE_040,experiments/kernel_replay_v64_robustness_matrix/coq/V64_REJECT_MISSING_CASE_040.v,1,safe_reject,kernel_failure,not_run,experiments/kernel_replay_v64_robustness_matrix/logs/V64_REJECT_MISSING_CASE_040.coqchk.log,0,safe_reject_compile_blocked
V64,robustness matrix,321,V64_REJECT_BAD_LENGTH_001,V64_REJECT_BAD_LENGTH_001,experiments/kernel_replay_v64_robustness_matrix/coq/V64_REJECT_BAD_LENGTH_001.v,1,safe_reject,kernel_failure,not_run,experiments/kernel_replay_v64_robustness_matrix/logs/V64_REJECT_BAD_LENGTH_001.coqchk.log,0,safe_reject_compile_blocked
V64,robustness matrix,322,V64_REJECT_BAD_LENGTH_002,V64_REJECT_BAD_LENGTH_002,experiments/kernel_replay_v64_robustness_matrix/coq/V64_REJECT_BAD_LENGTH_002.v,1,safe_reject,kernel_failure,not_run,experiments/kernel_replay_v64_robustness_matrix/logs/V64_REJECT_BAD_LENGTH_002.coqchk.log,0,safe_reject_compile_blocked
V64,robustness matrix,323,V64_REJECT_BAD_LENGTH_003,V64_REJECT_BAD_LENGTH_003,experiments/kernel_replay_v64_robustness_matrix/coq/V64_REJECT_BAD_LENGTH_003.v,1,safe_reject,kernel_failure,not_run,experiments/kernel_replay_v64_robustness_matrix/logs/V64_REJECT_BAD_LENGTH_003.coqchk.log,0,safe_reject_compile_blocked
V64,robustness matrix,324,V64_REJECT_BAD_LENGTH_004,V64_REJECT_BAD_LENGTH_004,experiments/kernel_replay_v64_robustness_matrix/coq/V64_REJECT_BAD_LENGTH_004.v,1,safe_reject,kernel_failure,not_run,experiments/kernel_replay_v64_robustness_matrix/logs/V64_REJECT_BAD_LENGTH_004.coqchk.log,0,safe_reject_compile_blocked
V64,robustness matrix,325,V64_REJECT_BAD_LENGTH_005,V64_REJECT_BAD_LENGTH_005,experiments/kernel_replay_v64_robustness_matrix/coq/V64_REJECT_BAD_LENGTH_005.v,1,safe_reject,kernel_failure,not_run,experiments/kernel_replay_v64_robustness_matrix/logs/V64_REJECT_BAD_LENGTH_005.coqchk.log,0,safe_reject_compile_blocked
V64,robustness matrix,326,V64_REJECT_BAD_LENGTH_006,V64_REJECT_BAD_LENGTH_006,experiments/kernel_replay_v64_robustness_matrix/coq/V64_REJECT_BAD_LENGTH_006.v,1,safe_reject,kernel_failure,not_run,experiments/kernel_replay_v64_robustness_matrix/logs/V64_REJECT_BAD_LENGTH_006.coqchk.log,0,safe_reject_compile_blocked
V64,robustness matrix,327,V64_REJECT_BAD_LENGTH_007,V64_REJECT_BAD_LENGTH_007,experiments/kernel_replay_v64_robustness_matrix/coq/V64_REJECT_BAD_LENGTH_007.v,1,safe_reject,kernel_failure,not_run,experiments/kernel_replay_v64_robustness_matrix/logs/V64_REJECT_BAD_LENGTH_007.coqchk.log,0,safe_reject_compile_blocked
V64,robustness matrix,328,V64_REJECT_BAD_LENGTH_008,V64_REJECT_BAD_LENGTH_008,experiments/kernel_replay_v64_robustness_matrix/coq/V64_REJECT_BAD_LENGTH_008.v,1,safe_reject,kernel_failure,not_run,experiments/kernel_replay_v64_robustness_matrix/logs/V64_REJECT_BAD_LENGTH_008.coqchk.log,0,safe_reject_compile_blocked
V64,robustness matrix,329,V64_REJECT_BAD_LENGTH_009,V64_REJECT_BAD_LENGTH_009,experiments/kernel_replay_v64_robustness_matrix/coq/V64_REJECT_BAD_LENGTH_009.v,1,safe_reject,kernel_failure,not_run,experiments/kernel_replay_v64_robustness_matrix/logs/V64_REJECT_BAD_LENGTH_009.coqchk.log,0,safe_reject_compile_blocked
V64,robustness matrix,330,V64_REJECT_BAD_LENGTH_010,V64_REJECT_BAD_LENGTH_010,experiments/kernel_replay_v64_robustness_matrix/coq/V64_REJECT_BAD_LENGTH_010.v,1,safe_reject,kernel_failure,not_run,experiments/kernel_replay_v64_robustness_matrix/logs/V64_REJECT_BAD_LENGTH_010.coqchk.log,0,safe_reject_compile_blocked
V64,robustness matrix,331,V64_REJECT_BAD_LENGTH_011,V64_REJECT_BAD_LENGTH_011,experiments/kernel_replay_v64_robustness_matrix/coq/V64_REJECT_BAD_LENGTH_011.v,1,safe_reject,kernel_failure,not_run,experiments/kernel_replay_v64_robustness_matrix/logs/V64_REJECT_BAD_LENGTH_011.coqchk.log,0,safe_reject_compile_blocked
V64,robustness matrix,332,V64_REJECT_BAD_LENGTH_012,V64_REJECT_BAD_LENGTH_012,experiments/kernel_replay_v64_robustness_matrix/coq/V64_REJECT_BAD_LENGTH_012.v,1,safe_reject,kernel_failure,not_run,experiments/kernel_replay_v64_robustness_matrix/logs/V64_REJECT_BAD_LENGTH_012.coqchk.log,0,safe_reject_compile_blocked
V64,robustness matrix,333,V64_REJECT_BAD_LENGTH_013,V64_REJECT_BAD_LENGTH_013,experiments/kernel_replay_v64_robustness_matrix/coq/V64_REJECT_BAD_LENGTH_013.v,1,safe_reject,kernel_failure,not_run,experiments/kernel_replay_v64_robustness_matrix/logs/V64_REJECT_BAD_LENGTH_013.coqchk.log,0,safe_reject_compile_blocked
V64,robustness matrix,334,V64_REJECT_BAD_LENGTH_014,V64_REJECT_BAD_LENGTH_014,experiments/kernel_replay_v64_robustness_matrix/coq/V64_REJECT_BAD_LENGTH_014.v,1,safe_reject,kernel_failure,not_run,experiments/kernel_replay_v64_robustness_matrix/logs/V64_REJECT_BAD_LENGTH_014.coqchk.log,0,safe_reject_compile_blocked
V64,robustness matrix,335,V64_REJECT_BAD_LENGTH_015,V64_REJECT_BAD_LENGTH_015,experiments/kernel_replay_v64_robustness_matrix/coq/V64_REJECT_BAD_LENGTH_015.v,1,safe_reject,kernel_failure,not_run,experiments/kernel_replay_v64_robustness_matrix/logs/V64_REJECT_BAD_LENGTH_015.coqchk.log,0,safe_reject_compile_blocked
V64,robustness matrix,336,V64_REJECT_BAD_LENGTH_016,V64_REJECT_BAD_LENGTH_016,experiments/kernel_replay_v64_robustness_matrix/coq/V64_REJECT_BAD_LENGTH_016.v,1,safe_reject,kernel_failure,not_run,experiments/kernel_replay_v64_robustness_matrix/logs/V64_REJECT_BAD_LENGTH_016.coqchk.log,0,safe_reject_compile_blocked
V64,robustness matrix,337,V64_REJECT_BAD_LENGTH_017,V64_REJECT_BAD_LENGTH_017,experiments/kernel_replay_v64_robustness_matrix/coq/V64_REJECT_BAD_LENGTH_017.v,1,safe_reject,kernel_failure,not_run,experiments/kernel_replay_v64_robustness_matrix/logs/V64_REJECT_BAD_LENGTH_017.coqchk.log,0,safe_reject_compile_blocked
V64,robustness matrix,338,V64_REJECT_BAD_LENGTH_018,V64_REJECT_BAD_LENGTH_018,experiments/kernel_replay_v64_robustness_matrix/coq/V64_REJECT_BAD_LENGTH_018.v,1,safe_reject,kernel_failure,not_run,experiments/kernel_replay_v64_robustness_matrix/logs/V64_REJECT_BAD_LENGTH_018.coqchk.log,0,safe_reject_compile_blocked
V64,robustness matrix,339,V64_REJECT_BAD_LENGTH_019,V64_REJECT_BAD_LENGTH_019,experiments/kernel_replay_v64_robustness_matrix/coq/V64_REJECT_BAD_LENGTH_019.v,1,safe_reject,kernel_failure,not_run,experiments/kernel_replay_v64_robustness_matrix/logs/V64_REJECT_BAD_LENGTH_019.coqchk.log,0,safe_reject_compile_blocked
V64,robustness matrix,340,V64_REJECT_BAD_LENGTH_020,V64_REJECT_BAD_LENGTH_020,experiments/kernel_replay_v64_robustness_matrix/coq/V64_REJECT_BAD_LENGTH_020.v,1,safe_reject,kernel_failure,not_run,experiments/kernel_replay_v64_robustness_matrix/logs/V64_REJECT_BAD_LENGTH_020.coqchk.log,0,safe_reject_compile_blocked
V64,robustness matrix,341,V64_REJECT_BAD_LENGTH_021,V64_REJECT_BAD_LENGTH_021,experiments/kernel_replay_v64_robustness_matrix/coq/V64_REJECT_BAD_LENGTH_021.v,1,safe_reject,kernel_failure,not_run,experiments/kernel_replay_v64_robustness_matrix/logs/V64_REJECT_BAD_LENGTH_021.coqchk.log,0,safe_reject_compile_blocked
V64,robustness matrix,342,V64_REJECT_BAD_LENGTH_022,V64_REJECT_BAD_LENGTH_022,experiments/kernel_replay_v64_robustness_matrix/coq/V64_REJECT_BAD_LENGTH_022.v,1,safe_reject,kernel_failure,not_run,experiments/kernel_replay_v64_robustness_matrix/logs/V64_REJECT_BAD_LENGTH_022.coqchk.log,0,safe_reject_compile_blocked
V64,robustness matrix,343,V64_REJECT_BAD_LENGTH_023,V64_REJECT_BAD_LENGTH_023,experiments/kernel_replay_v64_robustness_matrix/coq/V64_REJECT_BAD_LENGTH_023.v,1,safe_reject,kernel_failure,not_run,experiments/kernel_replay_v64_robustness_matrix/logs/V64_REJECT_BAD_LENGTH_023.coqchk.log,0,safe_reject_compile_blocked
V64,robustness matrix,344,V64_REJECT_BAD_LENGTH_024,V64_REJECT_BAD_LENGTH_024,experiments/kernel_replay_v64_robustness_matrix/coq/V64_REJECT_BAD_LENGTH_024.v,1,safe_reject,kernel_failure,not_run,experiments/kernel_replay_v64_robustness_matrix/logs/V64_REJECT_BAD_LENGTH_024.coqchk.log,0,safe_reject_compile_blocked
V64,robustness matrix,345,V64_REJECT_BAD_LENGTH_025,V64_REJECT_BAD_LENGTH_025,experiments/kernel_replay_v64_robustness_matrix/coq/V64_REJECT_BAD_LENGTH_025.v,1,safe_reject,kernel_failure,not_run,experiments/kernel_replay_v64_robustness_matrix/logs/V64_REJECT_BAD_LENGTH_025.coqchk.log,0,safe_reject_compile_blocked
V64,robustness matrix,346,V64_REJECT_BAD_LENGTH_026,V64_REJECT_BAD_LENGTH_026,experiments/kernel_replay_v64_robustness_matrix/coq/V64_REJECT_BAD_LENGTH_026.v,1,safe_reject,kernel_failure,not_run,experiments/kernel_replay_v64_robustness_matrix/logs/V64_REJECT_BAD_LENGTH_026.coqchk.log,0,safe_reject_compile_blocked
V64,robustness matrix,347,V64_REJECT_BAD_LENGTH_027,V64_REJECT_BAD_LENGTH_027,experiments/kernel_replay_v64_robustness_matrix/coq/V64_REJECT_BAD_LENGTH_027.v,1,safe_reject,kernel_failure,not_run,experiments/kernel_replay_v64_robustness_matrix/logs/V64_REJECT_BAD_LENGTH_027.coqchk.log,0,safe_reject_compile_blocked
V64,robustness matrix,348,V64_REJECT_BAD_LENGTH_028,V64_REJECT_BAD_LENGTH_028,experiments/kernel_replay_v64_robustness_matrix/coq/V64_REJECT_BAD_LENGTH_028.v,1,safe_reject,kernel_failure,not_run,experiments/kernel_replay_v64_robustness_matrix/logs/V64_REJECT_BAD_LENGTH_028.coqchk.log,0,safe_reject_compile_blocked
V64,robustness matrix,349,V64_REJECT_BAD_LENGTH_029,V64_REJECT_BAD_LENGTH_029,experiments/kernel_replay_v64_robustness_matrix/coq/V64_REJECT_BAD_LENGTH_029.v,1,safe_reject,kernel_failure,not_run,experiments/kernel_replay_v64_robustness_matrix/logs/V64_REJECT_BAD_LENGTH_029.coqchk.log,0,safe_reject_compile_blocked
V64,robustness matrix,350,V64_REJECT_BAD_LENGTH_030,V64_REJECT_BAD_LENGTH_030,experiments/kernel_replay_v64_robustness_matrix/coq/V64_REJECT_BAD_LENGTH_030.v,1,safe_reject,kernel_failure,not_run,experiments/kernel_replay_v64_robustness_matrix/logs/V64_REJECT_BAD_LENGTH_030.coqchk.log,0,safe_reject_compile_blocked
V64,robustness matrix,351,V64_REJECT_BAD_LENGTH_031,V64_REJECT_BAD_LENGTH_031,experiments/kernel_replay_v64_robustness_matrix/coq/V64_REJECT_BAD_LENGTH_031.v,1,safe_reject,kernel_failure,not_run,experiments/kernel_replay_v64_robustness_matrix/logs/V64_REJECT_BAD_LENGTH_031.coqchk.log,0,safe_reject_compile_blocked
V64,robustness matrix,352,V64_REJECT_BAD_LENGTH_032,V64_REJECT_BAD_LENGTH_032,experiments/kernel_replay_v64_robustness_matrix/coq/V64_REJECT_BAD_LENGTH_032.v,1,safe_reject,kernel_failure,not_run,experiments/kernel_replay_v64_robustness_matrix/logs/V64_REJECT_BAD_LENGTH_032.coqchk.log,0,safe_reject_compile_blocked
V64,robustness matrix,353,V64_REJECT_BAD_LENGTH_033,V64_REJECT_BAD_LENGTH_033,experiments/kernel_replay_v64_robustness_matrix/coq/V64_REJECT_BAD_LENGTH_033.v,1,safe_reject,kernel_failure,not_run,experiments/kernel_replay_v64_robustness_matrix/logs/V64_REJECT_BAD_LENGTH_033.coqchk.log,0,safe_reject_compile_blocked
V64,robustness matrix,354,V64_REJECT_BAD_LENGTH_034,V64_REJECT_BAD_LENGTH_034,experiments/kernel_replay_v64_robustness_matrix/coq/V64_REJECT_BAD_LENGTH_034.v,1,safe_reject,kernel_failure,not_run,experiments/kernel_replay_v64_robustness_matrix/logs/V64_REJECT_BAD_LENGTH_034.coqchk.log,0,safe_reject_compile_blocked
V64,robustness matrix,355,V64_REJECT_BAD_LENGTH_035,V64_REJECT_BAD_LENGTH_035,experiments/kernel_replay_v64_robustness_matrix/coq/V64_REJECT_BAD_LENGTH_035.v,1,safe_reject,kernel_failure,not_run,experiments/kernel_replay_v64_robustness_matrix/logs/V64_REJECT_BAD_LENGTH_035.coqchk.log,0,safe_reject_compile_blocked
V64,robustness matrix,356,V64_REJECT_BAD_LENGTH_036,V64_REJECT_BAD_LENGTH_036,experiments/kernel_replay_v64_robustness_matrix/coq/V64_REJECT_BAD_LENGTH_036.v,1,safe_reject,kernel_failure,not_run,experiments/kernel_replay_v64_robustness_matrix/logs/V64_REJECT_BAD_LENGTH_036.coqchk.log,0,safe_reject_compile_blocked
V64,robustness matrix,357,V64_REJECT_BAD_LENGTH_037,V64_REJECT_BAD_LENGTH_037,experiments/kernel_replay_v64_robustness_matrix/coq/V64_REJECT_BAD_LENGTH_037.v,1,safe_reject,kernel_failure,not_run,experiments/kernel_replay_v64_robustness_matrix/logs/V64_REJECT_BAD_LENGTH_037.coqchk.log,0,safe_reject_compile_blocked
V64,robustness matrix,358,V64_REJECT_BAD_LENGTH_038,V64_REJECT_BAD_LENGTH_038,experiments/kernel_replay_v64_robustness_matrix/coq/V64_REJECT_BAD_LENGTH_038.v,1,safe_reject,kernel_failure,not_run,experiments/kernel_replay_v64_robustness_matrix/logs/V64_REJECT_BAD_LENGTH_038.coqchk.log,0,safe_reject_compile_blocked
V64,robustness matrix,359,V64_REJECT_BAD_LENGTH_039,V64_REJECT_BAD_LENGTH_039,experiments/kernel_replay_v64_robustness_matrix/coq/V64_REJECT_BAD_LENGTH_039.v,1,safe_reject,kernel_failure,not_run,experiments/kernel_replay_v64_robustness_matrix/logs/V64_REJECT_BAD_LENGTH_039.coqchk.log,0,safe_reject_compile_blocked
V64,robustness matrix,360,V64_REJECT_BAD_LENGTH_040,V64_REJECT_BAD_LENGTH_040,experiments/kernel_replay_v64_robustness_matrix/coq/V64_REJECT_BAD_LENGTH_040.v,1,safe_reject,kernel_failure,not_run,experiments/kernel_replay_v64_robustness_matrix/logs/V64_REJECT_BAD_LENGTH_040.coqchk.log,0,safe_reject_compile_blocked
V64,robustness matrix,361,V64_POLICY_FUNCTIONAL_EXTENSIONALITY_001,V64_POLICY_FUNCTIONAL_EXTENSIONALITY_001,experiments/kernel_replay_v64_robustness_matrix/coq/V64_POLICY_FUNCTIONAL_EXTENSIONALITY_001.v,1,safe_reject,kernel_success,not_run,experiments/kernel_replay_v64_robustness_matrix/logs/V64_POLICY_FUNCTIONAL_EXTENSIONALITY_001.coqchk.log,0,safe_reject_policy_blocked
V64,robustness matrix,362,V64_POLICY_FUNCTIONAL_EXTENSIONALITY_002,V64_POLICY_FUNCTIONAL_EXTENSIONALITY_002,experiments/kernel_replay_v64_robustness_matrix/coq/V64_POLICY_FUNCTIONAL_EXTENSIONALITY_002.v,1,safe_reject,kernel_success,not_run,experiments/kernel_replay_v64_robustness_matrix/logs/V64_POLICY_FUNCTIONAL_EXTENSIONALITY_002.coqchk.log,0,safe_reject_policy_blocked
V64,robustness matrix,363,V64_POLICY_FUNCTIONAL_EXTENSIONALITY_003,V64_POLICY_FUNCTIONAL_EXTENSIONALITY_003,experiments/kernel_replay_v64_robustness_matrix/coq/V64_POLICY_FUNCTIONAL_EXTENSIONALITY_003.v,1,safe_reject,kernel_success,not_run,experiments/kernel_replay_v64_robustness_matrix/logs/V64_POLICY_FUNCTIONAL_EXTENSIONALITY_003.coqchk.log,0,safe_reject_policy_blocked
V64,robustness matrix,364,V64_POLICY_FUNCTIONAL_EXTENSIONALITY_004,V64_POLICY_FUNCTIONAL_EXTENSIONALITY_004,experiments/kernel_replay_v64_robustness_matrix/coq/V64_POLICY_FUNCTIONAL_EXTENSIONALITY_004.v,1,safe_reject,kernel_success,not_run,experiments/kernel_replay_v64_robustness_matrix/logs/V64_POLICY_FUNCTIONAL_EXTENSIONALITY_004.coqchk.log,0,safe_reject_policy_blocked
V64,robustness matrix,365,V64_POLICY_FUNCTIONAL_EXTENSIONALITY_005,V64_POLICY_FUNCTIONAL_EXTENSIONALITY_005,experiments/kernel_replay_v64_robustness_matrix/coq/V64_POLICY_FUNCTIONAL_EXTENSIONALITY_005.v,1,safe_reject,kernel_success,not_run,experiments/kernel_replay_v64_robustness_matrix/logs/V64_POLICY_FUNCTIONAL_EXTENSIONALITY_005.coqchk.log,0,safe_reject_policy_blocked
V64,robustness matrix,366,V64_POLICY_FUNCTIONAL_EXTENSIONALITY_006,V64_POLICY_FUNCTIONAL_EXTENSIONALITY_006,experiments/kernel_replay_v64_robustness_matrix/coq/V64_POLICY_FUNCTIONAL_EXTENSIONALITY_006.v,1,safe_reject,kernel_success,not_run,experiments/kernel_replay_v64_robustness_matrix/logs/V64_POLICY_FUNCTIONAL_EXTENSIONALITY_006.coqchk.log,0,safe_reject_policy_blocked
V64,robustness matrix,367,V64_POLICY_FUNCTIONAL_EXTENSIONALITY_007,V64_POLICY_FUNCTIONAL_EXTENSIONALITY_007,experiments/kernel_replay_v64_robustness_matrix/coq/V64_POLICY_FUNCTIONAL_EXTENSIONALITY_007.v,1,safe_reject,kernel_success,not_run,experiments/kernel_replay_v64_robustness_matrix/logs/V64_POLICY_FUNCTIONAL_EXTENSIONALITY_007.coqchk.log,0,safe_reject_policy_blocked
V64,robustness matrix,368,V64_POLICY_FUNCTIONAL_EXTENSIONALITY_008,V64_POLICY_FUNCTIONAL_EXTENSIONALITY_008,experiments/kernel_replay_v64_robustness_matrix/coq/V64_POLICY_FUNCTIONAL_EXTENSIONALITY_008.v,1,safe_reject,kernel_success,not_run,experiments/kernel_replay_v64_robustness_matrix/logs/V64_POLICY_FUNCTIONAL_EXTENSIONALITY_008.coqchk.log,0,safe_reject_policy_blocked
V64,robustness matrix,369,V64_POLICY_FUNCTIONAL_EXTENSIONALITY_009,V64_POLICY_FUNCTIONAL_EXTENSIONALITY_009,experiments/kernel_replay_v64_robustness_matrix/coq/V64_POLICY_FUNCTIONAL_EXTENSIONALITY_009.v,1,safe_reject,kernel_success,not_run,experiments/kernel_replay_v64_robustness_matrix/logs/V64_POLICY_FUNCTIONAL_EXTENSIONALITY_009.coqchk.log,0,safe_reject_policy_blocked
V64,robustness matrix,370,V64_POLICY_FUNCTIONAL_EXTENSIONALITY_010,V64_POLICY_FUNCTIONAL_EXTENSIONALITY_010,experiments/kernel_replay_v64_robustness_matrix/coq/V64_POLICY_FUNCTIONAL_EXTENSIONALITY_010.v,1,safe_reject,kernel_success,not_run,experiments/kernel_replay_v64_robustness_matrix/logs/V64_POLICY_FUNCTIONAL_EXTENSIONALITY_010.coqchk.log,0,safe_reject_policy_blocked
V64,robustness matrix,371,V64_POLICY_FUNCTIONAL_EXTENSIONALITY_011,V64_POLICY_FUNCTIONAL_EXTENSIONALITY_011,experiments/kernel_replay_v64_robustness_matrix/coq/V64_POLICY_FUNCTIONAL_EXTENSIONALITY_011.v,1,safe_reject,kernel_success,not_run,experiments/kernel_replay_v64_robustness_matrix/logs/V64_POLICY_FUNCTIONAL_EXTENSIONALITY_011.coqchk.log,0,safe_reject_policy_blocked
V64,robustness matrix,372,V64_POLICY_FUNCTIONAL_EXTENSIONALITY_012,V64_POLICY_FUNCTIONAL_EXTENSIONALITY_012,experiments/kernel_replay_v64_robustness_matrix/coq/V64_POLICY_FUNCTIONAL_EXTENSIONALITY_012.v,1,safe_reject,kernel_success,not_run,experiments/kernel_replay_v64_robustness_matrix/logs/V64_POLICY_FUNCTIONAL_EXTENSIONALITY_012.coqchk.log,0,safe_reject_policy_blocked
V64,robustness matrix,373,V64_POLICY_FUNCTIONAL_EXTENSIONALITY_013,V64_POLICY_FUNCTIONAL_EXTENSIONALITY_013,experiments/kernel_replay_v64_robustness_matrix/coq/V64_POLICY_FUNCTIONAL_EXTENSIONALITY_013.v,1,safe_reject,kernel_success,not_run,experiments/kernel_replay_v64_robustness_matrix/logs/V64_POLICY_FUNCTIONAL_EXTENSIONALITY_013.coqchk.log,0,safe_reject_policy_blocked
V64,robustness matrix,374,V64_POLICY_FUNCTIONAL_EXTENSIONALITY_014,V64_POLICY_FUNCTIONAL_EXTENSIONALITY_014,experiments/kernel_replay_v64_robustness_matrix/coq/V64_POLICY_FUNCTIONAL_EXTENSIONALITY_014.v,1,safe_reject,kernel_success,not_run,experiments/kernel_replay_v64_robustness_matrix/logs/V64_POLICY_FUNCTIONAL_EXTENSIONALITY_014.coqchk.log,0,safe_reject_policy_blocked
V64,robustness matrix,375,V64_POLICY_FUNCTIONAL_EXTENSIONALITY_015,V64_POLICY_FUNCTIONAL_EXTENSIONALITY_015,experiments/kernel_replay_v64_robustness_matrix/coq/V64_POLICY_FUNCTIONAL_EXTENSIONALITY_015.v,1,safe_reject,kernel_success,not_run,experiments/kernel_replay_v64_robustness_matrix/logs/V64_POLICY_FUNCTIONAL_EXTENSIONALITY_015.coqchk.log,0,safe_reject_policy_blocked
V64,robustness matrix,376,V64_POLICY_FUNCTIONAL_EXTENSIONALITY_016,V64_POLICY_FUNCTIONAL_EXTENSIONALITY_016,experiments/kernel_replay_v64_robustness_matrix/coq/V64_POLICY_FUNCTIONAL_EXTENSIONALITY_016.v,1,safe_reject,kernel_success,not_run,experiments/kernel_replay_v64_robustness_matrix/logs/V64_POLICY_FUNCTIONAL_EXTENSIONALITY_016.coqchk.log,0,safe_reject_policy_blocked
V64,robustness matrix,377,V64_POLICY_FUNCTIONAL_EXTENSIONALITY_017,V64_POLICY_FUNCTIONAL_EXTENSIONALITY_017,experiments/kernel_replay_v64_robustness_matrix/coq/V64_POLICY_FUNCTIONAL_EXTENSIONALITY_017.v,1,safe_reject,kernel_success,not_run,experiments/kernel_replay_v64_robustness_matrix/logs/V64_POLICY_FUNCTIONAL_EXTENSIONALITY_017.coqchk.log,0,safe_reject_policy_blocked
V64,robustness matrix,378,V64_POLICY_FUNCTIONAL_EXTENSIONALITY_018,V64_POLICY_FUNCTIONAL_EXTENSIONALITY_018,experiments/kernel_replay_v64_robustness_matrix/coq/V64_POLICY_FUNCTIONAL_EXTENSIONALITY_018.v,1,safe_reject,kernel_success,not_run,experiments/kernel_replay_v64_robustness_matrix/logs/V64_POLICY_FUNCTIONAL_EXTENSIONALITY_018.coqchk.log,0,safe_reject_policy_blocked
V64,robustness matrix,379,V64_POLICY_FUNCTIONAL_EXTENSIONALITY_019,V64_POLICY_FUNCTIONAL_EXTENSIONALITY_019,experiments/kernel_replay_v64_robustness_matrix/coq/V64_POLICY_FUNCTIONAL_EXTENSIONALITY_019.v,1,safe_reject,kernel_success,not_run,experiments/kernel_replay_v64_robustness_matrix/logs/V64_POLICY_FUNCTIONAL_EXTENSIONALITY_019.coqchk.log,0,safe_reject_policy_blocked
V64,robustness matrix,380,V64_POLICY_FUNCTIONAL_EXTENSIONALITY_020,V64_POLICY_FUNCTIONAL_EXTENSIONALITY_020,experiments/kernel_replay_v64_robustness_matrix/coq/V64_POLICY_FUNCTIONAL_EXTENSIONALITY_020.v,1,safe_reject,kernel_success,not_run,experiments/kernel_replay_v64_robustness_matrix/logs/V64_POLICY_FUNCTIONAL_EXTENSIONALITY_020.coqchk.log,0,safe_reject_policy_blocked
V64,robustness matrix,381,V64_POLICY_FUNCTIONAL_EXTENSIONALITY_021,V64_POLICY_FUNCTIONAL_EXTENSIONALITY_021,experiments/kernel_replay_v64_robustness_matrix/coq/V64_POLICY_FUNCTIONAL_EXTENSIONALITY_021.v,1,safe_reject,kernel_success,not_run,experiments/kernel_replay_v64_robustness_matrix/logs/V64_POLICY_FUNCTIONAL_EXTENSIONALITY_021.coqchk.log,0,safe_reject_policy_blocked
V64,robustness matrix,382,V64_POLICY_FUNCTIONAL_EXTENSIONALITY_022,V64_POLICY_FUNCTIONAL_EXTENSIONALITY_022,experiments/kernel_replay_v64_robustness_matrix/coq/V64_POLICY_FUNCTIONAL_EXTENSIONALITY_022.v,1,safe_reject,kernel_success,not_run,experiments/kernel_replay_v64_robustness_matrix/logs/V64_POLICY_FUNCTIONAL_EXTENSIONALITY_022.coqchk.log,0,safe_reject_policy_blocked
V64,robustness matrix,383,V64_POLICY_FUNCTIONAL_EXTENSIONALITY_023,V64_POLICY_FUNCTIONAL_EXTENSIONALITY_023,experiments/kernel_replay_v64_robustness_matrix/coq/V64_POLICY_FUNCTIONAL_EXTENSIONALITY_023.v,1,safe_reject,kernel_success,not_run,experiments/kernel_replay_v64_robustness_matrix/logs/V64_POLICY_FUNCTIONAL_EXTENSIONALITY_023.coqchk.log,0,safe_reject_policy_blocked
V64,robustness matrix,384,V64_POLICY_FUNCTIONAL_EXTENSIONALITY_024,V64_POLICY_FUNCTIONAL_EXTENSIONALITY_024,experiments/kernel_replay_v64_robustness_matrix/coq/V64_POLICY_FUNCTIONAL_EXTENSIONALITY_024.v,1,safe_reject,kernel_success,not_run,experiments/kernel_replay_v64_robustness_matrix/logs/V64_POLICY_FUNCTIONAL_EXTENSIONALITY_024.coqchk.log,0,safe_reject_policy_blocked
V64,robustness matrix,385,V64_POLICY_FUNCTIONAL_EXTENSIONALITY_025,V64_POLICY_FUNCTIONAL_EXTENSIONALITY_025,experiments/kernel_replay_v64_robustness_matrix/coq/V64_POLICY_FUNCTIONAL_EXTENSIONALITY_025.v,1,safe_reject,kernel_success,not_run,experiments/kernel_replay_v64_robustness_matrix/logs/V64_POLICY_FUNCTIONAL_EXTENSIONALITY_025.coqchk.log,0,safe_reject_policy_blocked
V64,robustness matrix,386,V64_POLICY_FUNCTIONAL_EXTENSIONALITY_026,V64_POLICY_FUNCTIONAL_EXTENSIONALITY_026,experiments/kernel_replay_v64_robustness_matrix/coq/V64_POLICY_FUNCTIONAL_EXTENSIONALITY_026.v,1,safe_reject,kernel_success,not_run,experiments/kernel_replay_v64_robustness_matrix/logs/V64_POLICY_FUNCTIONAL_EXTENSIONALITY_026.coqchk.log,0,safe_reject_policy_blocked
V64,robustness matrix,387,V64_POLICY_FUNCTIONAL_EXTENSIONALITY_027,V64_POLICY_FUNCTIONAL_EXTENSIONALITY_027,experiments/kernel_replay_v64_robustness_matrix/coq/V64_POLICY_FUNCTIONAL_EXTENSIONALITY_027.v,1,safe_reject,kernel_success,not_run,experiments/kernel_replay_v64_robustness_matrix/logs/V64_POLICY_FUNCTIONAL_EXTENSIONALITY_027.coqchk.log,0,safe_reject_policy_blocked
V64,robustness matrix,388,V64_POLICY_FUNCTIONAL_EXTENSIONALITY_028,V64_POLICY_FUNCTIONAL_EXTENSIONALITY_028,experiments/kernel_replay_v64_robustness_matrix/coq/V64_POLICY_FUNCTIONAL_EXTENSIONALITY_028.v,1,safe_reject,kernel_success,not_run,experiments/kernel_replay_v64_robustness_matrix/logs/V64_POLICY_FUNCTIONAL_EXTENSIONALITY_028.coqchk.log,0,safe_reject_policy_blocked
V64,robustness matrix,389,V64_POLICY_FUNCTIONAL_EXTENSIONALITY_029,V64_POLICY_FUNCTIONAL_EXTENSIONALITY_029,experiments/kernel_replay_v64_robustness_matrix/coq/V64_POLICY_FUNCTIONAL_EXTENSIONALITY_029.v,1,safe_reject,kernel_success,not_run,experiments/kernel_replay_v64_robustness_matrix/logs/V64_POLICY_FUNCTIONAL_EXTENSIONALITY_029.coqchk.log,0,safe_reject_policy_blocked
V64,robustness matrix,390,V64_POLICY_FUNCTIONAL_EXTENSIONALITY_030,V64_POLICY_FUNCTIONAL_EXTENSIONALITY_030,experiments/kernel_replay_v64_robustness_matrix/coq/V64_POLICY_FUNCTIONAL_EXTENSIONALITY_030.v,1,safe_reject,kernel_success,not_run,experiments/kernel_replay_v64_robustness_matrix/logs/V64_POLICY_FUNCTIONAL_EXTENSIONALITY_030.coqchk.log,0,safe_reject_policy_blocked
V64,robustness matrix,391,V64_POLICY_CLASSICAL_LOGIC_001,V64_POLICY_CLASSICAL_LOGIC_001,experiments/kernel_replay_v64_robustness_matrix/coq/V64_POLICY_CLASSICAL_LOGIC_001.v,1,safe_reject,kernel_success,not_run,experiments/kernel_replay_v64_robustness_matrix/logs/V64_POLICY_CLASSICAL_LOGIC_001.coqchk.log,0,safe_reject_policy_blocked
V64,robustness matrix,392,V64_POLICY_CLASSICAL_LOGIC_002,V64_POLICY_CLASSICAL_LOGIC_002,experiments/kernel_replay_v64_robustness_matrix/coq/V64_POLICY_CLASSICAL_LOGIC_002.v,1,safe_reject,kernel_success,not_run,experiments/kernel_replay_v64_robustness_matrix/logs/V64_POLICY_CLASSICAL_LOGIC_002.coqchk.log,0,safe_reject_policy_blocked
V64,robustness matrix,393,V64_POLICY_CLASSICAL_LOGIC_003,V64_POLICY_CLASSICAL_LOGIC_003,experiments/kernel_replay_v64_robustness_matrix/coq/V64_POLICY_CLASSICAL_LOGIC_003.v,1,safe_reject,kernel_success,not_run,experiments/kernel_replay_v64_robustness_matrix/logs/V64_POLICY_CLASSICAL_LOGIC_003.coqchk.log,0,safe_reject_policy_blocked
V64,robustness matrix,394,V64_POLICY_CLASSICAL_LOGIC_004,V64_POLICY_CLASSICAL_LOGIC_004,experiments/kernel_replay_v64_robustness_matrix/coq/V64_POLICY_CLASSICAL_LOGIC_004.v,1,safe_reject,kernel_success,not_run,experiments/kernel_replay_v64_robustness_matrix/logs/V64_POLICY_CLASSICAL_LOGIC_004.coqchk.log,0,safe_reject_policy_blocked
V64,robustness matrix,395,V64_POLICY_CLASSICAL_LOGIC_005,V64_POLICY_CLASSICAL_LOGIC_005,experiments/kernel_replay_v64_robustness_matrix/coq/V64_POLICY_CLASSICAL_LOGIC_005.v,1,safe_reject,kernel_success,not_run,experiments/kernel_replay_v64_robustness_matrix/logs/V64_POLICY_CLASSICAL_LOGIC_005.coqchk.log,0,safe_reject_policy_blocked
V64,robustness matrix,396,V64_POLICY_CLASSICAL_LOGIC_006,V64_POLICY_CLASSICAL_LOGIC_006,experiments/kernel_replay_v64_robustness_matrix/coq/V64_POLICY_CLASSICAL_LOGIC_006.v,1,safe_reject,kernel_success,not_run,experiments/kernel_replay_v64_robustness_matrix/logs/V64_POLICY_CLASSICAL_LOGIC_006.coqchk.log,0,safe_reject_policy_blocked
V64,robustness matrix,397,V64_POLICY_CLASSICAL_LOGIC_007,V64_POLICY_CLASSICAL_LOGIC_007,experiments/kernel_replay_v64_robustness_matrix/coq/V64_POLICY_CLASSICAL_LOGIC_007.v,1,safe_reject,kernel_success,not_run,experiments/kernel_replay_v64_robustness_matrix/logs/V64_POLICY_CLASSICAL_LOGIC_007.coqchk.log,0,safe_reject_policy_blocked
V64,robustness matrix,398,V64_POLICY_CLASSICAL_LOGIC_008,V64_POLICY_CLASSICAL_LOGIC_008,experiments/kernel_replay_v64_robustness_matrix/coq/V64_POLICY_CLASSICAL_LOGIC_008.v,1,safe_reject,kernel_success,not_run,experiments/kernel_replay_v64_robustness_matrix/logs/V64_POLICY_CLASSICAL_LOGIC_008.coqchk.log,0,safe_reject_policy_blocked
V64,robustness matrix,399,V64_POLICY_CLASSICAL_LOGIC_009,V64_POLICY_CLASSICAL_LOGIC_009,experiments/kernel_replay_v64_robustness_matrix/coq/V64_POLICY_CLASSICAL_LOGIC_009.v,1,safe_reject,kernel_success,not_run,experiments/kernel_replay_v64_robustness_matrix/logs/V64_POLICY_CLASSICAL_LOGIC_009.coqchk.log,0,safe_reject_policy_blocked
V64,robustness matrix,400,V64_POLICY_CLASSICAL_LOGIC_010,V64_POLICY_CLASSICAL_LOGIC_010,experiments/kernel_replay_v64_robustness_matrix/coq/V64_POLICY_CLASSICAL_LOGIC_010.v,1,safe_reject,kernel_success,not_run,experiments/kernel_replay_v64_robustness_matrix/logs/V64_POLICY_CLASSICAL_LOGIC_010.coqchk.log,0,safe_reject_policy_blocked
V64,robustness matrix,401,V64_POLICY_CLASSICAL_LOGIC_011,V64_POLICY_CLASSICAL_LOGIC_011,experiments/kernel_replay_v64_robustness_matrix/coq/V64_POLICY_CLASSICAL_LOGIC_011.v,1,safe_reject,kernel_success,not_run,experiments/kernel_replay_v64_robustness_matrix/logs/V64_POLICY_CLASSICAL_LOGIC_011.coqchk.log,0,safe_reject_policy_blocked
V64,robustness matrix,402,V64_POLICY_CLASSICAL_LOGIC_012,V64_POLICY_CLASSICAL_LOGIC_012,experiments/kernel_replay_v64_robustness_matrix/coq/V64_POLICY_CLASSICAL_LOGIC_012.v,1,safe_reject,kernel_success,not_run,experiments/kernel_replay_v64_robustness_matrix/logs/V64_POLICY_CLASSICAL_LOGIC_012.coqchk.log,0,safe_reject_policy_blocked
V64,robustness matrix,403,V64_POLICY_CLASSICAL_LOGIC_013,V64_POLICY_CLASSICAL_LOGIC_013,experiments/kernel_replay_v64_robustness_matrix/coq/V64_POLICY_CLASSICAL_LOGIC_013.v,1,safe_reject,kernel_success,not_run,experiments/kernel_replay_v64_robustness_matrix/logs/V64_POLICY_CLASSICAL_LOGIC_013.coqchk.log,0,safe_reject_policy_blocked
V64,robustness matrix,404,V64_POLICY_CLASSICAL_LOGIC_014,V64_POLICY_CLASSICAL_LOGIC_014,experiments/kernel_replay_v64_robustness_matrix/coq/V64_POLICY_CLASSICAL_LOGIC_014.v,1,safe_reject,kernel_success,not_run,experiments/kernel_replay_v64_robustness_matrix/logs/V64_POLICY_CLASSICAL_LOGIC_014.coqchk.log,0,safe_reject_policy_blocked
V64,robustness matrix,405,V64_POLICY_CLASSICAL_LOGIC_015,V64_POLICY_CLASSICAL_LOGIC_015,experiments/kernel_replay_v64_robustness_matrix/coq/V64_POLICY_CLASSICAL_LOGIC_015.v,1,safe_reject,kernel_success,not_run,experiments/kernel_replay_v64_robustness_matrix/logs/V64_POLICY_CLASSICAL_LOGIC_015.coqchk.log,0,safe_reject_policy_blocked
V64,robustness matrix,406,V64_POLICY_CLASSICAL_LOGIC_016,V64_POLICY_CLASSICAL_LOGIC_016,experiments/kernel_replay_v64_robustness_matrix/coq/V64_POLICY_CLASSICAL_LOGIC_016.v,1,safe_reject,kernel_success,not_run,experiments/kernel_replay_v64_robustness_matrix/logs/V64_POLICY_CLASSICAL_LOGIC_016.coqchk.log,0,safe_reject_policy_blocked
V64,robustness matrix,407,V64_POLICY_CLASSICAL_LOGIC_017,V64_POLICY_CLASSICAL_LOGIC_017,experiments/kernel_replay_v64_robustness_matrix/coq/V64_POLICY_CLASSICAL_LOGIC_017.v,1,safe_reject,kernel_success,not_run,experiments/kernel_replay_v64_robustness_matrix/logs/V64_POLICY_CLASSICAL_LOGIC_017.coqchk.log,0,safe_reject_policy_blocked
V64,robustness matrix,408,V64_POLICY_CLASSICAL_LOGIC_018,V64_POLICY_CLASSICAL_LOGIC_018,experiments/kernel_replay_v64_robustness_matrix/coq/V64_POLICY_CLASSICAL_LOGIC_018.v,1,safe_reject,kernel_success,not_run,experiments/kernel_replay_v64_robustness_matrix/logs/V64_POLICY_CLASSICAL_LOGIC_018.coqchk.log,0,safe_reject_policy_blocked
V64,robustness matrix,409,V64_POLICY_CLASSICAL_LOGIC_019,V64_POLICY_CLASSICAL_LOGIC_019,experiments/kernel_replay_v64_robustness_matrix/coq/V64_POLICY_CLASSICAL_LOGIC_019.v,1,safe_reject,kernel_success,not_run,experiments/kernel_replay_v64_robustness_matrix/logs/V64_POLICY_CLASSICAL_LOGIC_019.coqchk.log,0,safe_reject_policy_blocked
V64,robustness matrix,410,V64_POLICY_CLASSICAL_LOGIC_020,V64_POLICY_CLASSICAL_LOGIC_020,experiments/kernel_replay_v64_robustness_matrix/coq/V64_POLICY_CLASSICAL_LOGIC_020.v,1,safe_reject,kernel_success,not_run,experiments/kernel_replay_v64_robustness_matrix/logs/V64_POLICY_CLASSICAL_LOGIC_020.coqchk.log,0,safe_reject_policy_blocked
V64,robustness matrix,411,V64_POLICY_CLASSICAL_LOGIC_021,V64_POLICY_CLASSICAL_LOGIC_021,experiments/kernel_replay_v64_robustness_matrix/coq/V64_POLICY_CLASSICAL_LOGIC_021.v,1,safe_reject,kernel_success,not_run,experiments/kernel_replay_v64_robustness_matrix/logs/V64_POLICY_CLASSICAL_LOGIC_021.coqchk.log,0,safe_reject_policy_blocked
V64,robustness matrix,412,V64_POLICY_CLASSICAL_LOGIC_022,V64_POLICY_CLASSICAL_LOGIC_022,experiments/kernel_replay_v64_robustness_matrix/coq/V64_POLICY_CLASSICAL_LOGIC_022.v,1,safe_reject,kernel_success,not_run,experiments/kernel_replay_v64_robustness_matrix/logs/V64_POLICY_CLASSICAL_LOGIC_022.coqchk.log,0,safe_reject_policy_blocked
V64,robustness matrix,413,V64_POLICY_CLASSICAL_LOGIC_023,V64_POLICY_CLASSICAL_LOGIC_023,experiments/kernel_replay_v64_robustness_matrix/coq/V64_POLICY_CLASSICAL_LOGIC_023.v,1,safe_reject,kernel_success,not_run,experiments/kernel_replay_v64_robustness_matrix/logs/V64_POLICY_CLASSICAL_LOGIC_023.coqchk.log,0,safe_reject_policy_blocked
V64,robustness matrix,414,V64_POLICY_CLASSICAL_LOGIC_024,V64_POLICY_CLASSICAL_LOGIC_024,experiments/kernel_replay_v64_robustness_matrix/coq/V64_POLICY_CLASSICAL_LOGIC_024.v,1,safe_reject,kernel_success,not_run,experiments/kernel_replay_v64_robustness_matrix/logs/V64_POLICY_CLASSICAL_LOGIC_024.coqchk.log,0,safe_reject_policy_blocked
V64,robustness matrix,415,V64_POLICY_CLASSICAL_LOGIC_025,V64_POLICY_CLASSICAL_LOGIC_025,experiments/kernel_replay_v64_robustness_matrix/coq/V64_POLICY_CLASSICAL_LOGIC_025.v,1,safe_reject,kernel_success,not_run,experiments/kernel_replay_v64_robustness_matrix/logs/V64_POLICY_CLASSICAL_LOGIC_025.coqchk.log,0,safe_reject_policy_blocked
V64,robustness matrix,416,V64_POLICY_CLASSICAL_LOGIC_026,V64_POLICY_CLASSICAL_LOGIC_026,experiments/kernel_replay_v64_robustness_matrix/coq/V64_POLICY_CLASSICAL_LOGIC_026.v,1,safe_reject,kernel_success,not_run,experiments/kernel_replay_v64_robustness_matrix/logs/V64_POLICY_CLASSICAL_LOGIC_026.coqchk.log,0,safe_reject_policy_blocked
V64,robustness matrix,417,V64_POLICY_CLASSICAL_LOGIC_027,V64_POLICY_CLASSICAL_LOGIC_027,experiments/kernel_replay_v64_robustness_matrix/coq/V64_POLICY_CLASSICAL_LOGIC_027.v,1,safe_reject,kernel_success,not_run,experiments/kernel_replay_v64_robustness_matrix/logs/V64_POLICY_CLASSICAL_LOGIC_027.coqchk.log,0,safe_reject_policy_blocked
V64,robustness matrix,418,V64_POLICY_CLASSICAL_LOGIC_028,V64_POLICY_CLASSICAL_LOGIC_028,experiments/kernel_replay_v64_robustness_matrix/coq/V64_POLICY_CLASSICAL_LOGIC_028.v,1,safe_reject,kernel_success,not_run,experiments/kernel_replay_v64_robustness_matrix/logs/V64_POLICY_CLASSICAL_LOGIC_028.coqchk.log,0,safe_reject_policy_blocked
V64,robustness matrix,419,V64_POLICY_CLASSICAL_LOGIC_029,V64_POLICY_CLASSICAL_LOGIC_029,experiments/kernel_replay_v64_robustness_matrix/coq/V64_POLICY_CLASSICAL_LOGIC_029.v,1,safe_reject,kernel_success,not_run,experiments/kernel_replay_v64_robustness_matrix/logs/V64_POLICY_CLASSICAL_LOGIC_029.coqchk.log,0,safe_reject_policy_blocked
V64,robustness matrix,420,V64_POLICY_CLASSICAL_LOGIC_030,V64_POLICY_CLASSICAL_LOGIC_030,experiments/kernel_replay_v64_robustness_matrix/coq/V64_POLICY_CLASSICAL_LOGIC_030.v,1,safe_reject,kernel_success,not_run,experiments/kernel_replay_v64_robustness_matrix/logs/V64_POLICY_CLASSICAL_LOGIC_030.coqchk.log,0,safe_reject_policy_blocked
V65,standard-library interop,1,V65_LIST_MAP_001,V65_LIST_MAP_001,experiments/kernel_replay_v65_stdlib_interop/coq/V65_LIST_MAP_001.v,1,accept,kernel_success,coqchk_success,experiments/kernel_replay_v65_stdlib_interop/logs/V65_BATCH.coqchk.log,1,accepted_kernel_checked
V65,standard-library interop,2,V65_LIST_MAP_002,V65_LIST_MAP_002,experiments/kernel_replay_v65_stdlib_interop/coq/V65_LIST_MAP_002.v,1,accept,kernel_success,coqchk_success,experiments/kernel_replay_v65_stdlib_interop/logs/V65_BATCH.coqchk.log,1,accepted_kernel_checked
V65,standard-library interop,3,V65_LIST_MAP_003,V65_LIST_MAP_003,experiments/kernel_replay_v65_stdlib_interop/coq/V65_LIST_MAP_003.v,1,accept,kernel_success,coqchk_success,experiments/kernel_replay_v65_stdlib_interop/logs/V65_BATCH.coqchk.log,1,accepted_kernel_checked
V65,standard-library interop,4,V65_LIST_MAP_004,V65_LIST_MAP_004,experiments/kernel_replay_v65_stdlib_interop/coq/V65_LIST_MAP_004.v,1,accept,kernel_success,coqchk_success,experiments/kernel_replay_v65_stdlib_interop/logs/V65_BATCH.coqchk.log,1,accepted_kernel_checked
V65,standard-library interop,5,V65_LIST_MAP_005,V65_LIST_MAP_005,experiments/kernel_replay_v65_stdlib_interop/coq/V65_LIST_MAP_005.v,1,accept,kernel_success,coqchk_success,experiments/kernel_replay_v65_stdlib_interop/logs/V65_BATCH.coqchk.log,1,accepted_kernel_checked
V65,standard-library interop,6,V65_LIST_MAP_006,V65_LIST_MAP_006,experiments/kernel_replay_v65_stdlib_interop/coq/V65_LIST_MAP_006.v,1,accept,kernel_success,coqchk_success,experiments/kernel_replay_v65_stdlib_interop/logs/V65_BATCH.coqchk.log,1,accepted_kernel_checked
V65,standard-library interop,7,V65_LIST_MAP_007,V65_LIST_MAP_007,experiments/kernel_replay_v65_stdlib_interop/coq/V65_LIST_MAP_007.v,1,accept,kernel_success,coqchk_success,experiments/kernel_replay_v65_stdlib_interop/logs/V65_BATCH.coqchk.log,1,accepted_kernel_checked
V65,standard-library interop,8,V65_LIST_MAP_008,V65_LIST_MAP_008,experiments/kernel_replay_v65_stdlib_interop/coq/V65_LIST_MAP_008.v,1,accept,kernel_success,coqchk_success,experiments/kernel_replay_v65_stdlib_interop/logs/V65_BATCH.coqchk.log,1,accepted_kernel_checked
V65,standard-library interop,9,V65_LIST_MAP_009,V65_LIST_MAP_009,experiments/kernel_replay_v65_stdlib_interop/coq/V65_LIST_MAP_009.v,1,accept,kernel_success,coqchk_success,experiments/kernel_replay_v65_stdlib_interop/logs/V65_BATCH.coqchk.log,1,accepted_kernel_checked
V65,standard-library interop,10,V65_LIST_MAP_010,V65_LIST_MAP_010,experiments/kernel_replay_v65_stdlib_interop/coq/V65_LIST_MAP_010.v,1,accept,kernel_success,coqchk_success,experiments/kernel_replay_v65_stdlib_interop/logs/V65_BATCH.coqchk.log,1,accepted_kernel_checked
V65,standard-library interop,11,V65_LIST_MAP_011,V65_LIST_MAP_011,experiments/kernel_replay_v65_stdlib_interop/coq/V65_LIST_MAP_011.v,1,accept,kernel_success,coqchk_success,experiments/kernel_replay_v65_stdlib_interop/logs/V65_BATCH.coqchk.log,1,accepted_kernel_checked
V65,standard-library interop,12,V65_LIST_MAP_012,V65_LIST_MAP_012,experiments/kernel_replay_v65_stdlib_interop/coq/V65_LIST_MAP_012.v,1,accept,kernel_success,coqchk_success,experiments/kernel_replay_v65_stdlib_interop/logs/V65_BATCH.coqchk.log,1,accepted_kernel_checked
V65,standard-library interop,13,V65_LIST_MAP_013,V65_LIST_MAP_013,experiments/kernel_replay_v65_stdlib_interop/coq/V65_LIST_MAP_013.v,1,accept,kernel_success,coqchk_success,experiments/kernel_replay_v65_stdlib_interop/logs/V65_BATCH.coqchk.log,1,accepted_kernel_checked
V65,standard-library interop,14,V65_LIST_MAP_014,V65_LIST_MAP_014,experiments/kernel_replay_v65_stdlib_interop/coq/V65_LIST_MAP_014.v,1,accept,kernel_success,coqchk_success,experiments/kernel_replay_v65_stdlib_interop/logs/V65_BATCH.coqchk.log,1,accepted_kernel_checked
V65,standard-library interop,15,V65_LIST_MAP_015,V65_LIST_MAP_015,experiments/kernel_replay_v65_stdlib_interop/coq/V65_LIST_MAP_015.v,1,accept,kernel_success,coqchk_success,experiments/kernel_replay_v65_stdlib_interop/logs/V65_BATCH.coqchk.log,1,accepted_kernel_checked
V65,standard-library interop,16,V65_LIST_MAP_016,V65_LIST_MAP_016,experiments/kernel_replay_v65_stdlib_interop/coq/V65_LIST_MAP_016.v,1,accept,kernel_success,coqchk_success,experiments/kernel_replay_v65_stdlib_interop/logs/V65_BATCH.coqchk.log,1,accepted_kernel_checked
V65,standard-library interop,17,V65_LIST_MAP_017,V65_LIST_MAP_017,experiments/kernel_replay_v65_stdlib_interop/coq/V65_LIST_MAP_017.v,1,accept,kernel_success,coqchk_success,experiments/kernel_replay_v65_stdlib_interop/logs/V65_BATCH.coqchk.log,1,accepted_kernel_checked
V65,standard-library interop,18,V65_LIST_MAP_018,V65_LIST_MAP_018,experiments/kernel_replay_v65_stdlib_interop/coq/V65_LIST_MAP_018.v,1,accept,kernel_success,coqchk_success,experiments/kernel_replay_v65_stdlib_interop/logs/V65_BATCH.coqchk.log,1,accepted_kernel_checked
V65,standard-library interop,19,V65_LIST_MAP_019,V65_LIST_MAP_019,experiments/kernel_replay_v65_stdlib_interop/coq/V65_LIST_MAP_019.v,1,accept,kernel_success,coqchk_success,experiments/kernel_replay_v65_stdlib_interop/logs/V65_BATCH.coqchk.log,1,accepted_kernel_checked
V65,standard-library interop,20,V65_LIST_MAP_020,V65_LIST_MAP_020,experiments/kernel_replay_v65_stdlib_interop/coq/V65_LIST_MAP_020.v,1,accept,kernel_success,coqchk_success,experiments/kernel_replay_v65_stdlib_interop/logs/V65_BATCH.coqchk.log,1,accepted_kernel_checked
V65,standard-library interop,21,V65_LIST_MAP_021,V65_LIST_MAP_021,experiments/kernel_replay_v65_stdlib_interop/coq/V65_LIST_MAP_021.v,1,accept,kernel_success,coqchk_success,experiments/kernel_replay_v65_stdlib_interop/logs/V65_BATCH.coqchk.log,1,accepted_kernel_checked
V65,standard-library interop,22,V65_LIST_MAP_022,V65_LIST_MAP_022,experiments/kernel_replay_v65_stdlib_interop/coq/V65_LIST_MAP_022.v,1,accept,kernel_success,coqchk_success,experiments/kernel_replay_v65_stdlib_interop/logs/V65_BATCH.coqchk.log,1,accepted_kernel_checked
V65,standard-library interop,23,V65_LIST_MAP_023,V65_LIST_MAP_023,experiments/kernel_replay_v65_stdlib_interop/coq/V65_LIST_MAP_023.v,1,accept,kernel_success,coqchk_success,experiments/kernel_replay_v65_stdlib_interop/logs/V65_BATCH.coqchk.log,1,accepted_kernel_checked
V65,standard-library interop,24,V65_LIST_MAP_024,V65_LIST_MAP_024,experiments/kernel_replay_v65_stdlib_interop/coq/V65_LIST_MAP_024.v,1,accept,kernel_success,coqchk_success,experiments/kernel_replay_v65_stdlib_interop/logs/V65_BATCH.coqchk.log,1,accepted_kernel_checked
V65,standard-library interop,25,V65_LIST_MAP_025,V65_LIST_MAP_025,experiments/kernel_replay_v65_stdlib_interop/coq/V65_LIST_MAP_025.v,1,accept,kernel_success,coqchk_success,experiments/kernel_replay_v65_stdlib_interop/logs/V65_BATCH.coqchk.log,1,accepted_kernel_checked
V65,standard-library interop,26,V65_LIST_MAP_026,V65_LIST_MAP_026,experiments/kernel_replay_v65_stdlib_interop/coq/V65_LIST_MAP_026.v,1,accept,kernel_success,coqchk_success,experiments/kernel_replay_v65_stdlib_interop/logs/V65_BATCH.coqchk.log,1,accepted_kernel_checked
V65,standard-library interop,27,V65_LIST_MAP_027,V65_LIST_MAP_027,experiments/kernel_replay_v65_stdlib_interop/coq/V65_LIST_MAP_027.v,1,accept,kernel_success,coqchk_success,experiments/kernel_replay_v65_stdlib_interop/logs/V65_BATCH.coqchk.log,1,accepted_kernel_checked
V65,standard-library interop,28,V65_LIST_MAP_028,V65_LIST_MAP_028,experiments/kernel_replay_v65_stdlib_interop/coq/V65_LIST_MAP_028.v,1,accept,kernel_success,coqchk_success,experiments/kernel_replay_v65_stdlib_interop/logs/V65_BATCH.coqchk.log,1,accepted_kernel_checked
V65,standard-library interop,29,V65_LIST_MAP_029,V65_LIST_MAP_029,experiments/kernel_replay_v65_stdlib_interop/coq/V65_LIST_MAP_029.v,1,accept,kernel_success,coqchk_success,experiments/kernel_replay_v65_stdlib_interop/logs/V65_BATCH.coqchk.log,1,accepted_kernel_checked
V65,standard-library interop,30,V65_LIST_MAP_030,V65_LIST_MAP_030,experiments/kernel_replay_v65_stdlib_interop/coq/V65_LIST_MAP_030.v,1,accept,kernel_success,coqchk_success,experiments/kernel_replay_v65_stdlib_interop/logs/V65_BATCH.coqchk.log,1,accepted_kernel_checked
V65,standard-library interop,31,V65_LIST_MAP_031,V65_LIST_MAP_031,experiments/kernel_replay_v65_stdlib_interop/coq/V65_LIST_MAP_031.v,1,accept,kernel_success,coqchk_success,experiments/kernel_replay_v65_stdlib_interop/logs/V65_BATCH.coqchk.log,1,accepted_kernel_checked
V65,standard-library interop,32,V65_LIST_MAP_032,V65_LIST_MAP_032,experiments/kernel_replay_v65_stdlib_interop/coq/V65_LIST_MAP_032.v,1,accept,kernel_success,coqchk_success,experiments/kernel_replay_v65_stdlib_interop/logs/V65_BATCH.coqchk.log,1,accepted_kernel_checked
V65,standard-library interop,33,V65_LIST_MAP_033,V65_LIST_MAP_033,experiments/kernel_replay_v65_stdlib_interop/coq/V65_LIST_MAP_033.v,1,accept,kernel_success,coqchk_success,experiments/kernel_replay_v65_stdlib_interop/logs/V65_BATCH.coqchk.log,1,accepted_kernel_checked
V65,standard-library interop,34,V65_LIST_MAP_034,V65_LIST_MAP_034,experiments/kernel_replay_v65_stdlib_interop/coq/V65_LIST_MAP_034.v,1,accept,kernel_success,coqchk_success,experiments/kernel_replay_v65_stdlib_interop/logs/V65_BATCH.coqchk.log,1,accepted_kernel_checked
V65,standard-library interop,35,V65_LIST_MAP_035,V65_LIST_MAP_035,experiments/kernel_replay_v65_stdlib_interop/coq/V65_LIST_MAP_035.v,1,accept,kernel_success,coqchk_success,experiments/kernel_replay_v65_stdlib_interop/logs/V65_BATCH.coqchk.log,1,accepted_kernel_checked
V65,standard-library interop,36,V65_LIST_MAP_036,V65_LIST_MAP_036,experiments/kernel_replay_v65_stdlib_interop/coq/V65_LIST_MAP_036.v,1,accept,kernel_success,coqchk_success,experiments/kernel_replay_v65_stdlib_interop/logs/V65_BATCH.coqchk.log,1,accepted_kernel_checked
V65,standard-library interop,37,V65_LIST_MAP_037,V65_LIST_MAP_037,experiments/kernel_replay_v65_stdlib_interop/coq/V65_LIST_MAP_037.v,1,accept,kernel_success,coqchk_success,experiments/kernel_replay_v65_stdlib_interop/logs/V65_BATCH.coqchk.log,1,accepted_kernel_checked
V65,standard-library interop,38,V65_LIST_MAP_038,V65_LIST_MAP_038,experiments/kernel_replay_v65_stdlib_interop/coq/V65_LIST_MAP_038.v,1,accept,kernel_success,coqchk_success,experiments/kernel_replay_v65_stdlib_interop/logs/V65_BATCH.coqchk.log,1,accepted_kernel_checked
V65,standard-library interop,39,V65_LIST_MAP_039,V65_LIST_MAP_039,experiments/kernel_replay_v65_stdlib_interop/coq/V65_LIST_MAP_039.v,1,accept,kernel_success,coqchk_success,experiments/kernel_replay_v65_stdlib_interop/logs/V65_BATCH.coqchk.log,1,accepted_kernel_checked
V65,standard-library interop,40,V65_LIST_MAP_040,V65_LIST_MAP_040,experiments/kernel_replay_v65_stdlib_interop/coq/V65_LIST_MAP_040.v,1,accept,kernel_success,coqchk_success,experiments/kernel_replay_v65_stdlib_interop/logs/V65_BATCH.coqchk.log,1,accepted_kernel_checked
V65,standard-library interop,41,V65_LIST_MAP_041,V65_LIST_MAP_041,experiments/kernel_replay_v65_stdlib_interop/coq/V65_LIST_MAP_041.v,1,accept,kernel_success,coqchk_success,experiments/kernel_replay_v65_stdlib_interop/logs/V65_BATCH.coqchk.log,1,accepted_kernel_checked
V65,standard-library interop,42,V65_LIST_MAP_042,V65_LIST_MAP_042,experiments/kernel_replay_v65_stdlib_interop/coq/V65_LIST_MAP_042.v,1,accept,kernel_success,coqchk_success,experiments/kernel_replay_v65_stdlib_interop/logs/V65_BATCH.coqchk.log,1,accepted_kernel_checked
V65,standard-library interop,43,V65_LIST_MAP_043,V65_LIST_MAP_043,experiments/kernel_replay_v65_stdlib_interop/coq/V65_LIST_MAP_043.v,1,accept,kernel_success,coqchk_success,experiments/kernel_replay_v65_stdlib_interop/logs/V65_BATCH.coqchk.log,1,accepted_kernel_checked
V65,standard-library interop,44,V65_LIST_MAP_044,V65_LIST_MAP_044,experiments/kernel_replay_v65_stdlib_interop/coq/V65_LIST_MAP_044.v,1,accept,kernel_success,coqchk_success,experiments/kernel_replay_v65_stdlib_interop/logs/V65_BATCH.coqchk.log,1,accepted_kernel_checked
V65,standard-library interop,45,V65_LIST_MAP_045,V65_LIST_MAP_045,experiments/kernel_replay_v65_stdlib_interop/coq/V65_LIST_MAP_045.v,1,accept,kernel_success,coqchk_success,experiments/kernel_replay_v65_stdlib_interop/logs/V65_BATCH.coqchk.log,1,accepted_kernel_checked
V65,standard-library interop,46,V65_LIST_MAP_046,V65_LIST_MAP_046,experiments/kernel_replay_v65_stdlib_interop/coq/V65_LIST_MAP_046.v,1,accept,kernel_success,coqchk_success,experiments/kernel_replay_v65_stdlib_interop/logs/V65_BATCH.coqchk.log,1,accepted_kernel_checked
V65,standard-library interop,47,V65_LIST_MAP_047,V65_LIST_MAP_047,experiments/kernel_replay_v65_stdlib_interop/coq/V65_LIST_MAP_047.v,1,accept,kernel_success,coqchk_success,experiments/kernel_replay_v65_stdlib_interop/logs/V65_BATCH.coqchk.log,1,accepted_kernel_checked
V65,standard-library interop,48,V65_LIST_MAP_048,V65_LIST_MAP_048,experiments/kernel_replay_v65_stdlib_interop/coq/V65_LIST_MAP_048.v,1,accept,kernel_success,coqchk_success,experiments/kernel_replay_v65_stdlib_interop/logs/V65_BATCH.coqchk.log,1,accepted_kernel_checked
V65,standard-library interop,49,V65_LIST_MAP_049,V65_LIST_MAP_049,experiments/kernel_replay_v65_stdlib_interop/coq/V65_LIST_MAP_049.v,1,accept,kernel_success,coqchk_success,experiments/kernel_replay_v65_stdlib_interop/logs/V65_BATCH.coqchk.log,1,accepted_kernel_checked
V65,standard-library interop,50,V65_LIST_MAP_050,V65_LIST_MAP_050,experiments/kernel_replay_v65_stdlib_interop/coq/V65_LIST_MAP_050.v,1,accept,kernel_success,coqchk_success,experiments/kernel_replay_v65_stdlib_interop/logs/V65_BATCH.coqchk.log,1,accepted_kernel_checked
V65,standard-library interop,51,V65_LIST_APPEND_001,V65_LIST_APPEND_001,experiments/kernel_replay_v65_stdlib_interop/coq/V65_LIST_APPEND_001.v,1,accept,kernel_success,coqchk_success,experiments/kernel_replay_v65_stdlib_interop/logs/V65_BATCH.coqchk.log,1,accepted_kernel_checked
V65,standard-library interop,52,V65_LIST_APPEND_002,V65_LIST_APPEND_002,experiments/kernel_replay_v65_stdlib_interop/coq/V65_LIST_APPEND_002.v,1,accept,kernel_success,coqchk_success,experiments/kernel_replay_v65_stdlib_interop/logs/V65_BATCH.coqchk.log,1,accepted_kernel_checked
V65,standard-library interop,53,V65_LIST_APPEND_003,V65_LIST_APPEND_003,experiments/kernel_replay_v65_stdlib_interop/coq/V65_LIST_APPEND_003.v,1,accept,kernel_success,coqchk_success,experiments/kernel_replay_v65_stdlib_interop/logs/V65_BATCH.coqchk.log,1,accepted_kernel_checked
V65,standard-library interop,54,V65_LIST_APPEND_004,V65_LIST_APPEND_004,experiments/kernel_replay_v65_stdlib_interop/coq/V65_LIST_APPEND_004.v,1,accept,kernel_success,coqchk_success,experiments/kernel_replay_v65_stdlib_interop/logs/V65_BATCH.coqchk.log,1,accepted_kernel_checked
V65,standard-library interop,55,V65_LIST_APPEND_005,V65_LIST_APPEND_005,experiments/kernel_replay_v65_stdlib_interop/coq/V65_LIST_APPEND_005.v,1,accept,kernel_success,coqchk_success,experiments/kernel_replay_v65_stdlib_interop/logs/V65_BATCH.coqchk.log,1,accepted_kernel_checked
V65,standard-library interop,56,V65_LIST_APPEND_006,V65_LIST_APPEND_006,experiments/kernel_replay_v65_stdlib_interop/coq/V65_LIST_APPEND_006.v,1,accept,kernel_success,coqchk_success,experiments/kernel_replay_v65_stdlib_interop/logs/V65_BATCH.coqchk.log,1,accepted_kernel_checked
V65,standard-library interop,57,V65_LIST_APPEND_007,V65_LIST_APPEND_007,experiments/kernel_replay_v65_stdlib_interop/coq/V65_LIST_APPEND_007.v,1,accept,kernel_success,coqchk_success,experiments/kernel_replay_v65_stdlib_interop/logs/V65_BATCH.coqchk.log,1,accepted_kernel_checked
V65,standard-library interop,58,V65_LIST_APPEND_008,V65_LIST_APPEND_008,experiments/kernel_replay_v65_stdlib_interop/coq/V65_LIST_APPEND_008.v,1,accept,kernel_success,coqchk_success,experiments/kernel_replay_v65_stdlib_interop/logs/V65_BATCH.coqchk.log,1,accepted_kernel_checked
V65,standard-library interop,59,V65_LIST_APPEND_009,V65_LIST_APPEND_009,experiments/kernel_replay_v65_stdlib_interop/coq/V65_LIST_APPEND_009.v,1,accept,kernel_success,coqchk_success,experiments/kernel_replay_v65_stdlib_interop/logs/V65_BATCH.coqchk.log,1,accepted_kernel_checked
V65,standard-library interop,60,V65_LIST_APPEND_010,V65_LIST_APPEND_010,experiments/kernel_replay_v65_stdlib_interop/coq/V65_LIST_APPEND_010.v,1,accept,kernel_success,coqchk_success,experiments/kernel_replay_v65_stdlib_interop/logs/V65_BATCH.coqchk.log,1,accepted_kernel_checked
V65,standard-library interop,61,V65_LIST_APPEND_011,V65_LIST_APPEND_011,experiments/kernel_replay_v65_stdlib_interop/coq/V65_LIST_APPEND_011.v,1,accept,kernel_success,coqchk_success,experiments/kernel_replay_v65_stdlib_interop/logs/V65_BATCH.coqchk.log,1,accepted_kernel_checked
V65,standard-library interop,62,V65_LIST_APPEND_012,V65_LIST_APPEND_012,experiments/kernel_replay_v65_stdlib_interop/coq/V65_LIST_APPEND_012.v,1,accept,kernel_success,coqchk_success,experiments/kernel_replay_v65_stdlib_interop/logs/V65_BATCH.coqchk.log,1,accepted_kernel_checked
V65,standard-library interop,63,V65_LIST_APPEND_013,V65_LIST_APPEND_013,experiments/kernel_replay_v65_stdlib_interop/coq/V65_LIST_APPEND_013.v,1,accept,kernel_success,coqchk_success,experiments/kernel_replay_v65_stdlib_interop/logs/V65_BATCH.coqchk.log,1,accepted_kernel_checked
V65,standard-library interop,64,V65_LIST_APPEND_014,V65_LIST_APPEND_014,experiments/kernel_replay_v65_stdlib_interop/coq/V65_LIST_APPEND_014.v,1,accept,kernel_success,coqchk_success,experiments/kernel_replay_v65_stdlib_interop/logs/V65_BATCH.coqchk.log,1,accepted_kernel_checked
V65,standard-library interop,65,V65_LIST_APPEND_015,V65_LIST_APPEND_015,experiments/kernel_replay_v65_stdlib_interop/coq/V65_LIST_APPEND_015.v,1,accept,kernel_success,coqchk_success,experiments/kernel_replay_v65_stdlib_interop/logs/V65_BATCH.coqchk.log,1,accepted_kernel_checked
V65,standard-library interop,66,V65_LIST_APPEND_016,V65_LIST_APPEND_016,experiments/kernel_replay_v65_stdlib_interop/coq/V65_LIST_APPEND_016.v,1,accept,kernel_success,coqchk_success,experiments/kernel_replay_v65_stdlib_interop/logs/V65_BATCH.coqchk.log,1,accepted_kernel_checked
V65,standard-library interop,67,V65_LIST_APPEND_017,V65_LIST_APPEND_017,experiments/kernel_replay_v65_stdlib_interop/coq/V65_LIST_APPEND_017.v,1,accept,kernel_success,coqchk_success,experiments/kernel_replay_v65_stdlib_interop/logs/V65_BATCH.coqchk.log,1,accepted_kernel_checked
V65,standard-library interop,68,V65_LIST_APPEND_018,V65_LIST_APPEND_018,experiments/kernel_replay_v65_stdlib_interop/coq/V65_LIST_APPEND_018.v,1,accept,kernel_success,coqchk_success,experiments/kernel_replay_v65_stdlib_interop/logs/V65_BATCH.coqchk.log,1,accepted_kernel_checked
V65,standard-library interop,69,V65_LIST_APPEND_019,V65_LIST_APPEND_019,experiments/kernel_replay_v65_stdlib_interop/coq/V65_LIST_APPEND_019.v,1,accept,kernel_success,coqchk_success,experiments/kernel_replay_v65_stdlib_interop/logs/V65_BATCH.coqchk.log,1,accepted_kernel_checked
V65,standard-library interop,70,V65_LIST_APPEND_020,V65_LIST_APPEND_020,experiments/kernel_replay_v65_stdlib_interop/coq/V65_LIST_APPEND_020.v,1,accept,kernel_success,coqchk_success,experiments/kernel_replay_v65_stdlib_interop/logs/V65_BATCH.coqchk.log,1,accepted_kernel_checked
V65,standard-library interop,71,V65_LIST_APPEND_021,V65_LIST_APPEND_021,experiments/kernel_replay_v65_stdlib_interop/coq/V65_LIST_APPEND_021.v,1,accept,kernel_success,coqchk_success,experiments/kernel_replay_v65_stdlib_interop/logs/V65_BATCH.coqchk.log,1,accepted_kernel_checked
V65,standard-library interop,72,V65_LIST_APPEND_022,V65_LIST_APPEND_022,experiments/kernel_replay_v65_stdlib_interop/coq/V65_LIST_APPEND_022.v,1,accept,kernel_success,coqchk_success,experiments/kernel_replay_v65_stdlib_interop/logs/V65_BATCH.coqchk.log,1,accepted_kernel_checked
V65,standard-library interop,73,V65_LIST_APPEND_023,V65_LIST_APPEND_023,experiments/kernel_replay_v65_stdlib_interop/coq/V65_LIST_APPEND_023.v,1,accept,kernel_success,coqchk_success,experiments/kernel_replay_v65_stdlib_interop/logs/V65_BATCH.coqchk.log,1,accepted_kernel_checked
V65,standard-library interop,74,V65_LIST_APPEND_024,V65_LIST_APPEND_024,experiments/kernel_replay_v65_stdlib_interop/coq/V65_LIST_APPEND_024.v,1,accept,kernel_success,coqchk_success,experiments/kernel_replay_v65_stdlib_interop/logs/V65_BATCH.coqchk.log,1,accepted_kernel_checked
V65,standard-library interop,75,V65_LIST_APPEND_025,V65_LIST_APPEND_025,experiments/kernel_replay_v65_stdlib_interop/coq/V65_LIST_APPEND_025.v,1,accept,kernel_success,coqchk_success,experiments/kernel_replay_v65_stdlib_interop/logs/V65_BATCH.coqchk.log,1,accepted_kernel_checked
V65,standard-library interop,76,V65_LIST_APPEND_026,V65_LIST_APPEND_026,experiments/kernel_replay_v65_stdlib_interop/coq/V65_LIST_APPEND_026.v,1,accept,kernel_success,coqchk_success,experiments/kernel_replay_v65_stdlib_interop/logs/V65_BATCH.coqchk.log,1,accepted_kernel_checked
V65,standard-library interop,77,V65_LIST_APPEND_027,V65_LIST_APPEND_027,experiments/kernel_replay_v65_stdlib_interop/coq/V65_LIST_APPEND_027.v,1,accept,kernel_success,coqchk_success,experiments/kernel_replay_v65_stdlib_interop/logs/V65_BATCH.coqchk.log,1,accepted_kernel_checked
V65,standard-library interop,78,V65_LIST_APPEND_028,V65_LIST_APPEND_028,experiments/kernel_replay_v65_stdlib_interop/coq/V65_LIST_APPEND_028.v,1,accept,kernel_success,coqchk_success,experiments/kernel_replay_v65_stdlib_interop/logs/V65_BATCH.coqchk.log,1,accepted_kernel_checked
V65,standard-library interop,79,V65_LIST_APPEND_029,V65_LIST_APPEND_029,experiments/kernel_replay_v65_stdlib_interop/coq/V65_LIST_APPEND_029.v,1,accept,kernel_success,coqchk_success,experiments/kernel_replay_v65_stdlib_interop/logs/V65_BATCH.coqchk.log,1,accepted_kernel_checked
V65,standard-library interop,80,V65_LIST_APPEND_030,V65_LIST_APPEND_030,experiments/kernel_replay_v65_stdlib_interop/coq/V65_LIST_APPEND_030.v,1,accept,kernel_success,coqchk_success,experiments/kernel_replay_v65_stdlib_interop/logs/V65_BATCH.coqchk.log,1,accepted_kernel_checked
V65,standard-library interop,81,V65_LIST_APPEND_031,V65_LIST_APPEND_031,experiments/kernel_replay_v65_stdlib_interop/coq/V65_LIST_APPEND_031.v,1,accept,kernel_success,coqchk_success,experiments/kernel_replay_v65_stdlib_interop/logs/V65_BATCH.coqchk.log,1,accepted_kernel_checked
V65,standard-library interop,82,V65_LIST_APPEND_032,V65_LIST_APPEND_032,experiments/kernel_replay_v65_stdlib_interop/coq/V65_LIST_APPEND_032.v,1,accept,kernel_success,coqchk_success,experiments/kernel_replay_v65_stdlib_interop/logs/V65_BATCH.coqchk.log,1,accepted_kernel_checked
V65,standard-library interop,83,V65_LIST_APPEND_033,V65_LIST_APPEND_033,experiments/kernel_replay_v65_stdlib_interop/coq/V65_LIST_APPEND_033.v,1,accept,kernel_success,coqchk_success,experiments/kernel_replay_v65_stdlib_interop/logs/V65_BATCH.coqchk.log,1,accepted_kernel_checked
V65,standard-library interop,84,V65_LIST_APPEND_034,V65_LIST_APPEND_034,experiments/kernel_replay_v65_stdlib_interop/coq/V65_LIST_APPEND_034.v,1,accept,kernel_success,coqchk_success,experiments/kernel_replay_v65_stdlib_interop/logs/V65_BATCH.coqchk.log,1,accepted_kernel_checked
V65,standard-library interop,85,V65_LIST_APPEND_035,V65_LIST_APPEND_035,experiments/kernel_replay_v65_stdlib_interop/coq/V65_LIST_APPEND_035.v,1,accept,kernel_success,coqchk_success,experiments/kernel_replay_v65_stdlib_interop/logs/V65_BATCH.coqchk.log,1,accepted_kernel_checked
V65,standard-library interop,86,V65_LIST_APPEND_036,V65_LIST_APPEND_036,experiments/kernel_replay_v65_stdlib_interop/coq/V65_LIST_APPEND_036.v,1,accept,kernel_success,coqchk_success,experiments/kernel_replay_v65_stdlib_interop/logs/V65_BATCH.coqchk.log,1,accepted_kernel_checked
V65,standard-library interop,87,V65_LIST_APPEND_037,V65_LIST_APPEND_037,experiments/kernel_replay_v65_stdlib_interop/coq/V65_LIST_APPEND_037.v,1,accept,kernel_success,coqchk_success,experiments/kernel_replay_v65_stdlib_interop/logs/V65_BATCH.coqchk.log,1,accepted_kernel_checked
V65,standard-library interop,88,V65_LIST_APPEND_038,V65_LIST_APPEND_038,experiments/kernel_replay_v65_stdlib_interop/coq/V65_LIST_APPEND_038.v,1,accept,kernel_success,coqchk_success,experiments/kernel_replay_v65_stdlib_interop/logs/V65_BATCH.coqchk.log,1,accepted_kernel_checked
V65,standard-library interop,89,V65_LIST_APPEND_039,V65_LIST_APPEND_039,experiments/kernel_replay_v65_stdlib_interop/coq/V65_LIST_APPEND_039.v,1,accept,kernel_success,coqchk_success,experiments/kernel_replay_v65_stdlib_interop/logs/V65_BATCH.coqchk.log,1,accepted_kernel_checked
V65,standard-library interop,90,V65_LIST_APPEND_040,V65_LIST_APPEND_040,experiments/kernel_replay_v65_stdlib_interop/coq/V65_LIST_APPEND_040.v,1,accept,kernel_success,coqchk_success,experiments/kernel_replay_v65_stdlib_interop/logs/V65_BATCH.coqchk.log,1,accepted_kernel_checked
V65,standard-library interop,91,V65_LIST_APPEND_041,V65_LIST_APPEND_041,experiments/kernel_replay_v65_stdlib_interop/coq/V65_LIST_APPEND_041.v,1,accept,kernel_success,coqchk_success,experiments/kernel_replay_v65_stdlib_interop/logs/V65_BATCH.coqchk.log,1,accepted_kernel_checked
V65,standard-library interop,92,V65_LIST_APPEND_042,V65_LIST_APPEND_042,experiments/kernel_replay_v65_stdlib_interop/coq/V65_LIST_APPEND_042.v,1,accept,kernel_success,coqchk_success,experiments/kernel_replay_v65_stdlib_interop/logs/V65_BATCH.coqchk.log,1,accepted_kernel_checked
V65,standard-library interop,93,V65_LIST_APPEND_043,V65_LIST_APPEND_043,experiments/kernel_replay_v65_stdlib_interop/coq/V65_LIST_APPEND_043.v,1,accept,kernel_success,coqchk_success,experiments/kernel_replay_v65_stdlib_interop/logs/V65_BATCH.coqchk.log,1,accepted_kernel_checked
V65,standard-library interop,94,V65_LIST_APPEND_044,V65_LIST_APPEND_044,experiments/kernel_replay_v65_stdlib_interop/coq/V65_LIST_APPEND_044.v,1,accept,kernel_success,coqchk_success,experiments/kernel_replay_v65_stdlib_interop/logs/V65_BATCH.coqchk.log,1,accepted_kernel_checked
V65,standard-library interop,95,V65_LIST_APPEND_045,V65_LIST_APPEND_045,experiments/kernel_replay_v65_stdlib_interop/coq/V65_LIST_APPEND_045.v,1,accept,kernel_success,coqchk_success,experiments/kernel_replay_v65_stdlib_interop/logs/V65_BATCH.coqchk.log,1,accepted_kernel_checked
V65,standard-library interop,96,V65_LIST_APPEND_046,V65_LIST_APPEND_046,experiments/kernel_replay_v65_stdlib_interop/coq/V65_LIST_APPEND_046.v,1,accept,kernel_success,coqchk_success,experiments/kernel_replay_v65_stdlib_interop/logs/V65_BATCH.coqchk.log,1,accepted_kernel_checked
V65,standard-library interop,97,V65_LIST_APPEND_047,V65_LIST_APPEND_047,experiments/kernel_replay_v65_stdlib_interop/coq/V65_LIST_APPEND_047.v,1,accept,kernel_success,coqchk_success,experiments/kernel_replay_v65_stdlib_interop/logs/V65_BATCH.coqchk.log,1,accepted_kernel_checked
V65,standard-library interop,98,V65_LIST_APPEND_048,V65_LIST_APPEND_048,experiments/kernel_replay_v65_stdlib_interop/coq/V65_LIST_APPEND_048.v,1,accept,kernel_success,coqchk_success,experiments/kernel_replay_v65_stdlib_interop/logs/V65_BATCH.coqchk.log,1,accepted_kernel_checked
V65,standard-library interop,99,V65_LIST_APPEND_049,V65_LIST_APPEND_049,experiments/kernel_replay_v65_stdlib_interop/coq/V65_LIST_APPEND_049.v,1,accept,kernel_success,coqchk_success,experiments/kernel_replay_v65_stdlib_interop/logs/V65_BATCH.coqchk.log,1,accepted_kernel_checked
V65,standard-library interop,100,V65_LIST_APPEND_050,V65_LIST_APPEND_050,experiments/kernel_replay_v65_stdlib_interop/coq/V65_LIST_APPEND_050.v,1,accept,kernel_success,coqchk_success,experiments/kernel_replay_v65_stdlib_interop/logs/V65_BATCH.coqchk.log,1,accepted_kernel_checked
V65,standard-library interop,101,V65_LIST_REVERSE_001,V65_LIST_REVERSE_001,experiments/kernel_replay_v65_stdlib_interop/coq/V65_LIST_REVERSE_001.v,1,accept,kernel_success,coqchk_success,experiments/kernel_replay_v65_stdlib_interop/logs/V65_BATCH.coqchk.log,1,accepted_kernel_checked
V65,standard-library interop,102,V65_LIST_REVERSE_002,V65_LIST_REVERSE_002,experiments/kernel_replay_v65_stdlib_interop/coq/V65_LIST_REVERSE_002.v,1,accept,kernel_success,coqchk_success,experiments/kernel_replay_v65_stdlib_interop/logs/V65_BATCH.coqchk.log,1,accepted_kernel_checked
V65,standard-library interop,103,V65_LIST_REVERSE_003,V65_LIST_REVERSE_003,experiments/kernel_replay_v65_stdlib_interop/coq/V65_LIST_REVERSE_003.v,1,accept,kernel_success,coqchk_success,experiments/kernel_replay_v65_stdlib_interop/logs/V65_BATCH.coqchk.log,1,accepted_kernel_checked
V65,standard-library interop,104,V65_LIST_REVERSE_004,V65_LIST_REVERSE_004,experiments/kernel_replay_v65_stdlib_interop/coq/V65_LIST_REVERSE_004.v,1,accept,kernel_success,coqchk_success,experiments/kernel_replay_v65_stdlib_interop/logs/V65_BATCH.coqchk.log,1,accepted_kernel_checked
V65,standard-library interop,105,V65_LIST_REVERSE_005,V65_LIST_REVERSE_005,experiments/kernel_replay_v65_stdlib_interop/coq/V65_LIST_REVERSE_005.v,1,accept,kernel_success,coqchk_success,experiments/kernel_replay_v65_stdlib_interop/logs/V65_BATCH.coqchk.log,1,accepted_kernel_checked
V65,standard-library interop,106,V65_LIST_REVERSE_006,V65_LIST_REVERSE_006,experiments/kernel_replay_v65_stdlib_interop/coq/V65_LIST_REVERSE_006.v,1,accept,kernel_success,coqchk_success,experiments/kernel_replay_v65_stdlib_interop/logs/V65_BATCH.coqchk.log,1,accepted_kernel_checked
V65,standard-library interop,107,V65_LIST_REVERSE_007,V65_LIST_REVERSE_007,experiments/kernel_replay_v65_stdlib_interop/coq/V65_LIST_REVERSE_007.v,1,accept,kernel_success,coqchk_success,experiments/kernel_replay_v65_stdlib_interop/logs/V65_BATCH.coqchk.log,1,accepted_kernel_checked
V65,standard-library interop,108,V65_LIST_REVERSE_008,V65_LIST_REVERSE_008,experiments/kernel_replay_v65_stdlib_interop/coq/V65_LIST_REVERSE_008.v,1,accept,kernel_success,coqchk_success,experiments/kernel_replay_v65_stdlib_interop/logs/V65_BATCH.coqchk.log,1,accepted_kernel_checked
V65,standard-library interop,109,V65_LIST_REVERSE_009,V65_LIST_REVERSE_009,experiments/kernel_replay_v65_stdlib_interop/coq/V65_LIST_REVERSE_009.v,1,accept,kernel_success,coqchk_success,experiments/kernel_replay_v65_stdlib_interop/logs/V65_BATCH.coqchk.log,1,accepted_kernel_checked
V65,standard-library interop,110,V65_LIST_REVERSE_010,V65_LIST_REVERSE_010,experiments/kernel_replay_v65_stdlib_interop/coq/V65_LIST_REVERSE_010.v,1,accept,kernel_success,coqchk_success,experiments/kernel_replay_v65_stdlib_interop/logs/V65_BATCH.coqchk.log,1,accepted_kernel_checked
V65,standard-library interop,111,V65_LIST_REVERSE_011,V65_LIST_REVERSE_011,experiments/kernel_replay_v65_stdlib_interop/coq/V65_LIST_REVERSE_011.v,1,accept,kernel_success,coqchk_success,experiments/kernel_replay_v65_stdlib_interop/logs/V65_BATCH.coqchk.log,1,accepted_kernel_checked
V65,standard-library interop,112,V65_LIST_REVERSE_012,V65_LIST_REVERSE_012,experiments/kernel_replay_v65_stdlib_interop/coq/V65_LIST_REVERSE_012.v,1,accept,kernel_success,coqchk_success,experiments/kernel_replay_v65_stdlib_interop/logs/V65_BATCH.coqchk.log,1,accepted_kernel_checked
V65,standard-library interop,113,V65_LIST_REVERSE_013,V65_LIST_REVERSE_013,experiments/kernel_replay_v65_stdlib_interop/coq/V65_LIST_REVERSE_013.v,1,accept,kernel_success,coqchk_success,experiments/kernel_replay_v65_stdlib_interop/logs/V65_BATCH.coqchk.log,1,accepted_kernel_checked
V65,standard-library interop,114,V65_LIST_REVERSE_014,V65_LIST_REVERSE_014,experiments/kernel_replay_v65_stdlib_interop/coq/V65_LIST_REVERSE_014.v,1,accept,kernel_success,coqchk_success,experiments/kernel_replay_v65_stdlib_interop/logs/V65_BATCH.coqchk.log,1,accepted_kernel_checked
V65,standard-library interop,115,V65_LIST_REVERSE_015,V65_LIST_REVERSE_015,experiments/kernel_replay_v65_stdlib_interop/coq/V65_LIST_REVERSE_015.v,1,accept,kernel_success,coqchk_success,experiments/kernel_replay_v65_stdlib_interop/logs/V65_BATCH.coqchk.log,1,accepted_kernel_checked
V65,standard-library interop,116,V65_LIST_REVERSE_016,V65_LIST_REVERSE_016,experiments/kernel_replay_v65_stdlib_interop/coq/V65_LIST_REVERSE_016.v,1,accept,kernel_success,coqchk_success,experiments/kernel_replay_v65_stdlib_interop/logs/V65_BATCH.coqchk.log,1,accepted_kernel_checked
V65,standard-library interop,117,V65_LIST_REVERSE_017,V65_LIST_REVERSE_017,experiments/kernel_replay_v65_stdlib_interop/coq/V65_LIST_REVERSE_017.v,1,accept,kernel_success,coqchk_success,experiments/kernel_replay_v65_stdlib_interop/logs/V65_BATCH.coqchk.log,1,accepted_kernel_checked
V65,standard-library interop,118,V65_LIST_REVERSE_018,V65_LIST_REVERSE_018,experiments/kernel_replay_v65_stdlib_interop/coq/V65_LIST_REVERSE_018.v,1,accept,kernel_success,coqchk_success,experiments/kernel_replay_v65_stdlib_interop/logs/V65_BATCH.coqchk.log,1,accepted_kernel_checked
V65,standard-library interop,119,V65_LIST_REVERSE_019,V65_LIST_REVERSE_019,experiments/kernel_replay_v65_stdlib_interop/coq/V65_LIST_REVERSE_019.v,1,accept,kernel_success,coqchk_success,experiments/kernel_replay_v65_stdlib_interop/logs/V65_BATCH.coqchk.log,1,accepted_kernel_checked
V65,standard-library interop,120,V65_LIST_REVERSE_020,V65_LIST_REVERSE_020,experiments/kernel_replay_v65_stdlib_interop/coq/V65_LIST_REVERSE_020.v,1,accept,kernel_success,coqchk_success,experiments/kernel_replay_v65_stdlib_interop/logs/V65_BATCH.coqchk.log,1,accepted_kernel_checked
V65,standard-library interop,121,V65_LIST_REVERSE_021,V65_LIST_REVERSE_021,experiments/kernel_replay_v65_stdlib_interop/coq/V65_LIST_REVERSE_021.v,1,accept,kernel_success,coqchk_success,experiments/kernel_replay_v65_stdlib_interop/logs/V65_BATCH.coqchk.log,1,accepted_kernel_checked
V65,standard-library interop,122,V65_LIST_REVERSE_022,V65_LIST_REVERSE_022,experiments/kernel_replay_v65_stdlib_interop/coq/V65_LIST_REVERSE_022.v,1,accept,kernel_success,coqchk_success,experiments/kernel_replay_v65_stdlib_interop/logs/V65_BATCH.coqchk.log,1,accepted_kernel_checked
V65,standard-library interop,123,V65_LIST_REVERSE_023,V65_LIST_REVERSE_023,experiments/kernel_replay_v65_stdlib_interop/coq/V65_LIST_REVERSE_023.v,1,accept,kernel_success,coqchk_success,experiments/kernel_replay_v65_stdlib_interop/logs/V65_BATCH.coqchk.log,1,accepted_kernel_checked
V65,standard-library interop,124,V65_LIST_REVERSE_024,V65_LIST_REVERSE_024,experiments/kernel_replay_v65_stdlib_interop/coq/V65_LIST_REVERSE_024.v,1,accept,kernel_success,coqchk_success,experiments/kernel_replay_v65_stdlib_interop/logs/V65_BATCH.coqchk.log,1,accepted_kernel_checked
V65,standard-library interop,125,V65_LIST_REVERSE_025,V65_LIST_REVERSE_025,experiments/kernel_replay_v65_stdlib_interop/coq/V65_LIST_REVERSE_025.v,1,accept,kernel_success,coqchk_success,experiments/kernel_replay_v65_stdlib_interop/logs/V65_BATCH.coqchk.log,1,accepted_kernel_checked
V65,standard-library interop,126,V65_LIST_REVERSE_026,V65_LIST_REVERSE_026,experiments/kernel_replay_v65_stdlib_interop/coq/V65_LIST_REVERSE_026.v,1,accept,kernel_success,coqchk_success,experiments/kernel_replay_v65_stdlib_interop/logs/V65_BATCH.coqchk.log,1,accepted_kernel_checked
V65,standard-library interop,127,V65_LIST_REVERSE_027,V65_LIST_REVERSE_027,experiments/kernel_replay_v65_stdlib_interop/coq/V65_LIST_REVERSE_027.v,1,accept,kernel_success,coqchk_success,experiments/kernel_replay_v65_stdlib_interop/logs/V65_BATCH.coqchk.log,1,accepted_kernel_checked
V65,standard-library interop,128,V65_LIST_REVERSE_028,V65_LIST_REVERSE_028,experiments/kernel_replay_v65_stdlib_interop/coq/V65_LIST_REVERSE_028.v,1,accept,kernel_success,coqchk_success,experiments/kernel_replay_v65_stdlib_interop/logs/V65_BATCH.coqchk.log,1,accepted_kernel_checked
V65,standard-library interop,129,V65_LIST_REVERSE_029,V65_LIST_REVERSE_029,experiments/kernel_replay_v65_stdlib_interop/coq/V65_LIST_REVERSE_029.v,1,accept,kernel_success,coqchk_success,experiments/kernel_replay_v65_stdlib_interop/logs/V65_BATCH.coqchk.log,1,accepted_kernel_checked
V65,standard-library interop,130,V65_LIST_REVERSE_030,V65_LIST_REVERSE_030,experiments/kernel_replay_v65_stdlib_interop/coq/V65_LIST_REVERSE_030.v,1,accept,kernel_success,coqchk_success,experiments/kernel_replay_v65_stdlib_interop/logs/V65_BATCH.coqchk.log,1,accepted_kernel_checked
V65,standard-library interop,131,V65_LIST_REVERSE_031,V65_LIST_REVERSE_031,experiments/kernel_replay_v65_stdlib_interop/coq/V65_LIST_REVERSE_031.v,1,accept,kernel_success,coqchk_success,experiments/kernel_replay_v65_stdlib_interop/logs/V65_BATCH.coqchk.log,1,accepted_kernel_checked
V65,standard-library interop,132,V65_LIST_REVERSE_032,V65_LIST_REVERSE_032,experiments/kernel_replay_v65_stdlib_interop/coq/V65_LIST_REVERSE_032.v,1,accept,kernel_success,coqchk_success,experiments/kernel_replay_v65_stdlib_interop/logs/V65_BATCH.coqchk.log,1,accepted_kernel_checked
V65,standard-library interop,133,V65_LIST_REVERSE_033,V65_LIST_REVERSE_033,experiments/kernel_replay_v65_stdlib_interop/coq/V65_LIST_REVERSE_033.v,1,accept,kernel_success,coqchk_success,experiments/kernel_replay_v65_stdlib_interop/logs/V65_BATCH.coqchk.log,1,accepted_kernel_checked
V65,standard-library interop,134,V65_LIST_REVERSE_034,V65_LIST_REVERSE_034,experiments/kernel_replay_v65_stdlib_interop/coq/V65_LIST_REVERSE_034.v,1,accept,kernel_success,coqchk_success,experiments/kernel_replay_v65_stdlib_interop/logs/V65_BATCH.coqchk.log,1,accepted_kernel_checked
V65,standard-library interop,135,V65_LIST_REVERSE_035,V65_LIST_REVERSE_035,experiments/kernel_replay_v65_stdlib_interop/coq/V65_LIST_REVERSE_035.v,1,accept,kernel_success,coqchk_success,experiments/kernel_replay_v65_stdlib_interop/logs/V65_BATCH.coqchk.log,1,accepted_kernel_checked
V65,standard-library interop,136,V65_LIST_REVERSE_036,V65_LIST_REVERSE_036,experiments/kernel_replay_v65_stdlib_interop/coq/V65_LIST_REVERSE_036.v,1,accept,kernel_success,coqchk_success,experiments/kernel_replay_v65_stdlib_interop/logs/V65_BATCH.coqchk.log,1,accepted_kernel_checked
V65,standard-library interop,137,V65_LIST_REVERSE_037,V65_LIST_REVERSE_037,experiments/kernel_replay_v65_stdlib_interop/coq/V65_LIST_REVERSE_037.v,1,accept,kernel_success,coqchk_success,experiments/kernel_replay_v65_stdlib_interop/logs/V65_BATCH.coqchk.log,1,accepted_kernel_checked
V65,standard-library interop,138,V65_LIST_REVERSE_038,V65_LIST_REVERSE_038,experiments/kernel_replay_v65_stdlib_interop/coq/V65_LIST_REVERSE_038.v,1,accept,kernel_success,coqchk_success,experiments/kernel_replay_v65_stdlib_interop/logs/V65_BATCH.coqchk.log,1,accepted_kernel_checked
V65,standard-library interop,139,V65_LIST_REVERSE_039,V65_LIST_REVERSE_039,experiments/kernel_replay_v65_stdlib_interop/coq/V65_LIST_REVERSE_039.v,1,accept,kernel_success,coqchk_success,experiments/kernel_replay_v65_stdlib_interop/logs/V65_BATCH.coqchk.log,1,accepted_kernel_checked
V65,standard-library interop,140,V65_LIST_REVERSE_040,V65_LIST_REVERSE_040,experiments/kernel_replay_v65_stdlib_interop/coq/V65_LIST_REVERSE_040.v,1,accept,kernel_success,coqchk_success,experiments/kernel_replay_v65_stdlib_interop/logs/V65_BATCH.coqchk.log,1,accepted_kernel_checked
V65,standard-library interop,141,V65_LIST_REVERSE_041,V65_LIST_REVERSE_041,experiments/kernel_replay_v65_stdlib_interop/coq/V65_LIST_REVERSE_041.v,1,accept,kernel_success,coqchk_success,experiments/kernel_replay_v65_stdlib_interop/logs/V65_BATCH.coqchk.log,1,accepted_kernel_checked
V65,standard-library interop,142,V65_LIST_REVERSE_042,V65_LIST_REVERSE_042,experiments/kernel_replay_v65_stdlib_interop/coq/V65_LIST_REVERSE_042.v,1,accept,kernel_success,coqchk_success,experiments/kernel_replay_v65_stdlib_interop/logs/V65_BATCH.coqchk.log,1,accepted_kernel_checked
V65,standard-library interop,143,V65_LIST_REVERSE_043,V65_LIST_REVERSE_043,experiments/kernel_replay_v65_stdlib_interop/coq/V65_LIST_REVERSE_043.v,1,accept,kernel_success,coqchk_success,experiments/kernel_replay_v65_stdlib_interop/logs/V65_BATCH.coqchk.log,1,accepted_kernel_checked
V65,standard-library interop,144,V65_LIST_REVERSE_044,V65_LIST_REVERSE_044,experiments/kernel_replay_v65_stdlib_interop/coq/V65_LIST_REVERSE_044.v,1,accept,kernel_success,coqchk_success,experiments/kernel_replay_v65_stdlib_interop/logs/V65_BATCH.coqchk.log,1,accepted_kernel_checked
V65,standard-library interop,145,V65_LIST_REVERSE_045,V65_LIST_REVERSE_045,experiments/kernel_replay_v65_stdlib_interop/coq/V65_LIST_REVERSE_045.v,1,accept,kernel_success,coqchk_success,experiments/kernel_replay_v65_stdlib_interop/logs/V65_BATCH.coqchk.log,1,accepted_kernel_checked
V65,standard-library interop,146,V65_LIST_REVERSE_046,V65_LIST_REVERSE_046,experiments/kernel_replay_v65_stdlib_interop/coq/V65_LIST_REVERSE_046.v,1,accept,kernel_success,coqchk_success,experiments/kernel_replay_v65_stdlib_interop/logs/V65_BATCH.coqchk.log,1,accepted_kernel_checked
V65,standard-library interop,147,V65_LIST_REVERSE_047,V65_LIST_REVERSE_047,experiments/kernel_replay_v65_stdlib_interop/coq/V65_LIST_REVERSE_047.v,1,accept,kernel_success,coqchk_success,experiments/kernel_replay_v65_stdlib_interop/logs/V65_BATCH.coqchk.log,1,accepted_kernel_checked
V65,standard-library interop,148,V65_LIST_REVERSE_048,V65_LIST_REVERSE_048,experiments/kernel_replay_v65_stdlib_interop/coq/V65_LIST_REVERSE_048.v,1,accept,kernel_success,coqchk_success,experiments/kernel_replay_v65_stdlib_interop/logs/V65_BATCH.coqchk.log,1,accepted_kernel_checked
V65,standard-library interop,149,V65_LIST_REVERSE_049,V65_LIST_REVERSE_049,experiments/kernel_replay_v65_stdlib_interop/coq/V65_LIST_REVERSE_049.v,1,accept,kernel_success,coqchk_success,experiments/kernel_replay_v65_stdlib_interop/logs/V65_BATCH.coqchk.log,1,accepted_kernel_checked
V65,standard-library interop,150,V65_LIST_REVERSE_050,V65_LIST_REVERSE_050,experiments/kernel_replay_v65_stdlib_interop/coq/V65_LIST_REVERSE_050.v,1,accept,kernel_success,coqchk_success,experiments/kernel_replay_v65_stdlib_interop/logs/V65_BATCH.coqchk.log,1,accepted_kernel_checked
V65,standard-library interop,151,V65_BOOL_NEGATION_001,V65_BOOL_NEGATION_001,experiments/kernel_replay_v65_stdlib_interop/coq/V65_BOOL_NEGATION_001.v,1,accept,kernel_success,coqchk_success,experiments/kernel_replay_v65_stdlib_interop/logs/V65_BATCH.coqchk.log,1,accepted_kernel_checked
V65,standard-library interop,152,V65_BOOL_NEGATION_002,V65_BOOL_NEGATION_002,experiments/kernel_replay_v65_stdlib_interop/coq/V65_BOOL_NEGATION_002.v,1,accept,kernel_success,coqchk_success,experiments/kernel_replay_v65_stdlib_interop/logs/V65_BATCH.coqchk.log,1,accepted_kernel_checked
V65,standard-library interop,153,V65_BOOL_NEGATION_003,V65_BOOL_NEGATION_003,experiments/kernel_replay_v65_stdlib_interop/coq/V65_BOOL_NEGATION_003.v,1,accept,kernel_success,coqchk_success,experiments/kernel_replay_v65_stdlib_interop/logs/V65_BATCH.coqchk.log,1,accepted_kernel_checked
V65,standard-library interop,154,V65_BOOL_NEGATION_004,V65_BOOL_NEGATION_004,experiments/kernel_replay_v65_stdlib_interop/coq/V65_BOOL_NEGATION_004.v,1,accept,kernel_success,coqchk_success,experiments/kernel_replay_v65_stdlib_interop/logs/V65_BATCH.coqchk.log,1,accepted_kernel_checked
V65,standard-library interop,155,V65_BOOL_NEGATION_005,V65_BOOL_NEGATION_005,experiments/kernel_replay_v65_stdlib_interop/coq/V65_BOOL_NEGATION_005.v,1,accept,kernel_success,coqchk_success,experiments/kernel_replay_v65_stdlib_interop/logs/V65_BATCH.coqchk.log,1,accepted_kernel_checked
V65,standard-library interop,156,V65_BOOL_NEGATION_006,V65_BOOL_NEGATION_006,experiments/kernel_replay_v65_stdlib_interop/coq/V65_BOOL_NEGATION_006.v,1,accept,kernel_success,coqchk_success,experiments/kernel_replay_v65_stdlib_interop/logs/V65_BATCH.coqchk.log,1,accepted_kernel_checked
V65,standard-library interop,157,V65_BOOL_NEGATION_007,V65_BOOL_NEGATION_007,experiments/kernel_replay_v65_stdlib_interop/coq/V65_BOOL_NEGATION_007.v,1,accept,kernel_success,coqchk_success,experiments/kernel_replay_v65_stdlib_interop/logs/V65_BATCH.coqchk.log,1,accepted_kernel_checked
V65,standard-library interop,158,V65_BOOL_NEGATION_008,V65_BOOL_NEGATION_008,experiments/kernel_replay_v65_stdlib_interop/coq/V65_BOOL_NEGATION_008.v,1,accept,kernel_success,coqchk_success,experiments/kernel_replay_v65_stdlib_interop/logs/V65_BATCH.coqchk.log,1,accepted_kernel_checked
V65,standard-library interop,159,V65_BOOL_NEGATION_009,V65_BOOL_NEGATION_009,experiments/kernel_replay_v65_stdlib_interop/coq/V65_BOOL_NEGATION_009.v,1,accept,kernel_success,coqchk_success,experiments/kernel_replay_v65_stdlib_interop/logs/V65_BATCH.coqchk.log,1,accepted_kernel_checked
V65,standard-library interop,160,V65_BOOL_NEGATION_010,V65_BOOL_NEGATION_010,experiments/kernel_replay_v65_stdlib_interop/coq/V65_BOOL_NEGATION_010.v,1,accept,kernel_success,coqchk_success,experiments/kernel_replay_v65_stdlib_interop/logs/V65_BATCH.coqchk.log,1,accepted_kernel_checked
V65,standard-library interop,161,V65_BOOL_NEGATION_011,V65_BOOL_NEGATION_011,experiments/kernel_replay_v65_stdlib_interop/coq/V65_BOOL_NEGATION_011.v,1,accept,kernel_success,coqchk_success,experiments/kernel_replay_v65_stdlib_interop/logs/V65_BATCH.coqchk.log,1,accepted_kernel_checked
V65,standard-library interop,162,V65_BOOL_NEGATION_012,V65_BOOL_NEGATION_012,experiments/kernel_replay_v65_stdlib_interop/coq/V65_BOOL_NEGATION_012.v,1,accept,kernel_success,coqchk_success,experiments/kernel_replay_v65_stdlib_interop/logs/V65_BATCH.coqchk.log,1,accepted_kernel_checked
V65,standard-library interop,163,V65_BOOL_NEGATION_013,V65_BOOL_NEGATION_013,experiments/kernel_replay_v65_stdlib_interop/coq/V65_BOOL_NEGATION_013.v,1,accept,kernel_success,coqchk_success,experiments/kernel_replay_v65_stdlib_interop/logs/V65_BATCH.coqchk.log,1,accepted_kernel_checked
V65,standard-library interop,164,V65_BOOL_NEGATION_014,V65_BOOL_NEGATION_014,experiments/kernel_replay_v65_stdlib_interop/coq/V65_BOOL_NEGATION_014.v,1,accept,kernel_success,coqchk_success,experiments/kernel_replay_v65_stdlib_interop/logs/V65_BATCH.coqchk.log,1,accepted_kernel_checked
V65,standard-library interop,165,V65_BOOL_NEGATION_015,V65_BOOL_NEGATION_015,experiments/kernel_replay_v65_stdlib_interop/coq/V65_BOOL_NEGATION_015.v,1,accept,kernel_success,coqchk_success,experiments/kernel_replay_v65_stdlib_interop/logs/V65_BATCH.coqchk.log,1,accepted_kernel_checked
V65,standard-library interop,166,V65_BOOL_NEGATION_016,V65_BOOL_NEGATION_016,experiments/kernel_replay_v65_stdlib_interop/coq/V65_BOOL_NEGATION_016.v,1,accept,kernel_success,coqchk_success,experiments/kernel_replay_v65_stdlib_interop/logs/V65_BATCH.coqchk.log,1,accepted_kernel_checked
V65,standard-library interop,167,V65_BOOL_NEGATION_017,V65_BOOL_NEGATION_017,experiments/kernel_replay_v65_stdlib_interop/coq/V65_BOOL_NEGATION_017.v,1,accept,kernel_success,coqchk_success,experiments/kernel_replay_v65_stdlib_interop/logs/V65_BATCH.coqchk.log,1,accepted_kernel_checked
V65,standard-library interop,168,V65_BOOL_NEGATION_018,V65_BOOL_NEGATION_018,experiments/kernel_replay_v65_stdlib_interop/coq/V65_BOOL_NEGATION_018.v,1,accept,kernel_success,coqchk_success,experiments/kernel_replay_v65_stdlib_interop/logs/V65_BATCH.coqchk.log,1,accepted_kernel_checked
V65,standard-library interop,169,V65_BOOL_NEGATION_019,V65_BOOL_NEGATION_019,experiments/kernel_replay_v65_stdlib_interop/coq/V65_BOOL_NEGATION_019.v,1,accept,kernel_success,coqchk_success,experiments/kernel_replay_v65_stdlib_interop/logs/V65_BATCH.coqchk.log,1,accepted_kernel_checked
V65,standard-library interop,170,V65_BOOL_NEGATION_020,V65_BOOL_NEGATION_020,experiments/kernel_replay_v65_stdlib_interop/coq/V65_BOOL_NEGATION_020.v,1,accept,kernel_success,coqchk_success,experiments/kernel_replay_v65_stdlib_interop/logs/V65_BATCH.coqchk.log,1,accepted_kernel_checked
V65,standard-library interop,171,V65_BOOL_NEGATION_021,V65_BOOL_NEGATION_021,experiments/kernel_replay_v65_stdlib_interop/coq/V65_BOOL_NEGATION_021.v,1,accept,kernel_success,coqchk_success,experiments/kernel_replay_v65_stdlib_interop/logs/V65_BATCH.coqchk.log,1,accepted_kernel_checked
V65,standard-library interop,172,V65_BOOL_NEGATION_022,V65_BOOL_NEGATION_022,experiments/kernel_replay_v65_stdlib_interop/coq/V65_BOOL_NEGATION_022.v,1,accept,kernel_success,coqchk_success,experiments/kernel_replay_v65_stdlib_interop/logs/V65_BATCH.coqchk.log,1,accepted_kernel_checked
V65,standard-library interop,173,V65_BOOL_NEGATION_023,V65_BOOL_NEGATION_023,experiments/kernel_replay_v65_stdlib_interop/coq/V65_BOOL_NEGATION_023.v,1,accept,kernel_success,coqchk_success,experiments/kernel_replay_v65_stdlib_interop/logs/V65_BATCH.coqchk.log,1,accepted_kernel_checked
V65,standard-library interop,174,V65_BOOL_NEGATION_024,V65_BOOL_NEGATION_024,experiments/kernel_replay_v65_stdlib_interop/coq/V65_BOOL_NEGATION_024.v,1,accept,kernel_success,coqchk_success,experiments/kernel_replay_v65_stdlib_interop/logs/V65_BATCH.coqchk.log,1,accepted_kernel_checked
V65,standard-library interop,175,V65_BOOL_NEGATION_025,V65_BOOL_NEGATION_025,experiments/kernel_replay_v65_stdlib_interop/coq/V65_BOOL_NEGATION_025.v,1,accept,kernel_success,coqchk_success,experiments/kernel_replay_v65_stdlib_interop/logs/V65_BATCH.coqchk.log,1,accepted_kernel_checked
V65,standard-library interop,176,V65_BOOL_NEGATION_026,V65_BOOL_NEGATION_026,experiments/kernel_replay_v65_stdlib_interop/coq/V65_BOOL_NEGATION_026.v,1,accept,kernel_success,coqchk_success,experiments/kernel_replay_v65_stdlib_interop/logs/V65_BATCH.coqchk.log,1,accepted_kernel_checked
V65,standard-library interop,177,V65_BOOL_NEGATION_027,V65_BOOL_NEGATION_027,experiments/kernel_replay_v65_stdlib_interop/coq/V65_BOOL_NEGATION_027.v,1,accept,kernel_success,coqchk_success,experiments/kernel_replay_v65_stdlib_interop/logs/V65_BATCH.coqchk.log,1,accepted_kernel_checked
V65,standard-library interop,178,V65_BOOL_NEGATION_028,V65_BOOL_NEGATION_028,experiments/kernel_replay_v65_stdlib_interop/coq/V65_BOOL_NEGATION_028.v,1,accept,kernel_success,coqchk_success,experiments/kernel_replay_v65_stdlib_interop/logs/V65_BATCH.coqchk.log,1,accepted_kernel_checked
V65,standard-library interop,179,V65_BOOL_NEGATION_029,V65_BOOL_NEGATION_029,experiments/kernel_replay_v65_stdlib_interop/coq/V65_BOOL_NEGATION_029.v,1,accept,kernel_success,coqchk_success,experiments/kernel_replay_v65_stdlib_interop/logs/V65_BATCH.coqchk.log,1,accepted_kernel_checked
V65,standard-library interop,180,V65_BOOL_NEGATION_030,V65_BOOL_NEGATION_030,experiments/kernel_replay_v65_stdlib_interop/coq/V65_BOOL_NEGATION_030.v,1,accept,kernel_success,coqchk_success,experiments/kernel_replay_v65_stdlib_interop/logs/V65_BATCH.coqchk.log,1,accepted_kernel_checked
V65,standard-library interop,181,V65_BOOL_NEGATION_031,V65_BOOL_NEGATION_031,experiments/kernel_replay_v65_stdlib_interop/coq/V65_BOOL_NEGATION_031.v,1,accept,kernel_success,coqchk_success,experiments/kernel_replay_v65_stdlib_interop/logs/V65_BATCH.coqchk.log,1,accepted_kernel_checked
V65,standard-library interop,182,V65_BOOL_NEGATION_032,V65_BOOL_NEGATION_032,experiments/kernel_replay_v65_stdlib_interop/coq/V65_BOOL_NEGATION_032.v,1,accept,kernel_success,coqchk_success,experiments/kernel_replay_v65_stdlib_interop/logs/V65_BATCH.coqchk.log,1,accepted_kernel_checked
V65,standard-library interop,183,V65_BOOL_NEGATION_033,V65_BOOL_NEGATION_033,experiments/kernel_replay_v65_stdlib_interop/coq/V65_BOOL_NEGATION_033.v,1,accept,kernel_success,coqchk_success,experiments/kernel_replay_v65_stdlib_interop/logs/V65_BATCH.coqchk.log,1,accepted_kernel_checked
V65,standard-library interop,184,V65_BOOL_NEGATION_034,V65_BOOL_NEGATION_034,experiments/kernel_replay_v65_stdlib_interop/coq/V65_BOOL_NEGATION_034.v,1,accept,kernel_success,coqchk_success,experiments/kernel_replay_v65_stdlib_interop/logs/V65_BATCH.coqchk.log,1,accepted_kernel_checked
V65,standard-library interop,185,V65_BOOL_NEGATION_035,V65_BOOL_NEGATION_035,experiments/kernel_replay_v65_stdlib_interop/coq/V65_BOOL_NEGATION_035.v,1,accept,kernel_success,coqchk_success,experiments/kernel_replay_v65_stdlib_interop/logs/V65_BATCH.coqchk.log,1,accepted_kernel_checked
V65,standard-library interop,186,V65_BOOL_NEGATION_036,V65_BOOL_NEGATION_036,experiments/kernel_replay_v65_stdlib_interop/coq/V65_BOOL_NEGATION_036.v,1,accept,kernel_success,coqchk_success,experiments/kernel_replay_v65_stdlib_interop/logs/V65_BATCH.coqchk.log,1,accepted_kernel_checked
V65,standard-library interop,187,V65_BOOL_NEGATION_037,V65_BOOL_NEGATION_037,experiments/kernel_replay_v65_stdlib_interop/coq/V65_BOOL_NEGATION_037.v,1,accept,kernel_success,coqchk_success,experiments/kernel_replay_v65_stdlib_interop/logs/V65_BATCH.coqchk.log,1,accepted_kernel_checked
V65,standard-library interop,188,V65_BOOL_NEGATION_038,V65_BOOL_NEGATION_038,experiments/kernel_replay_v65_stdlib_interop/coq/V65_BOOL_NEGATION_038.v,1,accept,kernel_success,coqchk_success,experiments/kernel_replay_v65_stdlib_interop/logs/V65_BATCH.coqchk.log,1,accepted_kernel_checked
V65,standard-library interop,189,V65_BOOL_NEGATION_039,V65_BOOL_NEGATION_039,experiments/kernel_replay_v65_stdlib_interop/coq/V65_BOOL_NEGATION_039.v,1,accept,kernel_success,coqchk_success,experiments/kernel_replay_v65_stdlib_interop/logs/V65_BATCH.coqchk.log,1,accepted_kernel_checked
V65,standard-library interop,190,V65_BOOL_NEGATION_040,V65_BOOL_NEGATION_040,experiments/kernel_replay_v65_stdlib_interop/coq/V65_BOOL_NEGATION_040.v,1,accept,kernel_success,coqchk_success,experiments/kernel_replay_v65_stdlib_interop/logs/V65_BATCH.coqchk.log,1,accepted_kernel_checked
V65,standard-library interop,191,V65_BOOL_NEGATION_041,V65_BOOL_NEGATION_041,experiments/kernel_replay_v65_stdlib_interop/coq/V65_BOOL_NEGATION_041.v,1,accept,kernel_success,coqchk_success,experiments/kernel_replay_v65_stdlib_interop/logs/V65_BATCH.coqchk.log,1,accepted_kernel_checked
V65,standard-library interop,192,V65_BOOL_NEGATION_042,V65_BOOL_NEGATION_042,experiments/kernel_replay_v65_stdlib_interop/coq/V65_BOOL_NEGATION_042.v,1,accept,kernel_success,coqchk_success,experiments/kernel_replay_v65_stdlib_interop/logs/V65_BATCH.coqchk.log,1,accepted_kernel_checked
V65,standard-library interop,193,V65_BOOL_NEGATION_043,V65_BOOL_NEGATION_043,experiments/kernel_replay_v65_stdlib_interop/coq/V65_BOOL_NEGATION_043.v,1,accept,kernel_success,coqchk_success,experiments/kernel_replay_v65_stdlib_interop/logs/V65_BATCH.coqchk.log,1,accepted_kernel_checked
V65,standard-library interop,194,V65_BOOL_NEGATION_044,V65_BOOL_NEGATION_044,experiments/kernel_replay_v65_stdlib_interop/coq/V65_BOOL_NEGATION_044.v,1,accept,kernel_success,coqchk_success,experiments/kernel_replay_v65_stdlib_interop/logs/V65_BATCH.coqchk.log,1,accepted_kernel_checked
V65,standard-library interop,195,V65_BOOL_NEGATION_045,V65_BOOL_NEGATION_045,experiments/kernel_replay_v65_stdlib_interop/coq/V65_BOOL_NEGATION_045.v,1,accept,kernel_success,coqchk_success,experiments/kernel_replay_v65_stdlib_interop/logs/V65_BATCH.coqchk.log,1,accepted_kernel_checked
V65,standard-library interop,196,V65_BOOL_NEGATION_046,V65_BOOL_NEGATION_046,experiments/kernel_replay_v65_stdlib_interop/coq/V65_BOOL_NEGATION_046.v,1,accept,kernel_success,coqchk_success,experiments/kernel_replay_v65_stdlib_interop/logs/V65_BATCH.coqchk.log,1,accepted_kernel_checked
V65,standard-library interop,197,V65_BOOL_NEGATION_047,V65_BOOL_NEGATION_047,experiments/kernel_replay_v65_stdlib_interop/coq/V65_BOOL_NEGATION_047.v,1,accept,kernel_success,coqchk_success,experiments/kernel_replay_v65_stdlib_interop/logs/V65_BATCH.coqchk.log,1,accepted_kernel_checked
V65,standard-library interop,198,V65_BOOL_NEGATION_048,V65_BOOL_NEGATION_048,experiments/kernel_replay_v65_stdlib_interop/coq/V65_BOOL_NEGATION_048.v,1,accept,kernel_success,coqchk_success,experiments/kernel_replay_v65_stdlib_interop/logs/V65_BATCH.coqchk.log,1,accepted_kernel_checked
V65,standard-library interop,199,V65_BOOL_NEGATION_049,V65_BOOL_NEGATION_049,experiments/kernel_replay_v65_stdlib_interop/coq/V65_BOOL_NEGATION_049.v,1,accept,kernel_success,coqchk_success,experiments/kernel_replay_v65_stdlib_interop/logs/V65_BATCH.coqchk.log,1,accepted_kernel_checked
V65,standard-library interop,200,V65_BOOL_NEGATION_050,V65_BOOL_NEGATION_050,experiments/kernel_replay_v65_stdlib_interop/coq/V65_BOOL_NEGATION_050.v,1,accept,kernel_success,coqchk_success,experiments/kernel_replay_v65_stdlib_interop/logs/V65_BATCH.coqchk.log,1,accepted_kernel_checked
V65,standard-library interop,201,V65_NAT_ADD_001,V65_NAT_ADD_001,experiments/kernel_replay_v65_stdlib_interop/coq/V65_NAT_ADD_001.v,1,accept,kernel_success,coqchk_success,experiments/kernel_replay_v65_stdlib_interop/logs/V65_BATCH.coqchk.log,1,accepted_kernel_checked
V65,standard-library interop,202,V65_NAT_ADD_002,V65_NAT_ADD_002,experiments/kernel_replay_v65_stdlib_interop/coq/V65_NAT_ADD_002.v,1,accept,kernel_success,coqchk_success,experiments/kernel_replay_v65_stdlib_interop/logs/V65_BATCH.coqchk.log,1,accepted_kernel_checked
V65,standard-library interop,203,V65_NAT_ADD_003,V65_NAT_ADD_003,experiments/kernel_replay_v65_stdlib_interop/coq/V65_NAT_ADD_003.v,1,accept,kernel_success,coqchk_success,experiments/kernel_replay_v65_stdlib_interop/logs/V65_BATCH.coqchk.log,1,accepted_kernel_checked
V65,standard-library interop,204,V65_NAT_ADD_004,V65_NAT_ADD_004,experiments/kernel_replay_v65_stdlib_interop/coq/V65_NAT_ADD_004.v,1,accept,kernel_success,coqchk_success,experiments/kernel_replay_v65_stdlib_interop/logs/V65_BATCH.coqchk.log,1,accepted_kernel_checked
V65,standard-library interop,205,V65_NAT_ADD_005,V65_NAT_ADD_005,experiments/kernel_replay_v65_stdlib_interop/coq/V65_NAT_ADD_005.v,1,accept,kernel_success,coqchk_success,experiments/kernel_replay_v65_stdlib_interop/logs/V65_BATCH.coqchk.log,1,accepted_kernel_checked
V65,standard-library interop,206,V65_NAT_ADD_006,V65_NAT_ADD_006,experiments/kernel_replay_v65_stdlib_interop/coq/V65_NAT_ADD_006.v,1,accept,kernel_success,coqchk_success,experiments/kernel_replay_v65_stdlib_interop/logs/V65_BATCH.coqchk.log,1,accepted_kernel_checked
V65,standard-library interop,207,V65_NAT_ADD_007,V65_NAT_ADD_007,experiments/kernel_replay_v65_stdlib_interop/coq/V65_NAT_ADD_007.v,1,accept,kernel_success,coqchk_success,experiments/kernel_replay_v65_stdlib_interop/logs/V65_BATCH.coqchk.log,1,accepted_kernel_checked
V65,standard-library interop,208,V65_NAT_ADD_008,V65_NAT_ADD_008,experiments/kernel_replay_v65_stdlib_interop/coq/V65_NAT_ADD_008.v,1,accept,kernel_success,coqchk_success,experiments/kernel_replay_v65_stdlib_interop/logs/V65_BATCH.coqchk.log,1,accepted_kernel_checked
V65,standard-library interop,209,V65_NAT_ADD_009,V65_NAT_ADD_009,experiments/kernel_replay_v65_stdlib_interop/coq/V65_NAT_ADD_009.v,1,accept,kernel_success,coqchk_success,experiments/kernel_replay_v65_stdlib_interop/logs/V65_BATCH.coqchk.log,1,accepted_kernel_checked
V65,standard-library interop,210,V65_NAT_ADD_010,V65_NAT_ADD_010,experiments/kernel_replay_v65_stdlib_interop/coq/V65_NAT_ADD_010.v,1,accept,kernel_success,coqchk_success,experiments/kernel_replay_v65_stdlib_interop/logs/V65_BATCH.coqchk.log,1,accepted_kernel_checked
V65,standard-library interop,211,V65_NAT_ADD_011,V65_NAT_ADD_011,experiments/kernel_replay_v65_stdlib_interop/coq/V65_NAT_ADD_011.v,1,accept,kernel_success,coqchk_success,experiments/kernel_replay_v65_stdlib_interop/logs/V65_BATCH.coqchk.log,1,accepted_kernel_checked
V65,standard-library interop,212,V65_NAT_ADD_012,V65_NAT_ADD_012,experiments/kernel_replay_v65_stdlib_interop/coq/V65_NAT_ADD_012.v,1,accept,kernel_success,coqchk_success,experiments/kernel_replay_v65_stdlib_interop/logs/V65_BATCH.coqchk.log,1,accepted_kernel_checked
V65,standard-library interop,213,V65_NAT_ADD_013,V65_NAT_ADD_013,experiments/kernel_replay_v65_stdlib_interop/coq/V65_NAT_ADD_013.v,1,accept,kernel_success,coqchk_success,experiments/kernel_replay_v65_stdlib_interop/logs/V65_BATCH.coqchk.log,1,accepted_kernel_checked
V65,standard-library interop,214,V65_NAT_ADD_014,V65_NAT_ADD_014,experiments/kernel_replay_v65_stdlib_interop/coq/V65_NAT_ADD_014.v,1,accept,kernel_success,coqchk_success,experiments/kernel_replay_v65_stdlib_interop/logs/V65_BATCH.coqchk.log,1,accepted_kernel_checked
V65,standard-library interop,215,V65_NAT_ADD_015,V65_NAT_ADD_015,experiments/kernel_replay_v65_stdlib_interop/coq/V65_NAT_ADD_015.v,1,accept,kernel_success,coqchk_success,experiments/kernel_replay_v65_stdlib_interop/logs/V65_BATCH.coqchk.log,1,accepted_kernel_checked
V65,standard-library interop,216,V65_NAT_ADD_016,V65_NAT_ADD_016,experiments/kernel_replay_v65_stdlib_interop/coq/V65_NAT_ADD_016.v,1,accept,kernel_success,coqchk_success,experiments/kernel_replay_v65_stdlib_interop/logs/V65_BATCH.coqchk.log,1,accepted_kernel_checked
V65,standard-library interop,217,V65_NAT_ADD_017,V65_NAT_ADD_017,experiments/kernel_replay_v65_stdlib_interop/coq/V65_NAT_ADD_017.v,1,accept,kernel_success,coqchk_success,experiments/kernel_replay_v65_stdlib_interop/logs/V65_BATCH.coqchk.log,1,accepted_kernel_checked
V65,standard-library interop,218,V65_NAT_ADD_018,V65_NAT_ADD_018,experiments/kernel_replay_v65_stdlib_interop/coq/V65_NAT_ADD_018.v,1,accept,kernel_success,coqchk_success,experiments/kernel_replay_v65_stdlib_interop/logs/V65_BATCH.coqchk.log,1,accepted_kernel_checked
V65,standard-library interop,219,V65_NAT_ADD_019,V65_NAT_ADD_019,experiments/kernel_replay_v65_stdlib_interop/coq/V65_NAT_ADD_019.v,1,accept,kernel_success,coqchk_success,experiments/kernel_replay_v65_stdlib_interop/logs/V65_BATCH.coqchk.log,1,accepted_kernel_checked
V65,standard-library interop,220,V65_NAT_ADD_020,V65_NAT_ADD_020,experiments/kernel_replay_v65_stdlib_interop/coq/V65_NAT_ADD_020.v,1,accept,kernel_success,coqchk_success,experiments/kernel_replay_v65_stdlib_interop/logs/V65_BATCH.coqchk.log,1,accepted_kernel_checked
V65,standard-library interop,221,V65_NAT_ADD_021,V65_NAT_ADD_021,experiments/kernel_replay_v65_stdlib_interop/coq/V65_NAT_ADD_021.v,1,accept,kernel_success,coqchk_success,experiments/kernel_replay_v65_stdlib_interop/logs/V65_BATCH.coqchk.log,1,accepted_kernel_checked
V65,standard-library interop,222,V65_NAT_ADD_022,V65_NAT_ADD_022,experiments/kernel_replay_v65_stdlib_interop/coq/V65_NAT_ADD_022.v,1,accept,kernel_success,coqchk_success,experiments/kernel_replay_v65_stdlib_interop/logs/V65_BATCH.coqchk.log,1,accepted_kernel_checked
V65,standard-library interop,223,V65_NAT_ADD_023,V65_NAT_ADD_023,experiments/kernel_replay_v65_stdlib_interop/coq/V65_NAT_ADD_023.v,1,accept,kernel_success,coqchk_success,experiments/kernel_replay_v65_stdlib_interop/logs/V65_BATCH.coqchk.log,1,accepted_kernel_checked
V65,standard-library interop,224,V65_NAT_ADD_024,V65_NAT_ADD_024,experiments/kernel_replay_v65_stdlib_interop/coq/V65_NAT_ADD_024.v,1,accept,kernel_success,coqchk_success,experiments/kernel_replay_v65_stdlib_interop/logs/V65_BATCH.coqchk.log,1,accepted_kernel_checked
V65,standard-library interop,225,V65_NAT_ADD_025,V65_NAT_ADD_025,experiments/kernel_replay_v65_stdlib_interop/coq/V65_NAT_ADD_025.v,1,accept,kernel_success,coqchk_success,experiments/kernel_replay_v65_stdlib_interop/logs/V65_BATCH.coqchk.log,1,accepted_kernel_checked
V65,standard-library interop,226,V65_NAT_ADD_026,V65_NAT_ADD_026,experiments/kernel_replay_v65_stdlib_interop/coq/V65_NAT_ADD_026.v,1,accept,kernel_success,coqchk_success,experiments/kernel_replay_v65_stdlib_interop/logs/V65_BATCH.coqchk.log,1,accepted_kernel_checked
V65,standard-library interop,227,V65_NAT_ADD_027,V65_NAT_ADD_027,experiments/kernel_replay_v65_stdlib_interop/coq/V65_NAT_ADD_027.v,1,accept,kernel_success,coqchk_success,experiments/kernel_replay_v65_stdlib_interop/logs/V65_BATCH.coqchk.log,1,accepted_kernel_checked
V65,standard-library interop,228,V65_NAT_ADD_028,V65_NAT_ADD_028,experiments/kernel_replay_v65_stdlib_interop/coq/V65_NAT_ADD_028.v,1,accept,kernel_success,coqchk_success,experiments/kernel_replay_v65_stdlib_interop/logs/V65_BATCH.coqchk.log,1,accepted_kernel_checked
V65,standard-library interop,229,V65_NAT_ADD_029,V65_NAT_ADD_029,experiments/kernel_replay_v65_stdlib_interop/coq/V65_NAT_ADD_029.v,1,accept,kernel_success,coqchk_success,experiments/kernel_replay_v65_stdlib_interop/logs/V65_BATCH.coqchk.log,1,accepted_kernel_checked
V65,standard-library interop,230,V65_NAT_ADD_030,V65_NAT_ADD_030,experiments/kernel_replay_v65_stdlib_interop/coq/V65_NAT_ADD_030.v,1,accept,kernel_success,coqchk_success,experiments/kernel_replay_v65_stdlib_interop/logs/V65_BATCH.coqchk.log,1,accepted_kernel_checked
V65,standard-library interop,231,V65_NAT_ADD_031,V65_NAT_ADD_031,experiments/kernel_replay_v65_stdlib_interop/coq/V65_NAT_ADD_031.v,1,accept,kernel_success,coqchk_success,experiments/kernel_replay_v65_stdlib_interop/logs/V65_BATCH.coqchk.log,1,accepted_kernel_checked
V65,standard-library interop,232,V65_NAT_ADD_032,V65_NAT_ADD_032,experiments/kernel_replay_v65_stdlib_interop/coq/V65_NAT_ADD_032.v,1,accept,kernel_success,coqchk_success,experiments/kernel_replay_v65_stdlib_interop/logs/V65_BATCH.coqchk.log,1,accepted_kernel_checked
V65,standard-library interop,233,V65_NAT_ADD_033,V65_NAT_ADD_033,experiments/kernel_replay_v65_stdlib_interop/coq/V65_NAT_ADD_033.v,1,accept,kernel_success,coqchk_success,experiments/kernel_replay_v65_stdlib_interop/logs/V65_BATCH.coqchk.log,1,accepted_kernel_checked
V65,standard-library interop,234,V65_NAT_ADD_034,V65_NAT_ADD_034,experiments/kernel_replay_v65_stdlib_interop/coq/V65_NAT_ADD_034.v,1,accept,kernel_success,coqchk_success,experiments/kernel_replay_v65_stdlib_interop/logs/V65_BATCH.coqchk.log,1,accepted_kernel_checked
V65,standard-library interop,235,V65_NAT_ADD_035,V65_NAT_ADD_035,experiments/kernel_replay_v65_stdlib_interop/coq/V65_NAT_ADD_035.v,1,accept,kernel_success,coqchk_success,experiments/kernel_replay_v65_stdlib_interop/logs/V65_BATCH.coqchk.log,1,accepted_kernel_checked
V65,standard-library interop,236,V65_NAT_ADD_036,V65_NAT_ADD_036,experiments/kernel_replay_v65_stdlib_interop/coq/V65_NAT_ADD_036.v,1,accept,kernel_success,coqchk_success,experiments/kernel_replay_v65_stdlib_interop/logs/V65_BATCH.coqchk.log,1,accepted_kernel_checked
V65,standard-library interop,237,V65_NAT_ADD_037,V65_NAT_ADD_037,experiments/kernel_replay_v65_stdlib_interop/coq/V65_NAT_ADD_037.v,1,accept,kernel_success,coqchk_success,experiments/kernel_replay_v65_stdlib_interop/logs/V65_BATCH.coqchk.log,1,accepted_kernel_checked
V65,standard-library interop,238,V65_NAT_ADD_038,V65_NAT_ADD_038,experiments/kernel_replay_v65_stdlib_interop/coq/V65_NAT_ADD_038.v,1,accept,kernel_success,coqchk_success,experiments/kernel_replay_v65_stdlib_interop/logs/V65_BATCH.coqchk.log,1,accepted_kernel_checked
V65,standard-library interop,239,V65_NAT_ADD_039,V65_NAT_ADD_039,experiments/kernel_replay_v65_stdlib_interop/coq/V65_NAT_ADD_039.v,1,accept,kernel_success,coqchk_success,experiments/kernel_replay_v65_stdlib_interop/logs/V65_BATCH.coqchk.log,1,accepted_kernel_checked
V65,standard-library interop,240,V65_NAT_ADD_040,V65_NAT_ADD_040,experiments/kernel_replay_v65_stdlib_interop/coq/V65_NAT_ADD_040.v,1,accept,kernel_success,coqchk_success,experiments/kernel_replay_v65_stdlib_interop/logs/V65_BATCH.coqchk.log,1,accepted_kernel_checked
V65,standard-library interop,241,V65_NAT_ADD_041,V65_NAT_ADD_041,experiments/kernel_replay_v65_stdlib_interop/coq/V65_NAT_ADD_041.v,1,accept,kernel_success,coqchk_success,experiments/kernel_replay_v65_stdlib_interop/logs/V65_BATCH.coqchk.log,1,accepted_kernel_checked
V65,standard-library interop,242,V65_NAT_ADD_042,V65_NAT_ADD_042,experiments/kernel_replay_v65_stdlib_interop/coq/V65_NAT_ADD_042.v,1,accept,kernel_success,coqchk_success,experiments/kernel_replay_v65_stdlib_interop/logs/V65_BATCH.coqchk.log,1,accepted_kernel_checked
V65,standard-library interop,243,V65_NAT_ADD_043,V65_NAT_ADD_043,experiments/kernel_replay_v65_stdlib_interop/coq/V65_NAT_ADD_043.v,1,accept,kernel_success,coqchk_success,experiments/kernel_replay_v65_stdlib_interop/logs/V65_BATCH.coqchk.log,1,accepted_kernel_checked
V65,standard-library interop,244,V65_NAT_ADD_044,V65_NAT_ADD_044,experiments/kernel_replay_v65_stdlib_interop/coq/V65_NAT_ADD_044.v,1,accept,kernel_success,coqchk_success,experiments/kernel_replay_v65_stdlib_interop/logs/V65_BATCH.coqchk.log,1,accepted_kernel_checked
V65,standard-library interop,245,V65_NAT_ADD_045,V65_NAT_ADD_045,experiments/kernel_replay_v65_stdlib_interop/coq/V65_NAT_ADD_045.v,1,accept,kernel_success,coqchk_success,experiments/kernel_replay_v65_stdlib_interop/logs/V65_BATCH.coqchk.log,1,accepted_kernel_checked
V65,standard-library interop,246,V65_NAT_ADD_046,V65_NAT_ADD_046,experiments/kernel_replay_v65_stdlib_interop/coq/V65_NAT_ADD_046.v,1,accept,kernel_success,coqchk_success,experiments/kernel_replay_v65_stdlib_interop/logs/V65_BATCH.coqchk.log,1,accepted_kernel_checked
V65,standard-library interop,247,V65_NAT_ADD_047,V65_NAT_ADD_047,experiments/kernel_replay_v65_stdlib_interop/coq/V65_NAT_ADD_047.v,1,accept,kernel_success,coqchk_success,experiments/kernel_replay_v65_stdlib_interop/logs/V65_BATCH.coqchk.log,1,accepted_kernel_checked
V65,standard-library interop,248,V65_NAT_ADD_048,V65_NAT_ADD_048,experiments/kernel_replay_v65_stdlib_interop/coq/V65_NAT_ADD_048.v,1,accept,kernel_success,coqchk_success,experiments/kernel_replay_v65_stdlib_interop/logs/V65_BATCH.coqchk.log,1,accepted_kernel_checked
V65,standard-library interop,249,V65_NAT_ADD_049,V65_NAT_ADD_049,experiments/kernel_replay_v65_stdlib_interop/coq/V65_NAT_ADD_049.v,1,accept,kernel_success,coqchk_success,experiments/kernel_replay_v65_stdlib_interop/logs/V65_BATCH.coqchk.log,1,accepted_kernel_checked
V65,standard-library interop,250,V65_NAT_ADD_050,V65_NAT_ADD_050,experiments/kernel_replay_v65_stdlib_interop/coq/V65_NAT_ADD_050.v,1,accept,kernel_success,coqchk_success,experiments/kernel_replay_v65_stdlib_interop/logs/V65_BATCH.coqchk.log,1,accepted_kernel_checked
V65,standard-library interop,251,V65_NAT_MAX_001,V65_NAT_MAX_001,experiments/kernel_replay_v65_stdlib_interop/coq/V65_NAT_MAX_001.v,1,accept,kernel_success,coqchk_success,experiments/kernel_replay_v65_stdlib_interop/logs/V65_BATCH.coqchk.log,1,accepted_kernel_checked
V65,standard-library interop,252,V65_NAT_MAX_002,V65_NAT_MAX_002,experiments/kernel_replay_v65_stdlib_interop/coq/V65_NAT_MAX_002.v,1,accept,kernel_success,coqchk_success,experiments/kernel_replay_v65_stdlib_interop/logs/V65_BATCH.coqchk.log,1,accepted_kernel_checked
V65,standard-library interop,253,V65_NAT_MAX_003,V65_NAT_MAX_003,experiments/kernel_replay_v65_stdlib_interop/coq/V65_NAT_MAX_003.v,1,accept,kernel_success,coqchk_success,experiments/kernel_replay_v65_stdlib_interop/logs/V65_BATCH.coqchk.log,1,accepted_kernel_checked
V65,standard-library interop,254,V65_NAT_MAX_004,V65_NAT_MAX_004,experiments/kernel_replay_v65_stdlib_interop/coq/V65_NAT_MAX_004.v,1,accept,kernel_success,coqchk_success,experiments/kernel_replay_v65_stdlib_interop/logs/V65_BATCH.coqchk.log,1,accepted_kernel_checked
V65,standard-library interop,255,V65_NAT_MAX_005,V65_NAT_MAX_005,experiments/kernel_replay_v65_stdlib_interop/coq/V65_NAT_MAX_005.v,1,accept,kernel_success,coqchk_success,experiments/kernel_replay_v65_stdlib_interop/logs/V65_BATCH.coqchk.log,1,accepted_kernel_checked
V65,standard-library interop,256,V65_NAT_MAX_006,V65_NAT_MAX_006,experiments/kernel_replay_v65_stdlib_interop/coq/V65_NAT_MAX_006.v,1,accept,kernel_success,coqchk_success,experiments/kernel_replay_v65_stdlib_interop/logs/V65_BATCH.coqchk.log,1,accepted_kernel_checked
V65,standard-library interop,257,V65_NAT_MAX_007,V65_NAT_MAX_007,experiments/kernel_replay_v65_stdlib_interop/coq/V65_NAT_MAX_007.v,1,accept,kernel_success,coqchk_success,experiments/kernel_replay_v65_stdlib_interop/logs/V65_BATCH.coqchk.log,1,accepted_kernel_checked
V65,standard-library interop,258,V65_NAT_MAX_008,V65_NAT_MAX_008,experiments/kernel_replay_v65_stdlib_interop/coq/V65_NAT_MAX_008.v,1,accept,kernel_success,coqchk_success,experiments/kernel_replay_v65_stdlib_interop/logs/V65_BATCH.coqchk.log,1,accepted_kernel_checked
V65,standard-library interop,259,V65_NAT_MAX_009,V65_NAT_MAX_009,experiments/kernel_replay_v65_stdlib_interop/coq/V65_NAT_MAX_009.v,1,accept,kernel_success,coqchk_success,experiments/kernel_replay_v65_stdlib_interop/logs/V65_BATCH.coqchk.log,1,accepted_kernel_checked
V65,standard-library interop,260,V65_NAT_MAX_010,V65_NAT_MAX_010,experiments/kernel_replay_v65_stdlib_interop/coq/V65_NAT_MAX_010.v,1,accept,kernel_success,coqchk_success,experiments/kernel_replay_v65_stdlib_interop/logs/V65_BATCH.coqchk.log,1,accepted_kernel_checked
V65,standard-library interop,261,V65_NAT_MAX_011,V65_NAT_MAX_011,experiments/kernel_replay_v65_stdlib_interop/coq/V65_NAT_MAX_011.v,1,accept,kernel_success,coqchk_success,experiments/kernel_replay_v65_stdlib_interop/logs/V65_BATCH.coqchk.log,1,accepted_kernel_checked
V65,standard-library interop,262,V65_NAT_MAX_012,V65_NAT_MAX_012,experiments/kernel_replay_v65_stdlib_interop/coq/V65_NAT_MAX_012.v,1,accept,kernel_success,coqchk_success,experiments/kernel_replay_v65_stdlib_interop/logs/V65_BATCH.coqchk.log,1,accepted_kernel_checked
V65,standard-library interop,263,V65_NAT_MAX_013,V65_NAT_MAX_013,experiments/kernel_replay_v65_stdlib_interop/coq/V65_NAT_MAX_013.v,1,accept,kernel_success,coqchk_success,experiments/kernel_replay_v65_stdlib_interop/logs/V65_BATCH.coqchk.log,1,accepted_kernel_checked
V65,standard-library interop,264,V65_NAT_MAX_014,V65_NAT_MAX_014,experiments/kernel_replay_v65_stdlib_interop/coq/V65_NAT_MAX_014.v,1,accept,kernel_success,coqchk_success,experiments/kernel_replay_v65_stdlib_interop/logs/V65_BATCH.coqchk.log,1,accepted_kernel_checked
V65,standard-library interop,265,V65_NAT_MAX_015,V65_NAT_MAX_015,experiments/kernel_replay_v65_stdlib_interop/coq/V65_NAT_MAX_015.v,1,accept,kernel_success,coqchk_success,experiments/kernel_replay_v65_stdlib_interop/logs/V65_BATCH.coqchk.log,1,accepted_kernel_checked
V65,standard-library interop,266,V65_NAT_MAX_016,V65_NAT_MAX_016,experiments/kernel_replay_v65_stdlib_interop/coq/V65_NAT_MAX_016.v,1,accept,kernel_success,coqchk_success,experiments/kernel_replay_v65_stdlib_interop/logs/V65_BATCH.coqchk.log,1,accepted_kernel_checked
V65,standard-library interop,267,V65_NAT_MAX_017,V65_NAT_MAX_017,experiments/kernel_replay_v65_stdlib_interop/coq/V65_NAT_MAX_017.v,1,accept,kernel_success,coqchk_success,experiments/kernel_replay_v65_stdlib_interop/logs/V65_BATCH.coqchk.log,1,accepted_kernel_checked
V65,standard-library interop,268,V65_NAT_MAX_018,V65_NAT_MAX_018,experiments/kernel_replay_v65_stdlib_interop/coq/V65_NAT_MAX_018.v,1,accept,kernel_success,coqchk_success,experiments/kernel_replay_v65_stdlib_interop/logs/V65_BATCH.coqchk.log,1,accepted_kernel_checked
V65,standard-library interop,269,V65_NAT_MAX_019,V65_NAT_MAX_019,experiments/kernel_replay_v65_stdlib_interop/coq/V65_NAT_MAX_019.v,1,accept,kernel_success,coqchk_success,experiments/kernel_replay_v65_stdlib_interop/logs/V65_BATCH.coqchk.log,1,accepted_kernel_checked
V65,standard-library interop,270,V65_NAT_MAX_020,V65_NAT_MAX_020,experiments/kernel_replay_v65_stdlib_interop/coq/V65_NAT_MAX_020.v,1,accept,kernel_success,coqchk_success,experiments/kernel_replay_v65_stdlib_interop/logs/V65_BATCH.coqchk.log,1,accepted_kernel_checked
V65,standard-library interop,271,V65_NAT_MAX_021,V65_NAT_MAX_021,experiments/kernel_replay_v65_stdlib_interop/coq/V65_NAT_MAX_021.v,1,accept,kernel_success,coqchk_success,experiments/kernel_replay_v65_stdlib_interop/logs/V65_BATCH.coqchk.log,1,accepted_kernel_checked
V65,standard-library interop,272,V65_NAT_MAX_022,V65_NAT_MAX_022,experiments/kernel_replay_v65_stdlib_interop/coq/V65_NAT_MAX_022.v,1,accept,kernel_success,coqchk_success,experiments/kernel_replay_v65_stdlib_interop/logs/V65_BATCH.coqchk.log,1,accepted_kernel_checked
V65,standard-library interop,273,V65_NAT_MAX_023,V65_NAT_MAX_023,experiments/kernel_replay_v65_stdlib_interop/coq/V65_NAT_MAX_023.v,1,accept,kernel_success,coqchk_success,experiments/kernel_replay_v65_stdlib_interop/logs/V65_BATCH.coqchk.log,1,accepted_kernel_checked
V65,standard-library interop,274,V65_NAT_MAX_024,V65_NAT_MAX_024,experiments/kernel_replay_v65_stdlib_interop/coq/V65_NAT_MAX_024.v,1,accept,kernel_success,coqchk_success,experiments/kernel_replay_v65_stdlib_interop/logs/V65_BATCH.coqchk.log,1,accepted_kernel_checked
V65,standard-library interop,275,V65_NAT_MAX_025,V65_NAT_MAX_025,experiments/kernel_replay_v65_stdlib_interop/coq/V65_NAT_MAX_025.v,1,accept,kernel_success,coqchk_success,experiments/kernel_replay_v65_stdlib_interop/logs/V65_BATCH.coqchk.log,1,accepted_kernel_checked
V65,standard-library interop,276,V65_NAT_MAX_026,V65_NAT_MAX_026,experiments/kernel_replay_v65_stdlib_interop/coq/V65_NAT_MAX_026.v,1,accept,kernel_success,coqchk_success,experiments/kernel_replay_v65_stdlib_interop/logs/V65_BATCH.coqchk.log,1,accepted_kernel_checked
V65,standard-library interop,277,V65_NAT_MAX_027,V65_NAT_MAX_027,experiments/kernel_replay_v65_stdlib_interop/coq/V65_NAT_MAX_027.v,1,accept,kernel_success,coqchk_success,experiments/kernel_replay_v65_stdlib_interop/logs/V65_BATCH.coqchk.log,1,accepted_kernel_checked
V65,standard-library interop,278,V65_NAT_MAX_028,V65_NAT_MAX_028,experiments/kernel_replay_v65_stdlib_interop/coq/V65_NAT_MAX_028.v,1,accept,kernel_success,coqchk_success,experiments/kernel_replay_v65_stdlib_interop/logs/V65_BATCH.coqchk.log,1,accepted_kernel_checked
V65,standard-library interop,279,V65_NAT_MAX_029,V65_NAT_MAX_029,experiments/kernel_replay_v65_stdlib_interop/coq/V65_NAT_MAX_029.v,1,accept,kernel_success,coqchk_success,experiments/kernel_replay_v65_stdlib_interop/logs/V65_BATCH.coqchk.log,1,accepted_kernel_checked
V65,standard-library interop,280,V65_NAT_MAX_030,V65_NAT_MAX_030,experiments/kernel_replay_v65_stdlib_interop/coq/V65_NAT_MAX_030.v,1,accept,kernel_success,coqchk_success,experiments/kernel_replay_v65_stdlib_interop/logs/V65_BATCH.coqchk.log,1,accepted_kernel_checked
V65,standard-library interop,281,V65_NAT_MAX_031,V65_NAT_MAX_031,experiments/kernel_replay_v65_stdlib_interop/coq/V65_NAT_MAX_031.v,1,accept,kernel_success,coqchk_success,experiments/kernel_replay_v65_stdlib_interop/logs/V65_BATCH.coqchk.log,1,accepted_kernel_checked
V65,standard-library interop,282,V65_NAT_MAX_032,V65_NAT_MAX_032,experiments/kernel_replay_v65_stdlib_interop/coq/V65_NAT_MAX_032.v,1,accept,kernel_success,coqchk_success,experiments/kernel_replay_v65_stdlib_interop/logs/V65_BATCH.coqchk.log,1,accepted_kernel_checked
V65,standard-library interop,283,V65_NAT_MAX_033,V65_NAT_MAX_033,experiments/kernel_replay_v65_stdlib_interop/coq/V65_NAT_MAX_033.v,1,accept,kernel_success,coqchk_success,experiments/kernel_replay_v65_stdlib_interop/logs/V65_BATCH.coqchk.log,1,accepted_kernel_checked
V65,standard-library interop,284,V65_NAT_MAX_034,V65_NAT_MAX_034,experiments/kernel_replay_v65_stdlib_interop/coq/V65_NAT_MAX_034.v,1,accept,kernel_success,coqchk_success,experiments/kernel_replay_v65_stdlib_interop/logs/V65_BATCH.coqchk.log,1,accepted_kernel_checked
V65,standard-library interop,285,V65_NAT_MAX_035,V65_NAT_MAX_035,experiments/kernel_replay_v65_stdlib_interop/coq/V65_NAT_MAX_035.v,1,accept,kernel_success,coqchk_success,experiments/kernel_replay_v65_stdlib_interop/logs/V65_BATCH.coqchk.log,1,accepted_kernel_checked
V65,standard-library interop,286,V65_NAT_MAX_036,V65_NAT_MAX_036,experiments/kernel_replay_v65_stdlib_interop/coq/V65_NAT_MAX_036.v,1,accept,kernel_success,coqchk_success,experiments/kernel_replay_v65_stdlib_interop/logs/V65_BATCH.coqchk.log,1,accepted_kernel_checked
V65,standard-library interop,287,V65_NAT_MAX_037,V65_NAT_MAX_037,experiments/kernel_replay_v65_stdlib_interop/coq/V65_NAT_MAX_037.v,1,accept,kernel_success,coqchk_success,experiments/kernel_replay_v65_stdlib_interop/logs/V65_BATCH.coqchk.log,1,accepted_kernel_checked
V65,standard-library interop,288,V65_NAT_MAX_038,V65_NAT_MAX_038,experiments/kernel_replay_v65_stdlib_interop/coq/V65_NAT_MAX_038.v,1,accept,kernel_success,coqchk_success,experiments/kernel_replay_v65_stdlib_interop/logs/V65_BATCH.coqchk.log,1,accepted_kernel_checked
V65,standard-library interop,289,V65_NAT_MAX_039,V65_NAT_MAX_039,experiments/kernel_replay_v65_stdlib_interop/coq/V65_NAT_MAX_039.v,1,accept,kernel_success,coqchk_success,experiments/kernel_replay_v65_stdlib_interop/logs/V65_BATCH.coqchk.log,1,accepted_kernel_checked
V65,standard-library interop,290,V65_NAT_MAX_040,V65_NAT_MAX_040,experiments/kernel_replay_v65_stdlib_interop/coq/V65_NAT_MAX_040.v,1,accept,kernel_success,coqchk_success,experiments/kernel_replay_v65_stdlib_interop/logs/V65_BATCH.coqchk.log,1,accepted_kernel_checked
V65,standard-library interop,291,V65_NAT_MAX_041,V65_NAT_MAX_041,experiments/kernel_replay_v65_stdlib_interop/coq/V65_NAT_MAX_041.v,1,accept,kernel_success,coqchk_success,experiments/kernel_replay_v65_stdlib_interop/logs/V65_BATCH.coqchk.log,1,accepted_kernel_checked
V65,standard-library interop,292,V65_NAT_MAX_042,V65_NAT_MAX_042,experiments/kernel_replay_v65_stdlib_interop/coq/V65_NAT_MAX_042.v,1,accept,kernel_success,coqchk_success,experiments/kernel_replay_v65_stdlib_interop/logs/V65_BATCH.coqchk.log,1,accepted_kernel_checked
V65,standard-library interop,293,V65_NAT_MAX_043,V65_NAT_MAX_043,experiments/kernel_replay_v65_stdlib_interop/coq/V65_NAT_MAX_043.v,1,accept,kernel_success,coqchk_success,experiments/kernel_replay_v65_stdlib_interop/logs/V65_BATCH.coqchk.log,1,accepted_kernel_checked
V65,standard-library interop,294,V65_NAT_MAX_044,V65_NAT_MAX_044,experiments/kernel_replay_v65_stdlib_interop/coq/V65_NAT_MAX_044.v,1,accept,kernel_success,coqchk_success,experiments/kernel_replay_v65_stdlib_interop/logs/V65_BATCH.coqchk.log,1,accepted_kernel_checked
V65,standard-library interop,295,V65_NAT_MAX_045,V65_NAT_MAX_045,experiments/kernel_replay_v65_stdlib_interop/coq/V65_NAT_MAX_045.v,1,accept,kernel_success,coqchk_success,experiments/kernel_replay_v65_stdlib_interop/logs/V65_BATCH.coqchk.log,1,accepted_kernel_checked
V65,standard-library interop,296,V65_NAT_MAX_046,V65_NAT_MAX_046,experiments/kernel_replay_v65_stdlib_interop/coq/V65_NAT_MAX_046.v,1,accept,kernel_success,coqchk_success,experiments/kernel_replay_v65_stdlib_interop/logs/V65_BATCH.coqchk.log,1,accepted_kernel_checked
V65,standard-library interop,297,V65_NAT_MAX_047,V65_NAT_MAX_047,experiments/kernel_replay_v65_stdlib_interop/coq/V65_NAT_MAX_047.v,1,accept,kernel_success,coqchk_success,experiments/kernel_replay_v65_stdlib_interop/logs/V65_BATCH.coqchk.log,1,accepted_kernel_checked
V65,standard-library interop,298,V65_NAT_MAX_048,V65_NAT_MAX_048,experiments/kernel_replay_v65_stdlib_interop/coq/V65_NAT_MAX_048.v,1,accept,kernel_success,coqchk_success,experiments/kernel_replay_v65_stdlib_interop/logs/V65_BATCH.coqchk.log,1,accepted_kernel_checked
V65,standard-library interop,299,V65_NAT_MAX_049,V65_NAT_MAX_049,experiments/kernel_replay_v65_stdlib_interop/coq/V65_NAT_MAX_049.v,1,accept,kernel_success,coqchk_success,experiments/kernel_replay_v65_stdlib_interop/logs/V65_BATCH.coqchk.log,1,accepted_kernel_checked
V65,standard-library interop,300,V65_NAT_MAX_050,V65_NAT_MAX_050,experiments/kernel_replay_v65_stdlib_interop/coq/V65_NAT_MAX_050.v,1,accept,kernel_success,coqchk_success,experiments/kernel_replay_v65_stdlib_interop/logs/V65_BATCH.coqchk.log,1,accepted_kernel_checked
V66,proof-maintenance regression,1,V66_LIST_MAP_REGRESSION_001,V66_LIST_MAP_REGRESSION_001,experiments/kernel_replay_v66_regression_maintenance/coq/V66_LIST_MAP_REGRESSION_001.v,1,accept,kernel_success,coqchk_success,experiments/kernel_replay_v66_regression_maintenance/logs/V66_BATCH.coqchk.log,1,accepted_kernel_checked
V66,proof-maintenance regression,2,V66_LIST_MAP_REGRESSION_002,V66_LIST_MAP_REGRESSION_002,experiments/kernel_replay_v66_regression_maintenance/coq/V66_LIST_MAP_REGRESSION_002.v,1,accept,kernel_success,coqchk_success,experiments/kernel_replay_v66_regression_maintenance/logs/V66_BATCH.coqchk.log,1,accepted_kernel_checked
V66,proof-maintenance regression,3,V66_LIST_MAP_REGRESSION_003,V66_LIST_MAP_REGRESSION_003,experiments/kernel_replay_v66_regression_maintenance/coq/V66_LIST_MAP_REGRESSION_003.v,1,accept,kernel_success,coqchk_success,experiments/kernel_replay_v66_regression_maintenance/logs/V66_BATCH.coqchk.log,1,accepted_kernel_checked
V66,proof-maintenance regression,4,V66_LIST_MAP_REGRESSION_004,V66_LIST_MAP_REGRESSION_004,experiments/kernel_replay_v66_regression_maintenance/coq/V66_LIST_MAP_REGRESSION_004.v,1,accept,kernel_success,coqchk_success,experiments/kernel_replay_v66_regression_maintenance/logs/V66_BATCH.coqchk.log,1,accepted_kernel_checked
V66,proof-maintenance regression,5,V66_LIST_MAP_REGRESSION_005,V66_LIST_MAP_REGRESSION_005,experiments/kernel_replay_v66_regression_maintenance/coq/V66_LIST_MAP_REGRESSION_005.v,1,accept,kernel_success,coqchk_success,experiments/kernel_replay_v66_regression_maintenance/logs/V66_BATCH.coqchk.log,1,accepted_kernel_checked
V66,proof-maintenance regression,6,V66_LIST_MAP_REGRESSION_006,V66_LIST_MAP_REGRESSION_006,experiments/kernel_replay_v66_regression_maintenance/coq/V66_LIST_MAP_REGRESSION_006.v,1,accept,kernel_success,coqchk_success,experiments/kernel_replay_v66_regression_maintenance/logs/V66_BATCH.coqchk.log,1,accepted_kernel_checked
V66,proof-maintenance regression,7,V66_LIST_MAP_REGRESSION_007,V66_LIST_MAP_REGRESSION_007,experiments/kernel_replay_v66_regression_maintenance/coq/V66_LIST_MAP_REGRESSION_007.v,1,accept,kernel_success,coqchk_success,experiments/kernel_replay_v66_regression_maintenance/logs/V66_BATCH.coqchk.log,1,accepted_kernel_checked
V66,proof-maintenance regression,8,V66_LIST_MAP_REGRESSION_008,V66_LIST_MAP_REGRESSION_008,experiments/kernel_replay_v66_regression_maintenance/coq/V66_LIST_MAP_REGRESSION_008.v,1,accept,kernel_success,coqchk_success,experiments/kernel_replay_v66_regression_maintenance/logs/V66_BATCH.coqchk.log,1,accepted_kernel_checked
V66,proof-maintenance regression,9,V66_LIST_MAP_REGRESSION_009,V66_LIST_MAP_REGRESSION_009,experiments/kernel_replay_v66_regression_maintenance/coq/V66_LIST_MAP_REGRESSION_009.v,1,accept,kernel_success,coqchk_success,experiments/kernel_replay_v66_regression_maintenance/logs/V66_BATCH.coqchk.log,1,accepted_kernel_checked
V66,proof-maintenance regression,10,V66_LIST_MAP_REGRESSION_010,V66_LIST_MAP_REGRESSION_010,experiments/kernel_replay_v66_regression_maintenance/coq/V66_LIST_MAP_REGRESSION_010.v,1,accept,kernel_success,coqchk_success,experiments/kernel_replay_v66_regression_maintenance/logs/V66_BATCH.coqchk.log,1,accepted_kernel_checked
V66,proof-maintenance regression,11,V66_LIST_MAP_REGRESSION_011,V66_LIST_MAP_REGRESSION_011,experiments/kernel_replay_v66_regression_maintenance/coq/V66_LIST_MAP_REGRESSION_011.v,1,accept,kernel_success,coqchk_success,experiments/kernel_replay_v66_regression_maintenance/logs/V66_BATCH.coqchk.log,1,accepted_kernel_checked
V66,proof-maintenance regression,12,V66_LIST_MAP_REGRESSION_012,V66_LIST_MAP_REGRESSION_012,experiments/kernel_replay_v66_regression_maintenance/coq/V66_LIST_MAP_REGRESSION_012.v,1,accept,kernel_success,coqchk_success,experiments/kernel_replay_v66_regression_maintenance/logs/V66_BATCH.coqchk.log,1,accepted_kernel_checked
V66,proof-maintenance regression,13,V66_LIST_MAP_REGRESSION_013,V66_LIST_MAP_REGRESSION_013,experiments/kernel_replay_v66_regression_maintenance/coq/V66_LIST_MAP_REGRESSION_013.v,1,accept,kernel_success,coqchk_success,experiments/kernel_replay_v66_regression_maintenance/logs/V66_BATCH.coqchk.log,1,accepted_kernel_checked
V66,proof-maintenance regression,14,V66_LIST_MAP_REGRESSION_014,V66_LIST_MAP_REGRESSION_014,experiments/kernel_replay_v66_regression_maintenance/coq/V66_LIST_MAP_REGRESSION_014.v,1,accept,kernel_success,coqchk_success,experiments/kernel_replay_v66_regression_maintenance/logs/V66_BATCH.coqchk.log,1,accepted_kernel_checked
V66,proof-maintenance regression,15,V66_LIST_MAP_REGRESSION_015,V66_LIST_MAP_REGRESSION_015,experiments/kernel_replay_v66_regression_maintenance/coq/V66_LIST_MAP_REGRESSION_015.v,1,accept,kernel_success,coqchk_success,experiments/kernel_replay_v66_regression_maintenance/logs/V66_BATCH.coqchk.log,1,accepted_kernel_checked
V66,proof-maintenance regression,16,V66_LIST_MAP_REGRESSION_016,V66_LIST_MAP_REGRESSION_016,experiments/kernel_replay_v66_regression_maintenance/coq/V66_LIST_MAP_REGRESSION_016.v,1,accept,kernel_success,coqchk_success,experiments/kernel_replay_v66_regression_maintenance/logs/V66_BATCH.coqchk.log,1,accepted_kernel_checked
V66,proof-maintenance regression,17,V66_LIST_MAP_REGRESSION_017,V66_LIST_MAP_REGRESSION_017,experiments/kernel_replay_v66_regression_maintenance/coq/V66_LIST_MAP_REGRESSION_017.v,1,accept,kernel_success,coqchk_success,experiments/kernel_replay_v66_regression_maintenance/logs/V66_BATCH.coqchk.log,1,accepted_kernel_checked
V66,proof-maintenance regression,18,V66_LIST_MAP_REGRESSION_018,V66_LIST_MAP_REGRESSION_018,experiments/kernel_replay_v66_regression_maintenance/coq/V66_LIST_MAP_REGRESSION_018.v,1,accept,kernel_success,coqchk_success,experiments/kernel_replay_v66_regression_maintenance/logs/V66_BATCH.coqchk.log,1,accepted_kernel_checked
V66,proof-maintenance regression,19,V66_LIST_MAP_REGRESSION_019,V66_LIST_MAP_REGRESSION_019,experiments/kernel_replay_v66_regression_maintenance/coq/V66_LIST_MAP_REGRESSION_019.v,1,accept,kernel_success,coqchk_success,experiments/kernel_replay_v66_regression_maintenance/logs/V66_BATCH.coqchk.log,1,accepted_kernel_checked
V66,proof-maintenance regression,20,V66_LIST_MAP_REGRESSION_020,V66_LIST_MAP_REGRESSION_020,experiments/kernel_replay_v66_regression_maintenance/coq/V66_LIST_MAP_REGRESSION_020.v,1,accept,kernel_success,coqchk_success,experiments/kernel_replay_v66_regression_maintenance/logs/V66_BATCH.coqchk.log,1,accepted_kernel_checked
V66,proof-maintenance regression,21,V66_LIST_MAP_REGRESSION_021,V66_LIST_MAP_REGRESSION_021,experiments/kernel_replay_v66_regression_maintenance/coq/V66_LIST_MAP_REGRESSION_021.v,1,accept,kernel_success,coqchk_success,experiments/kernel_replay_v66_regression_maintenance/logs/V66_BATCH.coqchk.log,1,accepted_kernel_checked
V66,proof-maintenance regression,22,V66_LIST_MAP_REGRESSION_022,V66_LIST_MAP_REGRESSION_022,experiments/kernel_replay_v66_regression_maintenance/coq/V66_LIST_MAP_REGRESSION_022.v,1,accept,kernel_success,coqchk_success,experiments/kernel_replay_v66_regression_maintenance/logs/V66_BATCH.coqchk.log,1,accepted_kernel_checked
V66,proof-maintenance regression,23,V66_LIST_MAP_REGRESSION_023,V66_LIST_MAP_REGRESSION_023,experiments/kernel_replay_v66_regression_maintenance/coq/V66_LIST_MAP_REGRESSION_023.v,1,accept,kernel_success,coqchk_success,experiments/kernel_replay_v66_regression_maintenance/logs/V66_BATCH.coqchk.log,1,accepted_kernel_checked
V66,proof-maintenance regression,24,V66_LIST_MAP_REGRESSION_024,V66_LIST_MAP_REGRESSION_024,experiments/kernel_replay_v66_regression_maintenance/coq/V66_LIST_MAP_REGRESSION_024.v,1,accept,kernel_success,coqchk_success,experiments/kernel_replay_v66_regression_maintenance/logs/V66_BATCH.coqchk.log,1,accepted_kernel_checked
V66,proof-maintenance regression,25,V66_LIST_MAP_REGRESSION_025,V66_LIST_MAP_REGRESSION_025,experiments/kernel_replay_v66_regression_maintenance/coq/V66_LIST_MAP_REGRESSION_025.v,1,accept,kernel_success,coqchk_success,experiments/kernel_replay_v66_regression_maintenance/logs/V66_BATCH.coqchk.log,1,accepted_kernel_checked
V66,proof-maintenance regression,26,V66_LIST_MAP_REGRESSION_026,V66_LIST_MAP_REGRESSION_026,experiments/kernel_replay_v66_regression_maintenance/coq/V66_LIST_MAP_REGRESSION_026.v,1,accept,kernel_success,coqchk_success,experiments/kernel_replay_v66_regression_maintenance/logs/V66_BATCH.coqchk.log,1,accepted_kernel_checked
V66,proof-maintenance regression,27,V66_LIST_MAP_REGRESSION_027,V66_LIST_MAP_REGRESSION_027,experiments/kernel_replay_v66_regression_maintenance/coq/V66_LIST_MAP_REGRESSION_027.v,1,accept,kernel_success,coqchk_success,experiments/kernel_replay_v66_regression_maintenance/logs/V66_BATCH.coqchk.log,1,accepted_kernel_checked
V66,proof-maintenance regression,28,V66_LIST_MAP_REGRESSION_028,V66_LIST_MAP_REGRESSION_028,experiments/kernel_replay_v66_regression_maintenance/coq/V66_LIST_MAP_REGRESSION_028.v,1,accept,kernel_success,coqchk_success,experiments/kernel_replay_v66_regression_maintenance/logs/V66_BATCH.coqchk.log,1,accepted_kernel_checked
V66,proof-maintenance regression,29,V66_LIST_MAP_REGRESSION_029,V66_LIST_MAP_REGRESSION_029,experiments/kernel_replay_v66_regression_maintenance/coq/V66_LIST_MAP_REGRESSION_029.v,1,accept,kernel_success,coqchk_success,experiments/kernel_replay_v66_regression_maintenance/logs/V66_BATCH.coqchk.log,1,accepted_kernel_checked
V66,proof-maintenance regression,30,V66_LIST_MAP_REGRESSION_030,V66_LIST_MAP_REGRESSION_030,experiments/kernel_replay_v66_regression_maintenance/coq/V66_LIST_MAP_REGRESSION_030.v,1,accept,kernel_success,coqchk_success,experiments/kernel_replay_v66_regression_maintenance/logs/V66_BATCH.coqchk.log,1,accepted_kernel_checked
V66,proof-maintenance regression,31,V66_LIST_MAP_REGRESSION_031,V66_LIST_MAP_REGRESSION_031,experiments/kernel_replay_v66_regression_maintenance/coq/V66_LIST_MAP_REGRESSION_031.v,1,accept,kernel_success,coqchk_success,experiments/kernel_replay_v66_regression_maintenance/logs/V66_BATCH.coqchk.log,1,accepted_kernel_checked
V66,proof-maintenance regression,32,V66_LIST_MAP_REGRESSION_032,V66_LIST_MAP_REGRESSION_032,experiments/kernel_replay_v66_regression_maintenance/coq/V66_LIST_MAP_REGRESSION_032.v,1,accept,kernel_success,coqchk_success,experiments/kernel_replay_v66_regression_maintenance/logs/V66_BATCH.coqchk.log,1,accepted_kernel_checked
V66,proof-maintenance regression,33,V66_LIST_MAP_REGRESSION_033,V66_LIST_MAP_REGRESSION_033,experiments/kernel_replay_v66_regression_maintenance/coq/V66_LIST_MAP_REGRESSION_033.v,1,accept,kernel_success,coqchk_success,experiments/kernel_replay_v66_regression_maintenance/logs/V66_BATCH.coqchk.log,1,accepted_kernel_checked
V66,proof-maintenance regression,34,V66_LIST_MAP_REGRESSION_034,V66_LIST_MAP_REGRESSION_034,experiments/kernel_replay_v66_regression_maintenance/coq/V66_LIST_MAP_REGRESSION_034.v,1,accept,kernel_success,coqchk_success,experiments/kernel_replay_v66_regression_maintenance/logs/V66_BATCH.coqchk.log,1,accepted_kernel_checked
V66,proof-maintenance regression,35,V66_LIST_MAP_REGRESSION_035,V66_LIST_MAP_REGRESSION_035,experiments/kernel_replay_v66_regression_maintenance/coq/V66_LIST_MAP_REGRESSION_035.v,1,accept,kernel_success,coqchk_success,experiments/kernel_replay_v66_regression_maintenance/logs/V66_BATCH.coqchk.log,1,accepted_kernel_checked
V66,proof-maintenance regression,36,V66_LIST_MAP_REGRESSION_036,V66_LIST_MAP_REGRESSION_036,experiments/kernel_replay_v66_regression_maintenance/coq/V66_LIST_MAP_REGRESSION_036.v,1,accept,kernel_success,coqchk_success,experiments/kernel_replay_v66_regression_maintenance/logs/V66_BATCH.coqchk.log,1,accepted_kernel_checked
V66,proof-maintenance regression,37,V66_LIST_MAP_REGRESSION_037,V66_LIST_MAP_REGRESSION_037,experiments/kernel_replay_v66_regression_maintenance/coq/V66_LIST_MAP_REGRESSION_037.v,1,accept,kernel_success,coqchk_success,experiments/kernel_replay_v66_regression_maintenance/logs/V66_BATCH.coqchk.log,1,accepted_kernel_checked
V66,proof-maintenance regression,38,V66_LIST_MAP_REGRESSION_038,V66_LIST_MAP_REGRESSION_038,experiments/kernel_replay_v66_regression_maintenance/coq/V66_LIST_MAP_REGRESSION_038.v,1,accept,kernel_success,coqchk_success,experiments/kernel_replay_v66_regression_maintenance/logs/V66_BATCH.coqchk.log,1,accepted_kernel_checked
V66,proof-maintenance regression,39,V66_LIST_MAP_REGRESSION_039,V66_LIST_MAP_REGRESSION_039,experiments/kernel_replay_v66_regression_maintenance/coq/V66_LIST_MAP_REGRESSION_039.v,1,accept,kernel_success,coqchk_success,experiments/kernel_replay_v66_regression_maintenance/logs/V66_BATCH.coqchk.log,1,accepted_kernel_checked
V66,proof-maintenance regression,40,V66_LIST_MAP_REGRESSION_040,V66_LIST_MAP_REGRESSION_040,experiments/kernel_replay_v66_regression_maintenance/coq/V66_LIST_MAP_REGRESSION_040.v,1,accept,kernel_success,coqchk_success,experiments/kernel_replay_v66_regression_maintenance/logs/V66_BATCH.coqchk.log,1,accepted_kernel_checked
V66,proof-maintenance regression,41,V66_LIST_MAP_REGRESSION_041,V66_LIST_MAP_REGRESSION_041,experiments/kernel_replay_v66_regression_maintenance/coq/V66_LIST_MAP_REGRESSION_041.v,1,accept,kernel_success,coqchk_success,experiments/kernel_replay_v66_regression_maintenance/logs/V66_BATCH.coqchk.log,1,accepted_kernel_checked
V66,proof-maintenance regression,42,V66_LIST_MAP_REGRESSION_042,V66_LIST_MAP_REGRESSION_042,experiments/kernel_replay_v66_regression_maintenance/coq/V66_LIST_MAP_REGRESSION_042.v,1,accept,kernel_success,coqchk_success,experiments/kernel_replay_v66_regression_maintenance/logs/V66_BATCH.coqchk.log,1,accepted_kernel_checked
V66,proof-maintenance regression,43,V66_LIST_MAP_REGRESSION_043,V66_LIST_MAP_REGRESSION_043,experiments/kernel_replay_v66_regression_maintenance/coq/V66_LIST_MAP_REGRESSION_043.v,1,accept,kernel_success,coqchk_success,experiments/kernel_replay_v66_regression_maintenance/logs/V66_BATCH.coqchk.log,1,accepted_kernel_checked
V66,proof-maintenance regression,44,V66_LIST_MAP_REGRESSION_044,V66_LIST_MAP_REGRESSION_044,experiments/kernel_replay_v66_regression_maintenance/coq/V66_LIST_MAP_REGRESSION_044.v,1,accept,kernel_success,coqchk_success,experiments/kernel_replay_v66_regression_maintenance/logs/V66_BATCH.coqchk.log,1,accepted_kernel_checked
V66,proof-maintenance regression,45,V66_LIST_MAP_REGRESSION_045,V66_LIST_MAP_REGRESSION_045,experiments/kernel_replay_v66_regression_maintenance/coq/V66_LIST_MAP_REGRESSION_045.v,1,accept,kernel_success,coqchk_success,experiments/kernel_replay_v66_regression_maintenance/logs/V66_BATCH.coqchk.log,1,accepted_kernel_checked
V66,proof-maintenance regression,46,V66_LIST_MAP_REGRESSION_046,V66_LIST_MAP_REGRESSION_046,experiments/kernel_replay_v66_regression_maintenance/coq/V66_LIST_MAP_REGRESSION_046.v,1,accept,kernel_success,coqchk_success,experiments/kernel_replay_v66_regression_maintenance/logs/V66_BATCH.coqchk.log,1,accepted_kernel_checked
V66,proof-maintenance regression,47,V66_LIST_MAP_REGRESSION_047,V66_LIST_MAP_REGRESSION_047,experiments/kernel_replay_v66_regression_maintenance/coq/V66_LIST_MAP_REGRESSION_047.v,1,accept,kernel_success,coqchk_success,experiments/kernel_replay_v66_regression_maintenance/logs/V66_BATCH.coqchk.log,1,accepted_kernel_checked
V66,proof-maintenance regression,48,V66_LIST_MAP_REGRESSION_048,V66_LIST_MAP_REGRESSION_048,experiments/kernel_replay_v66_regression_maintenance/coq/V66_LIST_MAP_REGRESSION_048.v,1,accept,kernel_success,coqchk_success,experiments/kernel_replay_v66_regression_maintenance/logs/V66_BATCH.coqchk.log,1,accepted_kernel_checked
V66,proof-maintenance regression,49,V66_LIST_MAP_REGRESSION_049,V66_LIST_MAP_REGRESSION_049,experiments/kernel_replay_v66_regression_maintenance/coq/V66_LIST_MAP_REGRESSION_049.v,1,accept,kernel_success,coqchk_success,experiments/kernel_replay_v66_regression_maintenance/logs/V66_BATCH.coqchk.log,1,accepted_kernel_checked
V66,proof-maintenance regression,50,V66_LIST_MAP_REGRESSION_050,V66_LIST_MAP_REGRESSION_050,experiments/kernel_replay_v66_regression_maintenance/coq/V66_LIST_MAP_REGRESSION_050.v,1,accept,kernel_success,coqchk_success,experiments/kernel_replay_v66_regression_maintenance/logs/V66_BATCH.coqchk.log,1,accepted_kernel_checked
V66,proof-maintenance regression,51,V66_LIST_MAP_REGRESSION_051,V66_LIST_MAP_REGRESSION_051,experiments/kernel_replay_v66_regression_maintenance/coq/V66_LIST_MAP_REGRESSION_051.v,1,accept,kernel_success,coqchk_success,experiments/kernel_replay_v66_regression_maintenance/logs/V66_BATCH.coqchk.log,1,accepted_kernel_checked
V66,proof-maintenance regression,52,V66_LIST_MAP_REGRESSION_052,V66_LIST_MAP_REGRESSION_052,experiments/kernel_replay_v66_regression_maintenance/coq/V66_LIST_MAP_REGRESSION_052.v,1,accept,kernel_success,coqchk_success,experiments/kernel_replay_v66_regression_maintenance/logs/V66_BATCH.coqchk.log,1,accepted_kernel_checked
V66,proof-maintenance regression,53,V66_LIST_MAP_REGRESSION_053,V66_LIST_MAP_REGRESSION_053,experiments/kernel_replay_v66_regression_maintenance/coq/V66_LIST_MAP_REGRESSION_053.v,1,accept,kernel_success,coqchk_success,experiments/kernel_replay_v66_regression_maintenance/logs/V66_BATCH.coqchk.log,1,accepted_kernel_checked
V66,proof-maintenance regression,54,V66_LIST_MAP_REGRESSION_054,V66_LIST_MAP_REGRESSION_054,experiments/kernel_replay_v66_regression_maintenance/coq/V66_LIST_MAP_REGRESSION_054.v,1,accept,kernel_success,coqchk_success,experiments/kernel_replay_v66_regression_maintenance/logs/V66_BATCH.coqchk.log,1,accepted_kernel_checked
V66,proof-maintenance regression,55,V66_LIST_MAP_REGRESSION_055,V66_LIST_MAP_REGRESSION_055,experiments/kernel_replay_v66_regression_maintenance/coq/V66_LIST_MAP_REGRESSION_055.v,1,accept,kernel_success,coqchk_success,experiments/kernel_replay_v66_regression_maintenance/logs/V66_BATCH.coqchk.log,1,accepted_kernel_checked
V66,proof-maintenance regression,56,V66_LIST_MAP_REGRESSION_056,V66_LIST_MAP_REGRESSION_056,experiments/kernel_replay_v66_regression_maintenance/coq/V66_LIST_MAP_REGRESSION_056.v,1,accept,kernel_success,coqchk_success,experiments/kernel_replay_v66_regression_maintenance/logs/V66_BATCH.coqchk.log,1,accepted_kernel_checked
V66,proof-maintenance regression,57,V66_LIST_MAP_REGRESSION_057,V66_LIST_MAP_REGRESSION_057,experiments/kernel_replay_v66_regression_maintenance/coq/V66_LIST_MAP_REGRESSION_057.v,1,accept,kernel_success,coqchk_success,experiments/kernel_replay_v66_regression_maintenance/logs/V66_BATCH.coqchk.log,1,accepted_kernel_checked
V66,proof-maintenance regression,58,V66_LIST_MAP_REGRESSION_058,V66_LIST_MAP_REGRESSION_058,experiments/kernel_replay_v66_regression_maintenance/coq/V66_LIST_MAP_REGRESSION_058.v,1,accept,kernel_success,coqchk_success,experiments/kernel_replay_v66_regression_maintenance/logs/V66_BATCH.coqchk.log,1,accepted_kernel_checked
V66,proof-maintenance regression,59,V66_LIST_MAP_REGRESSION_059,V66_LIST_MAP_REGRESSION_059,experiments/kernel_replay_v66_regression_maintenance/coq/V66_LIST_MAP_REGRESSION_059.v,1,accept,kernel_success,coqchk_success,experiments/kernel_replay_v66_regression_maintenance/logs/V66_BATCH.coqchk.log,1,accepted_kernel_checked
V66,proof-maintenance regression,60,V66_LIST_MAP_REGRESSION_060,V66_LIST_MAP_REGRESSION_060,experiments/kernel_replay_v66_regression_maintenance/coq/V66_LIST_MAP_REGRESSION_060.v,1,accept,kernel_success,coqchk_success,experiments/kernel_replay_v66_regression_maintenance/logs/V66_BATCH.coqchk.log,1,accepted_kernel_checked
V66,proof-maintenance regression,61,V66_LIST_FILTER_REGRESSION_001,V66_LIST_FILTER_REGRESSION_001,experiments/kernel_replay_v66_regression_maintenance/coq/V66_LIST_FILTER_REGRESSION_001.v,1,accept,kernel_success,coqchk_success,experiments/kernel_replay_v66_regression_maintenance/logs/V66_BATCH.coqchk.log,1,accepted_kernel_checked
V66,proof-maintenance regression,62,V66_LIST_FILTER_REGRESSION_002,V66_LIST_FILTER_REGRESSION_002,experiments/kernel_replay_v66_regression_maintenance/coq/V66_LIST_FILTER_REGRESSION_002.v,1,accept,kernel_success,coqchk_success,experiments/kernel_replay_v66_regression_maintenance/logs/V66_BATCH.coqchk.log,1,accepted_kernel_checked
V66,proof-maintenance regression,63,V66_LIST_FILTER_REGRESSION_003,V66_LIST_FILTER_REGRESSION_003,experiments/kernel_replay_v66_regression_maintenance/coq/V66_LIST_FILTER_REGRESSION_003.v,1,accept,kernel_success,coqchk_success,experiments/kernel_replay_v66_regression_maintenance/logs/V66_BATCH.coqchk.log,1,accepted_kernel_checked
V66,proof-maintenance regression,64,V66_LIST_FILTER_REGRESSION_004,V66_LIST_FILTER_REGRESSION_004,experiments/kernel_replay_v66_regression_maintenance/coq/V66_LIST_FILTER_REGRESSION_004.v,1,accept,kernel_success,coqchk_success,experiments/kernel_replay_v66_regression_maintenance/logs/V66_BATCH.coqchk.log,1,accepted_kernel_checked
V66,proof-maintenance regression,65,V66_LIST_FILTER_REGRESSION_005,V66_LIST_FILTER_REGRESSION_005,experiments/kernel_replay_v66_regression_maintenance/coq/V66_LIST_FILTER_REGRESSION_005.v,1,accept,kernel_success,coqchk_success,experiments/kernel_replay_v66_regression_maintenance/logs/V66_BATCH.coqchk.log,1,accepted_kernel_checked
V66,proof-maintenance regression,66,V66_LIST_FILTER_REGRESSION_006,V66_LIST_FILTER_REGRESSION_006,experiments/kernel_replay_v66_regression_maintenance/coq/V66_LIST_FILTER_REGRESSION_006.v,1,accept,kernel_success,coqchk_success,experiments/kernel_replay_v66_regression_maintenance/logs/V66_BATCH.coqchk.log,1,accepted_kernel_checked
V66,proof-maintenance regression,67,V66_LIST_FILTER_REGRESSION_007,V66_LIST_FILTER_REGRESSION_007,experiments/kernel_replay_v66_regression_maintenance/coq/V66_LIST_FILTER_REGRESSION_007.v,1,accept,kernel_success,coqchk_success,experiments/kernel_replay_v66_regression_maintenance/logs/V66_BATCH.coqchk.log,1,accepted_kernel_checked
V66,proof-maintenance regression,68,V66_LIST_FILTER_REGRESSION_008,V66_LIST_FILTER_REGRESSION_008,experiments/kernel_replay_v66_regression_maintenance/coq/V66_LIST_FILTER_REGRESSION_008.v,1,accept,kernel_success,coqchk_success,experiments/kernel_replay_v66_regression_maintenance/logs/V66_BATCH.coqchk.log,1,accepted_kernel_checked
V66,proof-maintenance regression,69,V66_LIST_FILTER_REGRESSION_009,V66_LIST_FILTER_REGRESSION_009,experiments/kernel_replay_v66_regression_maintenance/coq/V66_LIST_FILTER_REGRESSION_009.v,1,accept,kernel_success,coqchk_success,experiments/kernel_replay_v66_regression_maintenance/logs/V66_BATCH.coqchk.log,1,accepted_kernel_checked
V66,proof-maintenance regression,70,V66_LIST_FILTER_REGRESSION_010,V66_LIST_FILTER_REGRESSION_010,experiments/kernel_replay_v66_regression_maintenance/coq/V66_LIST_FILTER_REGRESSION_010.v,1,accept,kernel_success,coqchk_success,experiments/kernel_replay_v66_regression_maintenance/logs/V66_BATCH.coqchk.log,1,accepted_kernel_checked
V66,proof-maintenance regression,71,V66_LIST_FILTER_REGRESSION_011,V66_LIST_FILTER_REGRESSION_011,experiments/kernel_replay_v66_regression_maintenance/coq/V66_LIST_FILTER_REGRESSION_011.v,1,accept,kernel_success,coqchk_success,experiments/kernel_replay_v66_regression_maintenance/logs/V66_BATCH.coqchk.log,1,accepted_kernel_checked
V66,proof-maintenance regression,72,V66_LIST_FILTER_REGRESSION_012,V66_LIST_FILTER_REGRESSION_012,experiments/kernel_replay_v66_regression_maintenance/coq/V66_LIST_FILTER_REGRESSION_012.v,1,accept,kernel_success,coqchk_success,experiments/kernel_replay_v66_regression_maintenance/logs/V66_BATCH.coqchk.log,1,accepted_kernel_checked
V66,proof-maintenance regression,73,V66_LIST_FILTER_REGRESSION_013,V66_LIST_FILTER_REGRESSION_013,experiments/kernel_replay_v66_regression_maintenance/coq/V66_LIST_FILTER_REGRESSION_013.v,1,accept,kernel_success,coqchk_success,experiments/kernel_replay_v66_regression_maintenance/logs/V66_BATCH.coqchk.log,1,accepted_kernel_checked
V66,proof-maintenance regression,74,V66_LIST_FILTER_REGRESSION_014,V66_LIST_FILTER_REGRESSION_014,experiments/kernel_replay_v66_regression_maintenance/coq/V66_LIST_FILTER_REGRESSION_014.v,1,accept,kernel_success,coqchk_success,experiments/kernel_replay_v66_regression_maintenance/logs/V66_BATCH.coqchk.log,1,accepted_kernel_checked
V66,proof-maintenance regression,75,V66_LIST_FILTER_REGRESSION_015,V66_LIST_FILTER_REGRESSION_015,experiments/kernel_replay_v66_regression_maintenance/coq/V66_LIST_FILTER_REGRESSION_015.v,1,accept,kernel_success,coqchk_success,experiments/kernel_replay_v66_regression_maintenance/logs/V66_BATCH.coqchk.log,1,accepted_kernel_checked
V66,proof-maintenance regression,76,V66_LIST_FILTER_REGRESSION_016,V66_LIST_FILTER_REGRESSION_016,experiments/kernel_replay_v66_regression_maintenance/coq/V66_LIST_FILTER_REGRESSION_016.v,1,accept,kernel_success,coqchk_success,experiments/kernel_replay_v66_regression_maintenance/logs/V66_BATCH.coqchk.log,1,accepted_kernel_checked
V66,proof-maintenance regression,77,V66_LIST_FILTER_REGRESSION_017,V66_LIST_FILTER_REGRESSION_017,experiments/kernel_replay_v66_regression_maintenance/coq/V66_LIST_FILTER_REGRESSION_017.v,1,accept,kernel_success,coqchk_success,experiments/kernel_replay_v66_regression_maintenance/logs/V66_BATCH.coqchk.log,1,accepted_kernel_checked
V66,proof-maintenance regression,78,V66_LIST_FILTER_REGRESSION_018,V66_LIST_FILTER_REGRESSION_018,experiments/kernel_replay_v66_regression_maintenance/coq/V66_LIST_FILTER_REGRESSION_018.v,1,accept,kernel_success,coqchk_success,experiments/kernel_replay_v66_regression_maintenance/logs/V66_BATCH.coqchk.log,1,accepted_kernel_checked
V66,proof-maintenance regression,79,V66_LIST_FILTER_REGRESSION_019,V66_LIST_FILTER_REGRESSION_019,experiments/kernel_replay_v66_regression_maintenance/coq/V66_LIST_FILTER_REGRESSION_019.v,1,accept,kernel_success,coqchk_success,experiments/kernel_replay_v66_regression_maintenance/logs/V66_BATCH.coqchk.log,1,accepted_kernel_checked
V66,proof-maintenance regression,80,V66_LIST_FILTER_REGRESSION_020,V66_LIST_FILTER_REGRESSION_020,experiments/kernel_replay_v66_regression_maintenance/coq/V66_LIST_FILTER_REGRESSION_020.v,1,accept,kernel_success,coqchk_success,experiments/kernel_replay_v66_regression_maintenance/logs/V66_BATCH.coqchk.log,1,accepted_kernel_checked
V66,proof-maintenance regression,81,V66_LIST_FILTER_REGRESSION_021,V66_LIST_FILTER_REGRESSION_021,experiments/kernel_replay_v66_regression_maintenance/coq/V66_LIST_FILTER_REGRESSION_021.v,1,accept,kernel_success,coqchk_success,experiments/kernel_replay_v66_regression_maintenance/logs/V66_BATCH.coqchk.log,1,accepted_kernel_checked
V66,proof-maintenance regression,82,V66_LIST_FILTER_REGRESSION_022,V66_LIST_FILTER_REGRESSION_022,experiments/kernel_replay_v66_regression_maintenance/coq/V66_LIST_FILTER_REGRESSION_022.v,1,accept,kernel_success,coqchk_success,experiments/kernel_replay_v66_regression_maintenance/logs/V66_BATCH.coqchk.log,1,accepted_kernel_checked
V66,proof-maintenance regression,83,V66_LIST_FILTER_REGRESSION_023,V66_LIST_FILTER_REGRESSION_023,experiments/kernel_replay_v66_regression_maintenance/coq/V66_LIST_FILTER_REGRESSION_023.v,1,accept,kernel_success,coqchk_success,experiments/kernel_replay_v66_regression_maintenance/logs/V66_BATCH.coqchk.log,1,accepted_kernel_checked
V66,proof-maintenance regression,84,V66_LIST_FILTER_REGRESSION_024,V66_LIST_FILTER_REGRESSION_024,experiments/kernel_replay_v66_regression_maintenance/coq/V66_LIST_FILTER_REGRESSION_024.v,1,accept,kernel_success,coqchk_success,experiments/kernel_replay_v66_regression_maintenance/logs/V66_BATCH.coqchk.log,1,accepted_kernel_checked
V66,proof-maintenance regression,85,V66_LIST_FILTER_REGRESSION_025,V66_LIST_FILTER_REGRESSION_025,experiments/kernel_replay_v66_regression_maintenance/coq/V66_LIST_FILTER_REGRESSION_025.v,1,accept,kernel_success,coqchk_success,experiments/kernel_replay_v66_regression_maintenance/logs/V66_BATCH.coqchk.log,1,accepted_kernel_checked
V66,proof-maintenance regression,86,V66_LIST_FILTER_REGRESSION_026,V66_LIST_FILTER_REGRESSION_026,experiments/kernel_replay_v66_regression_maintenance/coq/V66_LIST_FILTER_REGRESSION_026.v,1,accept,kernel_success,coqchk_success,experiments/kernel_replay_v66_regression_maintenance/logs/V66_BATCH.coqchk.log,1,accepted_kernel_checked
V66,proof-maintenance regression,87,V66_LIST_FILTER_REGRESSION_027,V66_LIST_FILTER_REGRESSION_027,experiments/kernel_replay_v66_regression_maintenance/coq/V66_LIST_FILTER_REGRESSION_027.v,1,accept,kernel_success,coqchk_success,experiments/kernel_replay_v66_regression_maintenance/logs/V66_BATCH.coqchk.log,1,accepted_kernel_checked
V66,proof-maintenance regression,88,V66_LIST_FILTER_REGRESSION_028,V66_LIST_FILTER_REGRESSION_028,experiments/kernel_replay_v66_regression_maintenance/coq/V66_LIST_FILTER_REGRESSION_028.v,1,accept,kernel_success,coqchk_success,experiments/kernel_replay_v66_regression_maintenance/logs/V66_BATCH.coqchk.log,1,accepted_kernel_checked
V66,proof-maintenance regression,89,V66_LIST_FILTER_REGRESSION_029,V66_LIST_FILTER_REGRESSION_029,experiments/kernel_replay_v66_regression_maintenance/coq/V66_LIST_FILTER_REGRESSION_029.v,1,accept,kernel_success,coqchk_success,experiments/kernel_replay_v66_regression_maintenance/logs/V66_BATCH.coqchk.log,1,accepted_kernel_checked
V66,proof-maintenance regression,90,V66_LIST_FILTER_REGRESSION_030,V66_LIST_FILTER_REGRESSION_030,experiments/kernel_replay_v66_regression_maintenance/coq/V66_LIST_FILTER_REGRESSION_030.v,1,accept,kernel_success,coqchk_success,experiments/kernel_replay_v66_regression_maintenance/logs/V66_BATCH.coqchk.log,1,accepted_kernel_checked
V66,proof-maintenance regression,91,V66_LIST_FILTER_REGRESSION_031,V66_LIST_FILTER_REGRESSION_031,experiments/kernel_replay_v66_regression_maintenance/coq/V66_LIST_FILTER_REGRESSION_031.v,1,accept,kernel_success,coqchk_success,experiments/kernel_replay_v66_regression_maintenance/logs/V66_BATCH.coqchk.log,1,accepted_kernel_checked
V66,proof-maintenance regression,92,V66_LIST_FILTER_REGRESSION_032,V66_LIST_FILTER_REGRESSION_032,experiments/kernel_replay_v66_regression_maintenance/coq/V66_LIST_FILTER_REGRESSION_032.v,1,accept,kernel_success,coqchk_success,experiments/kernel_replay_v66_regression_maintenance/logs/V66_BATCH.coqchk.log,1,accepted_kernel_checked
V66,proof-maintenance regression,93,V66_LIST_FILTER_REGRESSION_033,V66_LIST_FILTER_REGRESSION_033,experiments/kernel_replay_v66_regression_maintenance/coq/V66_LIST_FILTER_REGRESSION_033.v,1,accept,kernel_success,coqchk_success,experiments/kernel_replay_v66_regression_maintenance/logs/V66_BATCH.coqchk.log,1,accepted_kernel_checked
V66,proof-maintenance regression,94,V66_LIST_FILTER_REGRESSION_034,V66_LIST_FILTER_REGRESSION_034,experiments/kernel_replay_v66_regression_maintenance/coq/V66_LIST_FILTER_REGRESSION_034.v,1,accept,kernel_success,coqchk_success,experiments/kernel_replay_v66_regression_maintenance/logs/V66_BATCH.coqchk.log,1,accepted_kernel_checked
V66,proof-maintenance regression,95,V66_LIST_FILTER_REGRESSION_035,V66_LIST_FILTER_REGRESSION_035,experiments/kernel_replay_v66_regression_maintenance/coq/V66_LIST_FILTER_REGRESSION_035.v,1,accept,kernel_success,coqchk_success,experiments/kernel_replay_v66_regression_maintenance/logs/V66_BATCH.coqchk.log,1,accepted_kernel_checked
V66,proof-maintenance regression,96,V66_LIST_FILTER_REGRESSION_036,V66_LIST_FILTER_REGRESSION_036,experiments/kernel_replay_v66_regression_maintenance/coq/V66_LIST_FILTER_REGRESSION_036.v,1,accept,kernel_success,coqchk_success,experiments/kernel_replay_v66_regression_maintenance/logs/V66_BATCH.coqchk.log,1,accepted_kernel_checked
V66,proof-maintenance regression,97,V66_LIST_FILTER_REGRESSION_037,V66_LIST_FILTER_REGRESSION_037,experiments/kernel_replay_v66_regression_maintenance/coq/V66_LIST_FILTER_REGRESSION_037.v,1,accept,kernel_success,coqchk_success,experiments/kernel_replay_v66_regression_maintenance/logs/V66_BATCH.coqchk.log,1,accepted_kernel_checked
V66,proof-maintenance regression,98,V66_LIST_FILTER_REGRESSION_038,V66_LIST_FILTER_REGRESSION_038,experiments/kernel_replay_v66_regression_maintenance/coq/V66_LIST_FILTER_REGRESSION_038.v,1,accept,kernel_success,coqchk_success,experiments/kernel_replay_v66_regression_maintenance/logs/V66_BATCH.coqchk.log,1,accepted_kernel_checked
V66,proof-maintenance regression,99,V66_LIST_FILTER_REGRESSION_039,V66_LIST_FILTER_REGRESSION_039,experiments/kernel_replay_v66_regression_maintenance/coq/V66_LIST_FILTER_REGRESSION_039.v,1,accept,kernel_success,coqchk_success,experiments/kernel_replay_v66_regression_maintenance/logs/V66_BATCH.coqchk.log,1,accepted_kernel_checked
V66,proof-maintenance regression,100,V66_LIST_FILTER_REGRESSION_040,V66_LIST_FILTER_REGRESSION_040,experiments/kernel_replay_v66_regression_maintenance/coq/V66_LIST_FILTER_REGRESSION_040.v,1,accept,kernel_success,coqchk_success,experiments/kernel_replay_v66_regression_maintenance/logs/V66_BATCH.coqchk.log,1,accepted_kernel_checked
V66,proof-maintenance regression,101,V66_LIST_FILTER_REGRESSION_041,V66_LIST_FILTER_REGRESSION_041,experiments/kernel_replay_v66_regression_maintenance/coq/V66_LIST_FILTER_REGRESSION_041.v,1,accept,kernel_success,coqchk_success,experiments/kernel_replay_v66_regression_maintenance/logs/V66_BATCH.coqchk.log,1,accepted_kernel_checked
V66,proof-maintenance regression,102,V66_LIST_FILTER_REGRESSION_042,V66_LIST_FILTER_REGRESSION_042,experiments/kernel_replay_v66_regression_maintenance/coq/V66_LIST_FILTER_REGRESSION_042.v,1,accept,kernel_success,coqchk_success,experiments/kernel_replay_v66_regression_maintenance/logs/V66_BATCH.coqchk.log,1,accepted_kernel_checked
V66,proof-maintenance regression,103,V66_LIST_FILTER_REGRESSION_043,V66_LIST_FILTER_REGRESSION_043,experiments/kernel_replay_v66_regression_maintenance/coq/V66_LIST_FILTER_REGRESSION_043.v,1,accept,kernel_success,coqchk_success,experiments/kernel_replay_v66_regression_maintenance/logs/V66_BATCH.coqchk.log,1,accepted_kernel_checked
V66,proof-maintenance regression,104,V66_LIST_FILTER_REGRESSION_044,V66_LIST_FILTER_REGRESSION_044,experiments/kernel_replay_v66_regression_maintenance/coq/V66_LIST_FILTER_REGRESSION_044.v,1,accept,kernel_success,coqchk_success,experiments/kernel_replay_v66_regression_maintenance/logs/V66_BATCH.coqchk.log,1,accepted_kernel_checked
V66,proof-maintenance regression,105,V66_LIST_FILTER_REGRESSION_045,V66_LIST_FILTER_REGRESSION_045,experiments/kernel_replay_v66_regression_maintenance/coq/V66_LIST_FILTER_REGRESSION_045.v,1,accept,kernel_success,coqchk_success,experiments/kernel_replay_v66_regression_maintenance/logs/V66_BATCH.coqchk.log,1,accepted_kernel_checked
V66,proof-maintenance regression,106,V66_LIST_FILTER_REGRESSION_046,V66_LIST_FILTER_REGRESSION_046,experiments/kernel_replay_v66_regression_maintenance/coq/V66_LIST_FILTER_REGRESSION_046.v,1,accept,kernel_success,coqchk_success,experiments/kernel_replay_v66_regression_maintenance/logs/V66_BATCH.coqchk.log,1,accepted_kernel_checked
V66,proof-maintenance regression,107,V66_LIST_FILTER_REGRESSION_047,V66_LIST_FILTER_REGRESSION_047,experiments/kernel_replay_v66_regression_maintenance/coq/V66_LIST_FILTER_REGRESSION_047.v,1,accept,kernel_success,coqchk_success,experiments/kernel_replay_v66_regression_maintenance/logs/V66_BATCH.coqchk.log,1,accepted_kernel_checked
V66,proof-maintenance regression,108,V66_LIST_FILTER_REGRESSION_048,V66_LIST_FILTER_REGRESSION_048,experiments/kernel_replay_v66_regression_maintenance/coq/V66_LIST_FILTER_REGRESSION_048.v,1,accept,kernel_success,coqchk_success,experiments/kernel_replay_v66_regression_maintenance/logs/V66_BATCH.coqchk.log,1,accepted_kernel_checked
V66,proof-maintenance regression,109,V66_LIST_FILTER_REGRESSION_049,V66_LIST_FILTER_REGRESSION_049,experiments/kernel_replay_v66_regression_maintenance/coq/V66_LIST_FILTER_REGRESSION_049.v,1,accept,kernel_success,coqchk_success,experiments/kernel_replay_v66_regression_maintenance/logs/V66_BATCH.coqchk.log,1,accepted_kernel_checked
V66,proof-maintenance regression,110,V66_LIST_FILTER_REGRESSION_050,V66_LIST_FILTER_REGRESSION_050,experiments/kernel_replay_v66_regression_maintenance/coq/V66_LIST_FILTER_REGRESSION_050.v,1,accept,kernel_success,coqchk_success,experiments/kernel_replay_v66_regression_maintenance/logs/V66_BATCH.coqchk.log,1,accepted_kernel_checked
V66,proof-maintenance regression,111,V66_LIST_FILTER_REGRESSION_051,V66_LIST_FILTER_REGRESSION_051,experiments/kernel_replay_v66_regression_maintenance/coq/V66_LIST_FILTER_REGRESSION_051.v,1,accept,kernel_success,coqchk_success,experiments/kernel_replay_v66_regression_maintenance/logs/V66_BATCH.coqchk.log,1,accepted_kernel_checked
V66,proof-maintenance regression,112,V66_LIST_FILTER_REGRESSION_052,V66_LIST_FILTER_REGRESSION_052,experiments/kernel_replay_v66_regression_maintenance/coq/V66_LIST_FILTER_REGRESSION_052.v,1,accept,kernel_success,coqchk_success,experiments/kernel_replay_v66_regression_maintenance/logs/V66_BATCH.coqchk.log,1,accepted_kernel_checked
V66,proof-maintenance regression,113,V66_LIST_FILTER_REGRESSION_053,V66_LIST_FILTER_REGRESSION_053,experiments/kernel_replay_v66_regression_maintenance/coq/V66_LIST_FILTER_REGRESSION_053.v,1,accept,kernel_success,coqchk_success,experiments/kernel_replay_v66_regression_maintenance/logs/V66_BATCH.coqchk.log,1,accepted_kernel_checked
V66,proof-maintenance regression,114,V66_LIST_FILTER_REGRESSION_054,V66_LIST_FILTER_REGRESSION_054,experiments/kernel_replay_v66_regression_maintenance/coq/V66_LIST_FILTER_REGRESSION_054.v,1,accept,kernel_success,coqchk_success,experiments/kernel_replay_v66_regression_maintenance/logs/V66_BATCH.coqchk.log,1,accepted_kernel_checked
V66,proof-maintenance regression,115,V66_LIST_FILTER_REGRESSION_055,V66_LIST_FILTER_REGRESSION_055,experiments/kernel_replay_v66_regression_maintenance/coq/V66_LIST_FILTER_REGRESSION_055.v,1,accept,kernel_success,coqchk_success,experiments/kernel_replay_v66_regression_maintenance/logs/V66_BATCH.coqchk.log,1,accepted_kernel_checked
V66,proof-maintenance regression,116,V66_LIST_FILTER_REGRESSION_056,V66_LIST_FILTER_REGRESSION_056,experiments/kernel_replay_v66_regression_maintenance/coq/V66_LIST_FILTER_REGRESSION_056.v,1,accept,kernel_success,coqchk_success,experiments/kernel_replay_v66_regression_maintenance/logs/V66_BATCH.coqchk.log,1,accepted_kernel_checked
V66,proof-maintenance regression,117,V66_LIST_FILTER_REGRESSION_057,V66_LIST_FILTER_REGRESSION_057,experiments/kernel_replay_v66_regression_maintenance/coq/V66_LIST_FILTER_REGRESSION_057.v,1,accept,kernel_success,coqchk_success,experiments/kernel_replay_v66_regression_maintenance/logs/V66_BATCH.coqchk.log,1,accepted_kernel_checked
V66,proof-maintenance regression,118,V66_LIST_FILTER_REGRESSION_058,V66_LIST_FILTER_REGRESSION_058,experiments/kernel_replay_v66_regression_maintenance/coq/V66_LIST_FILTER_REGRESSION_058.v,1,accept,kernel_success,coqchk_success,experiments/kernel_replay_v66_regression_maintenance/logs/V66_BATCH.coqchk.log,1,accepted_kernel_checked
V66,proof-maintenance regression,119,V66_LIST_FILTER_REGRESSION_059,V66_LIST_FILTER_REGRESSION_059,experiments/kernel_replay_v66_regression_maintenance/coq/V66_LIST_FILTER_REGRESSION_059.v,1,accept,kernel_success,coqchk_success,experiments/kernel_replay_v66_regression_maintenance/logs/V66_BATCH.coqchk.log,1,accepted_kernel_checked
V66,proof-maintenance regression,120,V66_LIST_FILTER_REGRESSION_060,V66_LIST_FILTER_REGRESSION_060,experiments/kernel_replay_v66_regression_maintenance/coq/V66_LIST_FILTER_REGRESSION_060.v,1,accept,kernel_success,coqchk_success,experiments/kernel_replay_v66_regression_maintenance/logs/V66_BATCH.coqchk.log,1,accepted_kernel_checked
V66,proof-maintenance regression,121,V66_OPTION_MAINTENANCE_001,V66_OPTION_MAINTENANCE_001,experiments/kernel_replay_v66_regression_maintenance/coq/V66_OPTION_MAINTENANCE_001.v,1,accept,kernel_success,coqchk_success,experiments/kernel_replay_v66_regression_maintenance/logs/V66_BATCH.coqchk.log,1,accepted_kernel_checked
V66,proof-maintenance regression,122,V66_OPTION_MAINTENANCE_002,V66_OPTION_MAINTENANCE_002,experiments/kernel_replay_v66_regression_maintenance/coq/V66_OPTION_MAINTENANCE_002.v,1,accept,kernel_success,coqchk_success,experiments/kernel_replay_v66_regression_maintenance/logs/V66_BATCH.coqchk.log,1,accepted_kernel_checked
V66,proof-maintenance regression,123,V66_OPTION_MAINTENANCE_003,V66_OPTION_MAINTENANCE_003,experiments/kernel_replay_v66_regression_maintenance/coq/V66_OPTION_MAINTENANCE_003.v,1,accept,kernel_success,coqchk_success,experiments/kernel_replay_v66_regression_maintenance/logs/V66_BATCH.coqchk.log,1,accepted_kernel_checked
V66,proof-maintenance regression,124,V66_OPTION_MAINTENANCE_004,V66_OPTION_MAINTENANCE_004,experiments/kernel_replay_v66_regression_maintenance/coq/V66_OPTION_MAINTENANCE_004.v,1,accept,kernel_success,coqchk_success,experiments/kernel_replay_v66_regression_maintenance/logs/V66_BATCH.coqchk.log,1,accepted_kernel_checked
V66,proof-maintenance regression,125,V66_OPTION_MAINTENANCE_005,V66_OPTION_MAINTENANCE_005,experiments/kernel_replay_v66_regression_maintenance/coq/V66_OPTION_MAINTENANCE_005.v,1,accept,kernel_success,coqchk_success,experiments/kernel_replay_v66_regression_maintenance/logs/V66_BATCH.coqchk.log,1,accepted_kernel_checked
V66,proof-maintenance regression,126,V66_OPTION_MAINTENANCE_006,V66_OPTION_MAINTENANCE_006,experiments/kernel_replay_v66_regression_maintenance/coq/V66_OPTION_MAINTENANCE_006.v,1,accept,kernel_success,coqchk_success,experiments/kernel_replay_v66_regression_maintenance/logs/V66_BATCH.coqchk.log,1,accepted_kernel_checked
V66,proof-maintenance regression,127,V66_OPTION_MAINTENANCE_007,V66_OPTION_MAINTENANCE_007,experiments/kernel_replay_v66_regression_maintenance/coq/V66_OPTION_MAINTENANCE_007.v,1,accept,kernel_success,coqchk_success,experiments/kernel_replay_v66_regression_maintenance/logs/V66_BATCH.coqchk.log,1,accepted_kernel_checked
V66,proof-maintenance regression,128,V66_OPTION_MAINTENANCE_008,V66_OPTION_MAINTENANCE_008,experiments/kernel_replay_v66_regression_maintenance/coq/V66_OPTION_MAINTENANCE_008.v,1,accept,kernel_success,coqchk_success,experiments/kernel_replay_v66_regression_maintenance/logs/V66_BATCH.coqchk.log,1,accepted_kernel_checked
V66,proof-maintenance regression,129,V66_OPTION_MAINTENANCE_009,V66_OPTION_MAINTENANCE_009,experiments/kernel_replay_v66_regression_maintenance/coq/V66_OPTION_MAINTENANCE_009.v,1,accept,kernel_success,coqchk_success,experiments/kernel_replay_v66_regression_maintenance/logs/V66_BATCH.coqchk.log,1,accepted_kernel_checked
V66,proof-maintenance regression,130,V66_OPTION_MAINTENANCE_010,V66_OPTION_MAINTENANCE_010,experiments/kernel_replay_v66_regression_maintenance/coq/V66_OPTION_MAINTENANCE_010.v,1,accept,kernel_success,coqchk_success,experiments/kernel_replay_v66_regression_maintenance/logs/V66_BATCH.coqchk.log,1,accepted_kernel_checked
V66,proof-maintenance regression,131,V66_OPTION_MAINTENANCE_011,V66_OPTION_MAINTENANCE_011,experiments/kernel_replay_v66_regression_maintenance/coq/V66_OPTION_MAINTENANCE_011.v,1,accept,kernel_success,coqchk_success,experiments/kernel_replay_v66_regression_maintenance/logs/V66_BATCH.coqchk.log,1,accepted_kernel_checked
V66,proof-maintenance regression,132,V66_OPTION_MAINTENANCE_012,V66_OPTION_MAINTENANCE_012,experiments/kernel_replay_v66_regression_maintenance/coq/V66_OPTION_MAINTENANCE_012.v,1,accept,kernel_success,coqchk_success,experiments/kernel_replay_v66_regression_maintenance/logs/V66_BATCH.coqchk.log,1,accepted_kernel_checked
V66,proof-maintenance regression,133,V66_OPTION_MAINTENANCE_013,V66_OPTION_MAINTENANCE_013,experiments/kernel_replay_v66_regression_maintenance/coq/V66_OPTION_MAINTENANCE_013.v,1,accept,kernel_success,coqchk_success,experiments/kernel_replay_v66_regression_maintenance/logs/V66_BATCH.coqchk.log,1,accepted_kernel_checked
V66,proof-maintenance regression,134,V66_OPTION_MAINTENANCE_014,V66_OPTION_MAINTENANCE_014,experiments/kernel_replay_v66_regression_maintenance/coq/V66_OPTION_MAINTENANCE_014.v,1,accept,kernel_success,coqchk_success,experiments/kernel_replay_v66_regression_maintenance/logs/V66_BATCH.coqchk.log,1,accepted_kernel_checked
V66,proof-maintenance regression,135,V66_OPTION_MAINTENANCE_015,V66_OPTION_MAINTENANCE_015,experiments/kernel_replay_v66_regression_maintenance/coq/V66_OPTION_MAINTENANCE_015.v,1,accept,kernel_success,coqchk_success,experiments/kernel_replay_v66_regression_maintenance/logs/V66_BATCH.coqchk.log,1,accepted_kernel_checked
V66,proof-maintenance regression,136,V66_OPTION_MAINTENANCE_016,V66_OPTION_MAINTENANCE_016,experiments/kernel_replay_v66_regression_maintenance/coq/V66_OPTION_MAINTENANCE_016.v,1,accept,kernel_success,coqchk_success,experiments/kernel_replay_v66_regression_maintenance/logs/V66_BATCH.coqchk.log,1,accepted_kernel_checked
V66,proof-maintenance regression,137,V66_OPTION_MAINTENANCE_017,V66_OPTION_MAINTENANCE_017,experiments/kernel_replay_v66_regression_maintenance/coq/V66_OPTION_MAINTENANCE_017.v,1,accept,kernel_success,coqchk_success,experiments/kernel_replay_v66_regression_maintenance/logs/V66_BATCH.coqchk.log,1,accepted_kernel_checked
V66,proof-maintenance regression,138,V66_OPTION_MAINTENANCE_018,V66_OPTION_MAINTENANCE_018,experiments/kernel_replay_v66_regression_maintenance/coq/V66_OPTION_MAINTENANCE_018.v,1,accept,kernel_success,coqchk_success,experiments/kernel_replay_v66_regression_maintenance/logs/V66_BATCH.coqchk.log,1,accepted_kernel_checked
V66,proof-maintenance regression,139,V66_OPTION_MAINTENANCE_019,V66_OPTION_MAINTENANCE_019,experiments/kernel_replay_v66_regression_maintenance/coq/V66_OPTION_MAINTENANCE_019.v,1,accept,kernel_success,coqchk_success,experiments/kernel_replay_v66_regression_maintenance/logs/V66_BATCH.coqchk.log,1,accepted_kernel_checked
V66,proof-maintenance regression,140,V66_OPTION_MAINTENANCE_020,V66_OPTION_MAINTENANCE_020,experiments/kernel_replay_v66_regression_maintenance/coq/V66_OPTION_MAINTENANCE_020.v,1,accept,kernel_success,coqchk_success,experiments/kernel_replay_v66_regression_maintenance/logs/V66_BATCH.coqchk.log,1,accepted_kernel_checked
V66,proof-maintenance regression,141,V66_OPTION_MAINTENANCE_021,V66_OPTION_MAINTENANCE_021,experiments/kernel_replay_v66_regression_maintenance/coq/V66_OPTION_MAINTENANCE_021.v,1,accept,kernel_success,coqchk_success,experiments/kernel_replay_v66_regression_maintenance/logs/V66_BATCH.coqchk.log,1,accepted_kernel_checked
V66,proof-maintenance regression,142,V66_OPTION_MAINTENANCE_022,V66_OPTION_MAINTENANCE_022,experiments/kernel_replay_v66_regression_maintenance/coq/V66_OPTION_MAINTENANCE_022.v,1,accept,kernel_success,coqchk_success,experiments/kernel_replay_v66_regression_maintenance/logs/V66_BATCH.coqchk.log,1,accepted_kernel_checked
V66,proof-maintenance regression,143,V66_OPTION_MAINTENANCE_023,V66_OPTION_MAINTENANCE_023,experiments/kernel_replay_v66_regression_maintenance/coq/V66_OPTION_MAINTENANCE_023.v,1,accept,kernel_success,coqchk_success,experiments/kernel_replay_v66_regression_maintenance/logs/V66_BATCH.coqchk.log,1,accepted_kernel_checked
V66,proof-maintenance regression,144,V66_OPTION_MAINTENANCE_024,V66_OPTION_MAINTENANCE_024,experiments/kernel_replay_v66_regression_maintenance/coq/V66_OPTION_MAINTENANCE_024.v,1,accept,kernel_success,coqchk_success,experiments/kernel_replay_v66_regression_maintenance/logs/V66_BATCH.coqchk.log,1,accepted_kernel_checked
V66,proof-maintenance regression,145,V66_OPTION_MAINTENANCE_025,V66_OPTION_MAINTENANCE_025,experiments/kernel_replay_v66_regression_maintenance/coq/V66_OPTION_MAINTENANCE_025.v,1,accept,kernel_success,coqchk_success,experiments/kernel_replay_v66_regression_maintenance/logs/V66_BATCH.coqchk.log,1,accepted_kernel_checked
V66,proof-maintenance regression,146,V66_OPTION_MAINTENANCE_026,V66_OPTION_MAINTENANCE_026,experiments/kernel_replay_v66_regression_maintenance/coq/V66_OPTION_MAINTENANCE_026.v,1,accept,kernel_success,coqchk_success,experiments/kernel_replay_v66_regression_maintenance/logs/V66_BATCH.coqchk.log,1,accepted_kernel_checked
V66,proof-maintenance regression,147,V66_OPTION_MAINTENANCE_027,V66_OPTION_MAINTENANCE_027,experiments/kernel_replay_v66_regression_maintenance/coq/V66_OPTION_MAINTENANCE_027.v,1,accept,kernel_success,coqchk_success,experiments/kernel_replay_v66_regression_maintenance/logs/V66_BATCH.coqchk.log,1,accepted_kernel_checked
V66,proof-maintenance regression,148,V66_OPTION_MAINTENANCE_028,V66_OPTION_MAINTENANCE_028,experiments/kernel_replay_v66_regression_maintenance/coq/V66_OPTION_MAINTENANCE_028.v,1,accept,kernel_success,coqchk_success,experiments/kernel_replay_v66_regression_maintenance/logs/V66_BATCH.coqchk.log,1,accepted_kernel_checked
V66,proof-maintenance regression,149,V66_OPTION_MAINTENANCE_029,V66_OPTION_MAINTENANCE_029,experiments/kernel_replay_v66_regression_maintenance/coq/V66_OPTION_MAINTENANCE_029.v,1,accept,kernel_success,coqchk_success,experiments/kernel_replay_v66_regression_maintenance/logs/V66_BATCH.coqchk.log,1,accepted_kernel_checked
V66,proof-maintenance regression,150,V66_OPTION_MAINTENANCE_030,V66_OPTION_MAINTENANCE_030,experiments/kernel_replay_v66_regression_maintenance/coq/V66_OPTION_MAINTENANCE_030.v,1,accept,kernel_success,coqchk_success,experiments/kernel_replay_v66_regression_maintenance/logs/V66_BATCH.coqchk.log,1,accepted_kernel_checked
V66,proof-maintenance regression,151,V66_OPTION_MAINTENANCE_031,V66_OPTION_MAINTENANCE_031,experiments/kernel_replay_v66_regression_maintenance/coq/V66_OPTION_MAINTENANCE_031.v,1,accept,kernel_success,coqchk_success,experiments/kernel_replay_v66_regression_maintenance/logs/V66_BATCH.coqchk.log,1,accepted_kernel_checked
V66,proof-maintenance regression,152,V66_OPTION_MAINTENANCE_032,V66_OPTION_MAINTENANCE_032,experiments/kernel_replay_v66_regression_maintenance/coq/V66_OPTION_MAINTENANCE_032.v,1,accept,kernel_success,coqchk_success,experiments/kernel_replay_v66_regression_maintenance/logs/V66_BATCH.coqchk.log,1,accepted_kernel_checked
V66,proof-maintenance regression,153,V66_OPTION_MAINTENANCE_033,V66_OPTION_MAINTENANCE_033,experiments/kernel_replay_v66_regression_maintenance/coq/V66_OPTION_MAINTENANCE_033.v,1,accept,kernel_success,coqchk_success,experiments/kernel_replay_v66_regression_maintenance/logs/V66_BATCH.coqchk.log,1,accepted_kernel_checked
V66,proof-maintenance regression,154,V66_OPTION_MAINTENANCE_034,V66_OPTION_MAINTENANCE_034,experiments/kernel_replay_v66_regression_maintenance/coq/V66_OPTION_MAINTENANCE_034.v,1,accept,kernel_success,coqchk_success,experiments/kernel_replay_v66_regression_maintenance/logs/V66_BATCH.coqchk.log,1,accepted_kernel_checked
V66,proof-maintenance regression,155,V66_OPTION_MAINTENANCE_035,V66_OPTION_MAINTENANCE_035,experiments/kernel_replay_v66_regression_maintenance/coq/V66_OPTION_MAINTENANCE_035.v,1,accept,kernel_success,coqchk_success,experiments/kernel_replay_v66_regression_maintenance/logs/V66_BATCH.coqchk.log,1,accepted_kernel_checked
V66,proof-maintenance regression,156,V66_OPTION_MAINTENANCE_036,V66_OPTION_MAINTENANCE_036,experiments/kernel_replay_v66_regression_maintenance/coq/V66_OPTION_MAINTENANCE_036.v,1,accept,kernel_success,coqchk_success,experiments/kernel_replay_v66_regression_maintenance/logs/V66_BATCH.coqchk.log,1,accepted_kernel_checked
V66,proof-maintenance regression,157,V66_OPTION_MAINTENANCE_037,V66_OPTION_MAINTENANCE_037,experiments/kernel_replay_v66_regression_maintenance/coq/V66_OPTION_MAINTENANCE_037.v,1,accept,kernel_success,coqchk_success,experiments/kernel_replay_v66_regression_maintenance/logs/V66_BATCH.coqchk.log,1,accepted_kernel_checked
V66,proof-maintenance regression,158,V66_OPTION_MAINTENANCE_038,V66_OPTION_MAINTENANCE_038,experiments/kernel_replay_v66_regression_maintenance/coq/V66_OPTION_MAINTENANCE_038.v,1,accept,kernel_success,coqchk_success,experiments/kernel_replay_v66_regression_maintenance/logs/V66_BATCH.coqchk.log,1,accepted_kernel_checked
V66,proof-maintenance regression,159,V66_OPTION_MAINTENANCE_039,V66_OPTION_MAINTENANCE_039,experiments/kernel_replay_v66_regression_maintenance/coq/V66_OPTION_MAINTENANCE_039.v,1,accept,kernel_success,coqchk_success,experiments/kernel_replay_v66_regression_maintenance/logs/V66_BATCH.coqchk.log,1,accepted_kernel_checked
V66,proof-maintenance regression,160,V66_OPTION_MAINTENANCE_040,V66_OPTION_MAINTENANCE_040,experiments/kernel_replay_v66_regression_maintenance/coq/V66_OPTION_MAINTENANCE_040.v,1,accept,kernel_success,coqchk_success,experiments/kernel_replay_v66_regression_maintenance/logs/V66_BATCH.coqchk.log,1,accepted_kernel_checked
V66,proof-maintenance regression,161,V66_OPTION_MAINTENANCE_041,V66_OPTION_MAINTENANCE_041,experiments/kernel_replay_v66_regression_maintenance/coq/V66_OPTION_MAINTENANCE_041.v,1,accept,kernel_success,coqchk_success,experiments/kernel_replay_v66_regression_maintenance/logs/V66_BATCH.coqchk.log,1,accepted_kernel_checked
V66,proof-maintenance regression,162,V66_OPTION_MAINTENANCE_042,V66_OPTION_MAINTENANCE_042,experiments/kernel_replay_v66_regression_maintenance/coq/V66_OPTION_MAINTENANCE_042.v,1,accept,kernel_success,coqchk_success,experiments/kernel_replay_v66_regression_maintenance/logs/V66_BATCH.coqchk.log,1,accepted_kernel_checked
V66,proof-maintenance regression,163,V66_OPTION_MAINTENANCE_043,V66_OPTION_MAINTENANCE_043,experiments/kernel_replay_v66_regression_maintenance/coq/V66_OPTION_MAINTENANCE_043.v,1,accept,kernel_success,coqchk_success,experiments/kernel_replay_v66_regression_maintenance/logs/V66_BATCH.coqchk.log,1,accepted_kernel_checked
V66,proof-maintenance regression,164,V66_OPTION_MAINTENANCE_044,V66_OPTION_MAINTENANCE_044,experiments/kernel_replay_v66_regression_maintenance/coq/V66_OPTION_MAINTENANCE_044.v,1,accept,kernel_success,coqchk_success,experiments/kernel_replay_v66_regression_maintenance/logs/V66_BATCH.coqchk.log,1,accepted_kernel_checked
V66,proof-maintenance regression,165,V66_OPTION_MAINTENANCE_045,V66_OPTION_MAINTENANCE_045,experiments/kernel_replay_v66_regression_maintenance/coq/V66_OPTION_MAINTENANCE_045.v,1,accept,kernel_success,coqchk_success,experiments/kernel_replay_v66_regression_maintenance/logs/V66_BATCH.coqchk.log,1,accepted_kernel_checked
V66,proof-maintenance regression,166,V66_OPTION_MAINTENANCE_046,V66_OPTION_MAINTENANCE_046,experiments/kernel_replay_v66_regression_maintenance/coq/V66_OPTION_MAINTENANCE_046.v,1,accept,kernel_success,coqchk_success,experiments/kernel_replay_v66_regression_maintenance/logs/V66_BATCH.coqchk.log,1,accepted_kernel_checked
V66,proof-maintenance regression,167,V66_OPTION_MAINTENANCE_047,V66_OPTION_MAINTENANCE_047,experiments/kernel_replay_v66_regression_maintenance/coq/V66_OPTION_MAINTENANCE_047.v,1,accept,kernel_success,coqchk_success,experiments/kernel_replay_v66_regression_maintenance/logs/V66_BATCH.coqchk.log,1,accepted_kernel_checked
V66,proof-maintenance regression,168,V66_OPTION_MAINTENANCE_048,V66_OPTION_MAINTENANCE_048,experiments/kernel_replay_v66_regression_maintenance/coq/V66_OPTION_MAINTENANCE_048.v,1,accept,kernel_success,coqchk_success,experiments/kernel_replay_v66_regression_maintenance/logs/V66_BATCH.coqchk.log,1,accepted_kernel_checked
V66,proof-maintenance regression,169,V66_OPTION_MAINTENANCE_049,V66_OPTION_MAINTENANCE_049,experiments/kernel_replay_v66_regression_maintenance/coq/V66_OPTION_MAINTENANCE_049.v,1,accept,kernel_success,coqchk_success,experiments/kernel_replay_v66_regression_maintenance/logs/V66_BATCH.coqchk.log,1,accepted_kernel_checked
V66,proof-maintenance regression,170,V66_OPTION_MAINTENANCE_050,V66_OPTION_MAINTENANCE_050,experiments/kernel_replay_v66_regression_maintenance/coq/V66_OPTION_MAINTENANCE_050.v,1,accept,kernel_success,coqchk_success,experiments/kernel_replay_v66_regression_maintenance/logs/V66_BATCH.coqchk.log,1,accepted_kernel_checked
V66,proof-maintenance regression,171,V66_OPTION_MAINTENANCE_051,V66_OPTION_MAINTENANCE_051,experiments/kernel_replay_v66_regression_maintenance/coq/V66_OPTION_MAINTENANCE_051.v,1,accept,kernel_success,coqchk_success,experiments/kernel_replay_v66_regression_maintenance/logs/V66_BATCH.coqchk.log,1,accepted_kernel_checked
V66,proof-maintenance regression,172,V66_OPTION_MAINTENANCE_052,V66_OPTION_MAINTENANCE_052,experiments/kernel_replay_v66_regression_maintenance/coq/V66_OPTION_MAINTENANCE_052.v,1,accept,kernel_success,coqchk_success,experiments/kernel_replay_v66_regression_maintenance/logs/V66_BATCH.coqchk.log,1,accepted_kernel_checked
V66,proof-maintenance regression,173,V66_OPTION_MAINTENANCE_053,V66_OPTION_MAINTENANCE_053,experiments/kernel_replay_v66_regression_maintenance/coq/V66_OPTION_MAINTENANCE_053.v,1,accept,kernel_success,coqchk_success,experiments/kernel_replay_v66_regression_maintenance/logs/V66_BATCH.coqchk.log,1,accepted_kernel_checked
V66,proof-maintenance regression,174,V66_OPTION_MAINTENANCE_054,V66_OPTION_MAINTENANCE_054,experiments/kernel_replay_v66_regression_maintenance/coq/V66_OPTION_MAINTENANCE_054.v,1,accept,kernel_success,coqchk_success,experiments/kernel_replay_v66_regression_maintenance/logs/V66_BATCH.coqchk.log,1,accepted_kernel_checked
V66,proof-maintenance regression,175,V66_OPTION_MAINTENANCE_055,V66_OPTION_MAINTENANCE_055,experiments/kernel_replay_v66_regression_maintenance/coq/V66_OPTION_MAINTENANCE_055.v,1,accept,kernel_success,coqchk_success,experiments/kernel_replay_v66_regression_maintenance/logs/V66_BATCH.coqchk.log,1,accepted_kernel_checked
V66,proof-maintenance regression,176,V66_OPTION_MAINTENANCE_056,V66_OPTION_MAINTENANCE_056,experiments/kernel_replay_v66_regression_maintenance/coq/V66_OPTION_MAINTENANCE_056.v,1,accept,kernel_success,coqchk_success,experiments/kernel_replay_v66_regression_maintenance/logs/V66_BATCH.coqchk.log,1,accepted_kernel_checked
V66,proof-maintenance regression,177,V66_OPTION_MAINTENANCE_057,V66_OPTION_MAINTENANCE_057,experiments/kernel_replay_v66_regression_maintenance/coq/V66_OPTION_MAINTENANCE_057.v,1,accept,kernel_success,coqchk_success,experiments/kernel_replay_v66_regression_maintenance/logs/V66_BATCH.coqchk.log,1,accepted_kernel_checked
V66,proof-maintenance regression,178,V66_OPTION_MAINTENANCE_058,V66_OPTION_MAINTENANCE_058,experiments/kernel_replay_v66_regression_maintenance/coq/V66_OPTION_MAINTENANCE_058.v,1,accept,kernel_success,coqchk_success,experiments/kernel_replay_v66_regression_maintenance/logs/V66_BATCH.coqchk.log,1,accepted_kernel_checked
V66,proof-maintenance regression,179,V66_OPTION_MAINTENANCE_059,V66_OPTION_MAINTENANCE_059,experiments/kernel_replay_v66_regression_maintenance/coq/V66_OPTION_MAINTENANCE_059.v,1,accept,kernel_success,coqchk_success,experiments/kernel_replay_v66_regression_maintenance/logs/V66_BATCH.coqchk.log,1,accepted_kernel_checked
V66,proof-maintenance regression,180,V66_OPTION_MAINTENANCE_060,V66_OPTION_MAINTENANCE_060,experiments/kernel_replay_v66_regression_maintenance/coq/V66_OPTION_MAINTENANCE_060.v,1,accept,kernel_success,coqchk_success,experiments/kernel_replay_v66_regression_maintenance/logs/V66_BATCH.coqchk.log,1,accepted_kernel_checked
V66,proof-maintenance regression,181,V66_NAT_REWRITE_MAINTENANCE_001,V66_NAT_REWRITE_MAINTENANCE_001,experiments/kernel_replay_v66_regression_maintenance/coq/V66_NAT_REWRITE_MAINTENANCE_001.v,1,accept,kernel_success,coqchk_success,experiments/kernel_replay_v66_regression_maintenance/logs/V66_BATCH.coqchk.log,1,accepted_kernel_checked
V66,proof-maintenance regression,182,V66_NAT_REWRITE_MAINTENANCE_002,V66_NAT_REWRITE_MAINTENANCE_002,experiments/kernel_replay_v66_regression_maintenance/coq/V66_NAT_REWRITE_MAINTENANCE_002.v,1,accept,kernel_success,coqchk_success,experiments/kernel_replay_v66_regression_maintenance/logs/V66_BATCH.coqchk.log,1,accepted_kernel_checked
V66,proof-maintenance regression,183,V66_NAT_REWRITE_MAINTENANCE_003,V66_NAT_REWRITE_MAINTENANCE_003,experiments/kernel_replay_v66_regression_maintenance/coq/V66_NAT_REWRITE_MAINTENANCE_003.v,1,accept,kernel_success,coqchk_success,experiments/kernel_replay_v66_regression_maintenance/logs/V66_BATCH.coqchk.log,1,accepted_kernel_checked
V66,proof-maintenance regression,184,V66_NAT_REWRITE_MAINTENANCE_004,V66_NAT_REWRITE_MAINTENANCE_004,experiments/kernel_replay_v66_regression_maintenance/coq/V66_NAT_REWRITE_MAINTENANCE_004.v,1,accept,kernel_success,coqchk_success,experiments/kernel_replay_v66_regression_maintenance/logs/V66_BATCH.coqchk.log,1,accepted_kernel_checked
V66,proof-maintenance regression,185,V66_NAT_REWRITE_MAINTENANCE_005,V66_NAT_REWRITE_MAINTENANCE_005,experiments/kernel_replay_v66_regression_maintenance/coq/V66_NAT_REWRITE_MAINTENANCE_005.v,1,accept,kernel_success,coqchk_success,experiments/kernel_replay_v66_regression_maintenance/logs/V66_BATCH.coqchk.log,1,accepted_kernel_checked
V66,proof-maintenance regression,186,V66_NAT_REWRITE_MAINTENANCE_006,V66_NAT_REWRITE_MAINTENANCE_006,experiments/kernel_replay_v66_regression_maintenance/coq/V66_NAT_REWRITE_MAINTENANCE_006.v,1,accept,kernel_success,coqchk_success,experiments/kernel_replay_v66_regression_maintenance/logs/V66_BATCH.coqchk.log,1,accepted_kernel_checked
V66,proof-maintenance regression,187,V66_NAT_REWRITE_MAINTENANCE_007,V66_NAT_REWRITE_MAINTENANCE_007,experiments/kernel_replay_v66_regression_maintenance/coq/V66_NAT_REWRITE_MAINTENANCE_007.v,1,accept,kernel_success,coqchk_success,experiments/kernel_replay_v66_regression_maintenance/logs/V66_BATCH.coqchk.log,1,accepted_kernel_checked
V66,proof-maintenance regression,188,V66_NAT_REWRITE_MAINTENANCE_008,V66_NAT_REWRITE_MAINTENANCE_008,experiments/kernel_replay_v66_regression_maintenance/coq/V66_NAT_REWRITE_MAINTENANCE_008.v,1,accept,kernel_success,coqchk_success,experiments/kernel_replay_v66_regression_maintenance/logs/V66_BATCH.coqchk.log,1,accepted_kernel_checked
V66,proof-maintenance regression,189,V66_NAT_REWRITE_MAINTENANCE_009,V66_NAT_REWRITE_MAINTENANCE_009,experiments/kernel_replay_v66_regression_maintenance/coq/V66_NAT_REWRITE_MAINTENANCE_009.v,1,accept,kernel_success,coqchk_success,experiments/kernel_replay_v66_regression_maintenance/logs/V66_BATCH.coqchk.log,1,accepted_kernel_checked
V66,proof-maintenance regression,190,V66_NAT_REWRITE_MAINTENANCE_010,V66_NAT_REWRITE_MAINTENANCE_010,experiments/kernel_replay_v66_regression_maintenance/coq/V66_NAT_REWRITE_MAINTENANCE_010.v,1,accept,kernel_success,coqchk_success,experiments/kernel_replay_v66_regression_maintenance/logs/V66_BATCH.coqchk.log,1,accepted_kernel_checked
V66,proof-maintenance regression,191,V66_NAT_REWRITE_MAINTENANCE_011,V66_NAT_REWRITE_MAINTENANCE_011,experiments/kernel_replay_v66_regression_maintenance/coq/V66_NAT_REWRITE_MAINTENANCE_011.v,1,accept,kernel_success,coqchk_success,experiments/kernel_replay_v66_regression_maintenance/logs/V66_BATCH.coqchk.log,1,accepted_kernel_checked
V66,proof-maintenance regression,192,V66_NAT_REWRITE_MAINTENANCE_012,V66_NAT_REWRITE_MAINTENANCE_012,experiments/kernel_replay_v66_regression_maintenance/coq/V66_NAT_REWRITE_MAINTENANCE_012.v,1,accept,kernel_success,coqchk_success,experiments/kernel_replay_v66_regression_maintenance/logs/V66_BATCH.coqchk.log,1,accepted_kernel_checked
V66,proof-maintenance regression,193,V66_NAT_REWRITE_MAINTENANCE_013,V66_NAT_REWRITE_MAINTENANCE_013,experiments/kernel_replay_v66_regression_maintenance/coq/V66_NAT_REWRITE_MAINTENANCE_013.v,1,accept,kernel_success,coqchk_success,experiments/kernel_replay_v66_regression_maintenance/logs/V66_BATCH.coqchk.log,1,accepted_kernel_checked
V66,proof-maintenance regression,194,V66_NAT_REWRITE_MAINTENANCE_014,V66_NAT_REWRITE_MAINTENANCE_014,experiments/kernel_replay_v66_regression_maintenance/coq/V66_NAT_REWRITE_MAINTENANCE_014.v,1,accept,kernel_success,coqchk_success,experiments/kernel_replay_v66_regression_maintenance/logs/V66_BATCH.coqchk.log,1,accepted_kernel_checked
V66,proof-maintenance regression,195,V66_NAT_REWRITE_MAINTENANCE_015,V66_NAT_REWRITE_MAINTENANCE_015,experiments/kernel_replay_v66_regression_maintenance/coq/V66_NAT_REWRITE_MAINTENANCE_015.v,1,accept,kernel_success,coqchk_success,experiments/kernel_replay_v66_regression_maintenance/logs/V66_BATCH.coqchk.log,1,accepted_kernel_checked
V66,proof-maintenance regression,196,V66_NAT_REWRITE_MAINTENANCE_016,V66_NAT_REWRITE_MAINTENANCE_016,experiments/kernel_replay_v66_regression_maintenance/coq/V66_NAT_REWRITE_MAINTENANCE_016.v,1,accept,kernel_success,coqchk_success,experiments/kernel_replay_v66_regression_maintenance/logs/V66_BATCH.coqchk.log,1,accepted_kernel_checked
V66,proof-maintenance regression,197,V66_NAT_REWRITE_MAINTENANCE_017,V66_NAT_REWRITE_MAINTENANCE_017,experiments/kernel_replay_v66_regression_maintenance/coq/V66_NAT_REWRITE_MAINTENANCE_017.v,1,accept,kernel_success,coqchk_success,experiments/kernel_replay_v66_regression_maintenance/logs/V66_BATCH.coqchk.log,1,accepted_kernel_checked
V66,proof-maintenance regression,198,V66_NAT_REWRITE_MAINTENANCE_018,V66_NAT_REWRITE_MAINTENANCE_018,experiments/kernel_replay_v66_regression_maintenance/coq/V66_NAT_REWRITE_MAINTENANCE_018.v,1,accept,kernel_success,coqchk_success,experiments/kernel_replay_v66_regression_maintenance/logs/V66_BATCH.coqchk.log,1,accepted_kernel_checked
V66,proof-maintenance regression,199,V66_NAT_REWRITE_MAINTENANCE_019,V66_NAT_REWRITE_MAINTENANCE_019,experiments/kernel_replay_v66_regression_maintenance/coq/V66_NAT_REWRITE_MAINTENANCE_019.v,1,accept,kernel_success,coqchk_success,experiments/kernel_replay_v66_regression_maintenance/logs/V66_BATCH.coqchk.log,1,accepted_kernel_checked
V66,proof-maintenance regression,200,V66_NAT_REWRITE_MAINTENANCE_020,V66_NAT_REWRITE_MAINTENANCE_020,experiments/kernel_replay_v66_regression_maintenance/coq/V66_NAT_REWRITE_MAINTENANCE_020.v,1,accept,kernel_success,coqchk_success,experiments/kernel_replay_v66_regression_maintenance/logs/V66_BATCH.coqchk.log,1,accepted_kernel_checked
V66,proof-maintenance regression,201,V66_NAT_REWRITE_MAINTENANCE_021,V66_NAT_REWRITE_MAINTENANCE_021,experiments/kernel_replay_v66_regression_maintenance/coq/V66_NAT_REWRITE_MAINTENANCE_021.v,1,accept,kernel_success,coqchk_success,experiments/kernel_replay_v66_regression_maintenance/logs/V66_BATCH.coqchk.log,1,accepted_kernel_checked
V66,proof-maintenance regression,202,V66_NAT_REWRITE_MAINTENANCE_022,V66_NAT_REWRITE_MAINTENANCE_022,experiments/kernel_replay_v66_regression_maintenance/coq/V66_NAT_REWRITE_MAINTENANCE_022.v,1,accept,kernel_success,coqchk_success,experiments/kernel_replay_v66_regression_maintenance/logs/V66_BATCH.coqchk.log,1,accepted_kernel_checked
V66,proof-maintenance regression,203,V66_NAT_REWRITE_MAINTENANCE_023,V66_NAT_REWRITE_MAINTENANCE_023,experiments/kernel_replay_v66_regression_maintenance/coq/V66_NAT_REWRITE_MAINTENANCE_023.v,1,accept,kernel_success,coqchk_success,experiments/kernel_replay_v66_regression_maintenance/logs/V66_BATCH.coqchk.log,1,accepted_kernel_checked
V66,proof-maintenance regression,204,V66_NAT_REWRITE_MAINTENANCE_024,V66_NAT_REWRITE_MAINTENANCE_024,experiments/kernel_replay_v66_regression_maintenance/coq/V66_NAT_REWRITE_MAINTENANCE_024.v,1,accept,kernel_success,coqchk_success,experiments/kernel_replay_v66_regression_maintenance/logs/V66_BATCH.coqchk.log,1,accepted_kernel_checked
V66,proof-maintenance regression,205,V66_NAT_REWRITE_MAINTENANCE_025,V66_NAT_REWRITE_MAINTENANCE_025,experiments/kernel_replay_v66_regression_maintenance/coq/V66_NAT_REWRITE_MAINTENANCE_025.v,1,accept,kernel_success,coqchk_success,experiments/kernel_replay_v66_regression_maintenance/logs/V66_BATCH.coqchk.log,1,accepted_kernel_checked
V66,proof-maintenance regression,206,V66_NAT_REWRITE_MAINTENANCE_026,V66_NAT_REWRITE_MAINTENANCE_026,experiments/kernel_replay_v66_regression_maintenance/coq/V66_NAT_REWRITE_MAINTENANCE_026.v,1,accept,kernel_success,coqchk_success,experiments/kernel_replay_v66_regression_maintenance/logs/V66_BATCH.coqchk.log,1,accepted_kernel_checked
V66,proof-maintenance regression,207,V66_NAT_REWRITE_MAINTENANCE_027,V66_NAT_REWRITE_MAINTENANCE_027,experiments/kernel_replay_v66_regression_maintenance/coq/V66_NAT_REWRITE_MAINTENANCE_027.v,1,accept,kernel_success,coqchk_success,experiments/kernel_replay_v66_regression_maintenance/logs/V66_BATCH.coqchk.log,1,accepted_kernel_checked
V66,proof-maintenance regression,208,V66_NAT_REWRITE_MAINTENANCE_028,V66_NAT_REWRITE_MAINTENANCE_028,experiments/kernel_replay_v66_regression_maintenance/coq/V66_NAT_REWRITE_MAINTENANCE_028.v,1,accept,kernel_success,coqchk_success,experiments/kernel_replay_v66_regression_maintenance/logs/V66_BATCH.coqchk.log,1,accepted_kernel_checked
V66,proof-maintenance regression,209,V66_NAT_REWRITE_MAINTENANCE_029,V66_NAT_REWRITE_MAINTENANCE_029,experiments/kernel_replay_v66_regression_maintenance/coq/V66_NAT_REWRITE_MAINTENANCE_029.v,1,accept,kernel_success,coqchk_success,experiments/kernel_replay_v66_regression_maintenance/logs/V66_BATCH.coqchk.log,1,accepted_kernel_checked
V66,proof-maintenance regression,210,V66_NAT_REWRITE_MAINTENANCE_030,V66_NAT_REWRITE_MAINTENANCE_030,experiments/kernel_replay_v66_regression_maintenance/coq/V66_NAT_REWRITE_MAINTENANCE_030.v,1,accept,kernel_success,coqchk_success,experiments/kernel_replay_v66_regression_maintenance/logs/V66_BATCH.coqchk.log,1,accepted_kernel_checked
V66,proof-maintenance regression,211,V66_NAT_REWRITE_MAINTENANCE_031,V66_NAT_REWRITE_MAINTENANCE_031,experiments/kernel_replay_v66_regression_maintenance/coq/V66_NAT_REWRITE_MAINTENANCE_031.v,1,accept,kernel_success,coqchk_success,experiments/kernel_replay_v66_regression_maintenance/logs/V66_BATCH.coqchk.log,1,accepted_kernel_checked
V66,proof-maintenance regression,212,V66_NAT_REWRITE_MAINTENANCE_032,V66_NAT_REWRITE_MAINTENANCE_032,experiments/kernel_replay_v66_regression_maintenance/coq/V66_NAT_REWRITE_MAINTENANCE_032.v,1,accept,kernel_success,coqchk_success,experiments/kernel_replay_v66_regression_maintenance/logs/V66_BATCH.coqchk.log,1,accepted_kernel_checked
V66,proof-maintenance regression,213,V66_NAT_REWRITE_MAINTENANCE_033,V66_NAT_REWRITE_MAINTENANCE_033,experiments/kernel_replay_v66_regression_maintenance/coq/V66_NAT_REWRITE_MAINTENANCE_033.v,1,accept,kernel_success,coqchk_success,experiments/kernel_replay_v66_regression_maintenance/logs/V66_BATCH.coqchk.log,1,accepted_kernel_checked
V66,proof-maintenance regression,214,V66_NAT_REWRITE_MAINTENANCE_034,V66_NAT_REWRITE_MAINTENANCE_034,experiments/kernel_replay_v66_regression_maintenance/coq/V66_NAT_REWRITE_MAINTENANCE_034.v,1,accept,kernel_success,coqchk_success,experiments/kernel_replay_v66_regression_maintenance/logs/V66_BATCH.coqchk.log,1,accepted_kernel_checked
V66,proof-maintenance regression,215,V66_NAT_REWRITE_MAINTENANCE_035,V66_NAT_REWRITE_MAINTENANCE_035,experiments/kernel_replay_v66_regression_maintenance/coq/V66_NAT_REWRITE_MAINTENANCE_035.v,1,accept,kernel_success,coqchk_success,experiments/kernel_replay_v66_regression_maintenance/logs/V66_BATCH.coqchk.log,1,accepted_kernel_checked
V66,proof-maintenance regression,216,V66_NAT_REWRITE_MAINTENANCE_036,V66_NAT_REWRITE_MAINTENANCE_036,experiments/kernel_replay_v66_regression_maintenance/coq/V66_NAT_REWRITE_MAINTENANCE_036.v,1,accept,kernel_success,coqchk_success,experiments/kernel_replay_v66_regression_maintenance/logs/V66_BATCH.coqchk.log,1,accepted_kernel_checked
V66,proof-maintenance regression,217,V66_NAT_REWRITE_MAINTENANCE_037,V66_NAT_REWRITE_MAINTENANCE_037,experiments/kernel_replay_v66_regression_maintenance/coq/V66_NAT_REWRITE_MAINTENANCE_037.v,1,accept,kernel_success,coqchk_success,experiments/kernel_replay_v66_regression_maintenance/logs/V66_BATCH.coqchk.log,1,accepted_kernel_checked
V66,proof-maintenance regression,218,V66_NAT_REWRITE_MAINTENANCE_038,V66_NAT_REWRITE_MAINTENANCE_038,experiments/kernel_replay_v66_regression_maintenance/coq/V66_NAT_REWRITE_MAINTENANCE_038.v,1,accept,kernel_success,coqchk_success,experiments/kernel_replay_v66_regression_maintenance/logs/V66_BATCH.coqchk.log,1,accepted_kernel_checked
V66,proof-maintenance regression,219,V66_NAT_REWRITE_MAINTENANCE_039,V66_NAT_REWRITE_MAINTENANCE_039,experiments/kernel_replay_v66_regression_maintenance/coq/V66_NAT_REWRITE_MAINTENANCE_039.v,1,accept,kernel_success,coqchk_success,experiments/kernel_replay_v66_regression_maintenance/logs/V66_BATCH.coqchk.log,1,accepted_kernel_checked
V66,proof-maintenance regression,220,V66_NAT_REWRITE_MAINTENANCE_040,V66_NAT_REWRITE_MAINTENANCE_040,experiments/kernel_replay_v66_regression_maintenance/coq/V66_NAT_REWRITE_MAINTENANCE_040.v,1,accept,kernel_success,coqchk_success,experiments/kernel_replay_v66_regression_maintenance/logs/V66_BATCH.coqchk.log,1,accepted_kernel_checked
V66,proof-maintenance regression,221,V66_NAT_REWRITE_MAINTENANCE_041,V66_NAT_REWRITE_MAINTENANCE_041,experiments/kernel_replay_v66_regression_maintenance/coq/V66_NAT_REWRITE_MAINTENANCE_041.v,1,accept,kernel_success,coqchk_success,experiments/kernel_replay_v66_regression_maintenance/logs/V66_BATCH.coqchk.log,1,accepted_kernel_checked
V66,proof-maintenance regression,222,V66_NAT_REWRITE_MAINTENANCE_042,V66_NAT_REWRITE_MAINTENANCE_042,experiments/kernel_replay_v66_regression_maintenance/coq/V66_NAT_REWRITE_MAINTENANCE_042.v,1,accept,kernel_success,coqchk_success,experiments/kernel_replay_v66_regression_maintenance/logs/V66_BATCH.coqchk.log,1,accepted_kernel_checked
V66,proof-maintenance regression,223,V66_NAT_REWRITE_MAINTENANCE_043,V66_NAT_REWRITE_MAINTENANCE_043,experiments/kernel_replay_v66_regression_maintenance/coq/V66_NAT_REWRITE_MAINTENANCE_043.v,1,accept,kernel_success,coqchk_success,experiments/kernel_replay_v66_regression_maintenance/logs/V66_BATCH.coqchk.log,1,accepted_kernel_checked
V66,proof-maintenance regression,224,V66_NAT_REWRITE_MAINTENANCE_044,V66_NAT_REWRITE_MAINTENANCE_044,experiments/kernel_replay_v66_regression_maintenance/coq/V66_NAT_REWRITE_MAINTENANCE_044.v,1,accept,kernel_success,coqchk_success,experiments/kernel_replay_v66_regression_maintenance/logs/V66_BATCH.coqchk.log,1,accepted_kernel_checked
V66,proof-maintenance regression,225,V66_NAT_REWRITE_MAINTENANCE_045,V66_NAT_REWRITE_MAINTENANCE_045,experiments/kernel_replay_v66_regression_maintenance/coq/V66_NAT_REWRITE_MAINTENANCE_045.v,1,accept,kernel_success,coqchk_success,experiments/kernel_replay_v66_regression_maintenance/logs/V66_BATCH.coqchk.log,1,accepted_kernel_checked
V66,proof-maintenance regression,226,V66_NAT_REWRITE_MAINTENANCE_046,V66_NAT_REWRITE_MAINTENANCE_046,experiments/kernel_replay_v66_regression_maintenance/coq/V66_NAT_REWRITE_MAINTENANCE_046.v,1,accept,kernel_success,coqchk_success,experiments/kernel_replay_v66_regression_maintenance/logs/V66_BATCH.coqchk.log,1,accepted_kernel_checked
V66,proof-maintenance regression,227,V66_NAT_REWRITE_MAINTENANCE_047,V66_NAT_REWRITE_MAINTENANCE_047,experiments/kernel_replay_v66_regression_maintenance/coq/V66_NAT_REWRITE_MAINTENANCE_047.v,1,accept,kernel_success,coqchk_success,experiments/kernel_replay_v66_regression_maintenance/logs/V66_BATCH.coqchk.log,1,accepted_kernel_checked
V66,proof-maintenance regression,228,V66_NAT_REWRITE_MAINTENANCE_048,V66_NAT_REWRITE_MAINTENANCE_048,experiments/kernel_replay_v66_regression_maintenance/coq/V66_NAT_REWRITE_MAINTENANCE_048.v,1,accept,kernel_success,coqchk_success,experiments/kernel_replay_v66_regression_maintenance/logs/V66_BATCH.coqchk.log,1,accepted_kernel_checked
V66,proof-maintenance regression,229,V66_NAT_REWRITE_MAINTENANCE_049,V66_NAT_REWRITE_MAINTENANCE_049,experiments/kernel_replay_v66_regression_maintenance/coq/V66_NAT_REWRITE_MAINTENANCE_049.v,1,accept,kernel_success,coqchk_success,experiments/kernel_replay_v66_regression_maintenance/logs/V66_BATCH.coqchk.log,1,accepted_kernel_checked
V66,proof-maintenance regression,230,V66_NAT_REWRITE_MAINTENANCE_050,V66_NAT_REWRITE_MAINTENANCE_050,experiments/kernel_replay_v66_regression_maintenance/coq/V66_NAT_REWRITE_MAINTENANCE_050.v,1,accept,kernel_success,coqchk_success,experiments/kernel_replay_v66_regression_maintenance/logs/V66_BATCH.coqchk.log,1,accepted_kernel_checked
V66,proof-maintenance regression,231,V66_NAT_REWRITE_MAINTENANCE_051,V66_NAT_REWRITE_MAINTENANCE_051,experiments/kernel_replay_v66_regression_maintenance/coq/V66_NAT_REWRITE_MAINTENANCE_051.v,1,accept,kernel_success,coqchk_success,experiments/kernel_replay_v66_regression_maintenance/logs/V66_BATCH.coqchk.log,1,accepted_kernel_checked
V66,proof-maintenance regression,232,V66_NAT_REWRITE_MAINTENANCE_052,V66_NAT_REWRITE_MAINTENANCE_052,experiments/kernel_replay_v66_regression_maintenance/coq/V66_NAT_REWRITE_MAINTENANCE_052.v,1,accept,kernel_success,coqchk_success,experiments/kernel_replay_v66_regression_maintenance/logs/V66_BATCH.coqchk.log,1,accepted_kernel_checked
V66,proof-maintenance regression,233,V66_NAT_REWRITE_MAINTENANCE_053,V66_NAT_REWRITE_MAINTENANCE_053,experiments/kernel_replay_v66_regression_maintenance/coq/V66_NAT_REWRITE_MAINTENANCE_053.v,1,accept,kernel_success,coqchk_success,experiments/kernel_replay_v66_regression_maintenance/logs/V66_BATCH.coqchk.log,1,accepted_kernel_checked
V66,proof-maintenance regression,234,V66_NAT_REWRITE_MAINTENANCE_054,V66_NAT_REWRITE_MAINTENANCE_054,experiments/kernel_replay_v66_regression_maintenance/coq/V66_NAT_REWRITE_MAINTENANCE_054.v,1,accept,kernel_success,coqchk_success,experiments/kernel_replay_v66_regression_maintenance/logs/V66_BATCH.coqchk.log,1,accepted_kernel_checked
V66,proof-maintenance regression,235,V66_NAT_REWRITE_MAINTENANCE_055,V66_NAT_REWRITE_MAINTENANCE_055,experiments/kernel_replay_v66_regression_maintenance/coq/V66_NAT_REWRITE_MAINTENANCE_055.v,1,accept,kernel_success,coqchk_success,experiments/kernel_replay_v66_regression_maintenance/logs/V66_BATCH.coqchk.log,1,accepted_kernel_checked
V66,proof-maintenance regression,236,V66_NAT_REWRITE_MAINTENANCE_056,V66_NAT_REWRITE_MAINTENANCE_056,experiments/kernel_replay_v66_regression_maintenance/coq/V66_NAT_REWRITE_MAINTENANCE_056.v,1,accept,kernel_success,coqchk_success,experiments/kernel_replay_v66_regression_maintenance/logs/V66_BATCH.coqchk.log,1,accepted_kernel_checked
V66,proof-maintenance regression,237,V66_NAT_REWRITE_MAINTENANCE_057,V66_NAT_REWRITE_MAINTENANCE_057,experiments/kernel_replay_v66_regression_maintenance/coq/V66_NAT_REWRITE_MAINTENANCE_057.v,1,accept,kernel_success,coqchk_success,experiments/kernel_replay_v66_regression_maintenance/logs/V66_BATCH.coqchk.log,1,accepted_kernel_checked
V66,proof-maintenance regression,238,V66_NAT_REWRITE_MAINTENANCE_058,V66_NAT_REWRITE_MAINTENANCE_058,experiments/kernel_replay_v66_regression_maintenance/coq/V66_NAT_REWRITE_MAINTENANCE_058.v,1,accept,kernel_success,coqchk_success,experiments/kernel_replay_v66_regression_maintenance/logs/V66_BATCH.coqchk.log,1,accepted_kernel_checked
V66,proof-maintenance regression,239,V66_NAT_REWRITE_MAINTENANCE_059,V66_NAT_REWRITE_MAINTENANCE_059,experiments/kernel_replay_v66_regression_maintenance/coq/V66_NAT_REWRITE_MAINTENANCE_059.v,1,accept,kernel_success,coqchk_success,experiments/kernel_replay_v66_regression_maintenance/logs/V66_BATCH.coqchk.log,1,accepted_kernel_checked
V66,proof-maintenance regression,240,V66_NAT_REWRITE_MAINTENANCE_060,V66_NAT_REWRITE_MAINTENANCE_060,experiments/kernel_replay_v66_regression_maintenance/coq/V66_NAT_REWRITE_MAINTENANCE_060.v,1,accept,kernel_success,coqchk_success,experiments/kernel_replay_v66_regression_maintenance/logs/V66_BATCH.coqchk.log,1,accepted_kernel_checked
V66,proof-maintenance regression,241,V66_BOOL_REWRITE_MAINTENANCE_001,V66_BOOL_REWRITE_MAINTENANCE_001,experiments/kernel_replay_v66_regression_maintenance/coq/V66_BOOL_REWRITE_MAINTENANCE_001.v,1,accept,kernel_success,coqchk_success,experiments/kernel_replay_v66_regression_maintenance/logs/V66_BATCH.coqchk.log,1,accepted_kernel_checked
V66,proof-maintenance regression,242,V66_BOOL_REWRITE_MAINTENANCE_002,V66_BOOL_REWRITE_MAINTENANCE_002,experiments/kernel_replay_v66_regression_maintenance/coq/V66_BOOL_REWRITE_MAINTENANCE_002.v,1,accept,kernel_success,coqchk_success,experiments/kernel_replay_v66_regression_maintenance/logs/V66_BATCH.coqchk.log,1,accepted_kernel_checked
V66,proof-maintenance regression,243,V66_BOOL_REWRITE_MAINTENANCE_003,V66_BOOL_REWRITE_MAINTENANCE_003,experiments/kernel_replay_v66_regression_maintenance/coq/V66_BOOL_REWRITE_MAINTENANCE_003.v,1,accept,kernel_success,coqchk_success,experiments/kernel_replay_v66_regression_maintenance/logs/V66_BATCH.coqchk.log,1,accepted_kernel_checked
V66,proof-maintenance regression,244,V66_BOOL_REWRITE_MAINTENANCE_004,V66_BOOL_REWRITE_MAINTENANCE_004,experiments/kernel_replay_v66_regression_maintenance/coq/V66_BOOL_REWRITE_MAINTENANCE_004.v,1,accept,kernel_success,coqchk_success,experiments/kernel_replay_v66_regression_maintenance/logs/V66_BATCH.coqchk.log,1,accepted_kernel_checked
V66,proof-maintenance regression,245,V66_BOOL_REWRITE_MAINTENANCE_005,V66_BOOL_REWRITE_MAINTENANCE_005,experiments/kernel_replay_v66_regression_maintenance/coq/V66_BOOL_REWRITE_MAINTENANCE_005.v,1,accept,kernel_success,coqchk_success,experiments/kernel_replay_v66_regression_maintenance/logs/V66_BATCH.coqchk.log,1,accepted_kernel_checked
V66,proof-maintenance regression,246,V66_BOOL_REWRITE_MAINTENANCE_006,V66_BOOL_REWRITE_MAINTENANCE_006,experiments/kernel_replay_v66_regression_maintenance/coq/V66_BOOL_REWRITE_MAINTENANCE_006.v,1,accept,kernel_success,coqchk_success,experiments/kernel_replay_v66_regression_maintenance/logs/V66_BATCH.coqchk.log,1,accepted_kernel_checked
V66,proof-maintenance regression,247,V66_BOOL_REWRITE_MAINTENANCE_007,V66_BOOL_REWRITE_MAINTENANCE_007,experiments/kernel_replay_v66_regression_maintenance/coq/V66_BOOL_REWRITE_MAINTENANCE_007.v,1,accept,kernel_success,coqchk_success,experiments/kernel_replay_v66_regression_maintenance/logs/V66_BATCH.coqchk.log,1,accepted_kernel_checked
V66,proof-maintenance regression,248,V66_BOOL_REWRITE_MAINTENANCE_008,V66_BOOL_REWRITE_MAINTENANCE_008,experiments/kernel_replay_v66_regression_maintenance/coq/V66_BOOL_REWRITE_MAINTENANCE_008.v,1,accept,kernel_success,coqchk_success,experiments/kernel_replay_v66_regression_maintenance/logs/V66_BATCH.coqchk.log,1,accepted_kernel_checked
V66,proof-maintenance regression,249,V66_BOOL_REWRITE_MAINTENANCE_009,V66_BOOL_REWRITE_MAINTENANCE_009,experiments/kernel_replay_v66_regression_maintenance/coq/V66_BOOL_REWRITE_MAINTENANCE_009.v,1,accept,kernel_success,coqchk_success,experiments/kernel_replay_v66_regression_maintenance/logs/V66_BATCH.coqchk.log,1,accepted_kernel_checked
V66,proof-maintenance regression,250,V66_BOOL_REWRITE_MAINTENANCE_010,V66_BOOL_REWRITE_MAINTENANCE_010,experiments/kernel_replay_v66_regression_maintenance/coq/V66_BOOL_REWRITE_MAINTENANCE_010.v,1,accept,kernel_success,coqchk_success,experiments/kernel_replay_v66_regression_maintenance/logs/V66_BATCH.coqchk.log,1,accepted_kernel_checked
V66,proof-maintenance regression,251,V66_BOOL_REWRITE_MAINTENANCE_011,V66_BOOL_REWRITE_MAINTENANCE_011,experiments/kernel_replay_v66_regression_maintenance/coq/V66_BOOL_REWRITE_MAINTENANCE_011.v,1,accept,kernel_success,coqchk_success,experiments/kernel_replay_v66_regression_maintenance/logs/V66_BATCH.coqchk.log,1,accepted_kernel_checked
V66,proof-maintenance regression,252,V66_BOOL_REWRITE_MAINTENANCE_012,V66_BOOL_REWRITE_MAINTENANCE_012,experiments/kernel_replay_v66_regression_maintenance/coq/V66_BOOL_REWRITE_MAINTENANCE_012.v,1,accept,kernel_success,coqchk_success,experiments/kernel_replay_v66_regression_maintenance/logs/V66_BATCH.coqchk.log,1,accepted_kernel_checked
V66,proof-maintenance regression,253,V66_BOOL_REWRITE_MAINTENANCE_013,V66_BOOL_REWRITE_MAINTENANCE_013,experiments/kernel_replay_v66_regression_maintenance/coq/V66_BOOL_REWRITE_MAINTENANCE_013.v,1,accept,kernel_success,coqchk_success,experiments/kernel_replay_v66_regression_maintenance/logs/V66_BATCH.coqchk.log,1,accepted_kernel_checked
V66,proof-maintenance regression,254,V66_BOOL_REWRITE_MAINTENANCE_014,V66_BOOL_REWRITE_MAINTENANCE_014,experiments/kernel_replay_v66_regression_maintenance/coq/V66_BOOL_REWRITE_MAINTENANCE_014.v,1,accept,kernel_success,coqchk_success,experiments/kernel_replay_v66_regression_maintenance/logs/V66_BATCH.coqchk.log,1,accepted_kernel_checked
V66,proof-maintenance regression,255,V66_BOOL_REWRITE_MAINTENANCE_015,V66_BOOL_REWRITE_MAINTENANCE_015,experiments/kernel_replay_v66_regression_maintenance/coq/V66_BOOL_REWRITE_MAINTENANCE_015.v,1,accept,kernel_success,coqchk_success,experiments/kernel_replay_v66_regression_maintenance/logs/V66_BATCH.coqchk.log,1,accepted_kernel_checked
V66,proof-maintenance regression,256,V66_BOOL_REWRITE_MAINTENANCE_016,V66_BOOL_REWRITE_MAINTENANCE_016,experiments/kernel_replay_v66_regression_maintenance/coq/V66_BOOL_REWRITE_MAINTENANCE_016.v,1,accept,kernel_success,coqchk_success,experiments/kernel_replay_v66_regression_maintenance/logs/V66_BATCH.coqchk.log,1,accepted_kernel_checked
V66,proof-maintenance regression,257,V66_BOOL_REWRITE_MAINTENANCE_017,V66_BOOL_REWRITE_MAINTENANCE_017,experiments/kernel_replay_v66_regression_maintenance/coq/V66_BOOL_REWRITE_MAINTENANCE_017.v,1,accept,kernel_success,coqchk_success,experiments/kernel_replay_v66_regression_maintenance/logs/V66_BATCH.coqchk.log,1,accepted_kernel_checked
V66,proof-maintenance regression,258,V66_BOOL_REWRITE_MAINTENANCE_018,V66_BOOL_REWRITE_MAINTENANCE_018,experiments/kernel_replay_v66_regression_maintenance/coq/V66_BOOL_REWRITE_MAINTENANCE_018.v,1,accept,kernel_success,coqchk_success,experiments/kernel_replay_v66_regression_maintenance/logs/V66_BATCH.coqchk.log,1,accepted_kernel_checked
V66,proof-maintenance regression,259,V66_BOOL_REWRITE_MAINTENANCE_019,V66_BOOL_REWRITE_MAINTENANCE_019,experiments/kernel_replay_v66_regression_maintenance/coq/V66_BOOL_REWRITE_MAINTENANCE_019.v,1,accept,kernel_success,coqchk_success,experiments/kernel_replay_v66_regression_maintenance/logs/V66_BATCH.coqchk.log,1,accepted_kernel_checked
V66,proof-maintenance regression,260,V66_BOOL_REWRITE_MAINTENANCE_020,V66_BOOL_REWRITE_MAINTENANCE_020,experiments/kernel_replay_v66_regression_maintenance/coq/V66_BOOL_REWRITE_MAINTENANCE_020.v,1,accept,kernel_success,coqchk_success,experiments/kernel_replay_v66_regression_maintenance/logs/V66_BATCH.coqchk.log,1,accepted_kernel_checked
V66,proof-maintenance regression,261,V66_BOOL_REWRITE_MAINTENANCE_021,V66_BOOL_REWRITE_MAINTENANCE_021,experiments/kernel_replay_v66_regression_maintenance/coq/V66_BOOL_REWRITE_MAINTENANCE_021.v,1,accept,kernel_success,coqchk_success,experiments/kernel_replay_v66_regression_maintenance/logs/V66_BATCH.coqchk.log,1,accepted_kernel_checked
V66,proof-maintenance regression,262,V66_BOOL_REWRITE_MAINTENANCE_022,V66_BOOL_REWRITE_MAINTENANCE_022,experiments/kernel_replay_v66_regression_maintenance/coq/V66_BOOL_REWRITE_MAINTENANCE_022.v,1,accept,kernel_success,coqchk_success,experiments/kernel_replay_v66_regression_maintenance/logs/V66_BATCH.coqchk.log,1,accepted_kernel_checked
V66,proof-maintenance regression,263,V66_BOOL_REWRITE_MAINTENANCE_023,V66_BOOL_REWRITE_MAINTENANCE_023,experiments/kernel_replay_v66_regression_maintenance/coq/V66_BOOL_REWRITE_MAINTENANCE_023.v,1,accept,kernel_success,coqchk_success,experiments/kernel_replay_v66_regression_maintenance/logs/V66_BATCH.coqchk.log,1,accepted_kernel_checked
V66,proof-maintenance regression,264,V66_BOOL_REWRITE_MAINTENANCE_024,V66_BOOL_REWRITE_MAINTENANCE_024,experiments/kernel_replay_v66_regression_maintenance/coq/V66_BOOL_REWRITE_MAINTENANCE_024.v,1,accept,kernel_success,coqchk_success,experiments/kernel_replay_v66_regression_maintenance/logs/V66_BATCH.coqchk.log,1,accepted_kernel_checked
V66,proof-maintenance regression,265,V66_BOOL_REWRITE_MAINTENANCE_025,V66_BOOL_REWRITE_MAINTENANCE_025,experiments/kernel_replay_v66_regression_maintenance/coq/V66_BOOL_REWRITE_MAINTENANCE_025.v,1,accept,kernel_success,coqchk_success,experiments/kernel_replay_v66_regression_maintenance/logs/V66_BATCH.coqchk.log,1,accepted_kernel_checked
V66,proof-maintenance regression,266,V66_BOOL_REWRITE_MAINTENANCE_026,V66_BOOL_REWRITE_MAINTENANCE_026,experiments/kernel_replay_v66_regression_maintenance/coq/V66_BOOL_REWRITE_MAINTENANCE_026.v,1,accept,kernel_success,coqchk_success,experiments/kernel_replay_v66_regression_maintenance/logs/V66_BATCH.coqchk.log,1,accepted_kernel_checked
V66,proof-maintenance regression,267,V66_BOOL_REWRITE_MAINTENANCE_027,V66_BOOL_REWRITE_MAINTENANCE_027,experiments/kernel_replay_v66_regression_maintenance/coq/V66_BOOL_REWRITE_MAINTENANCE_027.v,1,accept,kernel_success,coqchk_success,experiments/kernel_replay_v66_regression_maintenance/logs/V66_BATCH.coqchk.log,1,accepted_kernel_checked
V66,proof-maintenance regression,268,V66_BOOL_REWRITE_MAINTENANCE_028,V66_BOOL_REWRITE_MAINTENANCE_028,experiments/kernel_replay_v66_regression_maintenance/coq/V66_BOOL_REWRITE_MAINTENANCE_028.v,1,accept,kernel_success,coqchk_success,experiments/kernel_replay_v66_regression_maintenance/logs/V66_BATCH.coqchk.log,1,accepted_kernel_checked
V66,proof-maintenance regression,269,V66_BOOL_REWRITE_MAINTENANCE_029,V66_BOOL_REWRITE_MAINTENANCE_029,experiments/kernel_replay_v66_regression_maintenance/coq/V66_BOOL_REWRITE_MAINTENANCE_029.v,1,accept,kernel_success,coqchk_success,experiments/kernel_replay_v66_regression_maintenance/logs/V66_BATCH.coqchk.log,1,accepted_kernel_checked
V66,proof-maintenance regression,270,V66_BOOL_REWRITE_MAINTENANCE_030,V66_BOOL_REWRITE_MAINTENANCE_030,experiments/kernel_replay_v66_regression_maintenance/coq/V66_BOOL_REWRITE_MAINTENANCE_030.v,1,accept,kernel_success,coqchk_success,experiments/kernel_replay_v66_regression_maintenance/logs/V66_BATCH.coqchk.log,1,accepted_kernel_checked
V66,proof-maintenance regression,271,V66_BOOL_REWRITE_MAINTENANCE_031,V66_BOOL_REWRITE_MAINTENANCE_031,experiments/kernel_replay_v66_regression_maintenance/coq/V66_BOOL_REWRITE_MAINTENANCE_031.v,1,accept,kernel_success,coqchk_success,experiments/kernel_replay_v66_regression_maintenance/logs/V66_BATCH.coqchk.log,1,accepted_kernel_checked
V66,proof-maintenance regression,272,V66_BOOL_REWRITE_MAINTENANCE_032,V66_BOOL_REWRITE_MAINTENANCE_032,experiments/kernel_replay_v66_regression_maintenance/coq/V66_BOOL_REWRITE_MAINTENANCE_032.v,1,accept,kernel_success,coqchk_success,experiments/kernel_replay_v66_regression_maintenance/logs/V66_BATCH.coqchk.log,1,accepted_kernel_checked
V66,proof-maintenance regression,273,V66_BOOL_REWRITE_MAINTENANCE_033,V66_BOOL_REWRITE_MAINTENANCE_033,experiments/kernel_replay_v66_regression_maintenance/coq/V66_BOOL_REWRITE_MAINTENANCE_033.v,1,accept,kernel_success,coqchk_success,experiments/kernel_replay_v66_regression_maintenance/logs/V66_BATCH.coqchk.log,1,accepted_kernel_checked
V66,proof-maintenance regression,274,V66_BOOL_REWRITE_MAINTENANCE_034,V66_BOOL_REWRITE_MAINTENANCE_034,experiments/kernel_replay_v66_regression_maintenance/coq/V66_BOOL_REWRITE_MAINTENANCE_034.v,1,accept,kernel_success,coqchk_success,experiments/kernel_replay_v66_regression_maintenance/logs/V66_BATCH.coqchk.log,1,accepted_kernel_checked
V66,proof-maintenance regression,275,V66_BOOL_REWRITE_MAINTENANCE_035,V66_BOOL_REWRITE_MAINTENANCE_035,experiments/kernel_replay_v66_regression_maintenance/coq/V66_BOOL_REWRITE_MAINTENANCE_035.v,1,accept,kernel_success,coqchk_success,experiments/kernel_replay_v66_regression_maintenance/logs/V66_BATCH.coqchk.log,1,accepted_kernel_checked
V66,proof-maintenance regression,276,V66_BOOL_REWRITE_MAINTENANCE_036,V66_BOOL_REWRITE_MAINTENANCE_036,experiments/kernel_replay_v66_regression_maintenance/coq/V66_BOOL_REWRITE_MAINTENANCE_036.v,1,accept,kernel_success,coqchk_success,experiments/kernel_replay_v66_regression_maintenance/logs/V66_BATCH.coqchk.log,1,accepted_kernel_checked
V66,proof-maintenance regression,277,V66_BOOL_REWRITE_MAINTENANCE_037,V66_BOOL_REWRITE_MAINTENANCE_037,experiments/kernel_replay_v66_regression_maintenance/coq/V66_BOOL_REWRITE_MAINTENANCE_037.v,1,accept,kernel_success,coqchk_success,experiments/kernel_replay_v66_regression_maintenance/logs/V66_BATCH.coqchk.log,1,accepted_kernel_checked
V66,proof-maintenance regression,278,V66_BOOL_REWRITE_MAINTENANCE_038,V66_BOOL_REWRITE_MAINTENANCE_038,experiments/kernel_replay_v66_regression_maintenance/coq/V66_BOOL_REWRITE_MAINTENANCE_038.v,1,accept,kernel_success,coqchk_success,experiments/kernel_replay_v66_regression_maintenance/logs/V66_BATCH.coqchk.log,1,accepted_kernel_checked
V66,proof-maintenance regression,279,V66_BOOL_REWRITE_MAINTENANCE_039,V66_BOOL_REWRITE_MAINTENANCE_039,experiments/kernel_replay_v66_regression_maintenance/coq/V66_BOOL_REWRITE_MAINTENANCE_039.v,1,accept,kernel_success,coqchk_success,experiments/kernel_replay_v66_regression_maintenance/logs/V66_BATCH.coqchk.log,1,accepted_kernel_checked
V66,proof-maintenance regression,280,V66_BOOL_REWRITE_MAINTENANCE_040,V66_BOOL_REWRITE_MAINTENANCE_040,experiments/kernel_replay_v66_regression_maintenance/coq/V66_BOOL_REWRITE_MAINTENANCE_040.v,1,accept,kernel_success,coqchk_success,experiments/kernel_replay_v66_regression_maintenance/logs/V66_BATCH.coqchk.log,1,accepted_kernel_checked
V66,proof-maintenance regression,281,V66_BOOL_REWRITE_MAINTENANCE_041,V66_BOOL_REWRITE_MAINTENANCE_041,experiments/kernel_replay_v66_regression_maintenance/coq/V66_BOOL_REWRITE_MAINTENANCE_041.v,1,accept,kernel_success,coqchk_success,experiments/kernel_replay_v66_regression_maintenance/logs/V66_BATCH.coqchk.log,1,accepted_kernel_checked
V66,proof-maintenance regression,282,V66_BOOL_REWRITE_MAINTENANCE_042,V66_BOOL_REWRITE_MAINTENANCE_042,experiments/kernel_replay_v66_regression_maintenance/coq/V66_BOOL_REWRITE_MAINTENANCE_042.v,1,accept,kernel_success,coqchk_success,experiments/kernel_replay_v66_regression_maintenance/logs/V66_BATCH.coqchk.log,1,accepted_kernel_checked
V66,proof-maintenance regression,283,V66_BOOL_REWRITE_MAINTENANCE_043,V66_BOOL_REWRITE_MAINTENANCE_043,experiments/kernel_replay_v66_regression_maintenance/coq/V66_BOOL_REWRITE_MAINTENANCE_043.v,1,accept,kernel_success,coqchk_success,experiments/kernel_replay_v66_regression_maintenance/logs/V66_BATCH.coqchk.log,1,accepted_kernel_checked
V66,proof-maintenance regression,284,V66_BOOL_REWRITE_MAINTENANCE_044,V66_BOOL_REWRITE_MAINTENANCE_044,experiments/kernel_replay_v66_regression_maintenance/coq/V66_BOOL_REWRITE_MAINTENANCE_044.v,1,accept,kernel_success,coqchk_success,experiments/kernel_replay_v66_regression_maintenance/logs/V66_BATCH.coqchk.log,1,accepted_kernel_checked
V66,proof-maintenance regression,285,V66_BOOL_REWRITE_MAINTENANCE_045,V66_BOOL_REWRITE_MAINTENANCE_045,experiments/kernel_replay_v66_regression_maintenance/coq/V66_BOOL_REWRITE_MAINTENANCE_045.v,1,accept,kernel_success,coqchk_success,experiments/kernel_replay_v66_regression_maintenance/logs/V66_BATCH.coqchk.log,1,accepted_kernel_checked
V66,proof-maintenance regression,286,V66_BOOL_REWRITE_MAINTENANCE_046,V66_BOOL_REWRITE_MAINTENANCE_046,experiments/kernel_replay_v66_regression_maintenance/coq/V66_BOOL_REWRITE_MAINTENANCE_046.v,1,accept,kernel_success,coqchk_success,experiments/kernel_replay_v66_regression_maintenance/logs/V66_BATCH.coqchk.log,1,accepted_kernel_checked
V66,proof-maintenance regression,287,V66_BOOL_REWRITE_MAINTENANCE_047,V66_BOOL_REWRITE_MAINTENANCE_047,experiments/kernel_replay_v66_regression_maintenance/coq/V66_BOOL_REWRITE_MAINTENANCE_047.v,1,accept,kernel_success,coqchk_success,experiments/kernel_replay_v66_regression_maintenance/logs/V66_BATCH.coqchk.log,1,accepted_kernel_checked
V66,proof-maintenance regression,288,V66_BOOL_REWRITE_MAINTENANCE_048,V66_BOOL_REWRITE_MAINTENANCE_048,experiments/kernel_replay_v66_regression_maintenance/coq/V66_BOOL_REWRITE_MAINTENANCE_048.v,1,accept,kernel_success,coqchk_success,experiments/kernel_replay_v66_regression_maintenance/logs/V66_BATCH.coqchk.log,1,accepted_kernel_checked
V66,proof-maintenance regression,289,V66_BOOL_REWRITE_MAINTENANCE_049,V66_BOOL_REWRITE_MAINTENANCE_049,experiments/kernel_replay_v66_regression_maintenance/coq/V66_BOOL_REWRITE_MAINTENANCE_049.v,1,accept,kernel_success,coqchk_success,experiments/kernel_replay_v66_regression_maintenance/logs/V66_BATCH.coqchk.log,1,accepted_kernel_checked
V66,proof-maintenance regression,290,V66_BOOL_REWRITE_MAINTENANCE_050,V66_BOOL_REWRITE_MAINTENANCE_050,experiments/kernel_replay_v66_regression_maintenance/coq/V66_BOOL_REWRITE_MAINTENANCE_050.v,1,accept,kernel_success,coqchk_success,experiments/kernel_replay_v66_regression_maintenance/logs/V66_BATCH.coqchk.log,1,accepted_kernel_checked
V66,proof-maintenance regression,291,V66_BOOL_REWRITE_MAINTENANCE_051,V66_BOOL_REWRITE_MAINTENANCE_051,experiments/kernel_replay_v66_regression_maintenance/coq/V66_BOOL_REWRITE_MAINTENANCE_051.v,1,accept,kernel_success,coqchk_success,experiments/kernel_replay_v66_regression_maintenance/logs/V66_BATCH.coqchk.log,1,accepted_kernel_checked
V66,proof-maintenance regression,292,V66_BOOL_REWRITE_MAINTENANCE_052,V66_BOOL_REWRITE_MAINTENANCE_052,experiments/kernel_replay_v66_regression_maintenance/coq/V66_BOOL_REWRITE_MAINTENANCE_052.v,1,accept,kernel_success,coqchk_success,experiments/kernel_replay_v66_regression_maintenance/logs/V66_BATCH.coqchk.log,1,accepted_kernel_checked
V66,proof-maintenance regression,293,V66_BOOL_REWRITE_MAINTENANCE_053,V66_BOOL_REWRITE_MAINTENANCE_053,experiments/kernel_replay_v66_regression_maintenance/coq/V66_BOOL_REWRITE_MAINTENANCE_053.v,1,accept,kernel_success,coqchk_success,experiments/kernel_replay_v66_regression_maintenance/logs/V66_BATCH.coqchk.log,1,accepted_kernel_checked
V66,proof-maintenance regression,294,V66_BOOL_REWRITE_MAINTENANCE_054,V66_BOOL_REWRITE_MAINTENANCE_054,experiments/kernel_replay_v66_regression_maintenance/coq/V66_BOOL_REWRITE_MAINTENANCE_054.v,1,accept,kernel_success,coqchk_success,experiments/kernel_replay_v66_regression_maintenance/logs/V66_BATCH.coqchk.log,1,accepted_kernel_checked
V66,proof-maintenance regression,295,V66_BOOL_REWRITE_MAINTENANCE_055,V66_BOOL_REWRITE_MAINTENANCE_055,experiments/kernel_replay_v66_regression_maintenance/coq/V66_BOOL_REWRITE_MAINTENANCE_055.v,1,accept,kernel_success,coqchk_success,experiments/kernel_replay_v66_regression_maintenance/logs/V66_BATCH.coqchk.log,1,accepted_kernel_checked
V66,proof-maintenance regression,296,V66_BOOL_REWRITE_MAINTENANCE_056,V66_BOOL_REWRITE_MAINTENANCE_056,experiments/kernel_replay_v66_regression_maintenance/coq/V66_BOOL_REWRITE_MAINTENANCE_056.v,1,accept,kernel_success,coqchk_success,experiments/kernel_replay_v66_regression_maintenance/logs/V66_BATCH.coqchk.log,1,accepted_kernel_checked
V66,proof-maintenance regression,297,V66_BOOL_REWRITE_MAINTENANCE_057,V66_BOOL_REWRITE_MAINTENANCE_057,experiments/kernel_replay_v66_regression_maintenance/coq/V66_BOOL_REWRITE_MAINTENANCE_057.v,1,accept,kernel_success,coqchk_success,experiments/kernel_replay_v66_regression_maintenance/logs/V66_BATCH.coqchk.log,1,accepted_kernel_checked
V66,proof-maintenance regression,298,V66_BOOL_REWRITE_MAINTENANCE_058,V66_BOOL_REWRITE_MAINTENANCE_058,experiments/kernel_replay_v66_regression_maintenance/coq/V66_BOOL_REWRITE_MAINTENANCE_058.v,1,accept,kernel_success,coqchk_success,experiments/kernel_replay_v66_regression_maintenance/logs/V66_BATCH.coqchk.log,1,accepted_kernel_checked
V66,proof-maintenance regression,299,V66_BOOL_REWRITE_MAINTENANCE_059,V66_BOOL_REWRITE_MAINTENANCE_059,experiments/kernel_replay_v66_regression_maintenance/coq/V66_BOOL_REWRITE_MAINTENANCE_059.v,1,accept,kernel_success,coqchk_success,experiments/kernel_replay_v66_regression_maintenance/logs/V66_BATCH.coqchk.log,1,accepted_kernel_checked
V66,proof-maintenance regression,300,V66_BOOL_REWRITE_MAINTENANCE_060,V66_BOOL_REWRITE_MAINTENANCE_060,experiments/kernel_replay_v66_regression_maintenance/coq/V66_BOOL_REWRITE_MAINTENANCE_060.v,1,accept,kernel_success,coqchk_success,experiments/kernel_replay_v66_regression_maintenance/logs/V66_BATCH.coqchk.log,1,accepted_kernel_checked
V66,proof-maintenance regression,301,V66_PAIR_MIGRATION_001,V66_PAIR_MIGRATION_001,experiments/kernel_replay_v66_regression_maintenance/coq/V66_PAIR_MIGRATION_001.v,1,accept,kernel_success,coqchk_success,experiments/kernel_replay_v66_regression_maintenance/logs/V66_BATCH.coqchk.log,1,accepted_kernel_checked
V66,proof-maintenance regression,302,V66_PAIR_MIGRATION_002,V66_PAIR_MIGRATION_002,experiments/kernel_replay_v66_regression_maintenance/coq/V66_PAIR_MIGRATION_002.v,1,accept,kernel_success,coqchk_success,experiments/kernel_replay_v66_regression_maintenance/logs/V66_BATCH.coqchk.log,1,accepted_kernel_checked
V66,proof-maintenance regression,303,V66_PAIR_MIGRATION_003,V66_PAIR_MIGRATION_003,experiments/kernel_replay_v66_regression_maintenance/coq/V66_PAIR_MIGRATION_003.v,1,accept,kernel_success,coqchk_success,experiments/kernel_replay_v66_regression_maintenance/logs/V66_BATCH.coqchk.log,1,accepted_kernel_checked
V66,proof-maintenance regression,304,V66_PAIR_MIGRATION_004,V66_PAIR_MIGRATION_004,experiments/kernel_replay_v66_regression_maintenance/coq/V66_PAIR_MIGRATION_004.v,1,accept,kernel_success,coqchk_success,experiments/kernel_replay_v66_regression_maintenance/logs/V66_BATCH.coqchk.log,1,accepted_kernel_checked
V66,proof-maintenance regression,305,V66_PAIR_MIGRATION_005,V66_PAIR_MIGRATION_005,experiments/kernel_replay_v66_regression_maintenance/coq/V66_PAIR_MIGRATION_005.v,1,accept,kernel_success,coqchk_success,experiments/kernel_replay_v66_regression_maintenance/logs/V66_BATCH.coqchk.log,1,accepted_kernel_checked
V66,proof-maintenance regression,306,V66_PAIR_MIGRATION_006,V66_PAIR_MIGRATION_006,experiments/kernel_replay_v66_regression_maintenance/coq/V66_PAIR_MIGRATION_006.v,1,accept,kernel_success,coqchk_success,experiments/kernel_replay_v66_regression_maintenance/logs/V66_BATCH.coqchk.log,1,accepted_kernel_checked
V66,proof-maintenance regression,307,V66_PAIR_MIGRATION_007,V66_PAIR_MIGRATION_007,experiments/kernel_replay_v66_regression_maintenance/coq/V66_PAIR_MIGRATION_007.v,1,accept,kernel_success,coqchk_success,experiments/kernel_replay_v66_regression_maintenance/logs/V66_BATCH.coqchk.log,1,accepted_kernel_checked
V66,proof-maintenance regression,308,V66_PAIR_MIGRATION_008,V66_PAIR_MIGRATION_008,experiments/kernel_replay_v66_regression_maintenance/coq/V66_PAIR_MIGRATION_008.v,1,accept,kernel_success,coqchk_success,experiments/kernel_replay_v66_regression_maintenance/logs/V66_BATCH.coqchk.log,1,accepted_kernel_checked
V66,proof-maintenance regression,309,V66_PAIR_MIGRATION_009,V66_PAIR_MIGRATION_009,experiments/kernel_replay_v66_regression_maintenance/coq/V66_PAIR_MIGRATION_009.v,1,accept,kernel_success,coqchk_success,experiments/kernel_replay_v66_regression_maintenance/logs/V66_BATCH.coqchk.log,1,accepted_kernel_checked
V66,proof-maintenance regression,310,V66_PAIR_MIGRATION_010,V66_PAIR_MIGRATION_010,experiments/kernel_replay_v66_regression_maintenance/coq/V66_PAIR_MIGRATION_010.v,1,accept,kernel_success,coqchk_success,experiments/kernel_replay_v66_regression_maintenance/logs/V66_BATCH.coqchk.log,1,accepted_kernel_checked
V66,proof-maintenance regression,311,V66_PAIR_MIGRATION_011,V66_PAIR_MIGRATION_011,experiments/kernel_replay_v66_regression_maintenance/coq/V66_PAIR_MIGRATION_011.v,1,accept,kernel_success,coqchk_success,experiments/kernel_replay_v66_regression_maintenance/logs/V66_BATCH.coqchk.log,1,accepted_kernel_checked
V66,proof-maintenance regression,312,V66_PAIR_MIGRATION_012,V66_PAIR_MIGRATION_012,experiments/kernel_replay_v66_regression_maintenance/coq/V66_PAIR_MIGRATION_012.v,1,accept,kernel_success,coqchk_success,experiments/kernel_replay_v66_regression_maintenance/logs/V66_BATCH.coqchk.log,1,accepted_kernel_checked
V66,proof-maintenance regression,313,V66_PAIR_MIGRATION_013,V66_PAIR_MIGRATION_013,experiments/kernel_replay_v66_regression_maintenance/coq/V66_PAIR_MIGRATION_013.v,1,accept,kernel_success,coqchk_success,experiments/kernel_replay_v66_regression_maintenance/logs/V66_BATCH.coqchk.log,1,accepted_kernel_checked
V66,proof-maintenance regression,314,V66_PAIR_MIGRATION_014,V66_PAIR_MIGRATION_014,experiments/kernel_replay_v66_regression_maintenance/coq/V66_PAIR_MIGRATION_014.v,1,accept,kernel_success,coqchk_success,experiments/kernel_replay_v66_regression_maintenance/logs/V66_BATCH.coqchk.log,1,accepted_kernel_checked
V66,proof-maintenance regression,315,V66_PAIR_MIGRATION_015,V66_PAIR_MIGRATION_015,experiments/kernel_replay_v66_regression_maintenance/coq/V66_PAIR_MIGRATION_015.v,1,accept,kernel_success,coqchk_success,experiments/kernel_replay_v66_regression_maintenance/logs/V66_BATCH.coqchk.log,1,accepted_kernel_checked
V66,proof-maintenance regression,316,V66_PAIR_MIGRATION_016,V66_PAIR_MIGRATION_016,experiments/kernel_replay_v66_regression_maintenance/coq/V66_PAIR_MIGRATION_016.v,1,accept,kernel_success,coqchk_success,experiments/kernel_replay_v66_regression_maintenance/logs/V66_BATCH.coqchk.log,1,accepted_kernel_checked
V66,proof-maintenance regression,317,V66_PAIR_MIGRATION_017,V66_PAIR_MIGRATION_017,experiments/kernel_replay_v66_regression_maintenance/coq/V66_PAIR_MIGRATION_017.v,1,accept,kernel_success,coqchk_success,experiments/kernel_replay_v66_regression_maintenance/logs/V66_BATCH.coqchk.log,1,accepted_kernel_checked
V66,proof-maintenance regression,318,V66_PAIR_MIGRATION_018,V66_PAIR_MIGRATION_018,experiments/kernel_replay_v66_regression_maintenance/coq/V66_PAIR_MIGRATION_018.v,1,accept,kernel_success,coqchk_success,experiments/kernel_replay_v66_regression_maintenance/logs/V66_BATCH.coqchk.log,1,accepted_kernel_checked
V66,proof-maintenance regression,319,V66_PAIR_MIGRATION_019,V66_PAIR_MIGRATION_019,experiments/kernel_replay_v66_regression_maintenance/coq/V66_PAIR_MIGRATION_019.v,1,accept,kernel_success,coqchk_success,experiments/kernel_replay_v66_regression_maintenance/logs/V66_BATCH.coqchk.log,1,accepted_kernel_checked
V66,proof-maintenance regression,320,V66_PAIR_MIGRATION_020,V66_PAIR_MIGRATION_020,experiments/kernel_replay_v66_regression_maintenance/coq/V66_PAIR_MIGRATION_020.v,1,accept,kernel_success,coqchk_success,experiments/kernel_replay_v66_regression_maintenance/logs/V66_BATCH.coqchk.log,1,accepted_kernel_checked
V66,proof-maintenance regression,321,V66_PAIR_MIGRATION_021,V66_PAIR_MIGRATION_021,experiments/kernel_replay_v66_regression_maintenance/coq/V66_PAIR_MIGRATION_021.v,1,accept,kernel_success,coqchk_success,experiments/kernel_replay_v66_regression_maintenance/logs/V66_BATCH.coqchk.log,1,accepted_kernel_checked
V66,proof-maintenance regression,322,V66_PAIR_MIGRATION_022,V66_PAIR_MIGRATION_022,experiments/kernel_replay_v66_regression_maintenance/coq/V66_PAIR_MIGRATION_022.v,1,accept,kernel_success,coqchk_success,experiments/kernel_replay_v66_regression_maintenance/logs/V66_BATCH.coqchk.log,1,accepted_kernel_checked
V66,proof-maintenance regression,323,V66_PAIR_MIGRATION_023,V66_PAIR_MIGRATION_023,experiments/kernel_replay_v66_regression_maintenance/coq/V66_PAIR_MIGRATION_023.v,1,accept,kernel_success,coqchk_success,experiments/kernel_replay_v66_regression_maintenance/logs/V66_BATCH.coqchk.log,1,accepted_kernel_checked
V66,proof-maintenance regression,324,V66_PAIR_MIGRATION_024,V66_PAIR_MIGRATION_024,experiments/kernel_replay_v66_regression_maintenance/coq/V66_PAIR_MIGRATION_024.v,1,accept,kernel_success,coqchk_success,experiments/kernel_replay_v66_regression_maintenance/logs/V66_BATCH.coqchk.log,1,accepted_kernel_checked
V66,proof-maintenance regression,325,V66_PAIR_MIGRATION_025,V66_PAIR_MIGRATION_025,experiments/kernel_replay_v66_regression_maintenance/coq/V66_PAIR_MIGRATION_025.v,1,accept,kernel_success,coqchk_success,experiments/kernel_replay_v66_regression_maintenance/logs/V66_BATCH.coqchk.log,1,accepted_kernel_checked
V66,proof-maintenance regression,326,V66_PAIR_MIGRATION_026,V66_PAIR_MIGRATION_026,experiments/kernel_replay_v66_regression_maintenance/coq/V66_PAIR_MIGRATION_026.v,1,accept,kernel_success,coqchk_success,experiments/kernel_replay_v66_regression_maintenance/logs/V66_BATCH.coqchk.log,1,accepted_kernel_checked
V66,proof-maintenance regression,327,V66_PAIR_MIGRATION_027,V66_PAIR_MIGRATION_027,experiments/kernel_replay_v66_regression_maintenance/coq/V66_PAIR_MIGRATION_027.v,1,accept,kernel_success,coqchk_success,experiments/kernel_replay_v66_regression_maintenance/logs/V66_BATCH.coqchk.log,1,accepted_kernel_checked
V66,proof-maintenance regression,328,V66_PAIR_MIGRATION_028,V66_PAIR_MIGRATION_028,experiments/kernel_replay_v66_regression_maintenance/coq/V66_PAIR_MIGRATION_028.v,1,accept,kernel_success,coqchk_success,experiments/kernel_replay_v66_regression_maintenance/logs/V66_BATCH.coqchk.log,1,accepted_kernel_checked
V66,proof-maintenance regression,329,V66_PAIR_MIGRATION_029,V66_PAIR_MIGRATION_029,experiments/kernel_replay_v66_regression_maintenance/coq/V66_PAIR_MIGRATION_029.v,1,accept,kernel_success,coqchk_success,experiments/kernel_replay_v66_regression_maintenance/logs/V66_BATCH.coqchk.log,1,accepted_kernel_checked
V66,proof-maintenance regression,330,V66_PAIR_MIGRATION_030,V66_PAIR_MIGRATION_030,experiments/kernel_replay_v66_regression_maintenance/coq/V66_PAIR_MIGRATION_030.v,1,accept,kernel_success,coqchk_success,experiments/kernel_replay_v66_regression_maintenance/logs/V66_BATCH.coqchk.log,1,accepted_kernel_checked
V66,proof-maintenance regression,331,V66_PAIR_MIGRATION_031,V66_PAIR_MIGRATION_031,experiments/kernel_replay_v66_regression_maintenance/coq/V66_PAIR_MIGRATION_031.v,1,accept,kernel_success,coqchk_success,experiments/kernel_replay_v66_regression_maintenance/logs/V66_BATCH.coqchk.log,1,accepted_kernel_checked
V66,proof-maintenance regression,332,V66_PAIR_MIGRATION_032,V66_PAIR_MIGRATION_032,experiments/kernel_replay_v66_regression_maintenance/coq/V66_PAIR_MIGRATION_032.v,1,accept,kernel_success,coqchk_success,experiments/kernel_replay_v66_regression_maintenance/logs/V66_BATCH.coqchk.log,1,accepted_kernel_checked
V66,proof-maintenance regression,333,V66_PAIR_MIGRATION_033,V66_PAIR_MIGRATION_033,experiments/kernel_replay_v66_regression_maintenance/coq/V66_PAIR_MIGRATION_033.v,1,accept,kernel_success,coqchk_success,experiments/kernel_replay_v66_regression_maintenance/logs/V66_BATCH.coqchk.log,1,accepted_kernel_checked
V66,proof-maintenance regression,334,V66_PAIR_MIGRATION_034,V66_PAIR_MIGRATION_034,experiments/kernel_replay_v66_regression_maintenance/coq/V66_PAIR_MIGRATION_034.v,1,accept,kernel_success,coqchk_success,experiments/kernel_replay_v66_regression_maintenance/logs/V66_BATCH.coqchk.log,1,accepted_kernel_checked
V66,proof-maintenance regression,335,V66_PAIR_MIGRATION_035,V66_PAIR_MIGRATION_035,experiments/kernel_replay_v66_regression_maintenance/coq/V66_PAIR_MIGRATION_035.v,1,accept,kernel_success,coqchk_success,experiments/kernel_replay_v66_regression_maintenance/logs/V66_BATCH.coqchk.log,1,accepted_kernel_checked
V66,proof-maintenance regression,336,V66_PAIR_MIGRATION_036,V66_PAIR_MIGRATION_036,experiments/kernel_replay_v66_regression_maintenance/coq/V66_PAIR_MIGRATION_036.v,1,accept,kernel_success,coqchk_success,experiments/kernel_replay_v66_regression_maintenance/logs/V66_BATCH.coqchk.log,1,accepted_kernel_checked
V66,proof-maintenance regression,337,V66_PAIR_MIGRATION_037,V66_PAIR_MIGRATION_037,experiments/kernel_replay_v66_regression_maintenance/coq/V66_PAIR_MIGRATION_037.v,1,accept,kernel_success,coqchk_success,experiments/kernel_replay_v66_regression_maintenance/logs/V66_BATCH.coqchk.log,1,accepted_kernel_checked
V66,proof-maintenance regression,338,V66_PAIR_MIGRATION_038,V66_PAIR_MIGRATION_038,experiments/kernel_replay_v66_regression_maintenance/coq/V66_PAIR_MIGRATION_038.v,1,accept,kernel_success,coqchk_success,experiments/kernel_replay_v66_regression_maintenance/logs/V66_BATCH.coqchk.log,1,accepted_kernel_checked
V66,proof-maintenance regression,339,V66_PAIR_MIGRATION_039,V66_PAIR_MIGRATION_039,experiments/kernel_replay_v66_regression_maintenance/coq/V66_PAIR_MIGRATION_039.v,1,accept,kernel_success,coqchk_success,experiments/kernel_replay_v66_regression_maintenance/logs/V66_BATCH.coqchk.log,1,accepted_kernel_checked
V66,proof-maintenance regression,340,V66_PAIR_MIGRATION_040,V66_PAIR_MIGRATION_040,experiments/kernel_replay_v66_regression_maintenance/coq/V66_PAIR_MIGRATION_040.v,1,accept,kernel_success,coqchk_success,experiments/kernel_replay_v66_regression_maintenance/logs/V66_BATCH.coqchk.log,1,accepted_kernel_checked
V66,proof-maintenance regression,341,V66_PAIR_MIGRATION_041,V66_PAIR_MIGRATION_041,experiments/kernel_replay_v66_regression_maintenance/coq/V66_PAIR_MIGRATION_041.v,1,accept,kernel_success,coqchk_success,experiments/kernel_replay_v66_regression_maintenance/logs/V66_BATCH.coqchk.log,1,accepted_kernel_checked
V66,proof-maintenance regression,342,V66_PAIR_MIGRATION_042,V66_PAIR_MIGRATION_042,experiments/kernel_replay_v66_regression_maintenance/coq/V66_PAIR_MIGRATION_042.v,1,accept,kernel_success,coqchk_success,experiments/kernel_replay_v66_regression_maintenance/logs/V66_BATCH.coqchk.log,1,accepted_kernel_checked
V66,proof-maintenance regression,343,V66_PAIR_MIGRATION_043,V66_PAIR_MIGRATION_043,experiments/kernel_replay_v66_regression_maintenance/coq/V66_PAIR_MIGRATION_043.v,1,accept,kernel_success,coqchk_success,experiments/kernel_replay_v66_regression_maintenance/logs/V66_BATCH.coqchk.log,1,accepted_kernel_checked
V66,proof-maintenance regression,344,V66_PAIR_MIGRATION_044,V66_PAIR_MIGRATION_044,experiments/kernel_replay_v66_regression_maintenance/coq/V66_PAIR_MIGRATION_044.v,1,accept,kernel_success,coqchk_success,experiments/kernel_replay_v66_regression_maintenance/logs/V66_BATCH.coqchk.log,1,accepted_kernel_checked
V66,proof-maintenance regression,345,V66_PAIR_MIGRATION_045,V66_PAIR_MIGRATION_045,experiments/kernel_replay_v66_regression_maintenance/coq/V66_PAIR_MIGRATION_045.v,1,accept,kernel_success,coqchk_success,experiments/kernel_replay_v66_regression_maintenance/logs/V66_BATCH.coqchk.log,1,accepted_kernel_checked
V66,proof-maintenance regression,346,V66_PAIR_MIGRATION_046,V66_PAIR_MIGRATION_046,experiments/kernel_replay_v66_regression_maintenance/coq/V66_PAIR_MIGRATION_046.v,1,accept,kernel_success,coqchk_success,experiments/kernel_replay_v66_regression_maintenance/logs/V66_BATCH.coqchk.log,1,accepted_kernel_checked
V66,proof-maintenance regression,347,V66_PAIR_MIGRATION_047,V66_PAIR_MIGRATION_047,experiments/kernel_replay_v66_regression_maintenance/coq/V66_PAIR_MIGRATION_047.v,1,accept,kernel_success,coqchk_success,experiments/kernel_replay_v66_regression_maintenance/logs/V66_BATCH.coqchk.log,1,accepted_kernel_checked
V66,proof-maintenance regression,348,V66_PAIR_MIGRATION_048,V66_PAIR_MIGRATION_048,experiments/kernel_replay_v66_regression_maintenance/coq/V66_PAIR_MIGRATION_048.v,1,accept,kernel_success,coqchk_success,experiments/kernel_replay_v66_regression_maintenance/logs/V66_BATCH.coqchk.log,1,accepted_kernel_checked
V66,proof-maintenance regression,349,V66_PAIR_MIGRATION_049,V66_PAIR_MIGRATION_049,experiments/kernel_replay_v66_regression_maintenance/coq/V66_PAIR_MIGRATION_049.v,1,accept,kernel_success,coqchk_success,experiments/kernel_replay_v66_regression_maintenance/logs/V66_BATCH.coqchk.log,1,accepted_kernel_checked
V66,proof-maintenance regression,350,V66_PAIR_MIGRATION_050,V66_PAIR_MIGRATION_050,experiments/kernel_replay_v66_regression_maintenance/coq/V66_PAIR_MIGRATION_050.v,1,accept,kernel_success,coqchk_success,experiments/kernel_replay_v66_regression_maintenance/logs/V66_BATCH.coqchk.log,1,accepted_kernel_checked
V66,proof-maintenance regression,351,V66_PAIR_MIGRATION_051,V66_PAIR_MIGRATION_051,experiments/kernel_replay_v66_regression_maintenance/coq/V66_PAIR_MIGRATION_051.v,1,accept,kernel_success,coqchk_success,experiments/kernel_replay_v66_regression_maintenance/logs/V66_BATCH.coqchk.log,1,accepted_kernel_checked
V66,proof-maintenance regression,352,V66_PAIR_MIGRATION_052,V66_PAIR_MIGRATION_052,experiments/kernel_replay_v66_regression_maintenance/coq/V66_PAIR_MIGRATION_052.v,1,accept,kernel_success,coqchk_success,experiments/kernel_replay_v66_regression_maintenance/logs/V66_BATCH.coqchk.log,1,accepted_kernel_checked
V66,proof-maintenance regression,353,V66_PAIR_MIGRATION_053,V66_PAIR_MIGRATION_053,experiments/kernel_replay_v66_regression_maintenance/coq/V66_PAIR_MIGRATION_053.v,1,accept,kernel_success,coqchk_success,experiments/kernel_replay_v66_regression_maintenance/logs/V66_BATCH.coqchk.log,1,accepted_kernel_checked
V66,proof-maintenance regression,354,V66_PAIR_MIGRATION_054,V66_PAIR_MIGRATION_054,experiments/kernel_replay_v66_regression_maintenance/coq/V66_PAIR_MIGRATION_054.v,1,accept,kernel_success,coqchk_success,experiments/kernel_replay_v66_regression_maintenance/logs/V66_BATCH.coqchk.log,1,accepted_kernel_checked
V66,proof-maintenance regression,355,V66_PAIR_MIGRATION_055,V66_PAIR_MIGRATION_055,experiments/kernel_replay_v66_regression_maintenance/coq/V66_PAIR_MIGRATION_055.v,1,accept,kernel_success,coqchk_success,experiments/kernel_replay_v66_regression_maintenance/logs/V66_BATCH.coqchk.log,1,accepted_kernel_checked
V66,proof-maintenance regression,356,V66_PAIR_MIGRATION_056,V66_PAIR_MIGRATION_056,experiments/kernel_replay_v66_regression_maintenance/coq/V66_PAIR_MIGRATION_056.v,1,accept,kernel_success,coqchk_success,experiments/kernel_replay_v66_regression_maintenance/logs/V66_BATCH.coqchk.log,1,accepted_kernel_checked
V66,proof-maintenance regression,357,V66_PAIR_MIGRATION_057,V66_PAIR_MIGRATION_057,experiments/kernel_replay_v66_regression_maintenance/coq/V66_PAIR_MIGRATION_057.v,1,accept,kernel_success,coqchk_success,experiments/kernel_replay_v66_regression_maintenance/logs/V66_BATCH.coqchk.log,1,accepted_kernel_checked
V66,proof-maintenance regression,358,V66_PAIR_MIGRATION_058,V66_PAIR_MIGRATION_058,experiments/kernel_replay_v66_regression_maintenance/coq/V66_PAIR_MIGRATION_058.v,1,accept,kernel_success,coqchk_success,experiments/kernel_replay_v66_regression_maintenance/logs/V66_BATCH.coqchk.log,1,accepted_kernel_checked
V66,proof-maintenance regression,359,V66_PAIR_MIGRATION_059,V66_PAIR_MIGRATION_059,experiments/kernel_replay_v66_regression_maintenance/coq/V66_PAIR_MIGRATION_059.v,1,accept,kernel_success,coqchk_success,experiments/kernel_replay_v66_regression_maintenance/logs/V66_BATCH.coqchk.log,1,accepted_kernel_checked
V66,proof-maintenance regression,360,V66_PAIR_MIGRATION_060,V66_PAIR_MIGRATION_060,experiments/kernel_replay_v66_regression_maintenance/coq/V66_PAIR_MIGRATION_060.v,1,accept,kernel_success,coqchk_success,experiments/kernel_replay_v66_regression_maintenance/logs/V66_BATCH.coqchk.log,1,accepted_kernel_checked
V66,proof-maintenance regression,361,V66_RECORD_MIGRATION_001,V66_RECORD_MIGRATION_001,experiments/kernel_replay_v66_regression_maintenance/coq/V66_RECORD_MIGRATION_001.v,1,accept,kernel_success,coqchk_success,experiments/kernel_replay_v66_regression_maintenance/logs/V66_BATCH.coqchk.log,1,accepted_kernel_checked
V66,proof-maintenance regression,362,V66_RECORD_MIGRATION_002,V66_RECORD_MIGRATION_002,experiments/kernel_replay_v66_regression_maintenance/coq/V66_RECORD_MIGRATION_002.v,1,accept,kernel_success,coqchk_success,experiments/kernel_replay_v66_regression_maintenance/logs/V66_BATCH.coqchk.log,1,accepted_kernel_checked
V66,proof-maintenance regression,363,V66_RECORD_MIGRATION_003,V66_RECORD_MIGRATION_003,experiments/kernel_replay_v66_regression_maintenance/coq/V66_RECORD_MIGRATION_003.v,1,accept,kernel_success,coqchk_success,experiments/kernel_replay_v66_regression_maintenance/logs/V66_BATCH.coqchk.log,1,accepted_kernel_checked
V66,proof-maintenance regression,364,V66_RECORD_MIGRATION_004,V66_RECORD_MIGRATION_004,experiments/kernel_replay_v66_regression_maintenance/coq/V66_RECORD_MIGRATION_004.v,1,accept,kernel_success,coqchk_success,experiments/kernel_replay_v66_regression_maintenance/logs/V66_BATCH.coqchk.log,1,accepted_kernel_checked
V66,proof-maintenance regression,365,V66_RECORD_MIGRATION_005,V66_RECORD_MIGRATION_005,experiments/kernel_replay_v66_regression_maintenance/coq/V66_RECORD_MIGRATION_005.v,1,accept,kernel_success,coqchk_success,experiments/kernel_replay_v66_regression_maintenance/logs/V66_BATCH.coqchk.log,1,accepted_kernel_checked
V66,proof-maintenance regression,366,V66_RECORD_MIGRATION_006,V66_RECORD_MIGRATION_006,experiments/kernel_replay_v66_regression_maintenance/coq/V66_RECORD_MIGRATION_006.v,1,accept,kernel_success,coqchk_success,experiments/kernel_replay_v66_regression_maintenance/logs/V66_BATCH.coqchk.log,1,accepted_kernel_checked
V66,proof-maintenance regression,367,V66_RECORD_MIGRATION_007,V66_RECORD_MIGRATION_007,experiments/kernel_replay_v66_regression_maintenance/coq/V66_RECORD_MIGRATION_007.v,1,accept,kernel_success,coqchk_success,experiments/kernel_replay_v66_regression_maintenance/logs/V66_BATCH.coqchk.log,1,accepted_kernel_checked
V66,proof-maintenance regression,368,V66_RECORD_MIGRATION_008,V66_RECORD_MIGRATION_008,experiments/kernel_replay_v66_regression_maintenance/coq/V66_RECORD_MIGRATION_008.v,1,accept,kernel_success,coqchk_success,experiments/kernel_replay_v66_regression_maintenance/logs/V66_BATCH.coqchk.log,1,accepted_kernel_checked
V66,proof-maintenance regression,369,V66_RECORD_MIGRATION_009,V66_RECORD_MIGRATION_009,experiments/kernel_replay_v66_regression_maintenance/coq/V66_RECORD_MIGRATION_009.v,1,accept,kernel_success,coqchk_success,experiments/kernel_replay_v66_regression_maintenance/logs/V66_BATCH.coqchk.log,1,accepted_kernel_checked
V66,proof-maintenance regression,370,V66_RECORD_MIGRATION_010,V66_RECORD_MIGRATION_010,experiments/kernel_replay_v66_regression_maintenance/coq/V66_RECORD_MIGRATION_010.v,1,accept,kernel_success,coqchk_success,experiments/kernel_replay_v66_regression_maintenance/logs/V66_BATCH.coqchk.log,1,accepted_kernel_checked
V66,proof-maintenance regression,371,V66_RECORD_MIGRATION_011,V66_RECORD_MIGRATION_011,experiments/kernel_replay_v66_regression_maintenance/coq/V66_RECORD_MIGRATION_011.v,1,accept,kernel_success,coqchk_success,experiments/kernel_replay_v66_regression_maintenance/logs/V66_BATCH.coqchk.log,1,accepted_kernel_checked
V66,proof-maintenance regression,372,V66_RECORD_MIGRATION_012,V66_RECORD_MIGRATION_012,experiments/kernel_replay_v66_regression_maintenance/coq/V66_RECORD_MIGRATION_012.v,1,accept,kernel_success,coqchk_success,experiments/kernel_replay_v66_regression_maintenance/logs/V66_BATCH.coqchk.log,1,accepted_kernel_checked
V66,proof-maintenance regression,373,V66_RECORD_MIGRATION_013,V66_RECORD_MIGRATION_013,experiments/kernel_replay_v66_regression_maintenance/coq/V66_RECORD_MIGRATION_013.v,1,accept,kernel_success,coqchk_success,experiments/kernel_replay_v66_regression_maintenance/logs/V66_BATCH.coqchk.log,1,accepted_kernel_checked
V66,proof-maintenance regression,374,V66_RECORD_MIGRATION_014,V66_RECORD_MIGRATION_014,experiments/kernel_replay_v66_regression_maintenance/coq/V66_RECORD_MIGRATION_014.v,1,accept,kernel_success,coqchk_success,experiments/kernel_replay_v66_regression_maintenance/logs/V66_BATCH.coqchk.log,1,accepted_kernel_checked
V66,proof-maintenance regression,375,V66_RECORD_MIGRATION_015,V66_RECORD_MIGRATION_015,experiments/kernel_replay_v66_regression_maintenance/coq/V66_RECORD_MIGRATION_015.v,1,accept,kernel_success,coqchk_success,experiments/kernel_replay_v66_regression_maintenance/logs/V66_BATCH.coqchk.log,1,accepted_kernel_checked
V66,proof-maintenance regression,376,V66_RECORD_MIGRATION_016,V66_RECORD_MIGRATION_016,experiments/kernel_replay_v66_regression_maintenance/coq/V66_RECORD_MIGRATION_016.v,1,accept,kernel_success,coqchk_success,experiments/kernel_replay_v66_regression_maintenance/logs/V66_BATCH.coqchk.log,1,accepted_kernel_checked
V66,proof-maintenance regression,377,V66_RECORD_MIGRATION_017,V66_RECORD_MIGRATION_017,experiments/kernel_replay_v66_regression_maintenance/coq/V66_RECORD_MIGRATION_017.v,1,accept,kernel_success,coqchk_success,experiments/kernel_replay_v66_regression_maintenance/logs/V66_BATCH.coqchk.log,1,accepted_kernel_checked
V66,proof-maintenance regression,378,V66_RECORD_MIGRATION_018,V66_RECORD_MIGRATION_018,experiments/kernel_replay_v66_regression_maintenance/coq/V66_RECORD_MIGRATION_018.v,1,accept,kernel_success,coqchk_success,experiments/kernel_replay_v66_regression_maintenance/logs/V66_BATCH.coqchk.log,1,accepted_kernel_checked
V66,proof-maintenance regression,379,V66_RECORD_MIGRATION_019,V66_RECORD_MIGRATION_019,experiments/kernel_replay_v66_regression_maintenance/coq/V66_RECORD_MIGRATION_019.v,1,accept,kernel_success,coqchk_success,experiments/kernel_replay_v66_regression_maintenance/logs/V66_BATCH.coqchk.log,1,accepted_kernel_checked
V66,proof-maintenance regression,380,V66_RECORD_MIGRATION_020,V66_RECORD_MIGRATION_020,experiments/kernel_replay_v66_regression_maintenance/coq/V66_RECORD_MIGRATION_020.v,1,accept,kernel_success,coqchk_success,experiments/kernel_replay_v66_regression_maintenance/logs/V66_BATCH.coqchk.log,1,accepted_kernel_checked
V66,proof-maintenance regression,381,V66_RECORD_MIGRATION_021,V66_RECORD_MIGRATION_021,experiments/kernel_replay_v66_regression_maintenance/coq/V66_RECORD_MIGRATION_021.v,1,accept,kernel_success,coqchk_success,experiments/kernel_replay_v66_regression_maintenance/logs/V66_BATCH.coqchk.log,1,accepted_kernel_checked
V66,proof-maintenance regression,382,V66_RECORD_MIGRATION_022,V66_RECORD_MIGRATION_022,experiments/kernel_replay_v66_regression_maintenance/coq/V66_RECORD_MIGRATION_022.v,1,accept,kernel_success,coqchk_success,experiments/kernel_replay_v66_regression_maintenance/logs/V66_BATCH.coqchk.log,1,accepted_kernel_checked
V66,proof-maintenance regression,383,V66_RECORD_MIGRATION_023,V66_RECORD_MIGRATION_023,experiments/kernel_replay_v66_regression_maintenance/coq/V66_RECORD_MIGRATION_023.v,1,accept,kernel_success,coqchk_success,experiments/kernel_replay_v66_regression_maintenance/logs/V66_BATCH.coqchk.log,1,accepted_kernel_checked
V66,proof-maintenance regression,384,V66_RECORD_MIGRATION_024,V66_RECORD_MIGRATION_024,experiments/kernel_replay_v66_regression_maintenance/coq/V66_RECORD_MIGRATION_024.v,1,accept,kernel_success,coqchk_success,experiments/kernel_replay_v66_regression_maintenance/logs/V66_BATCH.coqchk.log,1,accepted_kernel_checked
V66,proof-maintenance regression,385,V66_RECORD_MIGRATION_025,V66_RECORD_MIGRATION_025,experiments/kernel_replay_v66_regression_maintenance/coq/V66_RECORD_MIGRATION_025.v,1,accept,kernel_success,coqchk_success,experiments/kernel_replay_v66_regression_maintenance/logs/V66_BATCH.coqchk.log,1,accepted_kernel_checked
V66,proof-maintenance regression,386,V66_RECORD_MIGRATION_026,V66_RECORD_MIGRATION_026,experiments/kernel_replay_v66_regression_maintenance/coq/V66_RECORD_MIGRATION_026.v,1,accept,kernel_success,coqchk_success,experiments/kernel_replay_v66_regression_maintenance/logs/V66_BATCH.coqchk.log,1,accepted_kernel_checked
V66,proof-maintenance regression,387,V66_RECORD_MIGRATION_027,V66_RECORD_MIGRATION_027,experiments/kernel_replay_v66_regression_maintenance/coq/V66_RECORD_MIGRATION_027.v,1,accept,kernel_success,coqchk_success,experiments/kernel_replay_v66_regression_maintenance/logs/V66_BATCH.coqchk.log,1,accepted_kernel_checked
V66,proof-maintenance regression,388,V66_RECORD_MIGRATION_028,V66_RECORD_MIGRATION_028,experiments/kernel_replay_v66_regression_maintenance/coq/V66_RECORD_MIGRATION_028.v,1,accept,kernel_success,coqchk_success,experiments/kernel_replay_v66_regression_maintenance/logs/V66_BATCH.coqchk.log,1,accepted_kernel_checked
V66,proof-maintenance regression,389,V66_RECORD_MIGRATION_029,V66_RECORD_MIGRATION_029,experiments/kernel_replay_v66_regression_maintenance/coq/V66_RECORD_MIGRATION_029.v,1,accept,kernel_success,coqchk_success,experiments/kernel_replay_v66_regression_maintenance/logs/V66_BATCH.coqchk.log,1,accepted_kernel_checked
V66,proof-maintenance regression,390,V66_RECORD_MIGRATION_030,V66_RECORD_MIGRATION_030,experiments/kernel_replay_v66_regression_maintenance/coq/V66_RECORD_MIGRATION_030.v,1,accept,kernel_success,coqchk_success,experiments/kernel_replay_v66_regression_maintenance/logs/V66_BATCH.coqchk.log,1,accepted_kernel_checked
V66,proof-maintenance regression,391,V66_RECORD_MIGRATION_031,V66_RECORD_MIGRATION_031,experiments/kernel_replay_v66_regression_maintenance/coq/V66_RECORD_MIGRATION_031.v,1,accept,kernel_success,coqchk_success,experiments/kernel_replay_v66_regression_maintenance/logs/V66_BATCH.coqchk.log,1,accepted_kernel_checked
V66,proof-maintenance regression,392,V66_RECORD_MIGRATION_032,V66_RECORD_MIGRATION_032,experiments/kernel_replay_v66_regression_maintenance/coq/V66_RECORD_MIGRATION_032.v,1,accept,kernel_success,coqchk_success,experiments/kernel_replay_v66_regression_maintenance/logs/V66_BATCH.coqchk.log,1,accepted_kernel_checked
V66,proof-maintenance regression,393,V66_RECORD_MIGRATION_033,V66_RECORD_MIGRATION_033,experiments/kernel_replay_v66_regression_maintenance/coq/V66_RECORD_MIGRATION_033.v,1,accept,kernel_success,coqchk_success,experiments/kernel_replay_v66_regression_maintenance/logs/V66_BATCH.coqchk.log,1,accepted_kernel_checked
V66,proof-maintenance regression,394,V66_RECORD_MIGRATION_034,V66_RECORD_MIGRATION_034,experiments/kernel_replay_v66_regression_maintenance/coq/V66_RECORD_MIGRATION_034.v,1,accept,kernel_success,coqchk_success,experiments/kernel_replay_v66_regression_maintenance/logs/V66_BATCH.coqchk.log,1,accepted_kernel_checked
V66,proof-maintenance regression,395,V66_RECORD_MIGRATION_035,V66_RECORD_MIGRATION_035,experiments/kernel_replay_v66_regression_maintenance/coq/V66_RECORD_MIGRATION_035.v,1,accept,kernel_success,coqchk_success,experiments/kernel_replay_v66_regression_maintenance/logs/V66_BATCH.coqchk.log,1,accepted_kernel_checked
V66,proof-maintenance regression,396,V66_RECORD_MIGRATION_036,V66_RECORD_MIGRATION_036,experiments/kernel_replay_v66_regression_maintenance/coq/V66_RECORD_MIGRATION_036.v,1,accept,kernel_success,coqchk_success,experiments/kernel_replay_v66_regression_maintenance/logs/V66_BATCH.coqchk.log,1,accepted_kernel_checked
V66,proof-maintenance regression,397,V66_RECORD_MIGRATION_037,V66_RECORD_MIGRATION_037,experiments/kernel_replay_v66_regression_maintenance/coq/V66_RECORD_MIGRATION_037.v,1,accept,kernel_success,coqchk_success,experiments/kernel_replay_v66_regression_maintenance/logs/V66_BATCH.coqchk.log,1,accepted_kernel_checked
V66,proof-maintenance regression,398,V66_RECORD_MIGRATION_038,V66_RECORD_MIGRATION_038,experiments/kernel_replay_v66_regression_maintenance/coq/V66_RECORD_MIGRATION_038.v,1,accept,kernel_success,coqchk_success,experiments/kernel_replay_v66_regression_maintenance/logs/V66_BATCH.coqchk.log,1,accepted_kernel_checked
V66,proof-maintenance regression,399,V66_RECORD_MIGRATION_039,V66_RECORD_MIGRATION_039,experiments/kernel_replay_v66_regression_maintenance/coq/V66_RECORD_MIGRATION_039.v,1,accept,kernel_success,coqchk_success,experiments/kernel_replay_v66_regression_maintenance/logs/V66_BATCH.coqchk.log,1,accepted_kernel_checked
V66,proof-maintenance regression,400,V66_RECORD_MIGRATION_040,V66_RECORD_MIGRATION_040,experiments/kernel_replay_v66_regression_maintenance/coq/V66_RECORD_MIGRATION_040.v,1,accept,kernel_success,coqchk_success,experiments/kernel_replay_v66_regression_maintenance/logs/V66_BATCH.coqchk.log,1,accepted_kernel_checked
V66,proof-maintenance regression,401,V66_RECORD_MIGRATION_041,V66_RECORD_MIGRATION_041,experiments/kernel_replay_v66_regression_maintenance/coq/V66_RECORD_MIGRATION_041.v,1,accept,kernel_success,coqchk_success,experiments/kernel_replay_v66_regression_maintenance/logs/V66_BATCH.coqchk.log,1,accepted_kernel_checked
V66,proof-maintenance regression,402,V66_RECORD_MIGRATION_042,V66_RECORD_MIGRATION_042,experiments/kernel_replay_v66_regression_maintenance/coq/V66_RECORD_MIGRATION_042.v,1,accept,kernel_success,coqchk_success,experiments/kernel_replay_v66_regression_maintenance/logs/V66_BATCH.coqchk.log,1,accepted_kernel_checked
V66,proof-maintenance regression,403,V66_RECORD_MIGRATION_043,V66_RECORD_MIGRATION_043,experiments/kernel_replay_v66_regression_maintenance/coq/V66_RECORD_MIGRATION_043.v,1,accept,kernel_success,coqchk_success,experiments/kernel_replay_v66_regression_maintenance/logs/V66_BATCH.coqchk.log,1,accepted_kernel_checked
V66,proof-maintenance regression,404,V66_RECORD_MIGRATION_044,V66_RECORD_MIGRATION_044,experiments/kernel_replay_v66_regression_maintenance/coq/V66_RECORD_MIGRATION_044.v,1,accept,kernel_success,coqchk_success,experiments/kernel_replay_v66_regression_maintenance/logs/V66_BATCH.coqchk.log,1,accepted_kernel_checked
V66,proof-maintenance regression,405,V66_RECORD_MIGRATION_045,V66_RECORD_MIGRATION_045,experiments/kernel_replay_v66_regression_maintenance/coq/V66_RECORD_MIGRATION_045.v,1,accept,kernel_success,coqchk_success,experiments/kernel_replay_v66_regression_maintenance/logs/V66_BATCH.coqchk.log,1,accepted_kernel_checked
V66,proof-maintenance regression,406,V66_RECORD_MIGRATION_046,V66_RECORD_MIGRATION_046,experiments/kernel_replay_v66_regression_maintenance/coq/V66_RECORD_MIGRATION_046.v,1,accept,kernel_success,coqchk_success,experiments/kernel_replay_v66_regression_maintenance/logs/V66_BATCH.coqchk.log,1,accepted_kernel_checked
V66,proof-maintenance regression,407,V66_RECORD_MIGRATION_047,V66_RECORD_MIGRATION_047,experiments/kernel_replay_v66_regression_maintenance/coq/V66_RECORD_MIGRATION_047.v,1,accept,kernel_success,coqchk_success,experiments/kernel_replay_v66_regression_maintenance/logs/V66_BATCH.coqchk.log,1,accepted_kernel_checked
V66,proof-maintenance regression,408,V66_RECORD_MIGRATION_048,V66_RECORD_MIGRATION_048,experiments/kernel_replay_v66_regression_maintenance/coq/V66_RECORD_MIGRATION_048.v,1,accept,kernel_success,coqchk_success,experiments/kernel_replay_v66_regression_maintenance/logs/V66_BATCH.coqchk.log,1,accepted_kernel_checked
V66,proof-maintenance regression,409,V66_RECORD_MIGRATION_049,V66_RECORD_MIGRATION_049,experiments/kernel_replay_v66_regression_maintenance/coq/V66_RECORD_MIGRATION_049.v,1,accept,kernel_success,coqchk_success,experiments/kernel_replay_v66_regression_maintenance/logs/V66_BATCH.coqchk.log,1,accepted_kernel_checked
V66,proof-maintenance regression,410,V66_RECORD_MIGRATION_050,V66_RECORD_MIGRATION_050,experiments/kernel_replay_v66_regression_maintenance/coq/V66_RECORD_MIGRATION_050.v,1,accept,kernel_success,coqchk_success,experiments/kernel_replay_v66_regression_maintenance/logs/V66_BATCH.coqchk.log,1,accepted_kernel_checked
V66,proof-maintenance regression,411,V66_RECORD_MIGRATION_051,V66_RECORD_MIGRATION_051,experiments/kernel_replay_v66_regression_maintenance/coq/V66_RECORD_MIGRATION_051.v,1,accept,kernel_success,coqchk_success,experiments/kernel_replay_v66_regression_maintenance/logs/V66_BATCH.coqchk.log,1,accepted_kernel_checked
V66,proof-maintenance regression,412,V66_RECORD_MIGRATION_052,V66_RECORD_MIGRATION_052,experiments/kernel_replay_v66_regression_maintenance/coq/V66_RECORD_MIGRATION_052.v,1,accept,kernel_success,coqchk_success,experiments/kernel_replay_v66_regression_maintenance/logs/V66_BATCH.coqchk.log,1,accepted_kernel_checked
V66,proof-maintenance regression,413,V66_RECORD_MIGRATION_053,V66_RECORD_MIGRATION_053,experiments/kernel_replay_v66_regression_maintenance/coq/V66_RECORD_MIGRATION_053.v,1,accept,kernel_success,coqchk_success,experiments/kernel_replay_v66_regression_maintenance/logs/V66_BATCH.coqchk.log,1,accepted_kernel_checked
V66,proof-maintenance regression,414,V66_RECORD_MIGRATION_054,V66_RECORD_MIGRATION_054,experiments/kernel_replay_v66_regression_maintenance/coq/V66_RECORD_MIGRATION_054.v,1,accept,kernel_success,coqchk_success,experiments/kernel_replay_v66_regression_maintenance/logs/V66_BATCH.coqchk.log,1,accepted_kernel_checked
V66,proof-maintenance regression,415,V66_RECORD_MIGRATION_055,V66_RECORD_MIGRATION_055,experiments/kernel_replay_v66_regression_maintenance/coq/V66_RECORD_MIGRATION_055.v,1,accept,kernel_success,coqchk_success,experiments/kernel_replay_v66_regression_maintenance/logs/V66_BATCH.coqchk.log,1,accepted_kernel_checked
V66,proof-maintenance regression,416,V66_RECORD_MIGRATION_056,V66_RECORD_MIGRATION_056,experiments/kernel_replay_v66_regression_maintenance/coq/V66_RECORD_MIGRATION_056.v,1,accept,kernel_success,coqchk_success,experiments/kernel_replay_v66_regression_maintenance/logs/V66_BATCH.coqchk.log,1,accepted_kernel_checked
V66,proof-maintenance regression,417,V66_RECORD_MIGRATION_057,V66_RECORD_MIGRATION_057,experiments/kernel_replay_v66_regression_maintenance/coq/V66_RECORD_MIGRATION_057.v,1,accept,kernel_success,coqchk_success,experiments/kernel_replay_v66_regression_maintenance/logs/V66_BATCH.coqchk.log,1,accepted_kernel_checked
V66,proof-maintenance regression,418,V66_RECORD_MIGRATION_058,V66_RECORD_MIGRATION_058,experiments/kernel_replay_v66_regression_maintenance/coq/V66_RECORD_MIGRATION_058.v,1,accept,kernel_success,coqchk_success,experiments/kernel_replay_v66_regression_maintenance/logs/V66_BATCH.coqchk.log,1,accepted_kernel_checked
V66,proof-maintenance regression,419,V66_RECORD_MIGRATION_059,V66_RECORD_MIGRATION_059,experiments/kernel_replay_v66_regression_maintenance/coq/V66_RECORD_MIGRATION_059.v,1,accept,kernel_success,coqchk_success,experiments/kernel_replay_v66_regression_maintenance/logs/V66_BATCH.coqchk.log,1,accepted_kernel_checked
V66,proof-maintenance regression,420,V66_RECORD_MIGRATION_060,V66_RECORD_MIGRATION_060,experiments/kernel_replay_v66_regression_maintenance/coq/V66_RECORD_MIGRATION_060.v,1,accept,kernel_success,coqchk_success,experiments/kernel_replay_v66_regression_maintenance/logs/V66_BATCH.coqchk.log,1,accepted_kernel_checked
V66,proof-maintenance regression,421,V66_TREE_MAINTENANCE_001,V66_TREE_MAINTENANCE_001,experiments/kernel_replay_v66_regression_maintenance/coq/V66_TREE_MAINTENANCE_001.v,1,accept,kernel_success,coqchk_success,experiments/kernel_replay_v66_regression_maintenance/logs/V66_BATCH.coqchk.log,1,accepted_kernel_checked
V66,proof-maintenance regression,422,V66_TREE_MAINTENANCE_002,V66_TREE_MAINTENANCE_002,experiments/kernel_replay_v66_regression_maintenance/coq/V66_TREE_MAINTENANCE_002.v,1,accept,kernel_success,coqchk_success,experiments/kernel_replay_v66_regression_maintenance/logs/V66_BATCH.coqchk.log,1,accepted_kernel_checked
V66,proof-maintenance regression,423,V66_TREE_MAINTENANCE_003,V66_TREE_MAINTENANCE_003,experiments/kernel_replay_v66_regression_maintenance/coq/V66_TREE_MAINTENANCE_003.v,1,accept,kernel_success,coqchk_success,experiments/kernel_replay_v66_regression_maintenance/logs/V66_BATCH.coqchk.log,1,accepted_kernel_checked
V66,proof-maintenance regression,424,V66_TREE_MAINTENANCE_004,V66_TREE_MAINTENANCE_004,experiments/kernel_replay_v66_regression_maintenance/coq/V66_TREE_MAINTENANCE_004.v,1,accept,kernel_success,coqchk_success,experiments/kernel_replay_v66_regression_maintenance/logs/V66_BATCH.coqchk.log,1,accepted_kernel_checked
V66,proof-maintenance regression,425,V66_TREE_MAINTENANCE_005,V66_TREE_MAINTENANCE_005,experiments/kernel_replay_v66_regression_maintenance/coq/V66_TREE_MAINTENANCE_005.v,1,accept,kernel_success,coqchk_success,experiments/kernel_replay_v66_regression_maintenance/logs/V66_BATCH.coqchk.log,1,accepted_kernel_checked
V66,proof-maintenance regression,426,V66_TREE_MAINTENANCE_006,V66_TREE_MAINTENANCE_006,experiments/kernel_replay_v66_regression_maintenance/coq/V66_TREE_MAINTENANCE_006.v,1,accept,kernel_success,coqchk_success,experiments/kernel_replay_v66_regression_maintenance/logs/V66_BATCH.coqchk.log,1,accepted_kernel_checked
V66,proof-maintenance regression,427,V66_TREE_MAINTENANCE_007,V66_TREE_MAINTENANCE_007,experiments/kernel_replay_v66_regression_maintenance/coq/V66_TREE_MAINTENANCE_007.v,1,accept,kernel_success,coqchk_success,experiments/kernel_replay_v66_regression_maintenance/logs/V66_BATCH.coqchk.log,1,accepted_kernel_checked
V66,proof-maintenance regression,428,V66_TREE_MAINTENANCE_008,V66_TREE_MAINTENANCE_008,experiments/kernel_replay_v66_regression_maintenance/coq/V66_TREE_MAINTENANCE_008.v,1,accept,kernel_success,coqchk_success,experiments/kernel_replay_v66_regression_maintenance/logs/V66_BATCH.coqchk.log,1,accepted_kernel_checked
V66,proof-maintenance regression,429,V66_TREE_MAINTENANCE_009,V66_TREE_MAINTENANCE_009,experiments/kernel_replay_v66_regression_maintenance/coq/V66_TREE_MAINTENANCE_009.v,1,accept,kernel_success,coqchk_success,experiments/kernel_replay_v66_regression_maintenance/logs/V66_BATCH.coqchk.log,1,accepted_kernel_checked
V66,proof-maintenance regression,430,V66_TREE_MAINTENANCE_010,V66_TREE_MAINTENANCE_010,experiments/kernel_replay_v66_regression_maintenance/coq/V66_TREE_MAINTENANCE_010.v,1,accept,kernel_success,coqchk_success,experiments/kernel_replay_v66_regression_maintenance/logs/V66_BATCH.coqchk.log,1,accepted_kernel_checked
V66,proof-maintenance regression,431,V66_TREE_MAINTENANCE_011,V66_TREE_MAINTENANCE_011,experiments/kernel_replay_v66_regression_maintenance/coq/V66_TREE_MAINTENANCE_011.v,1,accept,kernel_success,coqchk_success,experiments/kernel_replay_v66_regression_maintenance/logs/V66_BATCH.coqchk.log,1,accepted_kernel_checked
V66,proof-maintenance regression,432,V66_TREE_MAINTENANCE_012,V66_TREE_MAINTENANCE_012,experiments/kernel_replay_v66_regression_maintenance/coq/V66_TREE_MAINTENANCE_012.v,1,accept,kernel_success,coqchk_success,experiments/kernel_replay_v66_regression_maintenance/logs/V66_BATCH.coqchk.log,1,accepted_kernel_checked
V66,proof-maintenance regression,433,V66_TREE_MAINTENANCE_013,V66_TREE_MAINTENANCE_013,experiments/kernel_replay_v66_regression_maintenance/coq/V66_TREE_MAINTENANCE_013.v,1,accept,kernel_success,coqchk_success,experiments/kernel_replay_v66_regression_maintenance/logs/V66_BATCH.coqchk.log,1,accepted_kernel_checked
V66,proof-maintenance regression,434,V66_TREE_MAINTENANCE_014,V66_TREE_MAINTENANCE_014,experiments/kernel_replay_v66_regression_maintenance/coq/V66_TREE_MAINTENANCE_014.v,1,accept,kernel_success,coqchk_success,experiments/kernel_replay_v66_regression_maintenance/logs/V66_BATCH.coqchk.log,1,accepted_kernel_checked
V66,proof-maintenance regression,435,V66_TREE_MAINTENANCE_015,V66_TREE_MAINTENANCE_015,experiments/kernel_replay_v66_regression_maintenance/coq/V66_TREE_MAINTENANCE_015.v,1,accept,kernel_success,coqchk_success,experiments/kernel_replay_v66_regression_maintenance/logs/V66_BATCH.coqchk.log,1,accepted_kernel_checked
V66,proof-maintenance regression,436,V66_TREE_MAINTENANCE_016,V66_TREE_MAINTENANCE_016,experiments/kernel_replay_v66_regression_maintenance/coq/V66_TREE_MAINTENANCE_016.v,1,accept,kernel_success,coqchk_success,experiments/kernel_replay_v66_regression_maintenance/logs/V66_BATCH.coqchk.log,1,accepted_kernel_checked
V66,proof-maintenance regression,437,V66_TREE_MAINTENANCE_017,V66_TREE_MAINTENANCE_017,experiments/kernel_replay_v66_regression_maintenance/coq/V66_TREE_MAINTENANCE_017.v,1,accept,kernel_success,coqchk_success,experiments/kernel_replay_v66_regression_maintenance/logs/V66_BATCH.coqchk.log,1,accepted_kernel_checked
V66,proof-maintenance regression,438,V66_TREE_MAINTENANCE_018,V66_TREE_MAINTENANCE_018,experiments/kernel_replay_v66_regression_maintenance/coq/V66_TREE_MAINTENANCE_018.v,1,accept,kernel_success,coqchk_success,experiments/kernel_replay_v66_regression_maintenance/logs/V66_BATCH.coqchk.log,1,accepted_kernel_checked
V66,proof-maintenance regression,439,V66_TREE_MAINTENANCE_019,V66_TREE_MAINTENANCE_019,experiments/kernel_replay_v66_regression_maintenance/coq/V66_TREE_MAINTENANCE_019.v,1,accept,kernel_success,coqchk_success,experiments/kernel_replay_v66_regression_maintenance/logs/V66_BATCH.coqchk.log,1,accepted_kernel_checked
V66,proof-maintenance regression,440,V66_TREE_MAINTENANCE_020,V66_TREE_MAINTENANCE_020,experiments/kernel_replay_v66_regression_maintenance/coq/V66_TREE_MAINTENANCE_020.v,1,accept,kernel_success,coqchk_success,experiments/kernel_replay_v66_regression_maintenance/logs/V66_BATCH.coqchk.log,1,accepted_kernel_checked
V66,proof-maintenance regression,441,V66_TREE_MAINTENANCE_021,V66_TREE_MAINTENANCE_021,experiments/kernel_replay_v66_regression_maintenance/coq/V66_TREE_MAINTENANCE_021.v,1,accept,kernel_success,coqchk_success,experiments/kernel_replay_v66_regression_maintenance/logs/V66_BATCH.coqchk.log,1,accepted_kernel_checked
V66,proof-maintenance regression,442,V66_TREE_MAINTENANCE_022,V66_TREE_MAINTENANCE_022,experiments/kernel_replay_v66_regression_maintenance/coq/V66_TREE_MAINTENANCE_022.v,1,accept,kernel_success,coqchk_success,experiments/kernel_replay_v66_regression_maintenance/logs/V66_BATCH.coqchk.log,1,accepted_kernel_checked
V66,proof-maintenance regression,443,V66_TREE_MAINTENANCE_023,V66_TREE_MAINTENANCE_023,experiments/kernel_replay_v66_regression_maintenance/coq/V66_TREE_MAINTENANCE_023.v,1,accept,kernel_success,coqchk_success,experiments/kernel_replay_v66_regression_maintenance/logs/V66_BATCH.coqchk.log,1,accepted_kernel_checked
V66,proof-maintenance regression,444,V66_TREE_MAINTENANCE_024,V66_TREE_MAINTENANCE_024,experiments/kernel_replay_v66_regression_maintenance/coq/V66_TREE_MAINTENANCE_024.v,1,accept,kernel_success,coqchk_success,experiments/kernel_replay_v66_regression_maintenance/logs/V66_BATCH.coqchk.log,1,accepted_kernel_checked
V66,proof-maintenance regression,445,V66_TREE_MAINTENANCE_025,V66_TREE_MAINTENANCE_025,experiments/kernel_replay_v66_regression_maintenance/coq/V66_TREE_MAINTENANCE_025.v,1,accept,kernel_success,coqchk_success,experiments/kernel_replay_v66_regression_maintenance/logs/V66_BATCH.coqchk.log,1,accepted_kernel_checked
V66,proof-maintenance regression,446,V66_TREE_MAINTENANCE_026,V66_TREE_MAINTENANCE_026,experiments/kernel_replay_v66_regression_maintenance/coq/V66_TREE_MAINTENANCE_026.v,1,accept,kernel_success,coqchk_success,experiments/kernel_replay_v66_regression_maintenance/logs/V66_BATCH.coqchk.log,1,accepted_kernel_checked
V66,proof-maintenance regression,447,V66_TREE_MAINTENANCE_027,V66_TREE_MAINTENANCE_027,experiments/kernel_replay_v66_regression_maintenance/coq/V66_TREE_MAINTENANCE_027.v,1,accept,kernel_success,coqchk_success,experiments/kernel_replay_v66_regression_maintenance/logs/V66_BATCH.coqchk.log,1,accepted_kernel_checked
V66,proof-maintenance regression,448,V66_TREE_MAINTENANCE_028,V66_TREE_MAINTENANCE_028,experiments/kernel_replay_v66_regression_maintenance/coq/V66_TREE_MAINTENANCE_028.v,1,accept,kernel_success,coqchk_success,experiments/kernel_replay_v66_regression_maintenance/logs/V66_BATCH.coqchk.log,1,accepted_kernel_checked
V66,proof-maintenance regression,449,V66_TREE_MAINTENANCE_029,V66_TREE_MAINTENANCE_029,experiments/kernel_replay_v66_regression_maintenance/coq/V66_TREE_MAINTENANCE_029.v,1,accept,kernel_success,coqchk_success,experiments/kernel_replay_v66_regression_maintenance/logs/V66_BATCH.coqchk.log,1,accepted_kernel_checked
V66,proof-maintenance regression,450,V66_TREE_MAINTENANCE_030,V66_TREE_MAINTENANCE_030,experiments/kernel_replay_v66_regression_maintenance/coq/V66_TREE_MAINTENANCE_030.v,1,accept,kernel_success,coqchk_success,experiments/kernel_replay_v66_regression_maintenance/logs/V66_BATCH.coqchk.log,1,accepted_kernel_checked
V66,proof-maintenance regression,451,V66_TREE_MAINTENANCE_031,V66_TREE_MAINTENANCE_031,experiments/kernel_replay_v66_regression_maintenance/coq/V66_TREE_MAINTENANCE_031.v,1,accept,kernel_success,coqchk_success,experiments/kernel_replay_v66_regression_maintenance/logs/V66_BATCH.coqchk.log,1,accepted_kernel_checked
V66,proof-maintenance regression,452,V66_TREE_MAINTENANCE_032,V66_TREE_MAINTENANCE_032,experiments/kernel_replay_v66_regression_maintenance/coq/V66_TREE_MAINTENANCE_032.v,1,accept,kernel_success,coqchk_success,experiments/kernel_replay_v66_regression_maintenance/logs/V66_BATCH.coqchk.log,1,accepted_kernel_checked
V66,proof-maintenance regression,453,V66_TREE_MAINTENANCE_033,V66_TREE_MAINTENANCE_033,experiments/kernel_replay_v66_regression_maintenance/coq/V66_TREE_MAINTENANCE_033.v,1,accept,kernel_success,coqchk_success,experiments/kernel_replay_v66_regression_maintenance/logs/V66_BATCH.coqchk.log,1,accepted_kernel_checked
V66,proof-maintenance regression,454,V66_TREE_MAINTENANCE_034,V66_TREE_MAINTENANCE_034,experiments/kernel_replay_v66_regression_maintenance/coq/V66_TREE_MAINTENANCE_034.v,1,accept,kernel_success,coqchk_success,experiments/kernel_replay_v66_regression_maintenance/logs/V66_BATCH.coqchk.log,1,accepted_kernel_checked
V66,proof-maintenance regression,455,V66_TREE_MAINTENANCE_035,V66_TREE_MAINTENANCE_035,experiments/kernel_replay_v66_regression_maintenance/coq/V66_TREE_MAINTENANCE_035.v,1,accept,kernel_success,coqchk_success,experiments/kernel_replay_v66_regression_maintenance/logs/V66_BATCH.coqchk.log,1,accepted_kernel_checked
V66,proof-maintenance regression,456,V66_TREE_MAINTENANCE_036,V66_TREE_MAINTENANCE_036,experiments/kernel_replay_v66_regression_maintenance/coq/V66_TREE_MAINTENANCE_036.v,1,accept,kernel_success,coqchk_success,experiments/kernel_replay_v66_regression_maintenance/logs/V66_BATCH.coqchk.log,1,accepted_kernel_checked
V66,proof-maintenance regression,457,V66_TREE_MAINTENANCE_037,V66_TREE_MAINTENANCE_037,experiments/kernel_replay_v66_regression_maintenance/coq/V66_TREE_MAINTENANCE_037.v,1,accept,kernel_success,coqchk_success,experiments/kernel_replay_v66_regression_maintenance/logs/V66_BATCH.coqchk.log,1,accepted_kernel_checked
V66,proof-maintenance regression,458,V66_TREE_MAINTENANCE_038,V66_TREE_MAINTENANCE_038,experiments/kernel_replay_v66_regression_maintenance/coq/V66_TREE_MAINTENANCE_038.v,1,accept,kernel_success,coqchk_success,experiments/kernel_replay_v66_regression_maintenance/logs/V66_BATCH.coqchk.log,1,accepted_kernel_checked
V66,proof-maintenance regression,459,V66_TREE_MAINTENANCE_039,V66_TREE_MAINTENANCE_039,experiments/kernel_replay_v66_regression_maintenance/coq/V66_TREE_MAINTENANCE_039.v,1,accept,kernel_success,coqchk_success,experiments/kernel_replay_v66_regression_maintenance/logs/V66_BATCH.coqchk.log,1,accepted_kernel_checked
V66,proof-maintenance regression,460,V66_TREE_MAINTENANCE_040,V66_TREE_MAINTENANCE_040,experiments/kernel_replay_v66_regression_maintenance/coq/V66_TREE_MAINTENANCE_040.v,1,accept,kernel_success,coqchk_success,experiments/kernel_replay_v66_regression_maintenance/logs/V66_BATCH.coqchk.log,1,accepted_kernel_checked
V66,proof-maintenance regression,461,V66_TREE_MAINTENANCE_041,V66_TREE_MAINTENANCE_041,experiments/kernel_replay_v66_regression_maintenance/coq/V66_TREE_MAINTENANCE_041.v,1,accept,kernel_success,coqchk_success,experiments/kernel_replay_v66_regression_maintenance/logs/V66_BATCH.coqchk.log,1,accepted_kernel_checked
V66,proof-maintenance regression,462,V66_TREE_MAINTENANCE_042,V66_TREE_MAINTENANCE_042,experiments/kernel_replay_v66_regression_maintenance/coq/V66_TREE_MAINTENANCE_042.v,1,accept,kernel_success,coqchk_success,experiments/kernel_replay_v66_regression_maintenance/logs/V66_BATCH.coqchk.log,1,accepted_kernel_checked
V66,proof-maintenance regression,463,V66_TREE_MAINTENANCE_043,V66_TREE_MAINTENANCE_043,experiments/kernel_replay_v66_regression_maintenance/coq/V66_TREE_MAINTENANCE_043.v,1,accept,kernel_success,coqchk_success,experiments/kernel_replay_v66_regression_maintenance/logs/V66_BATCH.coqchk.log,1,accepted_kernel_checked
V66,proof-maintenance regression,464,V66_TREE_MAINTENANCE_044,V66_TREE_MAINTENANCE_044,experiments/kernel_replay_v66_regression_maintenance/coq/V66_TREE_MAINTENANCE_044.v,1,accept,kernel_success,coqchk_success,experiments/kernel_replay_v66_regression_maintenance/logs/V66_BATCH.coqchk.log,1,accepted_kernel_checked
V66,proof-maintenance regression,465,V66_TREE_MAINTENANCE_045,V66_TREE_MAINTENANCE_045,experiments/kernel_replay_v66_regression_maintenance/coq/V66_TREE_MAINTENANCE_045.v,1,accept,kernel_success,coqchk_success,experiments/kernel_replay_v66_regression_maintenance/logs/V66_BATCH.coqchk.log,1,accepted_kernel_checked
V66,proof-maintenance regression,466,V66_TREE_MAINTENANCE_046,V66_TREE_MAINTENANCE_046,experiments/kernel_replay_v66_regression_maintenance/coq/V66_TREE_MAINTENANCE_046.v,1,accept,kernel_success,coqchk_success,experiments/kernel_replay_v66_regression_maintenance/logs/V66_BATCH.coqchk.log,1,accepted_kernel_checked
V66,proof-maintenance regression,467,V66_TREE_MAINTENANCE_047,V66_TREE_MAINTENANCE_047,experiments/kernel_replay_v66_regression_maintenance/coq/V66_TREE_MAINTENANCE_047.v,1,accept,kernel_success,coqchk_success,experiments/kernel_replay_v66_regression_maintenance/logs/V66_BATCH.coqchk.log,1,accepted_kernel_checked
V66,proof-maintenance regression,468,V66_TREE_MAINTENANCE_048,V66_TREE_MAINTENANCE_048,experiments/kernel_replay_v66_regression_maintenance/coq/V66_TREE_MAINTENANCE_048.v,1,accept,kernel_success,coqchk_success,experiments/kernel_replay_v66_regression_maintenance/logs/V66_BATCH.coqchk.log,1,accepted_kernel_checked
V66,proof-maintenance regression,469,V66_TREE_MAINTENANCE_049,V66_TREE_MAINTENANCE_049,experiments/kernel_replay_v66_regression_maintenance/coq/V66_TREE_MAINTENANCE_049.v,1,accept,kernel_success,coqchk_success,experiments/kernel_replay_v66_regression_maintenance/logs/V66_BATCH.coqchk.log,1,accepted_kernel_checked
V66,proof-maintenance regression,470,V66_TREE_MAINTENANCE_050,V66_TREE_MAINTENANCE_050,experiments/kernel_replay_v66_regression_maintenance/coq/V66_TREE_MAINTENANCE_050.v,1,accept,kernel_success,coqchk_success,experiments/kernel_replay_v66_regression_maintenance/logs/V66_BATCH.coqchk.log,1,accepted_kernel_checked
V66,proof-maintenance regression,471,V66_TREE_MAINTENANCE_051,V66_TREE_MAINTENANCE_051,experiments/kernel_replay_v66_regression_maintenance/coq/V66_TREE_MAINTENANCE_051.v,1,accept,kernel_success,coqchk_success,experiments/kernel_replay_v66_regression_maintenance/logs/V66_BATCH.coqchk.log,1,accepted_kernel_checked
V66,proof-maintenance regression,472,V66_TREE_MAINTENANCE_052,V66_TREE_MAINTENANCE_052,experiments/kernel_replay_v66_regression_maintenance/coq/V66_TREE_MAINTENANCE_052.v,1,accept,kernel_success,coqchk_success,experiments/kernel_replay_v66_regression_maintenance/logs/V66_BATCH.coqchk.log,1,accepted_kernel_checked
V66,proof-maintenance regression,473,V66_TREE_MAINTENANCE_053,V66_TREE_MAINTENANCE_053,experiments/kernel_replay_v66_regression_maintenance/coq/V66_TREE_MAINTENANCE_053.v,1,accept,kernel_success,coqchk_success,experiments/kernel_replay_v66_regression_maintenance/logs/V66_BATCH.coqchk.log,1,accepted_kernel_checked
V66,proof-maintenance regression,474,V66_TREE_MAINTENANCE_054,V66_TREE_MAINTENANCE_054,experiments/kernel_replay_v66_regression_maintenance/coq/V66_TREE_MAINTENANCE_054.v,1,accept,kernel_success,coqchk_success,experiments/kernel_replay_v66_regression_maintenance/logs/V66_BATCH.coqchk.log,1,accepted_kernel_checked
V66,proof-maintenance regression,475,V66_TREE_MAINTENANCE_055,V66_TREE_MAINTENANCE_055,experiments/kernel_replay_v66_regression_maintenance/coq/V66_TREE_MAINTENANCE_055.v,1,accept,kernel_success,coqchk_success,experiments/kernel_replay_v66_regression_maintenance/logs/V66_BATCH.coqchk.log,1,accepted_kernel_checked
V66,proof-maintenance regression,476,V66_TREE_MAINTENANCE_056,V66_TREE_MAINTENANCE_056,experiments/kernel_replay_v66_regression_maintenance/coq/V66_TREE_MAINTENANCE_056.v,1,accept,kernel_success,coqchk_success,experiments/kernel_replay_v66_regression_maintenance/logs/V66_BATCH.coqchk.log,1,accepted_kernel_checked
V66,proof-maintenance regression,477,V66_TREE_MAINTENANCE_057,V66_TREE_MAINTENANCE_057,experiments/kernel_replay_v66_regression_maintenance/coq/V66_TREE_MAINTENANCE_057.v,1,accept,kernel_success,coqchk_success,experiments/kernel_replay_v66_regression_maintenance/logs/V66_BATCH.coqchk.log,1,accepted_kernel_checked
V66,proof-maintenance regression,478,V66_TREE_MAINTENANCE_058,V66_TREE_MAINTENANCE_058,experiments/kernel_replay_v66_regression_maintenance/coq/V66_TREE_MAINTENANCE_058.v,1,accept,kernel_success,coqchk_success,experiments/kernel_replay_v66_regression_maintenance/logs/V66_BATCH.coqchk.log,1,accepted_kernel_checked
V66,proof-maintenance regression,479,V66_TREE_MAINTENANCE_059,V66_TREE_MAINTENANCE_059,experiments/kernel_replay_v66_regression_maintenance/coq/V66_TREE_MAINTENANCE_059.v,1,accept,kernel_success,coqchk_success,experiments/kernel_replay_v66_regression_maintenance/logs/V66_BATCH.coqchk.log,1,accepted_kernel_checked
V66,proof-maintenance regression,480,V66_TREE_MAINTENANCE_060,V66_TREE_MAINTENANCE_060,experiments/kernel_replay_v66_regression_maintenance/coq/V66_TREE_MAINTENANCE_060.v,1,accept,kernel_success,coqchk_success,experiments/kernel_replay_v66_regression_maintenance/logs/V66_BATCH.coqchk.log,1,accepted_kernel_checked
V70,third-party idiom mix,1,V70_LIST_MAP_APP_001,V70_LIST_MAP_APP_001,experiments/kernel_replay_v70_third_party_idiom_mix/coq/V70_LIST_MAP_APP_001.v,1,accept,kernel_success,coqchk_success,experiments/kernel_replay_v70_third_party_idiom_mix/logs/V70_BATCH.coqchk.log,1,accepted_kernel_checked
V70,third-party idiom mix,2,V70_LIST_MAP_APP_002,V70_LIST_MAP_APP_002,experiments/kernel_replay_v70_third_party_idiom_mix/coq/V70_LIST_MAP_APP_002.v,1,accept,kernel_success,coqchk_success,experiments/kernel_replay_v70_third_party_idiom_mix/logs/V70_BATCH.coqchk.log,1,accepted_kernel_checked
V70,third-party idiom mix,3,V70_LIST_MAP_APP_003,V70_LIST_MAP_APP_003,experiments/kernel_replay_v70_third_party_idiom_mix/coq/V70_LIST_MAP_APP_003.v,1,accept,kernel_success,coqchk_success,experiments/kernel_replay_v70_third_party_idiom_mix/logs/V70_BATCH.coqchk.log,1,accepted_kernel_checked
V70,third-party idiom mix,4,V70_LIST_MAP_APP_004,V70_LIST_MAP_APP_004,experiments/kernel_replay_v70_third_party_idiom_mix/coq/V70_LIST_MAP_APP_004.v,1,accept,kernel_success,coqchk_success,experiments/kernel_replay_v70_third_party_idiom_mix/logs/V70_BATCH.coqchk.log,1,accepted_kernel_checked
V70,third-party idiom mix,5,V70_LIST_MAP_APP_005,V70_LIST_MAP_APP_005,experiments/kernel_replay_v70_third_party_idiom_mix/coq/V70_LIST_MAP_APP_005.v,1,accept,kernel_success,coqchk_success,experiments/kernel_replay_v70_third_party_idiom_mix/logs/V70_BATCH.coqchk.log,1,accepted_kernel_checked
V70,third-party idiom mix,6,V70_LIST_MAP_APP_006,V70_LIST_MAP_APP_006,experiments/kernel_replay_v70_third_party_idiom_mix/coq/V70_LIST_MAP_APP_006.v,1,accept,kernel_success,coqchk_success,experiments/kernel_replay_v70_third_party_idiom_mix/logs/V70_BATCH.coqchk.log,1,accepted_kernel_checked
V70,third-party idiom mix,7,V70_LIST_MAP_APP_007,V70_LIST_MAP_APP_007,experiments/kernel_replay_v70_third_party_idiom_mix/coq/V70_LIST_MAP_APP_007.v,1,accept,kernel_success,coqchk_success,experiments/kernel_replay_v70_third_party_idiom_mix/logs/V70_BATCH.coqchk.log,1,accepted_kernel_checked
V70,third-party idiom mix,8,V70_LIST_MAP_APP_008,V70_LIST_MAP_APP_008,experiments/kernel_replay_v70_third_party_idiom_mix/coq/V70_LIST_MAP_APP_008.v,1,accept,kernel_success,coqchk_success,experiments/kernel_replay_v70_third_party_idiom_mix/logs/V70_BATCH.coqchk.log,1,accepted_kernel_checked
V70,third-party idiom mix,9,V70_LIST_MAP_APP_009,V70_LIST_MAP_APP_009,experiments/kernel_replay_v70_third_party_idiom_mix/coq/V70_LIST_MAP_APP_009.v,1,accept,kernel_success,coqchk_success,experiments/kernel_replay_v70_third_party_idiom_mix/logs/V70_BATCH.coqchk.log,1,accepted_kernel_checked
V70,third-party idiom mix,10,V70_LIST_MAP_APP_010,V70_LIST_MAP_APP_010,experiments/kernel_replay_v70_third_party_idiom_mix/coq/V70_LIST_MAP_APP_010.v,1,accept,kernel_success,coqchk_success,experiments/kernel_replay_v70_third_party_idiom_mix/logs/V70_BATCH.coqchk.log,1,accepted_kernel_checked
V70,third-party idiom mix,11,V70_LIST_MAP_APP_011,V70_LIST_MAP_APP_011,experiments/kernel_replay_v70_third_party_idiom_mix/coq/V70_LIST_MAP_APP_011.v,1,accept,kernel_success,coqchk_success,experiments/kernel_replay_v70_third_party_idiom_mix/logs/V70_BATCH.coqchk.log,1,accepted_kernel_checked
V70,third-party idiom mix,12,V70_LIST_MAP_APP_012,V70_LIST_MAP_APP_012,experiments/kernel_replay_v70_third_party_idiom_mix/coq/V70_LIST_MAP_APP_012.v,1,accept,kernel_success,coqchk_success,experiments/kernel_replay_v70_third_party_idiom_mix/logs/V70_BATCH.coqchk.log,1,accepted_kernel_checked
V70,third-party idiom mix,13,V70_LIST_MAP_APP_013,V70_LIST_MAP_APP_013,experiments/kernel_replay_v70_third_party_idiom_mix/coq/V70_LIST_MAP_APP_013.v,1,accept,kernel_success,coqchk_success,experiments/kernel_replay_v70_third_party_idiom_mix/logs/V70_BATCH.coqchk.log,1,accepted_kernel_checked
V70,third-party idiom mix,14,V70_LIST_MAP_APP_014,V70_LIST_MAP_APP_014,experiments/kernel_replay_v70_third_party_idiom_mix/coq/V70_LIST_MAP_APP_014.v,1,accept,kernel_success,coqchk_success,experiments/kernel_replay_v70_third_party_idiom_mix/logs/V70_BATCH.coqchk.log,1,accepted_kernel_checked
V70,third-party idiom mix,15,V70_LIST_MAP_APP_015,V70_LIST_MAP_APP_015,experiments/kernel_replay_v70_third_party_idiom_mix/coq/V70_LIST_MAP_APP_015.v,1,accept,kernel_success,coqchk_success,experiments/kernel_replay_v70_third_party_idiom_mix/logs/V70_BATCH.coqchk.log,1,accepted_kernel_checked
V70,third-party idiom mix,16,V70_LIST_MAP_APP_016,V70_LIST_MAP_APP_016,experiments/kernel_replay_v70_third_party_idiom_mix/coq/V70_LIST_MAP_APP_016.v,1,accept,kernel_success,coqchk_success,experiments/kernel_replay_v70_third_party_idiom_mix/logs/V70_BATCH.coqchk.log,1,accepted_kernel_checked
V70,third-party idiom mix,17,V70_LIST_MAP_APP_017,V70_LIST_MAP_APP_017,experiments/kernel_replay_v70_third_party_idiom_mix/coq/V70_LIST_MAP_APP_017.v,1,accept,kernel_success,coqchk_success,experiments/kernel_replay_v70_third_party_idiom_mix/logs/V70_BATCH.coqchk.log,1,accepted_kernel_checked
V70,third-party idiom mix,18,V70_LIST_MAP_APP_018,V70_LIST_MAP_APP_018,experiments/kernel_replay_v70_third_party_idiom_mix/coq/V70_LIST_MAP_APP_018.v,1,accept,kernel_success,coqchk_success,experiments/kernel_replay_v70_third_party_idiom_mix/logs/V70_BATCH.coqchk.log,1,accepted_kernel_checked
V70,third-party idiom mix,19,V70_LIST_MAP_APP_019,V70_LIST_MAP_APP_019,experiments/kernel_replay_v70_third_party_idiom_mix/coq/V70_LIST_MAP_APP_019.v,1,accept,kernel_success,coqchk_success,experiments/kernel_replay_v70_third_party_idiom_mix/logs/V70_BATCH.coqchk.log,1,accepted_kernel_checked
V70,third-party idiom mix,20,V70_LIST_MAP_APP_020,V70_LIST_MAP_APP_020,experiments/kernel_replay_v70_third_party_idiom_mix/coq/V70_LIST_MAP_APP_020.v,1,accept,kernel_success,coqchk_success,experiments/kernel_replay_v70_third_party_idiom_mix/logs/V70_BATCH.coqchk.log,1,accepted_kernel_checked
V70,third-party idiom mix,21,V70_LIST_MAP_APP_021,V70_LIST_MAP_APP_021,experiments/kernel_replay_v70_third_party_idiom_mix/coq/V70_LIST_MAP_APP_021.v,1,accept,kernel_success,coqchk_success,experiments/kernel_replay_v70_third_party_idiom_mix/logs/V70_BATCH.coqchk.log,1,accepted_kernel_checked
V70,third-party idiom mix,22,V70_LIST_MAP_APP_022,V70_LIST_MAP_APP_022,experiments/kernel_replay_v70_third_party_idiom_mix/coq/V70_LIST_MAP_APP_022.v,1,accept,kernel_success,coqchk_success,experiments/kernel_replay_v70_third_party_idiom_mix/logs/V70_BATCH.coqchk.log,1,accepted_kernel_checked
V70,third-party idiom mix,23,V70_LIST_MAP_APP_023,V70_LIST_MAP_APP_023,experiments/kernel_replay_v70_third_party_idiom_mix/coq/V70_LIST_MAP_APP_023.v,1,accept,kernel_success,coqchk_success,experiments/kernel_replay_v70_third_party_idiom_mix/logs/V70_BATCH.coqchk.log,1,accepted_kernel_checked
V70,third-party idiom mix,24,V70_LIST_MAP_APP_024,V70_LIST_MAP_APP_024,experiments/kernel_replay_v70_third_party_idiom_mix/coq/V70_LIST_MAP_APP_024.v,1,accept,kernel_success,coqchk_success,experiments/kernel_replay_v70_third_party_idiom_mix/logs/V70_BATCH.coqchk.log,1,accepted_kernel_checked
V70,third-party idiom mix,25,V70_LIST_MAP_APP_025,V70_LIST_MAP_APP_025,experiments/kernel_replay_v70_third_party_idiom_mix/coq/V70_LIST_MAP_APP_025.v,1,accept,kernel_success,coqchk_success,experiments/kernel_replay_v70_third_party_idiom_mix/logs/V70_BATCH.coqchk.log,1,accepted_kernel_checked
V70,third-party idiom mix,26,V70_LIST_MAP_APP_026,V70_LIST_MAP_APP_026,experiments/kernel_replay_v70_third_party_idiom_mix/coq/V70_LIST_MAP_APP_026.v,1,accept,kernel_success,coqchk_success,experiments/kernel_replay_v70_third_party_idiom_mix/logs/V70_BATCH.coqchk.log,1,accepted_kernel_checked
V70,third-party idiom mix,27,V70_LIST_MAP_APP_027,V70_LIST_MAP_APP_027,experiments/kernel_replay_v70_third_party_idiom_mix/coq/V70_LIST_MAP_APP_027.v,1,accept,kernel_success,coqchk_success,experiments/kernel_replay_v70_third_party_idiom_mix/logs/V70_BATCH.coqchk.log,1,accepted_kernel_checked
V70,third-party idiom mix,28,V70_LIST_MAP_APP_028,V70_LIST_MAP_APP_028,experiments/kernel_replay_v70_third_party_idiom_mix/coq/V70_LIST_MAP_APP_028.v,1,accept,kernel_success,coqchk_success,experiments/kernel_replay_v70_third_party_idiom_mix/logs/V70_BATCH.coqchk.log,1,accepted_kernel_checked
V70,third-party idiom mix,29,V70_LIST_MAP_APP_029,V70_LIST_MAP_APP_029,experiments/kernel_replay_v70_third_party_idiom_mix/coq/V70_LIST_MAP_APP_029.v,1,accept,kernel_success,coqchk_success,experiments/kernel_replay_v70_third_party_idiom_mix/logs/V70_BATCH.coqchk.log,1,accepted_kernel_checked
V70,third-party idiom mix,30,V70_LIST_MAP_APP_030,V70_LIST_MAP_APP_030,experiments/kernel_replay_v70_third_party_idiom_mix/coq/V70_LIST_MAP_APP_030.v,1,accept,kernel_success,coqchk_success,experiments/kernel_replay_v70_third_party_idiom_mix/logs/V70_BATCH.coqchk.log,1,accepted_kernel_checked
V70,third-party idiom mix,31,V70_LIST_MAP_APP_031,V70_LIST_MAP_APP_031,experiments/kernel_replay_v70_third_party_idiom_mix/coq/V70_LIST_MAP_APP_031.v,1,accept,kernel_success,coqchk_success,experiments/kernel_replay_v70_third_party_idiom_mix/logs/V70_BATCH.coqchk.log,1,accepted_kernel_checked
V70,third-party idiom mix,32,V70_LIST_MAP_APP_032,V70_LIST_MAP_APP_032,experiments/kernel_replay_v70_third_party_idiom_mix/coq/V70_LIST_MAP_APP_032.v,1,accept,kernel_success,coqchk_success,experiments/kernel_replay_v70_third_party_idiom_mix/logs/V70_BATCH.coqchk.log,1,accepted_kernel_checked
V70,third-party idiom mix,33,V70_LIST_MAP_APP_033,V70_LIST_MAP_APP_033,experiments/kernel_replay_v70_third_party_idiom_mix/coq/V70_LIST_MAP_APP_033.v,1,accept,kernel_success,coqchk_success,experiments/kernel_replay_v70_third_party_idiom_mix/logs/V70_BATCH.coqchk.log,1,accepted_kernel_checked
V70,third-party idiom mix,34,V70_LIST_MAP_APP_034,V70_LIST_MAP_APP_034,experiments/kernel_replay_v70_third_party_idiom_mix/coq/V70_LIST_MAP_APP_034.v,1,accept,kernel_success,coqchk_success,experiments/kernel_replay_v70_third_party_idiom_mix/logs/V70_BATCH.coqchk.log,1,accepted_kernel_checked
V70,third-party idiom mix,35,V70_LIST_MAP_APP_035,V70_LIST_MAP_APP_035,experiments/kernel_replay_v70_third_party_idiom_mix/coq/V70_LIST_MAP_APP_035.v,1,accept,kernel_success,coqchk_success,experiments/kernel_replay_v70_third_party_idiom_mix/logs/V70_BATCH.coqchk.log,1,accepted_kernel_checked
V70,third-party idiom mix,36,V70_LIST_MAP_APP_036,V70_LIST_MAP_APP_036,experiments/kernel_replay_v70_third_party_idiom_mix/coq/V70_LIST_MAP_APP_036.v,1,accept,kernel_success,coqchk_success,experiments/kernel_replay_v70_third_party_idiom_mix/logs/V70_BATCH.coqchk.log,1,accepted_kernel_checked
V70,third-party idiom mix,37,V70_LIST_MAP_APP_037,V70_LIST_MAP_APP_037,experiments/kernel_replay_v70_third_party_idiom_mix/coq/V70_LIST_MAP_APP_037.v,1,accept,kernel_success,coqchk_success,experiments/kernel_replay_v70_third_party_idiom_mix/logs/V70_BATCH.coqchk.log,1,accepted_kernel_checked
V70,third-party idiom mix,38,V70_LIST_MAP_APP_038,V70_LIST_MAP_APP_038,experiments/kernel_replay_v70_third_party_idiom_mix/coq/V70_LIST_MAP_APP_038.v,1,accept,kernel_success,coqchk_success,experiments/kernel_replay_v70_third_party_idiom_mix/logs/V70_BATCH.coqchk.log,1,accepted_kernel_checked
V70,third-party idiom mix,39,V70_LIST_MAP_APP_039,V70_LIST_MAP_APP_039,experiments/kernel_replay_v70_third_party_idiom_mix/coq/V70_LIST_MAP_APP_039.v,1,accept,kernel_success,coqchk_success,experiments/kernel_replay_v70_third_party_idiom_mix/logs/V70_BATCH.coqchk.log,1,accepted_kernel_checked
V70,third-party idiom mix,40,V70_LIST_MAP_APP_040,V70_LIST_MAP_APP_040,experiments/kernel_replay_v70_third_party_idiom_mix/coq/V70_LIST_MAP_APP_040.v,1,accept,kernel_success,coqchk_success,experiments/kernel_replay_v70_third_party_idiom_mix/logs/V70_BATCH.coqchk.log,1,accepted_kernel_checked
V70,third-party idiom mix,41,V70_LIST_MAP_APP_041,V70_LIST_MAP_APP_041,experiments/kernel_replay_v70_third_party_idiom_mix/coq/V70_LIST_MAP_APP_041.v,1,accept,kernel_success,coqchk_success,experiments/kernel_replay_v70_third_party_idiom_mix/logs/V70_BATCH.coqchk.log,1,accepted_kernel_checked
V70,third-party idiom mix,42,V70_LIST_MAP_APP_042,V70_LIST_MAP_APP_042,experiments/kernel_replay_v70_third_party_idiom_mix/coq/V70_LIST_MAP_APP_042.v,1,accept,kernel_success,coqchk_success,experiments/kernel_replay_v70_third_party_idiom_mix/logs/V70_BATCH.coqchk.log,1,accepted_kernel_checked
V70,third-party idiom mix,43,V70_LIST_MAP_APP_043,V70_LIST_MAP_APP_043,experiments/kernel_replay_v70_third_party_idiom_mix/coq/V70_LIST_MAP_APP_043.v,1,accept,kernel_success,coqchk_success,experiments/kernel_replay_v70_third_party_idiom_mix/logs/V70_BATCH.coqchk.log,1,accepted_kernel_checked
V70,third-party idiom mix,44,V70_LIST_MAP_APP_044,V70_LIST_MAP_APP_044,experiments/kernel_replay_v70_third_party_idiom_mix/coq/V70_LIST_MAP_APP_044.v,1,accept,kernel_success,coqchk_success,experiments/kernel_replay_v70_third_party_idiom_mix/logs/V70_BATCH.coqchk.log,1,accepted_kernel_checked
V70,third-party idiom mix,45,V70_LIST_MAP_APP_045,V70_LIST_MAP_APP_045,experiments/kernel_replay_v70_third_party_idiom_mix/coq/V70_LIST_MAP_APP_045.v,1,accept,kernel_success,coqchk_success,experiments/kernel_replay_v70_third_party_idiom_mix/logs/V70_BATCH.coqchk.log,1,accepted_kernel_checked
V70,third-party idiom mix,46,V70_LIST_MAP_APP_046,V70_LIST_MAP_APP_046,experiments/kernel_replay_v70_third_party_idiom_mix/coq/V70_LIST_MAP_APP_046.v,1,accept,kernel_success,coqchk_success,experiments/kernel_replay_v70_third_party_idiom_mix/logs/V70_BATCH.coqchk.log,1,accepted_kernel_checked
V70,third-party idiom mix,47,V70_LIST_MAP_APP_047,V70_LIST_MAP_APP_047,experiments/kernel_replay_v70_third_party_idiom_mix/coq/V70_LIST_MAP_APP_047.v,1,accept,kernel_success,coqchk_success,experiments/kernel_replay_v70_third_party_idiom_mix/logs/V70_BATCH.coqchk.log,1,accepted_kernel_checked
V70,third-party idiom mix,48,V70_LIST_MAP_APP_048,V70_LIST_MAP_APP_048,experiments/kernel_replay_v70_third_party_idiom_mix/coq/V70_LIST_MAP_APP_048.v,1,accept,kernel_success,coqchk_success,experiments/kernel_replay_v70_third_party_idiom_mix/logs/V70_BATCH.coqchk.log,1,accepted_kernel_checked
V70,third-party idiom mix,49,V70_LIST_MAP_APP_049,V70_LIST_MAP_APP_049,experiments/kernel_replay_v70_third_party_idiom_mix/coq/V70_LIST_MAP_APP_049.v,1,accept,kernel_success,coqchk_success,experiments/kernel_replay_v70_third_party_idiom_mix/logs/V70_BATCH.coqchk.log,1,accepted_kernel_checked
V70,third-party idiom mix,50,V70_LIST_MAP_APP_050,V70_LIST_MAP_APP_050,experiments/kernel_replay_v70_third_party_idiom_mix/coq/V70_LIST_MAP_APP_050.v,1,accept,kernel_success,coqchk_success,experiments/kernel_replay_v70_third_party_idiom_mix/logs/V70_BATCH.coqchk.log,1,accepted_kernel_checked
V70,third-party idiom mix,51,V70_LIST_MAP_APP_051,V70_LIST_MAP_APP_051,experiments/kernel_replay_v70_third_party_idiom_mix/coq/V70_LIST_MAP_APP_051.v,1,accept,kernel_success,coqchk_success,experiments/kernel_replay_v70_third_party_idiom_mix/logs/V70_BATCH.coqchk.log,1,accepted_kernel_checked
V70,third-party idiom mix,52,V70_LIST_MAP_APP_052,V70_LIST_MAP_APP_052,experiments/kernel_replay_v70_third_party_idiom_mix/coq/V70_LIST_MAP_APP_052.v,1,accept,kernel_success,coqchk_success,experiments/kernel_replay_v70_third_party_idiom_mix/logs/V70_BATCH.coqchk.log,1,accepted_kernel_checked
V70,third-party idiom mix,53,V70_LIST_MAP_APP_053,V70_LIST_MAP_APP_053,experiments/kernel_replay_v70_third_party_idiom_mix/coq/V70_LIST_MAP_APP_053.v,1,accept,kernel_success,coqchk_success,experiments/kernel_replay_v70_third_party_idiom_mix/logs/V70_BATCH.coqchk.log,1,accepted_kernel_checked
V70,third-party idiom mix,54,V70_LIST_MAP_APP_054,V70_LIST_MAP_APP_054,experiments/kernel_replay_v70_third_party_idiom_mix/coq/V70_LIST_MAP_APP_054.v,1,accept,kernel_success,coqchk_success,experiments/kernel_replay_v70_third_party_idiom_mix/logs/V70_BATCH.coqchk.log,1,accepted_kernel_checked
V70,third-party idiom mix,55,V70_LIST_MAP_APP_055,V70_LIST_MAP_APP_055,experiments/kernel_replay_v70_third_party_idiom_mix/coq/V70_LIST_MAP_APP_055.v,1,accept,kernel_success,coqchk_success,experiments/kernel_replay_v70_third_party_idiom_mix/logs/V70_BATCH.coqchk.log,1,accepted_kernel_checked
V70,third-party idiom mix,56,V70_LIST_MAP_APP_056,V70_LIST_MAP_APP_056,experiments/kernel_replay_v70_third_party_idiom_mix/coq/V70_LIST_MAP_APP_056.v,1,accept,kernel_success,coqchk_success,experiments/kernel_replay_v70_third_party_idiom_mix/logs/V70_BATCH.coqchk.log,1,accepted_kernel_checked
V70,third-party idiom mix,57,V70_LIST_MAP_APP_057,V70_LIST_MAP_APP_057,experiments/kernel_replay_v70_third_party_idiom_mix/coq/V70_LIST_MAP_APP_057.v,1,accept,kernel_success,coqchk_success,experiments/kernel_replay_v70_third_party_idiom_mix/logs/V70_BATCH.coqchk.log,1,accepted_kernel_checked
V70,third-party idiom mix,58,V70_LIST_MAP_APP_058,V70_LIST_MAP_APP_058,experiments/kernel_replay_v70_third_party_idiom_mix/coq/V70_LIST_MAP_APP_058.v,1,accept,kernel_success,coqchk_success,experiments/kernel_replay_v70_third_party_idiom_mix/logs/V70_BATCH.coqchk.log,1,accepted_kernel_checked
V70,third-party idiom mix,59,V70_LIST_MAP_APP_059,V70_LIST_MAP_APP_059,experiments/kernel_replay_v70_third_party_idiom_mix/coq/V70_LIST_MAP_APP_059.v,1,accept,kernel_success,coqchk_success,experiments/kernel_replay_v70_third_party_idiom_mix/logs/V70_BATCH.coqchk.log,1,accepted_kernel_checked
V70,third-party idiom mix,60,V70_LIST_MAP_APP_060,V70_LIST_MAP_APP_060,experiments/kernel_replay_v70_third_party_idiom_mix/coq/V70_LIST_MAP_APP_060.v,1,accept,kernel_success,coqchk_success,experiments/kernel_replay_v70_third_party_idiom_mix/logs/V70_BATCH.coqchk.log,1,accepted_kernel_checked
V70,third-party idiom mix,61,V70_LIST_MAP_APP_061,V70_LIST_MAP_APP_061,experiments/kernel_replay_v70_third_party_idiom_mix/coq/V70_LIST_MAP_APP_061.v,1,accept,kernel_success,coqchk_success,experiments/kernel_replay_v70_third_party_idiom_mix/logs/V70_BATCH.coqchk.log,1,accepted_kernel_checked
V70,third-party idiom mix,62,V70_LIST_MAP_APP_062,V70_LIST_MAP_APP_062,experiments/kernel_replay_v70_third_party_idiom_mix/coq/V70_LIST_MAP_APP_062.v,1,accept,kernel_success,coqchk_success,experiments/kernel_replay_v70_third_party_idiom_mix/logs/V70_BATCH.coqchk.log,1,accepted_kernel_checked
V70,third-party idiom mix,63,V70_LIST_MAP_APP_063,V70_LIST_MAP_APP_063,experiments/kernel_replay_v70_third_party_idiom_mix/coq/V70_LIST_MAP_APP_063.v,1,accept,kernel_success,coqchk_success,experiments/kernel_replay_v70_third_party_idiom_mix/logs/V70_BATCH.coqchk.log,1,accepted_kernel_checked
V70,third-party idiom mix,64,V70_LIST_MAP_APP_064,V70_LIST_MAP_APP_064,experiments/kernel_replay_v70_third_party_idiom_mix/coq/V70_LIST_MAP_APP_064.v,1,accept,kernel_success,coqchk_success,experiments/kernel_replay_v70_third_party_idiom_mix/logs/V70_BATCH.coqchk.log,1,accepted_kernel_checked
V70,third-party idiom mix,65,V70_LIST_MAP_APP_065,V70_LIST_MAP_APP_065,experiments/kernel_replay_v70_third_party_idiom_mix/coq/V70_LIST_MAP_APP_065.v,1,accept,kernel_success,coqchk_success,experiments/kernel_replay_v70_third_party_idiom_mix/logs/V70_BATCH.coqchk.log,1,accepted_kernel_checked
V70,third-party idiom mix,66,V70_LIST_MAP_APP_066,V70_LIST_MAP_APP_066,experiments/kernel_replay_v70_third_party_idiom_mix/coq/V70_LIST_MAP_APP_066.v,1,accept,kernel_success,coqchk_success,experiments/kernel_replay_v70_third_party_idiom_mix/logs/V70_BATCH.coqchk.log,1,accepted_kernel_checked
V70,third-party idiom mix,67,V70_LIST_MAP_APP_067,V70_LIST_MAP_APP_067,experiments/kernel_replay_v70_third_party_idiom_mix/coq/V70_LIST_MAP_APP_067.v,1,accept,kernel_success,coqchk_success,experiments/kernel_replay_v70_third_party_idiom_mix/logs/V70_BATCH.coqchk.log,1,accepted_kernel_checked
V70,third-party idiom mix,68,V70_LIST_MAP_APP_068,V70_LIST_MAP_APP_068,experiments/kernel_replay_v70_third_party_idiom_mix/coq/V70_LIST_MAP_APP_068.v,1,accept,kernel_success,coqchk_success,experiments/kernel_replay_v70_third_party_idiom_mix/logs/V70_BATCH.coqchk.log,1,accepted_kernel_checked
V70,third-party idiom mix,69,V70_LIST_MAP_APP_069,V70_LIST_MAP_APP_069,experiments/kernel_replay_v70_third_party_idiom_mix/coq/V70_LIST_MAP_APP_069.v,1,accept,kernel_success,coqchk_success,experiments/kernel_replay_v70_third_party_idiom_mix/logs/V70_BATCH.coqchk.log,1,accepted_kernel_checked
V70,third-party idiom mix,70,V70_LIST_MAP_APP_070,V70_LIST_MAP_APP_070,experiments/kernel_replay_v70_third_party_idiom_mix/coq/V70_LIST_MAP_APP_070.v,1,accept,kernel_success,coqchk_success,experiments/kernel_replay_v70_third_party_idiom_mix/logs/V70_BATCH.coqchk.log,1,accepted_kernel_checked
V70,third-party idiom mix,71,V70_LIST_MAP_APP_071,V70_LIST_MAP_APP_071,experiments/kernel_replay_v70_third_party_idiom_mix/coq/V70_LIST_MAP_APP_071.v,1,accept,kernel_success,coqchk_success,experiments/kernel_replay_v70_third_party_idiom_mix/logs/V70_BATCH.coqchk.log,1,accepted_kernel_checked
V70,third-party idiom mix,72,V70_LIST_MAP_APP_072,V70_LIST_MAP_APP_072,experiments/kernel_replay_v70_third_party_idiom_mix/coq/V70_LIST_MAP_APP_072.v,1,accept,kernel_success,coqchk_success,experiments/kernel_replay_v70_third_party_idiom_mix/logs/V70_BATCH.coqchk.log,1,accepted_kernel_checked
V70,third-party idiom mix,73,V70_LIST_MAP_APP_073,V70_LIST_MAP_APP_073,experiments/kernel_replay_v70_third_party_idiom_mix/coq/V70_LIST_MAP_APP_073.v,1,accept,kernel_success,coqchk_success,experiments/kernel_replay_v70_third_party_idiom_mix/logs/V70_BATCH.coqchk.log,1,accepted_kernel_checked
V70,third-party idiom mix,74,V70_LIST_MAP_APP_074,V70_LIST_MAP_APP_074,experiments/kernel_replay_v70_third_party_idiom_mix/coq/V70_LIST_MAP_APP_074.v,1,accept,kernel_success,coqchk_success,experiments/kernel_replay_v70_third_party_idiom_mix/logs/V70_BATCH.coqchk.log,1,accepted_kernel_checked
V70,third-party idiom mix,75,V70_LIST_MAP_APP_075,V70_LIST_MAP_APP_075,experiments/kernel_replay_v70_third_party_idiom_mix/coq/V70_LIST_MAP_APP_075.v,1,accept,kernel_success,coqchk_success,experiments/kernel_replay_v70_third_party_idiom_mix/logs/V70_BATCH.coqchk.log,1,accepted_kernel_checked
V70,third-party idiom mix,76,V70_LIST_MAP_APP_076,V70_LIST_MAP_APP_076,experiments/kernel_replay_v70_third_party_idiom_mix/coq/V70_LIST_MAP_APP_076.v,1,accept,kernel_success,coqchk_success,experiments/kernel_replay_v70_third_party_idiom_mix/logs/V70_BATCH.coqchk.log,1,accepted_kernel_checked
V70,third-party idiom mix,77,V70_LIST_MAP_APP_077,V70_LIST_MAP_APP_077,experiments/kernel_replay_v70_third_party_idiom_mix/coq/V70_LIST_MAP_APP_077.v,1,accept,kernel_success,coqchk_success,experiments/kernel_replay_v70_third_party_idiom_mix/logs/V70_BATCH.coqchk.log,1,accepted_kernel_checked
V70,third-party idiom mix,78,V70_LIST_MAP_APP_078,V70_LIST_MAP_APP_078,experiments/kernel_replay_v70_third_party_idiom_mix/coq/V70_LIST_MAP_APP_078.v,1,accept,kernel_success,coqchk_success,experiments/kernel_replay_v70_third_party_idiom_mix/logs/V70_BATCH.coqchk.log,1,accepted_kernel_checked
V70,third-party idiom mix,79,V70_LIST_MAP_APP_079,V70_LIST_MAP_APP_079,experiments/kernel_replay_v70_third_party_idiom_mix/coq/V70_LIST_MAP_APP_079.v,1,accept,kernel_success,coqchk_success,experiments/kernel_replay_v70_third_party_idiom_mix/logs/V70_BATCH.coqchk.log,1,accepted_kernel_checked
V70,third-party idiom mix,80,V70_LIST_MAP_APP_080,V70_LIST_MAP_APP_080,experiments/kernel_replay_v70_third_party_idiom_mix/coq/V70_LIST_MAP_APP_080.v,1,accept,kernel_success,coqchk_success,experiments/kernel_replay_v70_third_party_idiom_mix/logs/V70_BATCH.coqchk.log,1,accepted_kernel_checked
V70,third-party idiom mix,81,V70_LIST_FILTER_PARTITION_001,V70_LIST_FILTER_PARTITION_001,experiments/kernel_replay_v70_third_party_idiom_mix/coq/V70_LIST_FILTER_PARTITION_001.v,1,accept,kernel_success,coqchk_success,experiments/kernel_replay_v70_third_party_idiom_mix/logs/V70_BATCH.coqchk.log,1,accepted_kernel_checked
V70,third-party idiom mix,82,V70_LIST_FILTER_PARTITION_002,V70_LIST_FILTER_PARTITION_002,experiments/kernel_replay_v70_third_party_idiom_mix/coq/V70_LIST_FILTER_PARTITION_002.v,1,accept,kernel_success,coqchk_success,experiments/kernel_replay_v70_third_party_idiom_mix/logs/V70_BATCH.coqchk.log,1,accepted_kernel_checked
V70,third-party idiom mix,83,V70_LIST_FILTER_PARTITION_003,V70_LIST_FILTER_PARTITION_003,experiments/kernel_replay_v70_third_party_idiom_mix/coq/V70_LIST_FILTER_PARTITION_003.v,1,accept,kernel_success,coqchk_success,experiments/kernel_replay_v70_third_party_idiom_mix/logs/V70_BATCH.coqchk.log,1,accepted_kernel_checked
V70,third-party idiom mix,84,V70_LIST_FILTER_PARTITION_004,V70_LIST_FILTER_PARTITION_004,experiments/kernel_replay_v70_third_party_idiom_mix/coq/V70_LIST_FILTER_PARTITION_004.v,1,accept,kernel_success,coqchk_success,experiments/kernel_replay_v70_third_party_idiom_mix/logs/V70_BATCH.coqchk.log,1,accepted_kernel_checked
V70,third-party idiom mix,85,V70_LIST_FILTER_PARTITION_005,V70_LIST_FILTER_PARTITION_005,experiments/kernel_replay_v70_third_party_idiom_mix/coq/V70_LIST_FILTER_PARTITION_005.v,1,accept,kernel_success,coqchk_success,experiments/kernel_replay_v70_third_party_idiom_mix/logs/V70_BATCH.coqchk.log,1,accepted_kernel_checked
V70,third-party idiom mix,86,V70_LIST_FILTER_PARTITION_006,V70_LIST_FILTER_PARTITION_006,experiments/kernel_replay_v70_third_party_idiom_mix/coq/V70_LIST_FILTER_PARTITION_006.v,1,accept,kernel_success,coqchk_success,experiments/kernel_replay_v70_third_party_idiom_mix/logs/V70_BATCH.coqchk.log,1,accepted_kernel_checked
V70,third-party idiom mix,87,V70_LIST_FILTER_PARTITION_007,V70_LIST_FILTER_PARTITION_007,experiments/kernel_replay_v70_third_party_idiom_mix/coq/V70_LIST_FILTER_PARTITION_007.v,1,accept,kernel_success,coqchk_success,experiments/kernel_replay_v70_third_party_idiom_mix/logs/V70_BATCH.coqchk.log,1,accepted_kernel_checked
V70,third-party idiom mix,88,V70_LIST_FILTER_PARTITION_008,V70_LIST_FILTER_PARTITION_008,experiments/kernel_replay_v70_third_party_idiom_mix/coq/V70_LIST_FILTER_PARTITION_008.v,1,accept,kernel_success,coqchk_success,experiments/kernel_replay_v70_third_party_idiom_mix/logs/V70_BATCH.coqchk.log,1,accepted_kernel_checked
V70,third-party idiom mix,89,V70_LIST_FILTER_PARTITION_009,V70_LIST_FILTER_PARTITION_009,experiments/kernel_replay_v70_third_party_idiom_mix/coq/V70_LIST_FILTER_PARTITION_009.v,1,accept,kernel_success,coqchk_success,experiments/kernel_replay_v70_third_party_idiom_mix/logs/V70_BATCH.coqchk.log,1,accepted_kernel_checked
V70,third-party idiom mix,90,V70_LIST_FILTER_PARTITION_010,V70_LIST_FILTER_PARTITION_010,experiments/kernel_replay_v70_third_party_idiom_mix/coq/V70_LIST_FILTER_PARTITION_010.v,1,accept,kernel_success,coqchk_success,experiments/kernel_replay_v70_third_party_idiom_mix/logs/V70_BATCH.coqchk.log,1,accepted_kernel_checked
V70,third-party idiom mix,91,V70_LIST_FILTER_PARTITION_011,V70_LIST_FILTER_PARTITION_011,experiments/kernel_replay_v70_third_party_idiom_mix/coq/V70_LIST_FILTER_PARTITION_011.v,1,accept,kernel_success,coqchk_success,experiments/kernel_replay_v70_third_party_idiom_mix/logs/V70_BATCH.coqchk.log,1,accepted_kernel_checked
V70,third-party idiom mix,92,V70_LIST_FILTER_PARTITION_012,V70_LIST_FILTER_PARTITION_012,experiments/kernel_replay_v70_third_party_idiom_mix/coq/V70_LIST_FILTER_PARTITION_012.v,1,accept,kernel_success,coqchk_success,experiments/kernel_replay_v70_third_party_idiom_mix/logs/V70_BATCH.coqchk.log,1,accepted_kernel_checked
V70,third-party idiom mix,93,V70_LIST_FILTER_PARTITION_013,V70_LIST_FILTER_PARTITION_013,experiments/kernel_replay_v70_third_party_idiom_mix/coq/V70_LIST_FILTER_PARTITION_013.v,1,accept,kernel_success,coqchk_success,experiments/kernel_replay_v70_third_party_idiom_mix/logs/V70_BATCH.coqchk.log,1,accepted_kernel_checked
V70,third-party idiom mix,94,V70_LIST_FILTER_PARTITION_014,V70_LIST_FILTER_PARTITION_014,experiments/kernel_replay_v70_third_party_idiom_mix/coq/V70_LIST_FILTER_PARTITION_014.v,1,accept,kernel_success,coqchk_success,experiments/kernel_replay_v70_third_party_idiom_mix/logs/V70_BATCH.coqchk.log,1,accepted_kernel_checked
V70,third-party idiom mix,95,V70_LIST_FILTER_PARTITION_015,V70_LIST_FILTER_PARTITION_015,experiments/kernel_replay_v70_third_party_idiom_mix/coq/V70_LIST_FILTER_PARTITION_015.v,1,accept,kernel_success,coqchk_success,experiments/kernel_replay_v70_third_party_idiom_mix/logs/V70_BATCH.coqchk.log,1,accepted_kernel_checked
V70,third-party idiom mix,96,V70_LIST_FILTER_PARTITION_016,V70_LIST_FILTER_PARTITION_016,experiments/kernel_replay_v70_third_party_idiom_mix/coq/V70_LIST_FILTER_PARTITION_016.v,1,accept,kernel_success,coqchk_success,experiments/kernel_replay_v70_third_party_idiom_mix/logs/V70_BATCH.coqchk.log,1,accepted_kernel_checked
V70,third-party idiom mix,97,V70_LIST_FILTER_PARTITION_017,V70_LIST_FILTER_PARTITION_017,experiments/kernel_replay_v70_third_party_idiom_mix/coq/V70_LIST_FILTER_PARTITION_017.v,1,accept,kernel_success,coqchk_success,experiments/kernel_replay_v70_third_party_idiom_mix/logs/V70_BATCH.coqchk.log,1,accepted_kernel_checked
V70,third-party idiom mix,98,V70_LIST_FILTER_PARTITION_018,V70_LIST_FILTER_PARTITION_018,experiments/kernel_replay_v70_third_party_idiom_mix/coq/V70_LIST_FILTER_PARTITION_018.v,1,accept,kernel_success,coqchk_success,experiments/kernel_replay_v70_third_party_idiom_mix/logs/V70_BATCH.coqchk.log,1,accepted_kernel_checked
V70,third-party idiom mix,99,V70_LIST_FILTER_PARTITION_019,V70_LIST_FILTER_PARTITION_019,experiments/kernel_replay_v70_third_party_idiom_mix/coq/V70_LIST_FILTER_PARTITION_019.v,1,accept,kernel_success,coqchk_success,experiments/kernel_replay_v70_third_party_idiom_mix/logs/V70_BATCH.coqchk.log,1,accepted_kernel_checked
V70,third-party idiom mix,100,V70_LIST_FILTER_PARTITION_020,V70_LIST_FILTER_PARTITION_020,experiments/kernel_replay_v70_third_party_idiom_mix/coq/V70_LIST_FILTER_PARTITION_020.v,1,accept,kernel_success,coqchk_success,experiments/kernel_replay_v70_third_party_idiom_mix/logs/V70_BATCH.coqchk.log,1,accepted_kernel_checked
V70,third-party idiom mix,101,V70_LIST_FILTER_PARTITION_021,V70_LIST_FILTER_PARTITION_021,experiments/kernel_replay_v70_third_party_idiom_mix/coq/V70_LIST_FILTER_PARTITION_021.v,1,accept,kernel_success,coqchk_success,experiments/kernel_replay_v70_third_party_idiom_mix/logs/V70_BATCH.coqchk.log,1,accepted_kernel_checked
V70,third-party idiom mix,102,V70_LIST_FILTER_PARTITION_022,V70_LIST_FILTER_PARTITION_022,experiments/kernel_replay_v70_third_party_idiom_mix/coq/V70_LIST_FILTER_PARTITION_022.v,1,accept,kernel_success,coqchk_success,experiments/kernel_replay_v70_third_party_idiom_mix/logs/V70_BATCH.coqchk.log,1,accepted_kernel_checked
V70,third-party idiom mix,103,V70_LIST_FILTER_PARTITION_023,V70_LIST_FILTER_PARTITION_023,experiments/kernel_replay_v70_third_party_idiom_mix/coq/V70_LIST_FILTER_PARTITION_023.v,1,accept,kernel_success,coqchk_success,experiments/kernel_replay_v70_third_party_idiom_mix/logs/V70_BATCH.coqchk.log,1,accepted_kernel_checked
V70,third-party idiom mix,104,V70_LIST_FILTER_PARTITION_024,V70_LIST_FILTER_PARTITION_024,experiments/kernel_replay_v70_third_party_idiom_mix/coq/V70_LIST_FILTER_PARTITION_024.v,1,accept,kernel_success,coqchk_success,experiments/kernel_replay_v70_third_party_idiom_mix/logs/V70_BATCH.coqchk.log,1,accepted_kernel_checked
V70,third-party idiom mix,105,V70_LIST_FILTER_PARTITION_025,V70_LIST_FILTER_PARTITION_025,experiments/kernel_replay_v70_third_party_idiom_mix/coq/V70_LIST_FILTER_PARTITION_025.v,1,accept,kernel_success,coqchk_success,experiments/kernel_replay_v70_third_party_idiom_mix/logs/V70_BATCH.coqchk.log,1,accepted_kernel_checked
V70,third-party idiom mix,106,V70_LIST_FILTER_PARTITION_026,V70_LIST_FILTER_PARTITION_026,experiments/kernel_replay_v70_third_party_idiom_mix/coq/V70_LIST_FILTER_PARTITION_026.v,1,accept,kernel_success,coqchk_success,experiments/kernel_replay_v70_third_party_idiom_mix/logs/V70_BATCH.coqchk.log,1,accepted_kernel_checked
V70,third-party idiom mix,107,V70_LIST_FILTER_PARTITION_027,V70_LIST_FILTER_PARTITION_027,experiments/kernel_replay_v70_third_party_idiom_mix/coq/V70_LIST_FILTER_PARTITION_027.v,1,accept,kernel_success,coqchk_success,experiments/kernel_replay_v70_third_party_idiom_mix/logs/V70_BATCH.coqchk.log,1,accepted_kernel_checked
V70,third-party idiom mix,108,V70_LIST_FILTER_PARTITION_028,V70_LIST_FILTER_PARTITION_028,experiments/kernel_replay_v70_third_party_idiom_mix/coq/V70_LIST_FILTER_PARTITION_028.v,1,accept,kernel_success,coqchk_success,experiments/kernel_replay_v70_third_party_idiom_mix/logs/V70_BATCH.coqchk.log,1,accepted_kernel_checked
V70,third-party idiom mix,109,V70_LIST_FILTER_PARTITION_029,V70_LIST_FILTER_PARTITION_029,experiments/kernel_replay_v70_third_party_idiom_mix/coq/V70_LIST_FILTER_PARTITION_029.v,1,accept,kernel_success,coqchk_success,experiments/kernel_replay_v70_third_party_idiom_mix/logs/V70_BATCH.coqchk.log,1,accepted_kernel_checked
V70,third-party idiom mix,110,V70_LIST_FILTER_PARTITION_030,V70_LIST_FILTER_PARTITION_030,experiments/kernel_replay_v70_third_party_idiom_mix/coq/V70_LIST_FILTER_PARTITION_030.v,1,accept,kernel_success,coqchk_success,experiments/kernel_replay_v70_third_party_idiom_mix/logs/V70_BATCH.coqchk.log,1,accepted_kernel_checked
V70,third-party idiom mix,111,V70_LIST_FILTER_PARTITION_031,V70_LIST_FILTER_PARTITION_031,experiments/kernel_replay_v70_third_party_idiom_mix/coq/V70_LIST_FILTER_PARTITION_031.v,1,accept,kernel_success,coqchk_success,experiments/kernel_replay_v70_third_party_idiom_mix/logs/V70_BATCH.coqchk.log,1,accepted_kernel_checked
V70,third-party idiom mix,112,V70_LIST_FILTER_PARTITION_032,V70_LIST_FILTER_PARTITION_032,experiments/kernel_replay_v70_third_party_idiom_mix/coq/V70_LIST_FILTER_PARTITION_032.v,1,accept,kernel_success,coqchk_success,experiments/kernel_replay_v70_third_party_idiom_mix/logs/V70_BATCH.coqchk.log,1,accepted_kernel_checked
V70,third-party idiom mix,113,V70_LIST_FILTER_PARTITION_033,V70_LIST_FILTER_PARTITION_033,experiments/kernel_replay_v70_third_party_idiom_mix/coq/V70_LIST_FILTER_PARTITION_033.v,1,accept,kernel_success,coqchk_success,experiments/kernel_replay_v70_third_party_idiom_mix/logs/V70_BATCH.coqchk.log,1,accepted_kernel_checked
V70,third-party idiom mix,114,V70_LIST_FILTER_PARTITION_034,V70_LIST_FILTER_PARTITION_034,experiments/kernel_replay_v70_third_party_idiom_mix/coq/V70_LIST_FILTER_PARTITION_034.v,1,accept,kernel_success,coqchk_success,experiments/kernel_replay_v70_third_party_idiom_mix/logs/V70_BATCH.coqchk.log,1,accepted_kernel_checked
V70,third-party idiom mix,115,V70_LIST_FILTER_PARTITION_035,V70_LIST_FILTER_PARTITION_035,experiments/kernel_replay_v70_third_party_idiom_mix/coq/V70_LIST_FILTER_PARTITION_035.v,1,accept,kernel_success,coqchk_success,experiments/kernel_replay_v70_third_party_idiom_mix/logs/V70_BATCH.coqchk.log,1,accepted_kernel_checked
V70,third-party idiom mix,116,V70_LIST_FILTER_PARTITION_036,V70_LIST_FILTER_PARTITION_036,experiments/kernel_replay_v70_third_party_idiom_mix/coq/V70_LIST_FILTER_PARTITION_036.v,1,accept,kernel_success,coqchk_success,experiments/kernel_replay_v70_third_party_idiom_mix/logs/V70_BATCH.coqchk.log,1,accepted_kernel_checked
V70,third-party idiom mix,117,V70_LIST_FILTER_PARTITION_037,V70_LIST_FILTER_PARTITION_037,experiments/kernel_replay_v70_third_party_idiom_mix/coq/V70_LIST_FILTER_PARTITION_037.v,1,accept,kernel_success,coqchk_success,experiments/kernel_replay_v70_third_party_idiom_mix/logs/V70_BATCH.coqchk.log,1,accepted_kernel_checked
V70,third-party idiom mix,118,V70_LIST_FILTER_PARTITION_038,V70_LIST_FILTER_PARTITION_038,experiments/kernel_replay_v70_third_party_idiom_mix/coq/V70_LIST_FILTER_PARTITION_038.v,1,accept,kernel_success,coqchk_success,experiments/kernel_replay_v70_third_party_idiom_mix/logs/V70_BATCH.coqchk.log,1,accepted_kernel_checked
V70,third-party idiom mix,119,V70_LIST_FILTER_PARTITION_039,V70_LIST_FILTER_PARTITION_039,experiments/kernel_replay_v70_third_party_idiom_mix/coq/V70_LIST_FILTER_PARTITION_039.v,1,accept,kernel_success,coqchk_success,experiments/kernel_replay_v70_third_party_idiom_mix/logs/V70_BATCH.coqchk.log,1,accepted_kernel_checked
V70,third-party idiom mix,120,V70_LIST_FILTER_PARTITION_040,V70_LIST_FILTER_PARTITION_040,experiments/kernel_replay_v70_third_party_idiom_mix/coq/V70_LIST_FILTER_PARTITION_040.v,1,accept,kernel_success,coqchk_success,experiments/kernel_replay_v70_third_party_idiom_mix/logs/V70_BATCH.coqchk.log,1,accepted_kernel_checked
V70,third-party idiom mix,121,V70_LIST_FILTER_PARTITION_041,V70_LIST_FILTER_PARTITION_041,experiments/kernel_replay_v70_third_party_idiom_mix/coq/V70_LIST_FILTER_PARTITION_041.v,1,accept,kernel_success,coqchk_success,experiments/kernel_replay_v70_third_party_idiom_mix/logs/V70_BATCH.coqchk.log,1,accepted_kernel_checked
V70,third-party idiom mix,122,V70_LIST_FILTER_PARTITION_042,V70_LIST_FILTER_PARTITION_042,experiments/kernel_replay_v70_third_party_idiom_mix/coq/V70_LIST_FILTER_PARTITION_042.v,1,accept,kernel_success,coqchk_success,experiments/kernel_replay_v70_third_party_idiom_mix/logs/V70_BATCH.coqchk.log,1,accepted_kernel_checked
V70,third-party idiom mix,123,V70_LIST_FILTER_PARTITION_043,V70_LIST_FILTER_PARTITION_043,experiments/kernel_replay_v70_third_party_idiom_mix/coq/V70_LIST_FILTER_PARTITION_043.v,1,accept,kernel_success,coqchk_success,experiments/kernel_replay_v70_third_party_idiom_mix/logs/V70_BATCH.coqchk.log,1,accepted_kernel_checked
V70,third-party idiom mix,124,V70_LIST_FILTER_PARTITION_044,V70_LIST_FILTER_PARTITION_044,experiments/kernel_replay_v70_third_party_idiom_mix/coq/V70_LIST_FILTER_PARTITION_044.v,1,accept,kernel_success,coqchk_success,experiments/kernel_replay_v70_third_party_idiom_mix/logs/V70_BATCH.coqchk.log,1,accepted_kernel_checked
V70,third-party idiom mix,125,V70_LIST_FILTER_PARTITION_045,V70_LIST_FILTER_PARTITION_045,experiments/kernel_replay_v70_third_party_idiom_mix/coq/V70_LIST_FILTER_PARTITION_045.v,1,accept,kernel_success,coqchk_success,experiments/kernel_replay_v70_third_party_idiom_mix/logs/V70_BATCH.coqchk.log,1,accepted_kernel_checked
V70,third-party idiom mix,126,V70_LIST_FILTER_PARTITION_046,V70_LIST_FILTER_PARTITION_046,experiments/kernel_replay_v70_third_party_idiom_mix/coq/V70_LIST_FILTER_PARTITION_046.v,1,accept,kernel_success,coqchk_success,experiments/kernel_replay_v70_third_party_idiom_mix/logs/V70_BATCH.coqchk.log,1,accepted_kernel_checked
V70,third-party idiom mix,127,V70_LIST_FILTER_PARTITION_047,V70_LIST_FILTER_PARTITION_047,experiments/kernel_replay_v70_third_party_idiom_mix/coq/V70_LIST_FILTER_PARTITION_047.v,1,accept,kernel_success,coqchk_success,experiments/kernel_replay_v70_third_party_idiom_mix/logs/V70_BATCH.coqchk.log,1,accepted_kernel_checked
V70,third-party idiom mix,128,V70_LIST_FILTER_PARTITION_048,V70_LIST_FILTER_PARTITION_048,experiments/kernel_replay_v70_third_party_idiom_mix/coq/V70_LIST_FILTER_PARTITION_048.v,1,accept,kernel_success,coqchk_success,experiments/kernel_replay_v70_third_party_idiom_mix/logs/V70_BATCH.coqchk.log,1,accepted_kernel_checked
V70,third-party idiom mix,129,V70_LIST_FILTER_PARTITION_049,V70_LIST_FILTER_PARTITION_049,experiments/kernel_replay_v70_third_party_idiom_mix/coq/V70_LIST_FILTER_PARTITION_049.v,1,accept,kernel_success,coqchk_success,experiments/kernel_replay_v70_third_party_idiom_mix/logs/V70_BATCH.coqchk.log,1,accepted_kernel_checked
V70,third-party idiom mix,130,V70_LIST_FILTER_PARTITION_050,V70_LIST_FILTER_PARTITION_050,experiments/kernel_replay_v70_third_party_idiom_mix/coq/V70_LIST_FILTER_PARTITION_050.v,1,accept,kernel_success,coqchk_success,experiments/kernel_replay_v70_third_party_idiom_mix/logs/V70_BATCH.coqchk.log,1,accepted_kernel_checked
V70,third-party idiom mix,131,V70_LIST_FILTER_PARTITION_051,V70_LIST_FILTER_PARTITION_051,experiments/kernel_replay_v70_third_party_idiom_mix/coq/V70_LIST_FILTER_PARTITION_051.v,1,accept,kernel_success,coqchk_success,experiments/kernel_replay_v70_third_party_idiom_mix/logs/V70_BATCH.coqchk.log,1,accepted_kernel_checked
V70,third-party idiom mix,132,V70_LIST_FILTER_PARTITION_052,V70_LIST_FILTER_PARTITION_052,experiments/kernel_replay_v70_third_party_idiom_mix/coq/V70_LIST_FILTER_PARTITION_052.v,1,accept,kernel_success,coqchk_success,experiments/kernel_replay_v70_third_party_idiom_mix/logs/V70_BATCH.coqchk.log,1,accepted_kernel_checked
V70,third-party idiom mix,133,V70_LIST_FILTER_PARTITION_053,V70_LIST_FILTER_PARTITION_053,experiments/kernel_replay_v70_third_party_idiom_mix/coq/V70_LIST_FILTER_PARTITION_053.v,1,accept,kernel_success,coqchk_success,experiments/kernel_replay_v70_third_party_idiom_mix/logs/V70_BATCH.coqchk.log,1,accepted_kernel_checked
V70,third-party idiom mix,134,V70_LIST_FILTER_PARTITION_054,V70_LIST_FILTER_PARTITION_054,experiments/kernel_replay_v70_third_party_idiom_mix/coq/V70_LIST_FILTER_PARTITION_054.v,1,accept,kernel_success,coqchk_success,experiments/kernel_replay_v70_third_party_idiom_mix/logs/V70_BATCH.coqchk.log,1,accepted_kernel_checked
V70,third-party idiom mix,135,V70_LIST_FILTER_PARTITION_055,V70_LIST_FILTER_PARTITION_055,experiments/kernel_replay_v70_third_party_idiom_mix/coq/V70_LIST_FILTER_PARTITION_055.v,1,accept,kernel_success,coqchk_success,experiments/kernel_replay_v70_third_party_idiom_mix/logs/V70_BATCH.coqchk.log,1,accepted_kernel_checked
V70,third-party idiom mix,136,V70_LIST_FILTER_PARTITION_056,V70_LIST_FILTER_PARTITION_056,experiments/kernel_replay_v70_third_party_idiom_mix/coq/V70_LIST_FILTER_PARTITION_056.v,1,accept,kernel_success,coqchk_success,experiments/kernel_replay_v70_third_party_idiom_mix/logs/V70_BATCH.coqchk.log,1,accepted_kernel_checked
V70,third-party idiom mix,137,V70_LIST_FILTER_PARTITION_057,V70_LIST_FILTER_PARTITION_057,experiments/kernel_replay_v70_third_party_idiom_mix/coq/V70_LIST_FILTER_PARTITION_057.v,1,accept,kernel_success,coqchk_success,experiments/kernel_replay_v70_third_party_idiom_mix/logs/V70_BATCH.coqchk.log,1,accepted_kernel_checked
V70,third-party idiom mix,138,V70_LIST_FILTER_PARTITION_058,V70_LIST_FILTER_PARTITION_058,experiments/kernel_replay_v70_third_party_idiom_mix/coq/V70_LIST_FILTER_PARTITION_058.v,1,accept,kernel_success,coqchk_success,experiments/kernel_replay_v70_third_party_idiom_mix/logs/V70_BATCH.coqchk.log,1,accepted_kernel_checked
V70,third-party idiom mix,139,V70_LIST_FILTER_PARTITION_059,V70_LIST_FILTER_PARTITION_059,experiments/kernel_replay_v70_third_party_idiom_mix/coq/V70_LIST_FILTER_PARTITION_059.v,1,accept,kernel_success,coqchk_success,experiments/kernel_replay_v70_third_party_idiom_mix/logs/V70_BATCH.coqchk.log,1,accepted_kernel_checked
V70,third-party idiom mix,140,V70_LIST_FILTER_PARTITION_060,V70_LIST_FILTER_PARTITION_060,experiments/kernel_replay_v70_third_party_idiom_mix/coq/V70_LIST_FILTER_PARTITION_060.v,1,accept,kernel_success,coqchk_success,experiments/kernel_replay_v70_third_party_idiom_mix/logs/V70_BATCH.coqchk.log,1,accepted_kernel_checked
V70,third-party idiom mix,141,V70_LIST_FILTER_PARTITION_061,V70_LIST_FILTER_PARTITION_061,experiments/kernel_replay_v70_third_party_idiom_mix/coq/V70_LIST_FILTER_PARTITION_061.v,1,accept,kernel_success,coqchk_success,experiments/kernel_replay_v70_third_party_idiom_mix/logs/V70_BATCH.coqchk.log,1,accepted_kernel_checked
V70,third-party idiom mix,142,V70_LIST_FILTER_PARTITION_062,V70_LIST_FILTER_PARTITION_062,experiments/kernel_replay_v70_third_party_idiom_mix/coq/V70_LIST_FILTER_PARTITION_062.v,1,accept,kernel_success,coqchk_success,experiments/kernel_replay_v70_third_party_idiom_mix/logs/V70_BATCH.coqchk.log,1,accepted_kernel_checked
V70,third-party idiom mix,143,V70_LIST_FILTER_PARTITION_063,V70_LIST_FILTER_PARTITION_063,experiments/kernel_replay_v70_third_party_idiom_mix/coq/V70_LIST_FILTER_PARTITION_063.v,1,accept,kernel_success,coqchk_success,experiments/kernel_replay_v70_third_party_idiom_mix/logs/V70_BATCH.coqchk.log,1,accepted_kernel_checked
V70,third-party idiom mix,144,V70_LIST_FILTER_PARTITION_064,V70_LIST_FILTER_PARTITION_064,experiments/kernel_replay_v70_third_party_idiom_mix/coq/V70_LIST_FILTER_PARTITION_064.v,1,accept,kernel_success,coqchk_success,experiments/kernel_replay_v70_third_party_idiom_mix/logs/V70_BATCH.coqchk.log,1,accepted_kernel_checked
V70,third-party idiom mix,145,V70_LIST_FILTER_PARTITION_065,V70_LIST_FILTER_PARTITION_065,experiments/kernel_replay_v70_third_party_idiom_mix/coq/V70_LIST_FILTER_PARTITION_065.v,1,accept,kernel_success,coqchk_success,experiments/kernel_replay_v70_third_party_idiom_mix/logs/V70_BATCH.coqchk.log,1,accepted_kernel_checked
V70,third-party idiom mix,146,V70_LIST_FILTER_PARTITION_066,V70_LIST_FILTER_PARTITION_066,experiments/kernel_replay_v70_third_party_idiom_mix/coq/V70_LIST_FILTER_PARTITION_066.v,1,accept,kernel_success,coqchk_success,experiments/kernel_replay_v70_third_party_idiom_mix/logs/V70_BATCH.coqchk.log,1,accepted_kernel_checked
V70,third-party idiom mix,147,V70_LIST_FILTER_PARTITION_067,V70_LIST_FILTER_PARTITION_067,experiments/kernel_replay_v70_third_party_idiom_mix/coq/V70_LIST_FILTER_PARTITION_067.v,1,accept,kernel_success,coqchk_success,experiments/kernel_replay_v70_third_party_idiom_mix/logs/V70_BATCH.coqchk.log,1,accepted_kernel_checked
V70,third-party idiom mix,148,V70_LIST_FILTER_PARTITION_068,V70_LIST_FILTER_PARTITION_068,experiments/kernel_replay_v70_third_party_idiom_mix/coq/V70_LIST_FILTER_PARTITION_068.v,1,accept,kernel_success,coqchk_success,experiments/kernel_replay_v70_third_party_idiom_mix/logs/V70_BATCH.coqchk.log,1,accepted_kernel_checked
V70,third-party idiom mix,149,V70_LIST_FILTER_PARTITION_069,V70_LIST_FILTER_PARTITION_069,experiments/kernel_replay_v70_third_party_idiom_mix/coq/V70_LIST_FILTER_PARTITION_069.v,1,accept,kernel_success,coqchk_success,experiments/kernel_replay_v70_third_party_idiom_mix/logs/V70_BATCH.coqchk.log,1,accepted_kernel_checked
V70,third-party idiom mix,150,V70_LIST_FILTER_PARTITION_070,V70_LIST_FILTER_PARTITION_070,experiments/kernel_replay_v70_third_party_idiom_mix/coq/V70_LIST_FILTER_PARTITION_070.v,1,accept,kernel_success,coqchk_success,experiments/kernel_replay_v70_third_party_idiom_mix/logs/V70_BATCH.coqchk.log,1,accepted_kernel_checked
V70,third-party idiom mix,151,V70_LIST_FILTER_PARTITION_071,V70_LIST_FILTER_PARTITION_071,experiments/kernel_replay_v70_third_party_idiom_mix/coq/V70_LIST_FILTER_PARTITION_071.v,1,accept,kernel_success,coqchk_success,experiments/kernel_replay_v70_third_party_idiom_mix/logs/V70_BATCH.coqchk.log,1,accepted_kernel_checked
V70,third-party idiom mix,152,V70_LIST_FILTER_PARTITION_072,V70_LIST_FILTER_PARTITION_072,experiments/kernel_replay_v70_third_party_idiom_mix/coq/V70_LIST_FILTER_PARTITION_072.v,1,accept,kernel_success,coqchk_success,experiments/kernel_replay_v70_third_party_idiom_mix/logs/V70_BATCH.coqchk.log,1,accepted_kernel_checked
V70,third-party idiom mix,153,V70_LIST_FILTER_PARTITION_073,V70_LIST_FILTER_PARTITION_073,experiments/kernel_replay_v70_third_party_idiom_mix/coq/V70_LIST_FILTER_PARTITION_073.v,1,accept,kernel_success,coqchk_success,experiments/kernel_replay_v70_third_party_idiom_mix/logs/V70_BATCH.coqchk.log,1,accepted_kernel_checked
V70,third-party idiom mix,154,V70_LIST_FILTER_PARTITION_074,V70_LIST_FILTER_PARTITION_074,experiments/kernel_replay_v70_third_party_idiom_mix/coq/V70_LIST_FILTER_PARTITION_074.v,1,accept,kernel_success,coqchk_success,experiments/kernel_replay_v70_third_party_idiom_mix/logs/V70_BATCH.coqchk.log,1,accepted_kernel_checked
V70,third-party idiom mix,155,V70_LIST_FILTER_PARTITION_075,V70_LIST_FILTER_PARTITION_075,experiments/kernel_replay_v70_third_party_idiom_mix/coq/V70_LIST_FILTER_PARTITION_075.v,1,accept,kernel_success,coqchk_success,experiments/kernel_replay_v70_third_party_idiom_mix/logs/V70_BATCH.coqchk.log,1,accepted_kernel_checked
V70,third-party idiom mix,156,V70_LIST_FILTER_PARTITION_076,V70_LIST_FILTER_PARTITION_076,experiments/kernel_replay_v70_third_party_idiom_mix/coq/V70_LIST_FILTER_PARTITION_076.v,1,accept,kernel_success,coqchk_success,experiments/kernel_replay_v70_third_party_idiom_mix/logs/V70_BATCH.coqchk.log,1,accepted_kernel_checked
V70,third-party idiom mix,157,V70_LIST_FILTER_PARTITION_077,V70_LIST_FILTER_PARTITION_077,experiments/kernel_replay_v70_third_party_idiom_mix/coq/V70_LIST_FILTER_PARTITION_077.v,1,accept,kernel_success,coqchk_success,experiments/kernel_replay_v70_third_party_idiom_mix/logs/V70_BATCH.coqchk.log,1,accepted_kernel_checked
V70,third-party idiom mix,158,V70_LIST_FILTER_PARTITION_078,V70_LIST_FILTER_PARTITION_078,experiments/kernel_replay_v70_third_party_idiom_mix/coq/V70_LIST_FILTER_PARTITION_078.v,1,accept,kernel_success,coqchk_success,experiments/kernel_replay_v70_third_party_idiom_mix/logs/V70_BATCH.coqchk.log,1,accepted_kernel_checked
V70,third-party idiom mix,159,V70_LIST_FILTER_PARTITION_079,V70_LIST_FILTER_PARTITION_079,experiments/kernel_replay_v70_third_party_idiom_mix/coq/V70_LIST_FILTER_PARTITION_079.v,1,accept,kernel_success,coqchk_success,experiments/kernel_replay_v70_third_party_idiom_mix/logs/V70_BATCH.coqchk.log,1,accepted_kernel_checked
V70,third-party idiom mix,160,V70_LIST_FILTER_PARTITION_080,V70_LIST_FILTER_PARTITION_080,experiments/kernel_replay_v70_third_party_idiom_mix/coq/V70_LIST_FILTER_PARTITION_080.v,1,accept,kernel_success,coqchk_success,experiments/kernel_replay_v70_third_party_idiom_mix/logs/V70_BATCH.coqchk.log,1,accepted_kernel_checked
V70,third-party idiom mix,161,V70_OPTION_WRAPPER_001,V70_OPTION_WRAPPER_001,experiments/kernel_replay_v70_third_party_idiom_mix/coq/V70_OPTION_WRAPPER_001.v,1,accept,kernel_success,coqchk_success,experiments/kernel_replay_v70_third_party_idiom_mix/logs/V70_BATCH.coqchk.log,1,accepted_kernel_checked
V70,third-party idiom mix,162,V70_OPTION_WRAPPER_002,V70_OPTION_WRAPPER_002,experiments/kernel_replay_v70_third_party_idiom_mix/coq/V70_OPTION_WRAPPER_002.v,1,accept,kernel_success,coqchk_success,experiments/kernel_replay_v70_third_party_idiom_mix/logs/V70_BATCH.coqchk.log,1,accepted_kernel_checked
V70,third-party idiom mix,163,V70_OPTION_WRAPPER_003,V70_OPTION_WRAPPER_003,experiments/kernel_replay_v70_third_party_idiom_mix/coq/V70_OPTION_WRAPPER_003.v,1,accept,kernel_success,coqchk_success,experiments/kernel_replay_v70_third_party_idiom_mix/logs/V70_BATCH.coqchk.log,1,accepted_kernel_checked
V70,third-party idiom mix,164,V70_OPTION_WRAPPER_004,V70_OPTION_WRAPPER_004,experiments/kernel_replay_v70_third_party_idiom_mix/coq/V70_OPTION_WRAPPER_004.v,1,accept,kernel_success,coqchk_success,experiments/kernel_replay_v70_third_party_idiom_mix/logs/V70_BATCH.coqchk.log,1,accepted_kernel_checked
V70,third-party idiom mix,165,V70_OPTION_WRAPPER_005,V70_OPTION_WRAPPER_005,experiments/kernel_replay_v70_third_party_idiom_mix/coq/V70_OPTION_WRAPPER_005.v,1,accept,kernel_success,coqchk_success,experiments/kernel_replay_v70_third_party_idiom_mix/logs/V70_BATCH.coqchk.log,1,accepted_kernel_checked
V70,third-party idiom mix,166,V70_OPTION_WRAPPER_006,V70_OPTION_WRAPPER_006,experiments/kernel_replay_v70_third_party_idiom_mix/coq/V70_OPTION_WRAPPER_006.v,1,accept,kernel_success,coqchk_success,experiments/kernel_replay_v70_third_party_idiom_mix/logs/V70_BATCH.coqchk.log,1,accepted_kernel_checked
V70,third-party idiom mix,167,V70_OPTION_WRAPPER_007,V70_OPTION_WRAPPER_007,experiments/kernel_replay_v70_third_party_idiom_mix/coq/V70_OPTION_WRAPPER_007.v,1,accept,kernel_success,coqchk_success,experiments/kernel_replay_v70_third_party_idiom_mix/logs/V70_BATCH.coqchk.log,1,accepted_kernel_checked
V70,third-party idiom mix,168,V70_OPTION_WRAPPER_008,V70_OPTION_WRAPPER_008,experiments/kernel_replay_v70_third_party_idiom_mix/coq/V70_OPTION_WRAPPER_008.v,1,accept,kernel_success,coqchk_success,experiments/kernel_replay_v70_third_party_idiom_mix/logs/V70_BATCH.coqchk.log,1,accepted_kernel_checked
V70,third-party idiom mix,169,V70_OPTION_WRAPPER_009,V70_OPTION_WRAPPER_009,experiments/kernel_replay_v70_third_party_idiom_mix/coq/V70_OPTION_WRAPPER_009.v,1,accept,kernel_success,coqchk_success,experiments/kernel_replay_v70_third_party_idiom_mix/logs/V70_BATCH.coqchk.log,1,accepted_kernel_checked
V70,third-party idiom mix,170,V70_OPTION_WRAPPER_010,V70_OPTION_WRAPPER_010,experiments/kernel_replay_v70_third_party_idiom_mix/coq/V70_OPTION_WRAPPER_010.v,1,accept,kernel_success,coqchk_success,experiments/kernel_replay_v70_third_party_idiom_mix/logs/V70_BATCH.coqchk.log,1,accepted_kernel_checked
V70,third-party idiom mix,171,V70_OPTION_WRAPPER_011,V70_OPTION_WRAPPER_011,experiments/kernel_replay_v70_third_party_idiom_mix/coq/V70_OPTION_WRAPPER_011.v,1,accept,kernel_success,coqchk_success,experiments/kernel_replay_v70_third_party_idiom_mix/logs/V70_BATCH.coqchk.log,1,accepted_kernel_checked
V70,third-party idiom mix,172,V70_OPTION_WRAPPER_012,V70_OPTION_WRAPPER_012,experiments/kernel_replay_v70_third_party_idiom_mix/coq/V70_OPTION_WRAPPER_012.v,1,accept,kernel_success,coqchk_success,experiments/kernel_replay_v70_third_party_idiom_mix/logs/V70_BATCH.coqchk.log,1,accepted_kernel_checked
V70,third-party idiom mix,173,V70_OPTION_WRAPPER_013,V70_OPTION_WRAPPER_013,experiments/kernel_replay_v70_third_party_idiom_mix/coq/V70_OPTION_WRAPPER_013.v,1,accept,kernel_success,coqchk_success,experiments/kernel_replay_v70_third_party_idiom_mix/logs/V70_BATCH.coqchk.log,1,accepted_kernel_checked
V70,third-party idiom mix,174,V70_OPTION_WRAPPER_014,V70_OPTION_WRAPPER_014,experiments/kernel_replay_v70_third_party_idiom_mix/coq/V70_OPTION_WRAPPER_014.v,1,accept,kernel_success,coqchk_success,experiments/kernel_replay_v70_third_party_idiom_mix/logs/V70_BATCH.coqchk.log,1,accepted_kernel_checked
V70,third-party idiom mix,175,V70_OPTION_WRAPPER_015,V70_OPTION_WRAPPER_015,experiments/kernel_replay_v70_third_party_idiom_mix/coq/V70_OPTION_WRAPPER_015.v,1,accept,kernel_success,coqchk_success,experiments/kernel_replay_v70_third_party_idiom_mix/logs/V70_BATCH.coqchk.log,1,accepted_kernel_checked
V70,third-party idiom mix,176,V70_OPTION_WRAPPER_016,V70_OPTION_WRAPPER_016,experiments/kernel_replay_v70_third_party_idiom_mix/coq/V70_OPTION_WRAPPER_016.v,1,accept,kernel_success,coqchk_success,experiments/kernel_replay_v70_third_party_idiom_mix/logs/V70_BATCH.coqchk.log,1,accepted_kernel_checked
V70,third-party idiom mix,177,V70_OPTION_WRAPPER_017,V70_OPTION_WRAPPER_017,experiments/kernel_replay_v70_third_party_idiom_mix/coq/V70_OPTION_WRAPPER_017.v,1,accept,kernel_success,coqchk_success,experiments/kernel_replay_v70_third_party_idiom_mix/logs/V70_BATCH.coqchk.log,1,accepted_kernel_checked
V70,third-party idiom mix,178,V70_OPTION_WRAPPER_018,V70_OPTION_WRAPPER_018,experiments/kernel_replay_v70_third_party_idiom_mix/coq/V70_OPTION_WRAPPER_018.v,1,accept,kernel_success,coqchk_success,experiments/kernel_replay_v70_third_party_idiom_mix/logs/V70_BATCH.coqchk.log,1,accepted_kernel_checked
V70,third-party idiom mix,179,V70_OPTION_WRAPPER_019,V70_OPTION_WRAPPER_019,experiments/kernel_replay_v70_third_party_idiom_mix/coq/V70_OPTION_WRAPPER_019.v,1,accept,kernel_success,coqchk_success,experiments/kernel_replay_v70_third_party_idiom_mix/logs/V70_BATCH.coqchk.log,1,accepted_kernel_checked
V70,third-party idiom mix,180,V70_OPTION_WRAPPER_020,V70_OPTION_WRAPPER_020,experiments/kernel_replay_v70_third_party_idiom_mix/coq/V70_OPTION_WRAPPER_020.v,1,accept,kernel_success,coqchk_success,experiments/kernel_replay_v70_third_party_idiom_mix/logs/V70_BATCH.coqchk.log,1,accepted_kernel_checked
V70,third-party idiom mix,181,V70_OPTION_WRAPPER_021,V70_OPTION_WRAPPER_021,experiments/kernel_replay_v70_third_party_idiom_mix/coq/V70_OPTION_WRAPPER_021.v,1,accept,kernel_success,coqchk_success,experiments/kernel_replay_v70_third_party_idiom_mix/logs/V70_BATCH.coqchk.log,1,accepted_kernel_checked
V70,third-party idiom mix,182,V70_OPTION_WRAPPER_022,V70_OPTION_WRAPPER_022,experiments/kernel_replay_v70_third_party_idiom_mix/coq/V70_OPTION_WRAPPER_022.v,1,accept,kernel_success,coqchk_success,experiments/kernel_replay_v70_third_party_idiom_mix/logs/V70_BATCH.coqchk.log,1,accepted_kernel_checked
V70,third-party idiom mix,183,V70_OPTION_WRAPPER_023,V70_OPTION_WRAPPER_023,experiments/kernel_replay_v70_third_party_idiom_mix/coq/V70_OPTION_WRAPPER_023.v,1,accept,kernel_success,coqchk_success,experiments/kernel_replay_v70_third_party_idiom_mix/logs/V70_BATCH.coqchk.log,1,accepted_kernel_checked
V70,third-party idiom mix,184,V70_OPTION_WRAPPER_024,V70_OPTION_WRAPPER_024,experiments/kernel_replay_v70_third_party_idiom_mix/coq/V70_OPTION_WRAPPER_024.v,1,accept,kernel_success,coqchk_success,experiments/kernel_replay_v70_third_party_idiom_mix/logs/V70_BATCH.coqchk.log,1,accepted_kernel_checked
V70,third-party idiom mix,185,V70_OPTION_WRAPPER_025,V70_OPTION_WRAPPER_025,experiments/kernel_replay_v70_third_party_idiom_mix/coq/V70_OPTION_WRAPPER_025.v,1,accept,kernel_success,coqchk_success,experiments/kernel_replay_v70_third_party_idiom_mix/logs/V70_BATCH.coqchk.log,1,accepted_kernel_checked
V70,third-party idiom mix,186,V70_OPTION_WRAPPER_026,V70_OPTION_WRAPPER_026,experiments/kernel_replay_v70_third_party_idiom_mix/coq/V70_OPTION_WRAPPER_026.v,1,accept,kernel_success,coqchk_success,experiments/kernel_replay_v70_third_party_idiom_mix/logs/V70_BATCH.coqchk.log,1,accepted_kernel_checked
V70,third-party idiom mix,187,V70_OPTION_WRAPPER_027,V70_OPTION_WRAPPER_027,experiments/kernel_replay_v70_third_party_idiom_mix/coq/V70_OPTION_WRAPPER_027.v,1,accept,kernel_success,coqchk_success,experiments/kernel_replay_v70_third_party_idiom_mix/logs/V70_BATCH.coqchk.log,1,accepted_kernel_checked
V70,third-party idiom mix,188,V70_OPTION_WRAPPER_028,V70_OPTION_WRAPPER_028,experiments/kernel_replay_v70_third_party_idiom_mix/coq/V70_OPTION_WRAPPER_028.v,1,accept,kernel_success,coqchk_success,experiments/kernel_replay_v70_third_party_idiom_mix/logs/V70_BATCH.coqchk.log,1,accepted_kernel_checked
V70,third-party idiom mix,189,V70_OPTION_WRAPPER_029,V70_OPTION_WRAPPER_029,experiments/kernel_replay_v70_third_party_idiom_mix/coq/V70_OPTION_WRAPPER_029.v,1,accept,kernel_success,coqchk_success,experiments/kernel_replay_v70_third_party_idiom_mix/logs/V70_BATCH.coqchk.log,1,accepted_kernel_checked
V70,third-party idiom mix,190,V70_OPTION_WRAPPER_030,V70_OPTION_WRAPPER_030,experiments/kernel_replay_v70_third_party_idiom_mix/coq/V70_OPTION_WRAPPER_030.v,1,accept,kernel_success,coqchk_success,experiments/kernel_replay_v70_third_party_idiom_mix/logs/V70_BATCH.coqchk.log,1,accepted_kernel_checked
V70,third-party idiom mix,191,V70_OPTION_WRAPPER_031,V70_OPTION_WRAPPER_031,experiments/kernel_replay_v70_third_party_idiom_mix/coq/V70_OPTION_WRAPPER_031.v,1,accept,kernel_success,coqchk_success,experiments/kernel_replay_v70_third_party_idiom_mix/logs/V70_BATCH.coqchk.log,1,accepted_kernel_checked
V70,third-party idiom mix,192,V70_OPTION_WRAPPER_032,V70_OPTION_WRAPPER_032,experiments/kernel_replay_v70_third_party_idiom_mix/coq/V70_OPTION_WRAPPER_032.v,1,accept,kernel_success,coqchk_success,experiments/kernel_replay_v70_third_party_idiom_mix/logs/V70_BATCH.coqchk.log,1,accepted_kernel_checked
V70,third-party idiom mix,193,V70_OPTION_WRAPPER_033,V70_OPTION_WRAPPER_033,experiments/kernel_replay_v70_third_party_idiom_mix/coq/V70_OPTION_WRAPPER_033.v,1,accept,kernel_success,coqchk_success,experiments/kernel_replay_v70_third_party_idiom_mix/logs/V70_BATCH.coqchk.log,1,accepted_kernel_checked
V70,third-party idiom mix,194,V70_OPTION_WRAPPER_034,V70_OPTION_WRAPPER_034,experiments/kernel_replay_v70_third_party_idiom_mix/coq/V70_OPTION_WRAPPER_034.v,1,accept,kernel_success,coqchk_success,experiments/kernel_replay_v70_third_party_idiom_mix/logs/V70_BATCH.coqchk.log,1,accepted_kernel_checked
V70,third-party idiom mix,195,V70_OPTION_WRAPPER_035,V70_OPTION_WRAPPER_035,experiments/kernel_replay_v70_third_party_idiom_mix/coq/V70_OPTION_WRAPPER_035.v,1,accept,kernel_success,coqchk_success,experiments/kernel_replay_v70_third_party_idiom_mix/logs/V70_BATCH.coqchk.log,1,accepted_kernel_checked
V70,third-party idiom mix,196,V70_OPTION_WRAPPER_036,V70_OPTION_WRAPPER_036,experiments/kernel_replay_v70_third_party_idiom_mix/coq/V70_OPTION_WRAPPER_036.v,1,accept,kernel_success,coqchk_success,experiments/kernel_replay_v70_third_party_idiom_mix/logs/V70_BATCH.coqchk.log,1,accepted_kernel_checked
V70,third-party idiom mix,197,V70_OPTION_WRAPPER_037,V70_OPTION_WRAPPER_037,experiments/kernel_replay_v70_third_party_idiom_mix/coq/V70_OPTION_WRAPPER_037.v,1,accept,kernel_success,coqchk_success,experiments/kernel_replay_v70_third_party_idiom_mix/logs/V70_BATCH.coqchk.log,1,accepted_kernel_checked
V70,third-party idiom mix,198,V70_OPTION_WRAPPER_038,V70_OPTION_WRAPPER_038,experiments/kernel_replay_v70_third_party_idiom_mix/coq/V70_OPTION_WRAPPER_038.v,1,accept,kernel_success,coqchk_success,experiments/kernel_replay_v70_third_party_idiom_mix/logs/V70_BATCH.coqchk.log,1,accepted_kernel_checked
V70,third-party idiom mix,199,V70_OPTION_WRAPPER_039,V70_OPTION_WRAPPER_039,experiments/kernel_replay_v70_third_party_idiom_mix/coq/V70_OPTION_WRAPPER_039.v,1,accept,kernel_success,coqchk_success,experiments/kernel_replay_v70_third_party_idiom_mix/logs/V70_BATCH.coqchk.log,1,accepted_kernel_checked
V70,third-party idiom mix,200,V70_OPTION_WRAPPER_040,V70_OPTION_WRAPPER_040,experiments/kernel_replay_v70_third_party_idiom_mix/coq/V70_OPTION_WRAPPER_040.v,1,accept,kernel_success,coqchk_success,experiments/kernel_replay_v70_third_party_idiom_mix/logs/V70_BATCH.coqchk.log,1,accepted_kernel_checked
V70,third-party idiom mix,201,V70_OPTION_WRAPPER_041,V70_OPTION_WRAPPER_041,experiments/kernel_replay_v70_third_party_idiom_mix/coq/V70_OPTION_WRAPPER_041.v,1,accept,kernel_success,coqchk_success,experiments/kernel_replay_v70_third_party_idiom_mix/logs/V70_BATCH.coqchk.log,1,accepted_kernel_checked
V70,third-party idiom mix,202,V70_OPTION_WRAPPER_042,V70_OPTION_WRAPPER_042,experiments/kernel_replay_v70_third_party_idiom_mix/coq/V70_OPTION_WRAPPER_042.v,1,accept,kernel_success,coqchk_success,experiments/kernel_replay_v70_third_party_idiom_mix/logs/V70_BATCH.coqchk.log,1,accepted_kernel_checked
V70,third-party idiom mix,203,V70_OPTION_WRAPPER_043,V70_OPTION_WRAPPER_043,experiments/kernel_replay_v70_third_party_idiom_mix/coq/V70_OPTION_WRAPPER_043.v,1,accept,kernel_success,coqchk_success,experiments/kernel_replay_v70_third_party_idiom_mix/logs/V70_BATCH.coqchk.log,1,accepted_kernel_checked
V70,third-party idiom mix,204,V70_OPTION_WRAPPER_044,V70_OPTION_WRAPPER_044,experiments/kernel_replay_v70_third_party_idiom_mix/coq/V70_OPTION_WRAPPER_044.v,1,accept,kernel_success,coqchk_success,experiments/kernel_replay_v70_third_party_idiom_mix/logs/V70_BATCH.coqchk.log,1,accepted_kernel_checked
V70,third-party idiom mix,205,V70_OPTION_WRAPPER_045,V70_OPTION_WRAPPER_045,experiments/kernel_replay_v70_third_party_idiom_mix/coq/V70_OPTION_WRAPPER_045.v,1,accept,kernel_success,coqchk_success,experiments/kernel_replay_v70_third_party_idiom_mix/logs/V70_BATCH.coqchk.log,1,accepted_kernel_checked
V70,third-party idiom mix,206,V70_OPTION_WRAPPER_046,V70_OPTION_WRAPPER_046,experiments/kernel_replay_v70_third_party_idiom_mix/coq/V70_OPTION_WRAPPER_046.v,1,accept,kernel_success,coqchk_success,experiments/kernel_replay_v70_third_party_idiom_mix/logs/V70_BATCH.coqchk.log,1,accepted_kernel_checked
V70,third-party idiom mix,207,V70_OPTION_WRAPPER_047,V70_OPTION_WRAPPER_047,experiments/kernel_replay_v70_third_party_idiom_mix/coq/V70_OPTION_WRAPPER_047.v,1,accept,kernel_success,coqchk_success,experiments/kernel_replay_v70_third_party_idiom_mix/logs/V70_BATCH.coqchk.log,1,accepted_kernel_checked
V70,third-party idiom mix,208,V70_OPTION_WRAPPER_048,V70_OPTION_WRAPPER_048,experiments/kernel_replay_v70_third_party_idiom_mix/coq/V70_OPTION_WRAPPER_048.v,1,accept,kernel_success,coqchk_success,experiments/kernel_replay_v70_third_party_idiom_mix/logs/V70_BATCH.coqchk.log,1,accepted_kernel_checked
V70,third-party idiom mix,209,V70_OPTION_WRAPPER_049,V70_OPTION_WRAPPER_049,experiments/kernel_replay_v70_third_party_idiom_mix/coq/V70_OPTION_WRAPPER_049.v,1,accept,kernel_success,coqchk_success,experiments/kernel_replay_v70_third_party_idiom_mix/logs/V70_BATCH.coqchk.log,1,accepted_kernel_checked
V70,third-party idiom mix,210,V70_OPTION_WRAPPER_050,V70_OPTION_WRAPPER_050,experiments/kernel_replay_v70_third_party_idiom_mix/coq/V70_OPTION_WRAPPER_050.v,1,accept,kernel_success,coqchk_success,experiments/kernel_replay_v70_third_party_idiom_mix/logs/V70_BATCH.coqchk.log,1,accepted_kernel_checked
V70,third-party idiom mix,211,V70_OPTION_WRAPPER_051,V70_OPTION_WRAPPER_051,experiments/kernel_replay_v70_third_party_idiom_mix/coq/V70_OPTION_WRAPPER_051.v,1,accept,kernel_success,coqchk_success,experiments/kernel_replay_v70_third_party_idiom_mix/logs/V70_BATCH.coqchk.log,1,accepted_kernel_checked
V70,third-party idiom mix,212,V70_OPTION_WRAPPER_052,V70_OPTION_WRAPPER_052,experiments/kernel_replay_v70_third_party_idiom_mix/coq/V70_OPTION_WRAPPER_052.v,1,accept,kernel_success,coqchk_success,experiments/kernel_replay_v70_third_party_idiom_mix/logs/V70_BATCH.coqchk.log,1,accepted_kernel_checked
V70,third-party idiom mix,213,V70_OPTION_WRAPPER_053,V70_OPTION_WRAPPER_053,experiments/kernel_replay_v70_third_party_idiom_mix/coq/V70_OPTION_WRAPPER_053.v,1,accept,kernel_success,coqchk_success,experiments/kernel_replay_v70_third_party_idiom_mix/logs/V70_BATCH.coqchk.log,1,accepted_kernel_checked
V70,third-party idiom mix,214,V70_OPTION_WRAPPER_054,V70_OPTION_WRAPPER_054,experiments/kernel_replay_v70_third_party_idiom_mix/coq/V70_OPTION_WRAPPER_054.v,1,accept,kernel_success,coqchk_success,experiments/kernel_replay_v70_third_party_idiom_mix/logs/V70_BATCH.coqchk.log,1,accepted_kernel_checked
V70,third-party idiom mix,215,V70_OPTION_WRAPPER_055,V70_OPTION_WRAPPER_055,experiments/kernel_replay_v70_third_party_idiom_mix/coq/V70_OPTION_WRAPPER_055.v,1,accept,kernel_success,coqchk_success,experiments/kernel_replay_v70_third_party_idiom_mix/logs/V70_BATCH.coqchk.log,1,accepted_kernel_checked
V70,third-party idiom mix,216,V70_OPTION_WRAPPER_056,V70_OPTION_WRAPPER_056,experiments/kernel_replay_v70_third_party_idiom_mix/coq/V70_OPTION_WRAPPER_056.v,1,accept,kernel_success,coqchk_success,experiments/kernel_replay_v70_third_party_idiom_mix/logs/V70_BATCH.coqchk.log,1,accepted_kernel_checked
V70,third-party idiom mix,217,V70_OPTION_WRAPPER_057,V70_OPTION_WRAPPER_057,experiments/kernel_replay_v70_third_party_idiom_mix/coq/V70_OPTION_WRAPPER_057.v,1,accept,kernel_success,coqchk_success,experiments/kernel_replay_v70_third_party_idiom_mix/logs/V70_BATCH.coqchk.log,1,accepted_kernel_checked
V70,third-party idiom mix,218,V70_OPTION_WRAPPER_058,V70_OPTION_WRAPPER_058,experiments/kernel_replay_v70_third_party_idiom_mix/coq/V70_OPTION_WRAPPER_058.v,1,accept,kernel_success,coqchk_success,experiments/kernel_replay_v70_third_party_idiom_mix/logs/V70_BATCH.coqchk.log,1,accepted_kernel_checked
V70,third-party idiom mix,219,V70_OPTION_WRAPPER_059,V70_OPTION_WRAPPER_059,experiments/kernel_replay_v70_third_party_idiom_mix/coq/V70_OPTION_WRAPPER_059.v,1,accept,kernel_success,coqchk_success,experiments/kernel_replay_v70_third_party_idiom_mix/logs/V70_BATCH.coqchk.log,1,accepted_kernel_checked
V70,third-party idiom mix,220,V70_OPTION_WRAPPER_060,V70_OPTION_WRAPPER_060,experiments/kernel_replay_v70_third_party_idiom_mix/coq/V70_OPTION_WRAPPER_060.v,1,accept,kernel_success,coqchk_success,experiments/kernel_replay_v70_third_party_idiom_mix/logs/V70_BATCH.coqchk.log,1,accepted_kernel_checked
V70,third-party idiom mix,221,V70_OPTION_WRAPPER_061,V70_OPTION_WRAPPER_061,experiments/kernel_replay_v70_third_party_idiom_mix/coq/V70_OPTION_WRAPPER_061.v,1,accept,kernel_success,coqchk_success,experiments/kernel_replay_v70_third_party_idiom_mix/logs/V70_BATCH.coqchk.log,1,accepted_kernel_checked
V70,third-party idiom mix,222,V70_OPTION_WRAPPER_062,V70_OPTION_WRAPPER_062,experiments/kernel_replay_v70_third_party_idiom_mix/coq/V70_OPTION_WRAPPER_062.v,1,accept,kernel_success,coqchk_success,experiments/kernel_replay_v70_third_party_idiom_mix/logs/V70_BATCH.coqchk.log,1,accepted_kernel_checked
V70,third-party idiom mix,223,V70_OPTION_WRAPPER_063,V70_OPTION_WRAPPER_063,experiments/kernel_replay_v70_third_party_idiom_mix/coq/V70_OPTION_WRAPPER_063.v,1,accept,kernel_success,coqchk_success,experiments/kernel_replay_v70_third_party_idiom_mix/logs/V70_BATCH.coqchk.log,1,accepted_kernel_checked
V70,third-party idiom mix,224,V70_OPTION_WRAPPER_064,V70_OPTION_WRAPPER_064,experiments/kernel_replay_v70_third_party_idiom_mix/coq/V70_OPTION_WRAPPER_064.v,1,accept,kernel_success,coqchk_success,experiments/kernel_replay_v70_third_party_idiom_mix/logs/V70_BATCH.coqchk.log,1,accepted_kernel_checked
V70,third-party idiom mix,225,V70_OPTION_WRAPPER_065,V70_OPTION_WRAPPER_065,experiments/kernel_replay_v70_third_party_idiom_mix/coq/V70_OPTION_WRAPPER_065.v,1,accept,kernel_success,coqchk_success,experiments/kernel_replay_v70_third_party_idiom_mix/logs/V70_BATCH.coqchk.log,1,accepted_kernel_checked
V70,third-party idiom mix,226,V70_OPTION_WRAPPER_066,V70_OPTION_WRAPPER_066,experiments/kernel_replay_v70_third_party_idiom_mix/coq/V70_OPTION_WRAPPER_066.v,1,accept,kernel_success,coqchk_success,experiments/kernel_replay_v70_third_party_idiom_mix/logs/V70_BATCH.coqchk.log,1,accepted_kernel_checked
V70,third-party idiom mix,227,V70_OPTION_WRAPPER_067,V70_OPTION_WRAPPER_067,experiments/kernel_replay_v70_third_party_idiom_mix/coq/V70_OPTION_WRAPPER_067.v,1,accept,kernel_success,coqchk_success,experiments/kernel_replay_v70_third_party_idiom_mix/logs/V70_BATCH.coqchk.log,1,accepted_kernel_checked
V70,third-party idiom mix,228,V70_OPTION_WRAPPER_068,V70_OPTION_WRAPPER_068,experiments/kernel_replay_v70_third_party_idiom_mix/coq/V70_OPTION_WRAPPER_068.v,1,accept,kernel_success,coqchk_success,experiments/kernel_replay_v70_third_party_idiom_mix/logs/V70_BATCH.coqchk.log,1,accepted_kernel_checked
V70,third-party idiom mix,229,V70_OPTION_WRAPPER_069,V70_OPTION_WRAPPER_069,experiments/kernel_replay_v70_third_party_idiom_mix/coq/V70_OPTION_WRAPPER_069.v,1,accept,kernel_success,coqchk_success,experiments/kernel_replay_v70_third_party_idiom_mix/logs/V70_BATCH.coqchk.log,1,accepted_kernel_checked
V70,third-party idiom mix,230,V70_OPTION_WRAPPER_070,V70_OPTION_WRAPPER_070,experiments/kernel_replay_v70_third_party_idiom_mix/coq/V70_OPTION_WRAPPER_070.v,1,accept,kernel_success,coqchk_success,experiments/kernel_replay_v70_third_party_idiom_mix/logs/V70_BATCH.coqchk.log,1,accepted_kernel_checked
V70,third-party idiom mix,231,V70_OPTION_WRAPPER_071,V70_OPTION_WRAPPER_071,experiments/kernel_replay_v70_third_party_idiom_mix/coq/V70_OPTION_WRAPPER_071.v,1,accept,kernel_success,coqchk_success,experiments/kernel_replay_v70_third_party_idiom_mix/logs/V70_BATCH.coqchk.log,1,accepted_kernel_checked
V70,third-party idiom mix,232,V70_OPTION_WRAPPER_072,V70_OPTION_WRAPPER_072,experiments/kernel_replay_v70_third_party_idiom_mix/coq/V70_OPTION_WRAPPER_072.v,1,accept,kernel_success,coqchk_success,experiments/kernel_replay_v70_third_party_idiom_mix/logs/V70_BATCH.coqchk.log,1,accepted_kernel_checked
V70,third-party idiom mix,233,V70_OPTION_WRAPPER_073,V70_OPTION_WRAPPER_073,experiments/kernel_replay_v70_third_party_idiom_mix/coq/V70_OPTION_WRAPPER_073.v,1,accept,kernel_success,coqchk_success,experiments/kernel_replay_v70_third_party_idiom_mix/logs/V70_BATCH.coqchk.log,1,accepted_kernel_checked
V70,third-party idiom mix,234,V70_OPTION_WRAPPER_074,V70_OPTION_WRAPPER_074,experiments/kernel_replay_v70_third_party_idiom_mix/coq/V70_OPTION_WRAPPER_074.v,1,accept,kernel_success,coqchk_success,experiments/kernel_replay_v70_third_party_idiom_mix/logs/V70_BATCH.coqchk.log,1,accepted_kernel_checked
V70,third-party idiom mix,235,V70_OPTION_WRAPPER_075,V70_OPTION_WRAPPER_075,experiments/kernel_replay_v70_third_party_idiom_mix/coq/V70_OPTION_WRAPPER_075.v,1,accept,kernel_success,coqchk_success,experiments/kernel_replay_v70_third_party_idiom_mix/logs/V70_BATCH.coqchk.log,1,accepted_kernel_checked
V70,third-party idiom mix,236,V70_OPTION_WRAPPER_076,V70_OPTION_WRAPPER_076,experiments/kernel_replay_v70_third_party_idiom_mix/coq/V70_OPTION_WRAPPER_076.v,1,accept,kernel_success,coqchk_success,experiments/kernel_replay_v70_third_party_idiom_mix/logs/V70_BATCH.coqchk.log,1,accepted_kernel_checked
V70,third-party idiom mix,237,V70_OPTION_WRAPPER_077,V70_OPTION_WRAPPER_077,experiments/kernel_replay_v70_third_party_idiom_mix/coq/V70_OPTION_WRAPPER_077.v,1,accept,kernel_success,coqchk_success,experiments/kernel_replay_v70_third_party_idiom_mix/logs/V70_BATCH.coqchk.log,1,accepted_kernel_checked
V70,third-party idiom mix,238,V70_OPTION_WRAPPER_078,V70_OPTION_WRAPPER_078,experiments/kernel_replay_v70_third_party_idiom_mix/coq/V70_OPTION_WRAPPER_078.v,1,accept,kernel_success,coqchk_success,experiments/kernel_replay_v70_third_party_idiom_mix/logs/V70_BATCH.coqchk.log,1,accepted_kernel_checked
V70,third-party idiom mix,239,V70_OPTION_WRAPPER_079,V70_OPTION_WRAPPER_079,experiments/kernel_replay_v70_third_party_idiom_mix/coq/V70_OPTION_WRAPPER_079.v,1,accept,kernel_success,coqchk_success,experiments/kernel_replay_v70_third_party_idiom_mix/logs/V70_BATCH.coqchk.log,1,accepted_kernel_checked
V70,third-party idiom mix,240,V70_OPTION_WRAPPER_080,V70_OPTION_WRAPPER_080,experiments/kernel_replay_v70_third_party_idiom_mix/coq/V70_OPTION_WRAPPER_080.v,1,accept,kernel_success,coqchk_success,experiments/kernel_replay_v70_third_party_idiom_mix/logs/V70_BATCH.coqchk.log,1,accepted_kernel_checked
V70,third-party idiom mix,241,V70_NAT_ORDER_001,V70_NAT_ORDER_001,experiments/kernel_replay_v70_third_party_idiom_mix/coq/V70_NAT_ORDER_001.v,1,accept,kernel_success,coqchk_success,experiments/kernel_replay_v70_third_party_idiom_mix/logs/V70_BATCH.coqchk.log,1,accepted_kernel_checked
V70,third-party idiom mix,242,V70_NAT_ORDER_002,V70_NAT_ORDER_002,experiments/kernel_replay_v70_third_party_idiom_mix/coq/V70_NAT_ORDER_002.v,1,accept,kernel_success,coqchk_success,experiments/kernel_replay_v70_third_party_idiom_mix/logs/V70_BATCH.coqchk.log,1,accepted_kernel_checked
V70,third-party idiom mix,243,V70_NAT_ORDER_003,V70_NAT_ORDER_003,experiments/kernel_replay_v70_third_party_idiom_mix/coq/V70_NAT_ORDER_003.v,1,accept,kernel_success,coqchk_success,experiments/kernel_replay_v70_third_party_idiom_mix/logs/V70_BATCH.coqchk.log,1,accepted_kernel_checked
V70,third-party idiom mix,244,V70_NAT_ORDER_004,V70_NAT_ORDER_004,experiments/kernel_replay_v70_third_party_idiom_mix/coq/V70_NAT_ORDER_004.v,1,accept,kernel_success,coqchk_success,experiments/kernel_replay_v70_third_party_idiom_mix/logs/V70_BATCH.coqchk.log,1,accepted_kernel_checked
V70,third-party idiom mix,245,V70_NAT_ORDER_005,V70_NAT_ORDER_005,experiments/kernel_replay_v70_third_party_idiom_mix/coq/V70_NAT_ORDER_005.v,1,accept,kernel_success,coqchk_success,experiments/kernel_replay_v70_third_party_idiom_mix/logs/V70_BATCH.coqchk.log,1,accepted_kernel_checked
V70,third-party idiom mix,246,V70_NAT_ORDER_006,V70_NAT_ORDER_006,experiments/kernel_replay_v70_third_party_idiom_mix/coq/V70_NAT_ORDER_006.v,1,accept,kernel_success,coqchk_success,experiments/kernel_replay_v70_third_party_idiom_mix/logs/V70_BATCH.coqchk.log,1,accepted_kernel_checked
V70,third-party idiom mix,247,V70_NAT_ORDER_007,V70_NAT_ORDER_007,experiments/kernel_replay_v70_third_party_idiom_mix/coq/V70_NAT_ORDER_007.v,1,accept,kernel_success,coqchk_success,experiments/kernel_replay_v70_third_party_idiom_mix/logs/V70_BATCH.coqchk.log,1,accepted_kernel_checked
V70,third-party idiom mix,248,V70_NAT_ORDER_008,V70_NAT_ORDER_008,experiments/kernel_replay_v70_third_party_idiom_mix/coq/V70_NAT_ORDER_008.v,1,accept,kernel_success,coqchk_success,experiments/kernel_replay_v70_third_party_idiom_mix/logs/V70_BATCH.coqchk.log,1,accepted_kernel_checked
V70,third-party idiom mix,249,V70_NAT_ORDER_009,V70_NAT_ORDER_009,experiments/kernel_replay_v70_third_party_idiom_mix/coq/V70_NAT_ORDER_009.v,1,accept,kernel_success,coqchk_success,experiments/kernel_replay_v70_third_party_idiom_mix/logs/V70_BATCH.coqchk.log,1,accepted_kernel_checked
V70,third-party idiom mix,250,V70_NAT_ORDER_010,V70_NAT_ORDER_010,experiments/kernel_replay_v70_third_party_idiom_mix/coq/V70_NAT_ORDER_010.v,1,accept,kernel_success,coqchk_success,experiments/kernel_replay_v70_third_party_idiom_mix/logs/V70_BATCH.coqchk.log,1,accepted_kernel_checked
V70,third-party idiom mix,251,V70_NAT_ORDER_011,V70_NAT_ORDER_011,experiments/kernel_replay_v70_third_party_idiom_mix/coq/V70_NAT_ORDER_011.v,1,accept,kernel_success,coqchk_success,experiments/kernel_replay_v70_third_party_idiom_mix/logs/V70_BATCH.coqchk.log,1,accepted_kernel_checked
V70,third-party idiom mix,252,V70_NAT_ORDER_012,V70_NAT_ORDER_012,experiments/kernel_replay_v70_third_party_idiom_mix/coq/V70_NAT_ORDER_012.v,1,accept,kernel_success,coqchk_success,experiments/kernel_replay_v70_third_party_idiom_mix/logs/V70_BATCH.coqchk.log,1,accepted_kernel_checked
V70,third-party idiom mix,253,V70_NAT_ORDER_013,V70_NAT_ORDER_013,experiments/kernel_replay_v70_third_party_idiom_mix/coq/V70_NAT_ORDER_013.v,1,accept,kernel_success,coqchk_success,experiments/kernel_replay_v70_third_party_idiom_mix/logs/V70_BATCH.coqchk.log,1,accepted_kernel_checked
V70,third-party idiom mix,254,V70_NAT_ORDER_014,V70_NAT_ORDER_014,experiments/kernel_replay_v70_third_party_idiom_mix/coq/V70_NAT_ORDER_014.v,1,accept,kernel_success,coqchk_success,experiments/kernel_replay_v70_third_party_idiom_mix/logs/V70_BATCH.coqchk.log,1,accepted_kernel_checked
V70,third-party idiom mix,255,V70_NAT_ORDER_015,V70_NAT_ORDER_015,experiments/kernel_replay_v70_third_party_idiom_mix/coq/V70_NAT_ORDER_015.v,1,accept,kernel_success,coqchk_success,experiments/kernel_replay_v70_third_party_idiom_mix/logs/V70_BATCH.coqchk.log,1,accepted_kernel_checked
V70,third-party idiom mix,256,V70_NAT_ORDER_016,V70_NAT_ORDER_016,experiments/kernel_replay_v70_third_party_idiom_mix/coq/V70_NAT_ORDER_016.v,1,accept,kernel_success,coqchk_success,experiments/kernel_replay_v70_third_party_idiom_mix/logs/V70_BATCH.coqchk.log,1,accepted_kernel_checked
V70,third-party idiom mix,257,V70_NAT_ORDER_017,V70_NAT_ORDER_017,experiments/kernel_replay_v70_third_party_idiom_mix/coq/V70_NAT_ORDER_017.v,1,accept,kernel_success,coqchk_success,experiments/kernel_replay_v70_third_party_idiom_mix/logs/V70_BATCH.coqchk.log,1,accepted_kernel_checked
V70,third-party idiom mix,258,V70_NAT_ORDER_018,V70_NAT_ORDER_018,experiments/kernel_replay_v70_third_party_idiom_mix/coq/V70_NAT_ORDER_018.v,1,accept,kernel_success,coqchk_success,experiments/kernel_replay_v70_third_party_idiom_mix/logs/V70_BATCH.coqchk.log,1,accepted_kernel_checked
V70,third-party idiom mix,259,V70_NAT_ORDER_019,V70_NAT_ORDER_019,experiments/kernel_replay_v70_third_party_idiom_mix/coq/V70_NAT_ORDER_019.v,1,accept,kernel_success,coqchk_success,experiments/kernel_replay_v70_third_party_idiom_mix/logs/V70_BATCH.coqchk.log,1,accepted_kernel_checked
V70,third-party idiom mix,260,V70_NAT_ORDER_020,V70_NAT_ORDER_020,experiments/kernel_replay_v70_third_party_idiom_mix/coq/V70_NAT_ORDER_020.v,1,accept,kernel_success,coqchk_success,experiments/kernel_replay_v70_third_party_idiom_mix/logs/V70_BATCH.coqchk.log,1,accepted_kernel_checked
V70,third-party idiom mix,261,V70_NAT_ORDER_021,V70_NAT_ORDER_021,experiments/kernel_replay_v70_third_party_idiom_mix/coq/V70_NAT_ORDER_021.v,1,accept,kernel_success,coqchk_success,experiments/kernel_replay_v70_third_party_idiom_mix/logs/V70_BATCH.coqchk.log,1,accepted_kernel_checked
V70,third-party idiom mix,262,V70_NAT_ORDER_022,V70_NAT_ORDER_022,experiments/kernel_replay_v70_third_party_idiom_mix/coq/V70_NAT_ORDER_022.v,1,accept,kernel_success,coqchk_success,experiments/kernel_replay_v70_third_party_idiom_mix/logs/V70_BATCH.coqchk.log,1,accepted_kernel_checked
V70,third-party idiom mix,263,V70_NAT_ORDER_023,V70_NAT_ORDER_023,experiments/kernel_replay_v70_third_party_idiom_mix/coq/V70_NAT_ORDER_023.v,1,accept,kernel_success,coqchk_success,experiments/kernel_replay_v70_third_party_idiom_mix/logs/V70_BATCH.coqchk.log,1,accepted_kernel_checked
V70,third-party idiom mix,264,V70_NAT_ORDER_024,V70_NAT_ORDER_024,experiments/kernel_replay_v70_third_party_idiom_mix/coq/V70_NAT_ORDER_024.v,1,accept,kernel_success,coqchk_success,experiments/kernel_replay_v70_third_party_idiom_mix/logs/V70_BATCH.coqchk.log,1,accepted_kernel_checked
V70,third-party idiom mix,265,V70_NAT_ORDER_025,V70_NAT_ORDER_025,experiments/kernel_replay_v70_third_party_idiom_mix/coq/V70_NAT_ORDER_025.v,1,accept,kernel_success,coqchk_success,experiments/kernel_replay_v70_third_party_idiom_mix/logs/V70_BATCH.coqchk.log,1,accepted_kernel_checked
V70,third-party idiom mix,266,V70_NAT_ORDER_026,V70_NAT_ORDER_026,experiments/kernel_replay_v70_third_party_idiom_mix/coq/V70_NAT_ORDER_026.v,1,accept,kernel_success,coqchk_success,experiments/kernel_replay_v70_third_party_idiom_mix/logs/V70_BATCH.coqchk.log,1,accepted_kernel_checked
V70,third-party idiom mix,267,V70_NAT_ORDER_027,V70_NAT_ORDER_027,experiments/kernel_replay_v70_third_party_idiom_mix/coq/V70_NAT_ORDER_027.v,1,accept,kernel_success,coqchk_success,experiments/kernel_replay_v70_third_party_idiom_mix/logs/V70_BATCH.coqchk.log,1,accepted_kernel_checked
V70,third-party idiom mix,268,V70_NAT_ORDER_028,V70_NAT_ORDER_028,experiments/kernel_replay_v70_third_party_idiom_mix/coq/V70_NAT_ORDER_028.v,1,accept,kernel_success,coqchk_success,experiments/kernel_replay_v70_third_party_idiom_mix/logs/V70_BATCH.coqchk.log,1,accepted_kernel_checked
V70,third-party idiom mix,269,V70_NAT_ORDER_029,V70_NAT_ORDER_029,experiments/kernel_replay_v70_third_party_idiom_mix/coq/V70_NAT_ORDER_029.v,1,accept,kernel_success,coqchk_success,experiments/kernel_replay_v70_third_party_idiom_mix/logs/V70_BATCH.coqchk.log,1,accepted_kernel_checked
V70,third-party idiom mix,270,V70_NAT_ORDER_030,V70_NAT_ORDER_030,experiments/kernel_replay_v70_third_party_idiom_mix/coq/V70_NAT_ORDER_030.v,1,accept,kernel_success,coqchk_success,experiments/kernel_replay_v70_third_party_idiom_mix/logs/V70_BATCH.coqchk.log,1,accepted_kernel_checked
V70,third-party idiom mix,271,V70_NAT_ORDER_031,V70_NAT_ORDER_031,experiments/kernel_replay_v70_third_party_idiom_mix/coq/V70_NAT_ORDER_031.v,1,accept,kernel_success,coqchk_success,experiments/kernel_replay_v70_third_party_idiom_mix/logs/V70_BATCH.coqchk.log,1,accepted_kernel_checked
V70,third-party idiom mix,272,V70_NAT_ORDER_032,V70_NAT_ORDER_032,experiments/kernel_replay_v70_third_party_idiom_mix/coq/V70_NAT_ORDER_032.v,1,accept,kernel_success,coqchk_success,experiments/kernel_replay_v70_third_party_idiom_mix/logs/V70_BATCH.coqchk.log,1,accepted_kernel_checked
V70,third-party idiom mix,273,V70_NAT_ORDER_033,V70_NAT_ORDER_033,experiments/kernel_replay_v70_third_party_idiom_mix/coq/V70_NAT_ORDER_033.v,1,accept,kernel_success,coqchk_success,experiments/kernel_replay_v70_third_party_idiom_mix/logs/V70_BATCH.coqchk.log,1,accepted_kernel_checked
V70,third-party idiom mix,274,V70_NAT_ORDER_034,V70_NAT_ORDER_034,experiments/kernel_replay_v70_third_party_idiom_mix/coq/V70_NAT_ORDER_034.v,1,accept,kernel_success,coqchk_success,experiments/kernel_replay_v70_third_party_idiom_mix/logs/V70_BATCH.coqchk.log,1,accepted_kernel_checked
V70,third-party idiom mix,275,V70_NAT_ORDER_035,V70_NAT_ORDER_035,experiments/kernel_replay_v70_third_party_idiom_mix/coq/V70_NAT_ORDER_035.v,1,accept,kernel_success,coqchk_success,experiments/kernel_replay_v70_third_party_idiom_mix/logs/V70_BATCH.coqchk.log,1,accepted_kernel_checked
V70,third-party idiom mix,276,V70_NAT_ORDER_036,V70_NAT_ORDER_036,experiments/kernel_replay_v70_third_party_idiom_mix/coq/V70_NAT_ORDER_036.v,1,accept,kernel_success,coqchk_success,experiments/kernel_replay_v70_third_party_idiom_mix/logs/V70_BATCH.coqchk.log,1,accepted_kernel_checked
V70,third-party idiom mix,277,V70_NAT_ORDER_037,V70_NAT_ORDER_037,experiments/kernel_replay_v70_third_party_idiom_mix/coq/V70_NAT_ORDER_037.v,1,accept,kernel_success,coqchk_success,experiments/kernel_replay_v70_third_party_idiom_mix/logs/V70_BATCH.coqchk.log,1,accepted_kernel_checked
V70,third-party idiom mix,278,V70_NAT_ORDER_038,V70_NAT_ORDER_038,experiments/kernel_replay_v70_third_party_idiom_mix/coq/V70_NAT_ORDER_038.v,1,accept,kernel_success,coqchk_success,experiments/kernel_replay_v70_third_party_idiom_mix/logs/V70_BATCH.coqchk.log,1,accepted_kernel_checked
V70,third-party idiom mix,279,V70_NAT_ORDER_039,V70_NAT_ORDER_039,experiments/kernel_replay_v70_third_party_idiom_mix/coq/V70_NAT_ORDER_039.v,1,accept,kernel_success,coqchk_success,experiments/kernel_replay_v70_third_party_idiom_mix/logs/V70_BATCH.coqchk.log,1,accepted_kernel_checked
V70,third-party idiom mix,280,V70_NAT_ORDER_040,V70_NAT_ORDER_040,experiments/kernel_replay_v70_third_party_idiom_mix/coq/V70_NAT_ORDER_040.v,1,accept,kernel_success,coqchk_success,experiments/kernel_replay_v70_third_party_idiom_mix/logs/V70_BATCH.coqchk.log,1,accepted_kernel_checked
V70,third-party idiom mix,281,V70_NAT_ORDER_041,V70_NAT_ORDER_041,experiments/kernel_replay_v70_third_party_idiom_mix/coq/V70_NAT_ORDER_041.v,1,accept,kernel_success,coqchk_success,experiments/kernel_replay_v70_third_party_idiom_mix/logs/V70_BATCH.coqchk.log,1,accepted_kernel_checked
V70,third-party idiom mix,282,V70_NAT_ORDER_042,V70_NAT_ORDER_042,experiments/kernel_replay_v70_third_party_idiom_mix/coq/V70_NAT_ORDER_042.v,1,accept,kernel_success,coqchk_success,experiments/kernel_replay_v70_third_party_idiom_mix/logs/V70_BATCH.coqchk.log,1,accepted_kernel_checked
V70,third-party idiom mix,283,V70_NAT_ORDER_043,V70_NAT_ORDER_043,experiments/kernel_replay_v70_third_party_idiom_mix/coq/V70_NAT_ORDER_043.v,1,accept,kernel_success,coqchk_success,experiments/kernel_replay_v70_third_party_idiom_mix/logs/V70_BATCH.coqchk.log,1,accepted_kernel_checked
V70,third-party idiom mix,284,V70_NAT_ORDER_044,V70_NAT_ORDER_044,experiments/kernel_replay_v70_third_party_idiom_mix/coq/V70_NAT_ORDER_044.v,1,accept,kernel_success,coqchk_success,experiments/kernel_replay_v70_third_party_idiom_mix/logs/V70_BATCH.coqchk.log,1,accepted_kernel_checked
V70,third-party idiom mix,285,V70_NAT_ORDER_045,V70_NAT_ORDER_045,experiments/kernel_replay_v70_third_party_idiom_mix/coq/V70_NAT_ORDER_045.v,1,accept,kernel_success,coqchk_success,experiments/kernel_replay_v70_third_party_idiom_mix/logs/V70_BATCH.coqchk.log,1,accepted_kernel_checked
V70,third-party idiom mix,286,V70_NAT_ORDER_046,V70_NAT_ORDER_046,experiments/kernel_replay_v70_third_party_idiom_mix/coq/V70_NAT_ORDER_046.v,1,accept,kernel_success,coqchk_success,experiments/kernel_replay_v70_third_party_idiom_mix/logs/V70_BATCH.coqchk.log,1,accepted_kernel_checked
V70,third-party idiom mix,287,V70_NAT_ORDER_047,V70_NAT_ORDER_047,experiments/kernel_replay_v70_third_party_idiom_mix/coq/V70_NAT_ORDER_047.v,1,accept,kernel_success,coqchk_success,experiments/kernel_replay_v70_third_party_idiom_mix/logs/V70_BATCH.coqchk.log,1,accepted_kernel_checked
V70,third-party idiom mix,288,V70_NAT_ORDER_048,V70_NAT_ORDER_048,experiments/kernel_replay_v70_third_party_idiom_mix/coq/V70_NAT_ORDER_048.v,1,accept,kernel_success,coqchk_success,experiments/kernel_replay_v70_third_party_idiom_mix/logs/V70_BATCH.coqchk.log,1,accepted_kernel_checked
V70,third-party idiom mix,289,V70_NAT_ORDER_049,V70_NAT_ORDER_049,experiments/kernel_replay_v70_third_party_idiom_mix/coq/V70_NAT_ORDER_049.v,1,accept,kernel_success,coqchk_success,experiments/kernel_replay_v70_third_party_idiom_mix/logs/V70_BATCH.coqchk.log,1,accepted_kernel_checked
V70,third-party idiom mix,290,V70_NAT_ORDER_050,V70_NAT_ORDER_050,experiments/kernel_replay_v70_third_party_idiom_mix/coq/V70_NAT_ORDER_050.v,1,accept,kernel_success,coqchk_success,experiments/kernel_replay_v70_third_party_idiom_mix/logs/V70_BATCH.coqchk.log,1,accepted_kernel_checked
V70,third-party idiom mix,291,V70_NAT_ORDER_051,V70_NAT_ORDER_051,experiments/kernel_replay_v70_third_party_idiom_mix/coq/V70_NAT_ORDER_051.v,1,accept,kernel_success,coqchk_success,experiments/kernel_replay_v70_third_party_idiom_mix/logs/V70_BATCH.coqchk.log,1,accepted_kernel_checked
V70,third-party idiom mix,292,V70_NAT_ORDER_052,V70_NAT_ORDER_052,experiments/kernel_replay_v70_third_party_idiom_mix/coq/V70_NAT_ORDER_052.v,1,accept,kernel_success,coqchk_success,experiments/kernel_replay_v70_third_party_idiom_mix/logs/V70_BATCH.coqchk.log,1,accepted_kernel_checked
V70,third-party idiom mix,293,V70_NAT_ORDER_053,V70_NAT_ORDER_053,experiments/kernel_replay_v70_third_party_idiom_mix/coq/V70_NAT_ORDER_053.v,1,accept,kernel_success,coqchk_success,experiments/kernel_replay_v70_third_party_idiom_mix/logs/V70_BATCH.coqchk.log,1,accepted_kernel_checked
V70,third-party idiom mix,294,V70_NAT_ORDER_054,V70_NAT_ORDER_054,experiments/kernel_replay_v70_third_party_idiom_mix/coq/V70_NAT_ORDER_054.v,1,accept,kernel_success,coqchk_success,experiments/kernel_replay_v70_third_party_idiom_mix/logs/V70_BATCH.coqchk.log,1,accepted_kernel_checked
V70,third-party idiom mix,295,V70_NAT_ORDER_055,V70_NAT_ORDER_055,experiments/kernel_replay_v70_third_party_idiom_mix/coq/V70_NAT_ORDER_055.v,1,accept,kernel_success,coqchk_success,experiments/kernel_replay_v70_third_party_idiom_mix/logs/V70_BATCH.coqchk.log,1,accepted_kernel_checked
V70,third-party idiom mix,296,V70_NAT_ORDER_056,V70_NAT_ORDER_056,experiments/kernel_replay_v70_third_party_idiom_mix/coq/V70_NAT_ORDER_056.v,1,accept,kernel_success,coqchk_success,experiments/kernel_replay_v70_third_party_idiom_mix/logs/V70_BATCH.coqchk.log,1,accepted_kernel_checked
V70,third-party idiom mix,297,V70_NAT_ORDER_057,V70_NAT_ORDER_057,experiments/kernel_replay_v70_third_party_idiom_mix/coq/V70_NAT_ORDER_057.v,1,accept,kernel_success,coqchk_success,experiments/kernel_replay_v70_third_party_idiom_mix/logs/V70_BATCH.coqchk.log,1,accepted_kernel_checked
V70,third-party idiom mix,298,V70_NAT_ORDER_058,V70_NAT_ORDER_058,experiments/kernel_replay_v70_third_party_idiom_mix/coq/V70_NAT_ORDER_058.v,1,accept,kernel_success,coqchk_success,experiments/kernel_replay_v70_third_party_idiom_mix/logs/V70_BATCH.coqchk.log,1,accepted_kernel_checked
V70,third-party idiom mix,299,V70_NAT_ORDER_059,V70_NAT_ORDER_059,experiments/kernel_replay_v70_third_party_idiom_mix/coq/V70_NAT_ORDER_059.v,1,accept,kernel_success,coqchk_success,experiments/kernel_replay_v70_third_party_idiom_mix/logs/V70_BATCH.coqchk.log,1,accepted_kernel_checked
V70,third-party idiom mix,300,V70_NAT_ORDER_060,V70_NAT_ORDER_060,experiments/kernel_replay_v70_third_party_idiom_mix/coq/V70_NAT_ORDER_060.v,1,accept,kernel_success,coqchk_success,experiments/kernel_replay_v70_third_party_idiom_mix/logs/V70_BATCH.coqchk.log,1,accepted_kernel_checked
V70,third-party idiom mix,301,V70_NAT_ORDER_061,V70_NAT_ORDER_061,experiments/kernel_replay_v70_third_party_idiom_mix/coq/V70_NAT_ORDER_061.v,1,accept,kernel_success,coqchk_success,experiments/kernel_replay_v70_third_party_idiom_mix/logs/V70_BATCH.coqchk.log,1,accepted_kernel_checked
V70,third-party idiom mix,302,V70_NAT_ORDER_062,V70_NAT_ORDER_062,experiments/kernel_replay_v70_third_party_idiom_mix/coq/V70_NAT_ORDER_062.v,1,accept,kernel_success,coqchk_success,experiments/kernel_replay_v70_third_party_idiom_mix/logs/V70_BATCH.coqchk.log,1,accepted_kernel_checked
V70,third-party idiom mix,303,V70_NAT_ORDER_063,V70_NAT_ORDER_063,experiments/kernel_replay_v70_third_party_idiom_mix/coq/V70_NAT_ORDER_063.v,1,accept,kernel_success,coqchk_success,experiments/kernel_replay_v70_third_party_idiom_mix/logs/V70_BATCH.coqchk.log,1,accepted_kernel_checked
V70,third-party idiom mix,304,V70_NAT_ORDER_064,V70_NAT_ORDER_064,experiments/kernel_replay_v70_third_party_idiom_mix/coq/V70_NAT_ORDER_064.v,1,accept,kernel_success,coqchk_success,experiments/kernel_replay_v70_third_party_idiom_mix/logs/V70_BATCH.coqchk.log,1,accepted_kernel_checked
V70,third-party idiom mix,305,V70_NAT_ORDER_065,V70_NAT_ORDER_065,experiments/kernel_replay_v70_third_party_idiom_mix/coq/V70_NAT_ORDER_065.v,1,accept,kernel_success,coqchk_success,experiments/kernel_replay_v70_third_party_idiom_mix/logs/V70_BATCH.coqchk.log,1,accepted_kernel_checked
V70,third-party idiom mix,306,V70_NAT_ORDER_066,V70_NAT_ORDER_066,experiments/kernel_replay_v70_third_party_idiom_mix/coq/V70_NAT_ORDER_066.v,1,accept,kernel_success,coqchk_success,experiments/kernel_replay_v70_third_party_idiom_mix/logs/V70_BATCH.coqchk.log,1,accepted_kernel_checked
V70,third-party idiom mix,307,V70_NAT_ORDER_067,V70_NAT_ORDER_067,experiments/kernel_replay_v70_third_party_idiom_mix/coq/V70_NAT_ORDER_067.v,1,accept,kernel_success,coqchk_success,experiments/kernel_replay_v70_third_party_idiom_mix/logs/V70_BATCH.coqchk.log,1,accepted_kernel_checked
V70,third-party idiom mix,308,V70_NAT_ORDER_068,V70_NAT_ORDER_068,experiments/kernel_replay_v70_third_party_idiom_mix/coq/V70_NAT_ORDER_068.v,1,accept,kernel_success,coqchk_success,experiments/kernel_replay_v70_third_party_idiom_mix/logs/V70_BATCH.coqchk.log,1,accepted_kernel_checked
V70,third-party idiom mix,309,V70_NAT_ORDER_069,V70_NAT_ORDER_069,experiments/kernel_replay_v70_third_party_idiom_mix/coq/V70_NAT_ORDER_069.v,1,accept,kernel_success,coqchk_success,experiments/kernel_replay_v70_third_party_idiom_mix/logs/V70_BATCH.coqchk.log,1,accepted_kernel_checked
V70,third-party idiom mix,310,V70_NAT_ORDER_070,V70_NAT_ORDER_070,experiments/kernel_replay_v70_third_party_idiom_mix/coq/V70_NAT_ORDER_070.v,1,accept,kernel_success,coqchk_success,experiments/kernel_replay_v70_third_party_idiom_mix/logs/V70_BATCH.coqchk.log,1,accepted_kernel_checked
V70,third-party idiom mix,311,V70_NAT_ORDER_071,V70_NAT_ORDER_071,experiments/kernel_replay_v70_third_party_idiom_mix/coq/V70_NAT_ORDER_071.v,1,accept,kernel_success,coqchk_success,experiments/kernel_replay_v70_third_party_idiom_mix/logs/V70_BATCH.coqchk.log,1,accepted_kernel_checked
V70,third-party idiom mix,312,V70_NAT_ORDER_072,V70_NAT_ORDER_072,experiments/kernel_replay_v70_third_party_idiom_mix/coq/V70_NAT_ORDER_072.v,1,accept,kernel_success,coqchk_success,experiments/kernel_replay_v70_third_party_idiom_mix/logs/V70_BATCH.coqchk.log,1,accepted_kernel_checked
V70,third-party idiom mix,313,V70_NAT_ORDER_073,V70_NAT_ORDER_073,experiments/kernel_replay_v70_third_party_idiom_mix/coq/V70_NAT_ORDER_073.v,1,accept,kernel_success,coqchk_success,experiments/kernel_replay_v70_third_party_idiom_mix/logs/V70_BATCH.coqchk.log,1,accepted_kernel_checked
V70,third-party idiom mix,314,V70_NAT_ORDER_074,V70_NAT_ORDER_074,experiments/kernel_replay_v70_third_party_idiom_mix/coq/V70_NAT_ORDER_074.v,1,accept,kernel_success,coqchk_success,experiments/kernel_replay_v70_third_party_idiom_mix/logs/V70_BATCH.coqchk.log,1,accepted_kernel_checked
V70,third-party idiom mix,315,V70_NAT_ORDER_075,V70_NAT_ORDER_075,experiments/kernel_replay_v70_third_party_idiom_mix/coq/V70_NAT_ORDER_075.v,1,accept,kernel_success,coqchk_success,experiments/kernel_replay_v70_third_party_idiom_mix/logs/V70_BATCH.coqchk.log,1,accepted_kernel_checked
V70,third-party idiom mix,316,V70_NAT_ORDER_076,V70_NAT_ORDER_076,experiments/kernel_replay_v70_third_party_idiom_mix/coq/V70_NAT_ORDER_076.v,1,accept,kernel_success,coqchk_success,experiments/kernel_replay_v70_third_party_idiom_mix/logs/V70_BATCH.coqchk.log,1,accepted_kernel_checked
V70,third-party idiom mix,317,V70_NAT_ORDER_077,V70_NAT_ORDER_077,experiments/kernel_replay_v70_third_party_idiom_mix/coq/V70_NAT_ORDER_077.v,1,accept,kernel_success,coqchk_success,experiments/kernel_replay_v70_third_party_idiom_mix/logs/V70_BATCH.coqchk.log,1,accepted_kernel_checked
V70,third-party idiom mix,318,V70_NAT_ORDER_078,V70_NAT_ORDER_078,experiments/kernel_replay_v70_third_party_idiom_mix/coq/V70_NAT_ORDER_078.v,1,accept,kernel_success,coqchk_success,experiments/kernel_replay_v70_third_party_idiom_mix/logs/V70_BATCH.coqchk.log,1,accepted_kernel_checked
V70,third-party idiom mix,319,V70_NAT_ORDER_079,V70_NAT_ORDER_079,experiments/kernel_replay_v70_third_party_idiom_mix/coq/V70_NAT_ORDER_079.v,1,accept,kernel_success,coqchk_success,experiments/kernel_replay_v70_third_party_idiom_mix/logs/V70_BATCH.coqchk.log,1,accepted_kernel_checked
V70,third-party idiom mix,320,V70_NAT_ORDER_080,V70_NAT_ORDER_080,experiments/kernel_replay_v70_third_party_idiom_mix/coq/V70_NAT_ORDER_080.v,1,accept,kernel_success,coqchk_success,experiments/kernel_replay_v70_third_party_idiom_mix/logs/V70_BATCH.coqchk.log,1,accepted_kernel_checked
V70,third-party idiom mix,321,V70_BOOL_REFLECT_001,V70_BOOL_REFLECT_001,experiments/kernel_replay_v70_third_party_idiom_mix/coq/V70_BOOL_REFLECT_001.v,1,accept,kernel_success,coqchk_success,experiments/kernel_replay_v70_third_party_idiom_mix/logs/V70_BATCH.coqchk.log,1,accepted_kernel_checked
V70,third-party idiom mix,322,V70_BOOL_REFLECT_002,V70_BOOL_REFLECT_002,experiments/kernel_replay_v70_third_party_idiom_mix/coq/V70_BOOL_REFLECT_002.v,1,accept,kernel_success,coqchk_success,experiments/kernel_replay_v70_third_party_idiom_mix/logs/V70_BATCH.coqchk.log,1,accepted_kernel_checked
V70,third-party idiom mix,323,V70_BOOL_REFLECT_003,V70_BOOL_REFLECT_003,experiments/kernel_replay_v70_third_party_idiom_mix/coq/V70_BOOL_REFLECT_003.v,1,accept,kernel_success,coqchk_success,experiments/kernel_replay_v70_third_party_idiom_mix/logs/V70_BATCH.coqchk.log,1,accepted_kernel_checked
V70,third-party idiom mix,324,V70_BOOL_REFLECT_004,V70_BOOL_REFLECT_004,experiments/kernel_replay_v70_third_party_idiom_mix/coq/V70_BOOL_REFLECT_004.v,1,accept,kernel_success,coqchk_success,experiments/kernel_replay_v70_third_party_idiom_mix/logs/V70_BATCH.coqchk.log,1,accepted_kernel_checked
V70,third-party idiom mix,325,V70_BOOL_REFLECT_005,V70_BOOL_REFLECT_005,experiments/kernel_replay_v70_third_party_idiom_mix/coq/V70_BOOL_REFLECT_005.v,1,accept,kernel_success,coqchk_success,experiments/kernel_replay_v70_third_party_idiom_mix/logs/V70_BATCH.coqchk.log,1,accepted_kernel_checked
V70,third-party idiom mix,326,V70_BOOL_REFLECT_006,V70_BOOL_REFLECT_006,experiments/kernel_replay_v70_third_party_idiom_mix/coq/V70_BOOL_REFLECT_006.v,1,accept,kernel_success,coqchk_success,experiments/kernel_replay_v70_third_party_idiom_mix/logs/V70_BATCH.coqchk.log,1,accepted_kernel_checked
V70,third-party idiom mix,327,V70_BOOL_REFLECT_007,V70_BOOL_REFLECT_007,experiments/kernel_replay_v70_third_party_idiom_mix/coq/V70_BOOL_REFLECT_007.v,1,accept,kernel_success,coqchk_success,experiments/kernel_replay_v70_third_party_idiom_mix/logs/V70_BATCH.coqchk.log,1,accepted_kernel_checked
V70,third-party idiom mix,328,V70_BOOL_REFLECT_008,V70_BOOL_REFLECT_008,experiments/kernel_replay_v70_third_party_idiom_mix/coq/V70_BOOL_REFLECT_008.v,1,accept,kernel_success,coqchk_success,experiments/kernel_replay_v70_third_party_idiom_mix/logs/V70_BATCH.coqchk.log,1,accepted_kernel_checked
V70,third-party idiom mix,329,V70_BOOL_REFLECT_009,V70_BOOL_REFLECT_009,experiments/kernel_replay_v70_third_party_idiom_mix/coq/V70_BOOL_REFLECT_009.v,1,accept,kernel_success,coqchk_success,experiments/kernel_replay_v70_third_party_idiom_mix/logs/V70_BATCH.coqchk.log,1,accepted_kernel_checked
V70,third-party idiom mix,330,V70_BOOL_REFLECT_010,V70_BOOL_REFLECT_010,experiments/kernel_replay_v70_third_party_idiom_mix/coq/V70_BOOL_REFLECT_010.v,1,accept,kernel_success,coqchk_success,experiments/kernel_replay_v70_third_party_idiom_mix/logs/V70_BATCH.coqchk.log,1,accepted_kernel_checked
V70,third-party idiom mix,331,V70_BOOL_REFLECT_011,V70_BOOL_REFLECT_011,experiments/kernel_replay_v70_third_party_idiom_mix/coq/V70_BOOL_REFLECT_011.v,1,accept,kernel_success,coqchk_success,experiments/kernel_replay_v70_third_party_idiom_mix/logs/V70_BATCH.coqchk.log,1,accepted_kernel_checked
V70,third-party idiom mix,332,V70_BOOL_REFLECT_012,V70_BOOL_REFLECT_012,experiments/kernel_replay_v70_third_party_idiom_mix/coq/V70_BOOL_REFLECT_012.v,1,accept,kernel_success,coqchk_success,experiments/kernel_replay_v70_third_party_idiom_mix/logs/V70_BATCH.coqchk.log,1,accepted_kernel_checked
V70,third-party idiom mix,333,V70_BOOL_REFLECT_013,V70_BOOL_REFLECT_013,experiments/kernel_replay_v70_third_party_idiom_mix/coq/V70_BOOL_REFLECT_013.v,1,accept,kernel_success,coqchk_success,experiments/kernel_replay_v70_third_party_idiom_mix/logs/V70_BATCH.coqchk.log,1,accepted_kernel_checked
V70,third-party idiom mix,334,V70_BOOL_REFLECT_014,V70_BOOL_REFLECT_014,experiments/kernel_replay_v70_third_party_idiom_mix/coq/V70_BOOL_REFLECT_014.v,1,accept,kernel_success,coqchk_success,experiments/kernel_replay_v70_third_party_idiom_mix/logs/V70_BATCH.coqchk.log,1,accepted_kernel_checked
V70,third-party idiom mix,335,V70_BOOL_REFLECT_015,V70_BOOL_REFLECT_015,experiments/kernel_replay_v70_third_party_idiom_mix/coq/V70_BOOL_REFLECT_015.v,1,accept,kernel_success,coqchk_success,experiments/kernel_replay_v70_third_party_idiom_mix/logs/V70_BATCH.coqchk.log,1,accepted_kernel_checked
V70,third-party idiom mix,336,V70_BOOL_REFLECT_016,V70_BOOL_REFLECT_016,experiments/kernel_replay_v70_third_party_idiom_mix/coq/V70_BOOL_REFLECT_016.v,1,accept,kernel_success,coqchk_success,experiments/kernel_replay_v70_third_party_idiom_mix/logs/V70_BATCH.coqchk.log,1,accepted_kernel_checked
V70,third-party idiom mix,337,V70_BOOL_REFLECT_017,V70_BOOL_REFLECT_017,experiments/kernel_replay_v70_third_party_idiom_mix/coq/V70_BOOL_REFLECT_017.v,1,accept,kernel_success,coqchk_success,experiments/kernel_replay_v70_third_party_idiom_mix/logs/V70_BATCH.coqchk.log,1,accepted_kernel_checked
V70,third-party idiom mix,338,V70_BOOL_REFLECT_018,V70_BOOL_REFLECT_018,experiments/kernel_replay_v70_third_party_idiom_mix/coq/V70_BOOL_REFLECT_018.v,1,accept,kernel_success,coqchk_success,experiments/kernel_replay_v70_third_party_idiom_mix/logs/V70_BATCH.coqchk.log,1,accepted_kernel_checked
V70,third-party idiom mix,339,V70_BOOL_REFLECT_019,V70_BOOL_REFLECT_019,experiments/kernel_replay_v70_third_party_idiom_mix/coq/V70_BOOL_REFLECT_019.v,1,accept,kernel_success,coqchk_success,experiments/kernel_replay_v70_third_party_idiom_mix/logs/V70_BATCH.coqchk.log,1,accepted_kernel_checked
V70,third-party idiom mix,340,V70_BOOL_REFLECT_020,V70_BOOL_REFLECT_020,experiments/kernel_replay_v70_third_party_idiom_mix/coq/V70_BOOL_REFLECT_020.v,1,accept,kernel_success,coqchk_success,experiments/kernel_replay_v70_third_party_idiom_mix/logs/V70_BATCH.coqchk.log,1,accepted_kernel_checked
V70,third-party idiom mix,341,V70_BOOL_REFLECT_021,V70_BOOL_REFLECT_021,experiments/kernel_replay_v70_third_party_idiom_mix/coq/V70_BOOL_REFLECT_021.v,1,accept,kernel_success,coqchk_success,experiments/kernel_replay_v70_third_party_idiom_mix/logs/V70_BATCH.coqchk.log,1,accepted_kernel_checked
V70,third-party idiom mix,342,V70_BOOL_REFLECT_022,V70_BOOL_REFLECT_022,experiments/kernel_replay_v70_third_party_idiom_mix/coq/V70_BOOL_REFLECT_022.v,1,accept,kernel_success,coqchk_success,experiments/kernel_replay_v70_third_party_idiom_mix/logs/V70_BATCH.coqchk.log,1,accepted_kernel_checked
V70,third-party idiom mix,343,V70_BOOL_REFLECT_023,V70_BOOL_REFLECT_023,experiments/kernel_replay_v70_third_party_idiom_mix/coq/V70_BOOL_REFLECT_023.v,1,accept,kernel_success,coqchk_success,experiments/kernel_replay_v70_third_party_idiom_mix/logs/V70_BATCH.coqchk.log,1,accepted_kernel_checked
V70,third-party idiom mix,344,V70_BOOL_REFLECT_024,V70_BOOL_REFLECT_024,experiments/kernel_replay_v70_third_party_idiom_mix/coq/V70_BOOL_REFLECT_024.v,1,accept,kernel_success,coqchk_success,experiments/kernel_replay_v70_third_party_idiom_mix/logs/V70_BATCH.coqchk.log,1,accepted_kernel_checked
V70,third-party idiom mix,345,V70_BOOL_REFLECT_025,V70_BOOL_REFLECT_025,experiments/kernel_replay_v70_third_party_idiom_mix/coq/V70_BOOL_REFLECT_025.v,1,accept,kernel_success,coqchk_success,experiments/kernel_replay_v70_third_party_idiom_mix/logs/V70_BATCH.coqchk.log,1,accepted_kernel_checked
V70,third-party idiom mix,346,V70_BOOL_REFLECT_026,V70_BOOL_REFLECT_026,experiments/kernel_replay_v70_third_party_idiom_mix/coq/V70_BOOL_REFLECT_026.v,1,accept,kernel_success,coqchk_success,experiments/kernel_replay_v70_third_party_idiom_mix/logs/V70_BATCH.coqchk.log,1,accepted_kernel_checked
V70,third-party idiom mix,347,V70_BOOL_REFLECT_027,V70_BOOL_REFLECT_027,experiments/kernel_replay_v70_third_party_idiom_mix/coq/V70_BOOL_REFLECT_027.v,1,accept,kernel_success,coqchk_success,experiments/kernel_replay_v70_third_party_idiom_mix/logs/V70_BATCH.coqchk.log,1,accepted_kernel_checked
V70,third-party idiom mix,348,V70_BOOL_REFLECT_028,V70_BOOL_REFLECT_028,experiments/kernel_replay_v70_third_party_idiom_mix/coq/V70_BOOL_REFLECT_028.v,1,accept,kernel_success,coqchk_success,experiments/kernel_replay_v70_third_party_idiom_mix/logs/V70_BATCH.coqchk.log,1,accepted_kernel_checked
V70,third-party idiom mix,349,V70_BOOL_REFLECT_029,V70_BOOL_REFLECT_029,experiments/kernel_replay_v70_third_party_idiom_mix/coq/V70_BOOL_REFLECT_029.v,1,accept,kernel_success,coqchk_success,experiments/kernel_replay_v70_third_party_idiom_mix/logs/V70_BATCH.coqchk.log,1,accepted_kernel_checked
V70,third-party idiom mix,350,V70_BOOL_REFLECT_030,V70_BOOL_REFLECT_030,experiments/kernel_replay_v70_third_party_idiom_mix/coq/V70_BOOL_REFLECT_030.v,1,accept,kernel_success,coqchk_success,experiments/kernel_replay_v70_third_party_idiom_mix/logs/V70_BATCH.coqchk.log,1,accepted_kernel_checked
V70,third-party idiom mix,351,V70_BOOL_REFLECT_031,V70_BOOL_REFLECT_031,experiments/kernel_replay_v70_third_party_idiom_mix/coq/V70_BOOL_REFLECT_031.v,1,accept,kernel_success,coqchk_success,experiments/kernel_replay_v70_third_party_idiom_mix/logs/V70_BATCH.coqchk.log,1,accepted_kernel_checked
V70,third-party idiom mix,352,V70_BOOL_REFLECT_032,V70_BOOL_REFLECT_032,experiments/kernel_replay_v70_third_party_idiom_mix/coq/V70_BOOL_REFLECT_032.v,1,accept,kernel_success,coqchk_success,experiments/kernel_replay_v70_third_party_idiom_mix/logs/V70_BATCH.coqchk.log,1,accepted_kernel_checked
V70,third-party idiom mix,353,V70_BOOL_REFLECT_033,V70_BOOL_REFLECT_033,experiments/kernel_replay_v70_third_party_idiom_mix/coq/V70_BOOL_REFLECT_033.v,1,accept,kernel_success,coqchk_success,experiments/kernel_replay_v70_third_party_idiom_mix/logs/V70_BATCH.coqchk.log,1,accepted_kernel_checked
V70,third-party idiom mix,354,V70_BOOL_REFLECT_034,V70_BOOL_REFLECT_034,experiments/kernel_replay_v70_third_party_idiom_mix/coq/V70_BOOL_REFLECT_034.v,1,accept,kernel_success,coqchk_success,experiments/kernel_replay_v70_third_party_idiom_mix/logs/V70_BATCH.coqchk.log,1,accepted_kernel_checked
V70,third-party idiom mix,355,V70_BOOL_REFLECT_035,V70_BOOL_REFLECT_035,experiments/kernel_replay_v70_third_party_idiom_mix/coq/V70_BOOL_REFLECT_035.v,1,accept,kernel_success,coqchk_success,experiments/kernel_replay_v70_third_party_idiom_mix/logs/V70_BATCH.coqchk.log,1,accepted_kernel_checked
V70,third-party idiom mix,356,V70_BOOL_REFLECT_036,V70_BOOL_REFLECT_036,experiments/kernel_replay_v70_third_party_idiom_mix/coq/V70_BOOL_REFLECT_036.v,1,accept,kernel_success,coqchk_success,experiments/kernel_replay_v70_third_party_idiom_mix/logs/V70_BATCH.coqchk.log,1,accepted_kernel_checked
V70,third-party idiom mix,357,V70_BOOL_REFLECT_037,V70_BOOL_REFLECT_037,experiments/kernel_replay_v70_third_party_idiom_mix/coq/V70_BOOL_REFLECT_037.v,1,accept,kernel_success,coqchk_success,experiments/kernel_replay_v70_third_party_idiom_mix/logs/V70_BATCH.coqchk.log,1,accepted_kernel_checked
V70,third-party idiom mix,358,V70_BOOL_REFLECT_038,V70_BOOL_REFLECT_038,experiments/kernel_replay_v70_third_party_idiom_mix/coq/V70_BOOL_REFLECT_038.v,1,accept,kernel_success,coqchk_success,experiments/kernel_replay_v70_third_party_idiom_mix/logs/V70_BATCH.coqchk.log,1,accepted_kernel_checked
V70,third-party idiom mix,359,V70_BOOL_REFLECT_039,V70_BOOL_REFLECT_039,experiments/kernel_replay_v70_third_party_idiom_mix/coq/V70_BOOL_REFLECT_039.v,1,accept,kernel_success,coqchk_success,experiments/kernel_replay_v70_third_party_idiom_mix/logs/V70_BATCH.coqchk.log,1,accepted_kernel_checked
V70,third-party idiom mix,360,V70_BOOL_REFLECT_040,V70_BOOL_REFLECT_040,experiments/kernel_replay_v70_third_party_idiom_mix/coq/V70_BOOL_REFLECT_040.v,1,accept,kernel_success,coqchk_success,experiments/kernel_replay_v70_third_party_idiom_mix/logs/V70_BATCH.coqchk.log,1,accepted_kernel_checked
V70,third-party idiom mix,361,V70_BOOL_REFLECT_041,V70_BOOL_REFLECT_041,experiments/kernel_replay_v70_third_party_idiom_mix/coq/V70_BOOL_REFLECT_041.v,1,accept,kernel_success,coqchk_success,experiments/kernel_replay_v70_third_party_idiom_mix/logs/V70_BATCH.coqchk.log,1,accepted_kernel_checked
V70,third-party idiom mix,362,V70_BOOL_REFLECT_042,V70_BOOL_REFLECT_042,experiments/kernel_replay_v70_third_party_idiom_mix/coq/V70_BOOL_REFLECT_042.v,1,accept,kernel_success,coqchk_success,experiments/kernel_replay_v70_third_party_idiom_mix/logs/V70_BATCH.coqchk.log,1,accepted_kernel_checked
V70,third-party idiom mix,363,V70_BOOL_REFLECT_043,V70_BOOL_REFLECT_043,experiments/kernel_replay_v70_third_party_idiom_mix/coq/V70_BOOL_REFLECT_043.v,1,accept,kernel_success,coqchk_success,experiments/kernel_replay_v70_third_party_idiom_mix/logs/V70_BATCH.coqchk.log,1,accepted_kernel_checked
V70,third-party idiom mix,364,V70_BOOL_REFLECT_044,V70_BOOL_REFLECT_044,experiments/kernel_replay_v70_third_party_idiom_mix/coq/V70_BOOL_REFLECT_044.v,1,accept,kernel_success,coqchk_success,experiments/kernel_replay_v70_third_party_idiom_mix/logs/V70_BATCH.coqchk.log,1,accepted_kernel_checked
V70,third-party idiom mix,365,V70_BOOL_REFLECT_045,V70_BOOL_REFLECT_045,experiments/kernel_replay_v70_third_party_idiom_mix/coq/V70_BOOL_REFLECT_045.v,1,accept,kernel_success,coqchk_success,experiments/kernel_replay_v70_third_party_idiom_mix/logs/V70_BATCH.coqchk.log,1,accepted_kernel_checked
V70,third-party idiom mix,366,V70_BOOL_REFLECT_046,V70_BOOL_REFLECT_046,experiments/kernel_replay_v70_third_party_idiom_mix/coq/V70_BOOL_REFLECT_046.v,1,accept,kernel_success,coqchk_success,experiments/kernel_replay_v70_third_party_idiom_mix/logs/V70_BATCH.coqchk.log,1,accepted_kernel_checked
V70,third-party idiom mix,367,V70_BOOL_REFLECT_047,V70_BOOL_REFLECT_047,experiments/kernel_replay_v70_third_party_idiom_mix/coq/V70_BOOL_REFLECT_047.v,1,accept,kernel_success,coqchk_success,experiments/kernel_replay_v70_third_party_idiom_mix/logs/V70_BATCH.coqchk.log,1,accepted_kernel_checked
V70,third-party idiom mix,368,V70_BOOL_REFLECT_048,V70_BOOL_REFLECT_048,experiments/kernel_replay_v70_third_party_idiom_mix/coq/V70_BOOL_REFLECT_048.v,1,accept,kernel_success,coqchk_success,experiments/kernel_replay_v70_third_party_idiom_mix/logs/V70_BATCH.coqchk.log,1,accepted_kernel_checked
V70,third-party idiom mix,369,V70_BOOL_REFLECT_049,V70_BOOL_REFLECT_049,experiments/kernel_replay_v70_third_party_idiom_mix/coq/V70_BOOL_REFLECT_049.v,1,accept,kernel_success,coqchk_success,experiments/kernel_replay_v70_third_party_idiom_mix/logs/V70_BATCH.coqchk.log,1,accepted_kernel_checked
V70,third-party idiom mix,370,V70_BOOL_REFLECT_050,V70_BOOL_REFLECT_050,experiments/kernel_replay_v70_third_party_idiom_mix/coq/V70_BOOL_REFLECT_050.v,1,accept,kernel_success,coqchk_success,experiments/kernel_replay_v70_third_party_idiom_mix/logs/V70_BATCH.coqchk.log,1,accepted_kernel_checked
V70,third-party idiom mix,371,V70_BOOL_REFLECT_051,V70_BOOL_REFLECT_051,experiments/kernel_replay_v70_third_party_idiom_mix/coq/V70_BOOL_REFLECT_051.v,1,accept,kernel_success,coqchk_success,experiments/kernel_replay_v70_third_party_idiom_mix/logs/V70_BATCH.coqchk.log,1,accepted_kernel_checked
V70,third-party idiom mix,372,V70_BOOL_REFLECT_052,V70_BOOL_REFLECT_052,experiments/kernel_replay_v70_third_party_idiom_mix/coq/V70_BOOL_REFLECT_052.v,1,accept,kernel_success,coqchk_success,experiments/kernel_replay_v70_third_party_idiom_mix/logs/V70_BATCH.coqchk.log,1,accepted_kernel_checked
V70,third-party idiom mix,373,V70_BOOL_REFLECT_053,V70_BOOL_REFLECT_053,experiments/kernel_replay_v70_third_party_idiom_mix/coq/V70_BOOL_REFLECT_053.v,1,accept,kernel_success,coqchk_success,experiments/kernel_replay_v70_third_party_idiom_mix/logs/V70_BATCH.coqchk.log,1,accepted_kernel_checked
V70,third-party idiom mix,374,V70_BOOL_REFLECT_054,V70_BOOL_REFLECT_054,experiments/kernel_replay_v70_third_party_idiom_mix/coq/V70_BOOL_REFLECT_054.v,1,accept,kernel_success,coqchk_success,experiments/kernel_replay_v70_third_party_idiom_mix/logs/V70_BATCH.coqchk.log,1,accepted_kernel_checked
V70,third-party idiom mix,375,V70_BOOL_REFLECT_055,V70_BOOL_REFLECT_055,experiments/kernel_replay_v70_third_party_idiom_mix/coq/V70_BOOL_REFLECT_055.v,1,accept,kernel_success,coqchk_success,experiments/kernel_replay_v70_third_party_idiom_mix/logs/V70_BATCH.coqchk.log,1,accepted_kernel_checked
V70,third-party idiom mix,376,V70_BOOL_REFLECT_056,V70_BOOL_REFLECT_056,experiments/kernel_replay_v70_third_party_idiom_mix/coq/V70_BOOL_REFLECT_056.v,1,accept,kernel_success,coqchk_success,experiments/kernel_replay_v70_third_party_idiom_mix/logs/V70_BATCH.coqchk.log,1,accepted_kernel_checked
V70,third-party idiom mix,377,V70_BOOL_REFLECT_057,V70_BOOL_REFLECT_057,experiments/kernel_replay_v70_third_party_idiom_mix/coq/V70_BOOL_REFLECT_057.v,1,accept,kernel_success,coqchk_success,experiments/kernel_replay_v70_third_party_idiom_mix/logs/V70_BATCH.coqchk.log,1,accepted_kernel_checked
V70,third-party idiom mix,378,V70_BOOL_REFLECT_058,V70_BOOL_REFLECT_058,experiments/kernel_replay_v70_third_party_idiom_mix/coq/V70_BOOL_REFLECT_058.v,1,accept,kernel_success,coqchk_success,experiments/kernel_replay_v70_third_party_idiom_mix/logs/V70_BATCH.coqchk.log,1,accepted_kernel_checked
V70,third-party idiom mix,379,V70_BOOL_REFLECT_059,V70_BOOL_REFLECT_059,experiments/kernel_replay_v70_third_party_idiom_mix/coq/V70_BOOL_REFLECT_059.v,1,accept,kernel_success,coqchk_success,experiments/kernel_replay_v70_third_party_idiom_mix/logs/V70_BATCH.coqchk.log,1,accepted_kernel_checked
V70,third-party idiom mix,380,V70_BOOL_REFLECT_060,V70_BOOL_REFLECT_060,experiments/kernel_replay_v70_third_party_idiom_mix/coq/V70_BOOL_REFLECT_060.v,1,accept,kernel_success,coqchk_success,experiments/kernel_replay_v70_third_party_idiom_mix/logs/V70_BATCH.coqchk.log,1,accepted_kernel_checked
V70,third-party idiom mix,381,V70_BOOL_REFLECT_061,V70_BOOL_REFLECT_061,experiments/kernel_replay_v70_third_party_idiom_mix/coq/V70_BOOL_REFLECT_061.v,1,accept,kernel_success,coqchk_success,experiments/kernel_replay_v70_third_party_idiom_mix/logs/V70_BATCH.coqchk.log,1,accepted_kernel_checked
V70,third-party idiom mix,382,V70_BOOL_REFLECT_062,V70_BOOL_REFLECT_062,experiments/kernel_replay_v70_third_party_idiom_mix/coq/V70_BOOL_REFLECT_062.v,1,accept,kernel_success,coqchk_success,experiments/kernel_replay_v70_third_party_idiom_mix/logs/V70_BATCH.coqchk.log,1,accepted_kernel_checked
V70,third-party idiom mix,383,V70_BOOL_REFLECT_063,V70_BOOL_REFLECT_063,experiments/kernel_replay_v70_third_party_idiom_mix/coq/V70_BOOL_REFLECT_063.v,1,accept,kernel_success,coqchk_success,experiments/kernel_replay_v70_third_party_idiom_mix/logs/V70_BATCH.coqchk.log,1,accepted_kernel_checked
V70,third-party idiom mix,384,V70_BOOL_REFLECT_064,V70_BOOL_REFLECT_064,experiments/kernel_replay_v70_third_party_idiom_mix/coq/V70_BOOL_REFLECT_064.v,1,accept,kernel_success,coqchk_success,experiments/kernel_replay_v70_third_party_idiom_mix/logs/V70_BATCH.coqchk.log,1,accepted_kernel_checked
V70,third-party idiom mix,385,V70_BOOL_REFLECT_065,V70_BOOL_REFLECT_065,experiments/kernel_replay_v70_third_party_idiom_mix/coq/V70_BOOL_REFLECT_065.v,1,accept,kernel_success,coqchk_success,experiments/kernel_replay_v70_third_party_idiom_mix/logs/V70_BATCH.coqchk.log,1,accepted_kernel_checked
V70,third-party idiom mix,386,V70_BOOL_REFLECT_066,V70_BOOL_REFLECT_066,experiments/kernel_replay_v70_third_party_idiom_mix/coq/V70_BOOL_REFLECT_066.v,1,accept,kernel_success,coqchk_success,experiments/kernel_replay_v70_third_party_idiom_mix/logs/V70_BATCH.coqchk.log,1,accepted_kernel_checked
V70,third-party idiom mix,387,V70_BOOL_REFLECT_067,V70_BOOL_REFLECT_067,experiments/kernel_replay_v70_third_party_idiom_mix/coq/V70_BOOL_REFLECT_067.v,1,accept,kernel_success,coqchk_success,experiments/kernel_replay_v70_third_party_idiom_mix/logs/V70_BATCH.coqchk.log,1,accepted_kernel_checked
V70,third-party idiom mix,388,V70_BOOL_REFLECT_068,V70_BOOL_REFLECT_068,experiments/kernel_replay_v70_third_party_idiom_mix/coq/V70_BOOL_REFLECT_068.v,1,accept,kernel_success,coqchk_success,experiments/kernel_replay_v70_third_party_idiom_mix/logs/V70_BATCH.coqchk.log,1,accepted_kernel_checked
V70,third-party idiom mix,389,V70_BOOL_REFLECT_069,V70_BOOL_REFLECT_069,experiments/kernel_replay_v70_third_party_idiom_mix/coq/V70_BOOL_REFLECT_069.v,1,accept,kernel_success,coqchk_success,experiments/kernel_replay_v70_third_party_idiom_mix/logs/V70_BATCH.coqchk.log,1,accepted_kernel_checked
V70,third-party idiom mix,390,V70_BOOL_REFLECT_070,V70_BOOL_REFLECT_070,experiments/kernel_replay_v70_third_party_idiom_mix/coq/V70_BOOL_REFLECT_070.v,1,accept,kernel_success,coqchk_success,experiments/kernel_replay_v70_third_party_idiom_mix/logs/V70_BATCH.coqchk.log,1,accepted_kernel_checked
V70,third-party idiom mix,391,V70_BOOL_REFLECT_071,V70_BOOL_REFLECT_071,experiments/kernel_replay_v70_third_party_idiom_mix/coq/V70_BOOL_REFLECT_071.v,1,accept,kernel_success,coqchk_success,experiments/kernel_replay_v70_third_party_idiom_mix/logs/V70_BATCH.coqchk.log,1,accepted_kernel_checked
V70,third-party idiom mix,392,V70_BOOL_REFLECT_072,V70_BOOL_REFLECT_072,experiments/kernel_replay_v70_third_party_idiom_mix/coq/V70_BOOL_REFLECT_072.v,1,accept,kernel_success,coqchk_success,experiments/kernel_replay_v70_third_party_idiom_mix/logs/V70_BATCH.coqchk.log,1,accepted_kernel_checked
V70,third-party idiom mix,393,V70_BOOL_REFLECT_073,V70_BOOL_REFLECT_073,experiments/kernel_replay_v70_third_party_idiom_mix/coq/V70_BOOL_REFLECT_073.v,1,accept,kernel_success,coqchk_success,experiments/kernel_replay_v70_third_party_idiom_mix/logs/V70_BATCH.coqchk.log,1,accepted_kernel_checked
V70,third-party idiom mix,394,V70_BOOL_REFLECT_074,V70_BOOL_REFLECT_074,experiments/kernel_replay_v70_third_party_idiom_mix/coq/V70_BOOL_REFLECT_074.v,1,accept,kernel_success,coqchk_success,experiments/kernel_replay_v70_third_party_idiom_mix/logs/V70_BATCH.coqchk.log,1,accepted_kernel_checked
V70,third-party idiom mix,395,V70_BOOL_REFLECT_075,V70_BOOL_REFLECT_075,experiments/kernel_replay_v70_third_party_idiom_mix/coq/V70_BOOL_REFLECT_075.v,1,accept,kernel_success,coqchk_success,experiments/kernel_replay_v70_third_party_idiom_mix/logs/V70_BATCH.coqchk.log,1,accepted_kernel_checked
V70,third-party idiom mix,396,V70_BOOL_REFLECT_076,V70_BOOL_REFLECT_076,experiments/kernel_replay_v70_third_party_idiom_mix/coq/V70_BOOL_REFLECT_076.v,1,accept,kernel_success,coqchk_success,experiments/kernel_replay_v70_third_party_idiom_mix/logs/V70_BATCH.coqchk.log,1,accepted_kernel_checked
V70,third-party idiom mix,397,V70_BOOL_REFLECT_077,V70_BOOL_REFLECT_077,experiments/kernel_replay_v70_third_party_idiom_mix/coq/V70_BOOL_REFLECT_077.v,1,accept,kernel_success,coqchk_success,experiments/kernel_replay_v70_third_party_idiom_mix/logs/V70_BATCH.coqchk.log,1,accepted_kernel_checked
V70,third-party idiom mix,398,V70_BOOL_REFLECT_078,V70_BOOL_REFLECT_078,experiments/kernel_replay_v70_third_party_idiom_mix/coq/V70_BOOL_REFLECT_078.v,1,accept,kernel_success,coqchk_success,experiments/kernel_replay_v70_third_party_idiom_mix/logs/V70_BATCH.coqchk.log,1,accepted_kernel_checked
V70,third-party idiom mix,399,V70_BOOL_REFLECT_079,V70_BOOL_REFLECT_079,experiments/kernel_replay_v70_third_party_idiom_mix/coq/V70_BOOL_REFLECT_079.v,1,accept,kernel_success,coqchk_success,experiments/kernel_replay_v70_third_party_idiom_mix/logs/V70_BATCH.coqchk.log,1,accepted_kernel_checked
V70,third-party idiom mix,400,V70_BOOL_REFLECT_080,V70_BOOL_REFLECT_080,experiments/kernel_replay_v70_third_party_idiom_mix/coq/V70_BOOL_REFLECT_080.v,1,accept,kernel_success,coqchk_success,experiments/kernel_replay_v70_third_party_idiom_mix/logs/V70_BATCH.coqchk.log,1,accepted_kernel_checked
V70,third-party idiom mix,401,V70_PAIR_SWAP_001,V70_PAIR_SWAP_001,experiments/kernel_replay_v70_third_party_idiom_mix/coq/V70_PAIR_SWAP_001.v,1,accept,kernel_success,coqchk_success,experiments/kernel_replay_v70_third_party_idiom_mix/logs/V70_BATCH.coqchk.log,1,accepted_kernel_checked
V70,third-party idiom mix,402,V70_PAIR_SWAP_002,V70_PAIR_SWAP_002,experiments/kernel_replay_v70_third_party_idiom_mix/coq/V70_PAIR_SWAP_002.v,1,accept,kernel_success,coqchk_success,experiments/kernel_replay_v70_third_party_idiom_mix/logs/V70_BATCH.coqchk.log,1,accepted_kernel_checked
V70,third-party idiom mix,403,V70_PAIR_SWAP_003,V70_PAIR_SWAP_003,experiments/kernel_replay_v70_third_party_idiom_mix/coq/V70_PAIR_SWAP_003.v,1,accept,kernel_success,coqchk_success,experiments/kernel_replay_v70_third_party_idiom_mix/logs/V70_BATCH.coqchk.log,1,accepted_kernel_checked
V70,third-party idiom mix,404,V70_PAIR_SWAP_004,V70_PAIR_SWAP_004,experiments/kernel_replay_v70_third_party_idiom_mix/coq/V70_PAIR_SWAP_004.v,1,accept,kernel_success,coqchk_success,experiments/kernel_replay_v70_third_party_idiom_mix/logs/V70_BATCH.coqchk.log,1,accepted_kernel_checked
V70,third-party idiom mix,405,V70_PAIR_SWAP_005,V70_PAIR_SWAP_005,experiments/kernel_replay_v70_third_party_idiom_mix/coq/V70_PAIR_SWAP_005.v,1,accept,kernel_success,coqchk_success,experiments/kernel_replay_v70_third_party_idiom_mix/logs/V70_BATCH.coqchk.log,1,accepted_kernel_checked
V70,third-party idiom mix,406,V70_PAIR_SWAP_006,V70_PAIR_SWAP_006,experiments/kernel_replay_v70_third_party_idiom_mix/coq/V70_PAIR_SWAP_006.v,1,accept,kernel_success,coqchk_success,experiments/kernel_replay_v70_third_party_idiom_mix/logs/V70_BATCH.coqchk.log,1,accepted_kernel_checked
V70,third-party idiom mix,407,V70_PAIR_SWAP_007,V70_PAIR_SWAP_007,experiments/kernel_replay_v70_third_party_idiom_mix/coq/V70_PAIR_SWAP_007.v,1,accept,kernel_success,coqchk_success,experiments/kernel_replay_v70_third_party_idiom_mix/logs/V70_BATCH.coqchk.log,1,accepted_kernel_checked
V70,third-party idiom mix,408,V70_PAIR_SWAP_008,V70_PAIR_SWAP_008,experiments/kernel_replay_v70_third_party_idiom_mix/coq/V70_PAIR_SWAP_008.v,1,accept,kernel_success,coqchk_success,experiments/kernel_replay_v70_third_party_idiom_mix/logs/V70_BATCH.coqchk.log,1,accepted_kernel_checked
V70,third-party idiom mix,409,V70_PAIR_SWAP_009,V70_PAIR_SWAP_009,experiments/kernel_replay_v70_third_party_idiom_mix/coq/V70_PAIR_SWAP_009.v,1,accept,kernel_success,coqchk_success,experiments/kernel_replay_v70_third_party_idiom_mix/logs/V70_BATCH.coqchk.log,1,accepted_kernel_checked
V70,third-party idiom mix,410,V70_PAIR_SWAP_010,V70_PAIR_SWAP_010,experiments/kernel_replay_v70_third_party_idiom_mix/coq/V70_PAIR_SWAP_010.v,1,accept,kernel_success,coqchk_success,experiments/kernel_replay_v70_third_party_idiom_mix/logs/V70_BATCH.coqchk.log,1,accepted_kernel_checked
V70,third-party idiom mix,411,V70_PAIR_SWAP_011,V70_PAIR_SWAP_011,experiments/kernel_replay_v70_third_party_idiom_mix/coq/V70_PAIR_SWAP_011.v,1,accept,kernel_success,coqchk_success,experiments/kernel_replay_v70_third_party_idiom_mix/logs/V70_BATCH.coqchk.log,1,accepted_kernel_checked
V70,third-party idiom mix,412,V70_PAIR_SWAP_012,V70_PAIR_SWAP_012,experiments/kernel_replay_v70_third_party_idiom_mix/coq/V70_PAIR_SWAP_012.v,1,accept,kernel_success,coqchk_success,experiments/kernel_replay_v70_third_party_idiom_mix/logs/V70_BATCH.coqchk.log,1,accepted_kernel_checked
V70,third-party idiom mix,413,V70_PAIR_SWAP_013,V70_PAIR_SWAP_013,experiments/kernel_replay_v70_third_party_idiom_mix/coq/V70_PAIR_SWAP_013.v,1,accept,kernel_success,coqchk_success,experiments/kernel_replay_v70_third_party_idiom_mix/logs/V70_BATCH.coqchk.log,1,accepted_kernel_checked
V70,third-party idiom mix,414,V70_PAIR_SWAP_014,V70_PAIR_SWAP_014,experiments/kernel_replay_v70_third_party_idiom_mix/coq/V70_PAIR_SWAP_014.v,1,accept,kernel_success,coqchk_success,experiments/kernel_replay_v70_third_party_idiom_mix/logs/V70_BATCH.coqchk.log,1,accepted_kernel_checked
V70,third-party idiom mix,415,V70_PAIR_SWAP_015,V70_PAIR_SWAP_015,experiments/kernel_replay_v70_third_party_idiom_mix/coq/V70_PAIR_SWAP_015.v,1,accept,kernel_success,coqchk_success,experiments/kernel_replay_v70_third_party_idiom_mix/logs/V70_BATCH.coqchk.log,1,accepted_kernel_checked
V70,third-party idiom mix,416,V70_PAIR_SWAP_016,V70_PAIR_SWAP_016,experiments/kernel_replay_v70_third_party_idiom_mix/coq/V70_PAIR_SWAP_016.v,1,accept,kernel_success,coqchk_success,experiments/kernel_replay_v70_third_party_idiom_mix/logs/V70_BATCH.coqchk.log,1,accepted_kernel_checked
V70,third-party idiom mix,417,V70_PAIR_SWAP_017,V70_PAIR_SWAP_017,experiments/kernel_replay_v70_third_party_idiom_mix/coq/V70_PAIR_SWAP_017.v,1,accept,kernel_success,coqchk_success,experiments/kernel_replay_v70_third_party_idiom_mix/logs/V70_BATCH.coqchk.log,1,accepted_kernel_checked
V70,third-party idiom mix,418,V70_PAIR_SWAP_018,V70_PAIR_SWAP_018,experiments/kernel_replay_v70_third_party_idiom_mix/coq/V70_PAIR_SWAP_018.v,1,accept,kernel_success,coqchk_success,experiments/kernel_replay_v70_third_party_idiom_mix/logs/V70_BATCH.coqchk.log,1,accepted_kernel_checked
V70,third-party idiom mix,419,V70_PAIR_SWAP_019,V70_PAIR_SWAP_019,experiments/kernel_replay_v70_third_party_idiom_mix/coq/V70_PAIR_SWAP_019.v,1,accept,kernel_success,coqchk_success,experiments/kernel_replay_v70_third_party_idiom_mix/logs/V70_BATCH.coqchk.log,1,accepted_kernel_checked
V70,third-party idiom mix,420,V70_PAIR_SWAP_020,V70_PAIR_SWAP_020,experiments/kernel_replay_v70_third_party_idiom_mix/coq/V70_PAIR_SWAP_020.v,1,accept,kernel_success,coqchk_success,experiments/kernel_replay_v70_third_party_idiom_mix/logs/V70_BATCH.coqchk.log,1,accepted_kernel_checked
V70,third-party idiom mix,421,V70_PAIR_SWAP_021,V70_PAIR_SWAP_021,experiments/kernel_replay_v70_third_party_idiom_mix/coq/V70_PAIR_SWAP_021.v,1,accept,kernel_success,coqchk_success,experiments/kernel_replay_v70_third_party_idiom_mix/logs/V70_BATCH.coqchk.log,1,accepted_kernel_checked
V70,third-party idiom mix,422,V70_PAIR_SWAP_022,V70_PAIR_SWAP_022,experiments/kernel_replay_v70_third_party_idiom_mix/coq/V70_PAIR_SWAP_022.v,1,accept,kernel_success,coqchk_success,experiments/kernel_replay_v70_third_party_idiom_mix/logs/V70_BATCH.coqchk.log,1,accepted_kernel_checked
V70,third-party idiom mix,423,V70_PAIR_SWAP_023,V70_PAIR_SWAP_023,experiments/kernel_replay_v70_third_party_idiom_mix/coq/V70_PAIR_SWAP_023.v,1,accept,kernel_success,coqchk_success,experiments/kernel_replay_v70_third_party_idiom_mix/logs/V70_BATCH.coqchk.log,1,accepted_kernel_checked
V70,third-party idiom mix,424,V70_PAIR_SWAP_024,V70_PAIR_SWAP_024,experiments/kernel_replay_v70_third_party_idiom_mix/coq/V70_PAIR_SWAP_024.v,1,accept,kernel_success,coqchk_success,experiments/kernel_replay_v70_third_party_idiom_mix/logs/V70_BATCH.coqchk.log,1,accepted_kernel_checked
V70,third-party idiom mix,425,V70_PAIR_SWAP_025,V70_PAIR_SWAP_025,experiments/kernel_replay_v70_third_party_idiom_mix/coq/V70_PAIR_SWAP_025.v,1,accept,kernel_success,coqchk_success,experiments/kernel_replay_v70_third_party_idiom_mix/logs/V70_BATCH.coqchk.log,1,accepted_kernel_checked
V70,third-party idiom mix,426,V70_PAIR_SWAP_026,V70_PAIR_SWAP_026,experiments/kernel_replay_v70_third_party_idiom_mix/coq/V70_PAIR_SWAP_026.v,1,accept,kernel_success,coqchk_success,experiments/kernel_replay_v70_third_party_idiom_mix/logs/V70_BATCH.coqchk.log,1,accepted_kernel_checked
V70,third-party idiom mix,427,V70_PAIR_SWAP_027,V70_PAIR_SWAP_027,experiments/kernel_replay_v70_third_party_idiom_mix/coq/V70_PAIR_SWAP_027.v,1,accept,kernel_success,coqchk_success,experiments/kernel_replay_v70_third_party_idiom_mix/logs/V70_BATCH.coqchk.log,1,accepted_kernel_checked
V70,third-party idiom mix,428,V70_PAIR_SWAP_028,V70_PAIR_SWAP_028,experiments/kernel_replay_v70_third_party_idiom_mix/coq/V70_PAIR_SWAP_028.v,1,accept,kernel_success,coqchk_success,experiments/kernel_replay_v70_third_party_idiom_mix/logs/V70_BATCH.coqchk.log,1,accepted_kernel_checked
V70,third-party idiom mix,429,V70_PAIR_SWAP_029,V70_PAIR_SWAP_029,experiments/kernel_replay_v70_third_party_idiom_mix/coq/V70_PAIR_SWAP_029.v,1,accept,kernel_success,coqchk_success,experiments/kernel_replay_v70_third_party_idiom_mix/logs/V70_BATCH.coqchk.log,1,accepted_kernel_checked
V70,third-party idiom mix,430,V70_PAIR_SWAP_030,V70_PAIR_SWAP_030,experiments/kernel_replay_v70_third_party_idiom_mix/coq/V70_PAIR_SWAP_030.v,1,accept,kernel_success,coqchk_success,experiments/kernel_replay_v70_third_party_idiom_mix/logs/V70_BATCH.coqchk.log,1,accepted_kernel_checked
V70,third-party idiom mix,431,V70_PAIR_SWAP_031,V70_PAIR_SWAP_031,experiments/kernel_replay_v70_third_party_idiom_mix/coq/V70_PAIR_SWAP_031.v,1,accept,kernel_success,coqchk_success,experiments/kernel_replay_v70_third_party_idiom_mix/logs/V70_BATCH.coqchk.log,1,accepted_kernel_checked
V70,third-party idiom mix,432,V70_PAIR_SWAP_032,V70_PAIR_SWAP_032,experiments/kernel_replay_v70_third_party_idiom_mix/coq/V70_PAIR_SWAP_032.v,1,accept,kernel_success,coqchk_success,experiments/kernel_replay_v70_third_party_idiom_mix/logs/V70_BATCH.coqchk.log,1,accepted_kernel_checked
V70,third-party idiom mix,433,V70_PAIR_SWAP_033,V70_PAIR_SWAP_033,experiments/kernel_replay_v70_third_party_idiom_mix/coq/V70_PAIR_SWAP_033.v,1,accept,kernel_success,coqchk_success,experiments/kernel_replay_v70_third_party_idiom_mix/logs/V70_BATCH.coqchk.log,1,accepted_kernel_checked
V70,third-party idiom mix,434,V70_PAIR_SWAP_034,V70_PAIR_SWAP_034,experiments/kernel_replay_v70_third_party_idiom_mix/coq/V70_PAIR_SWAP_034.v,1,accept,kernel_success,coqchk_success,experiments/kernel_replay_v70_third_party_idiom_mix/logs/V70_BATCH.coqchk.log,1,accepted_kernel_checked
V70,third-party idiom mix,435,V70_PAIR_SWAP_035,V70_PAIR_SWAP_035,experiments/kernel_replay_v70_third_party_idiom_mix/coq/V70_PAIR_SWAP_035.v,1,accept,kernel_success,coqchk_success,experiments/kernel_replay_v70_third_party_idiom_mix/logs/V70_BATCH.coqchk.log,1,accepted_kernel_checked
V70,third-party idiom mix,436,V70_PAIR_SWAP_036,V70_PAIR_SWAP_036,experiments/kernel_replay_v70_third_party_idiom_mix/coq/V70_PAIR_SWAP_036.v,1,accept,kernel_success,coqchk_success,experiments/kernel_replay_v70_third_party_idiom_mix/logs/V70_BATCH.coqchk.log,1,accepted_kernel_checked
V70,third-party idiom mix,437,V70_PAIR_SWAP_037,V70_PAIR_SWAP_037,experiments/kernel_replay_v70_third_party_idiom_mix/coq/V70_PAIR_SWAP_037.v,1,accept,kernel_success,coqchk_success,experiments/kernel_replay_v70_third_party_idiom_mix/logs/V70_BATCH.coqchk.log,1,accepted_kernel_checked
V70,third-party idiom mix,438,V70_PAIR_SWAP_038,V70_PAIR_SWAP_038,experiments/kernel_replay_v70_third_party_idiom_mix/coq/V70_PAIR_SWAP_038.v,1,accept,kernel_success,coqchk_success,experiments/kernel_replay_v70_third_party_idiom_mix/logs/V70_BATCH.coqchk.log,1,accepted_kernel_checked
V70,third-party idiom mix,439,V70_PAIR_SWAP_039,V70_PAIR_SWAP_039,experiments/kernel_replay_v70_third_party_idiom_mix/coq/V70_PAIR_SWAP_039.v,1,accept,kernel_success,coqchk_success,experiments/kernel_replay_v70_third_party_idiom_mix/logs/V70_BATCH.coqchk.log,1,accepted_kernel_checked
V70,third-party idiom mix,440,V70_PAIR_SWAP_040,V70_PAIR_SWAP_040,experiments/kernel_replay_v70_third_party_idiom_mix/coq/V70_PAIR_SWAP_040.v,1,accept,kernel_success,coqchk_success,experiments/kernel_replay_v70_third_party_idiom_mix/logs/V70_BATCH.coqchk.log,1,accepted_kernel_checked
V70,third-party idiom mix,441,V70_PAIR_SWAP_041,V70_PAIR_SWAP_041,experiments/kernel_replay_v70_third_party_idiom_mix/coq/V70_PAIR_SWAP_041.v,1,accept,kernel_success,coqchk_success,experiments/kernel_replay_v70_third_party_idiom_mix/logs/V70_BATCH.coqchk.log,1,accepted_kernel_checked
V70,third-party idiom mix,442,V70_PAIR_SWAP_042,V70_PAIR_SWAP_042,experiments/kernel_replay_v70_third_party_idiom_mix/coq/V70_PAIR_SWAP_042.v,1,accept,kernel_success,coqchk_success,experiments/kernel_replay_v70_third_party_idiom_mix/logs/V70_BATCH.coqchk.log,1,accepted_kernel_checked
V70,third-party idiom mix,443,V70_PAIR_SWAP_043,V70_PAIR_SWAP_043,experiments/kernel_replay_v70_third_party_idiom_mix/coq/V70_PAIR_SWAP_043.v,1,accept,kernel_success,coqchk_success,experiments/kernel_replay_v70_third_party_idiom_mix/logs/V70_BATCH.coqchk.log,1,accepted_kernel_checked
V70,third-party idiom mix,444,V70_PAIR_SWAP_044,V70_PAIR_SWAP_044,experiments/kernel_replay_v70_third_party_idiom_mix/coq/V70_PAIR_SWAP_044.v,1,accept,kernel_success,coqchk_success,experiments/kernel_replay_v70_third_party_idiom_mix/logs/V70_BATCH.coqchk.log,1,accepted_kernel_checked
V70,third-party idiom mix,445,V70_PAIR_SWAP_045,V70_PAIR_SWAP_045,experiments/kernel_replay_v70_third_party_idiom_mix/coq/V70_PAIR_SWAP_045.v,1,accept,kernel_success,coqchk_success,experiments/kernel_replay_v70_third_party_idiom_mix/logs/V70_BATCH.coqchk.log,1,accepted_kernel_checked
V70,third-party idiom mix,446,V70_PAIR_SWAP_046,V70_PAIR_SWAP_046,experiments/kernel_replay_v70_third_party_idiom_mix/coq/V70_PAIR_SWAP_046.v,1,accept,kernel_success,coqchk_success,experiments/kernel_replay_v70_third_party_idiom_mix/logs/V70_BATCH.coqchk.log,1,accepted_kernel_checked
V70,third-party idiom mix,447,V70_PAIR_SWAP_047,V70_PAIR_SWAP_047,experiments/kernel_replay_v70_third_party_idiom_mix/coq/V70_PAIR_SWAP_047.v,1,accept,kernel_success,coqchk_success,experiments/kernel_replay_v70_third_party_idiom_mix/logs/V70_BATCH.coqchk.log,1,accepted_kernel_checked
V70,third-party idiom mix,448,V70_PAIR_SWAP_048,V70_PAIR_SWAP_048,experiments/kernel_replay_v70_third_party_idiom_mix/coq/V70_PAIR_SWAP_048.v,1,accept,kernel_success,coqchk_success,experiments/kernel_replay_v70_third_party_idiom_mix/logs/V70_BATCH.coqchk.log,1,accepted_kernel_checked
V70,third-party idiom mix,449,V70_PAIR_SWAP_049,V70_PAIR_SWAP_049,experiments/kernel_replay_v70_third_party_idiom_mix/coq/V70_PAIR_SWAP_049.v,1,accept,kernel_success,coqchk_success,experiments/kernel_replay_v70_third_party_idiom_mix/logs/V70_BATCH.coqchk.log,1,accepted_kernel_checked
V70,third-party idiom mix,450,V70_PAIR_SWAP_050,V70_PAIR_SWAP_050,experiments/kernel_replay_v70_third_party_idiom_mix/coq/V70_PAIR_SWAP_050.v,1,accept,kernel_success,coqchk_success,experiments/kernel_replay_v70_third_party_idiom_mix/logs/V70_BATCH.coqchk.log,1,accepted_kernel_checked
V70,third-party idiom mix,451,V70_PAIR_SWAP_051,V70_PAIR_SWAP_051,experiments/kernel_replay_v70_third_party_idiom_mix/coq/V70_PAIR_SWAP_051.v,1,accept,kernel_success,coqchk_success,experiments/kernel_replay_v70_third_party_idiom_mix/logs/V70_BATCH.coqchk.log,1,accepted_kernel_checked
V70,third-party idiom mix,452,V70_PAIR_SWAP_052,V70_PAIR_SWAP_052,experiments/kernel_replay_v70_third_party_idiom_mix/coq/V70_PAIR_SWAP_052.v,1,accept,kernel_success,coqchk_success,experiments/kernel_replay_v70_third_party_idiom_mix/logs/V70_BATCH.coqchk.log,1,accepted_kernel_checked
V70,third-party idiom mix,453,V70_PAIR_SWAP_053,V70_PAIR_SWAP_053,experiments/kernel_replay_v70_third_party_idiom_mix/coq/V70_PAIR_SWAP_053.v,1,accept,kernel_success,coqchk_success,experiments/kernel_replay_v70_third_party_idiom_mix/logs/V70_BATCH.coqchk.log,1,accepted_kernel_checked
V70,third-party idiom mix,454,V70_PAIR_SWAP_054,V70_PAIR_SWAP_054,experiments/kernel_replay_v70_third_party_idiom_mix/coq/V70_PAIR_SWAP_054.v,1,accept,kernel_success,coqchk_success,experiments/kernel_replay_v70_third_party_idiom_mix/logs/V70_BATCH.coqchk.log,1,accepted_kernel_checked
V70,third-party idiom mix,455,V70_PAIR_SWAP_055,V70_PAIR_SWAP_055,experiments/kernel_replay_v70_third_party_idiom_mix/coq/V70_PAIR_SWAP_055.v,1,accept,kernel_success,coqchk_success,experiments/kernel_replay_v70_third_party_idiom_mix/logs/V70_BATCH.coqchk.log,1,accepted_kernel_checked
V70,third-party idiom mix,456,V70_PAIR_SWAP_056,V70_PAIR_SWAP_056,experiments/kernel_replay_v70_third_party_idiom_mix/coq/V70_PAIR_SWAP_056.v,1,accept,kernel_success,coqchk_success,experiments/kernel_replay_v70_third_party_idiom_mix/logs/V70_BATCH.coqchk.log,1,accepted_kernel_checked
V70,third-party idiom mix,457,V70_PAIR_SWAP_057,V70_PAIR_SWAP_057,experiments/kernel_replay_v70_third_party_idiom_mix/coq/V70_PAIR_SWAP_057.v,1,accept,kernel_success,coqchk_success,experiments/kernel_replay_v70_third_party_idiom_mix/logs/V70_BATCH.coqchk.log,1,accepted_kernel_checked
V70,third-party idiom mix,458,V70_PAIR_SWAP_058,V70_PAIR_SWAP_058,experiments/kernel_replay_v70_third_party_idiom_mix/coq/V70_PAIR_SWAP_058.v,1,accept,kernel_success,coqchk_success,experiments/kernel_replay_v70_third_party_idiom_mix/logs/V70_BATCH.coqchk.log,1,accepted_kernel_checked
V70,third-party idiom mix,459,V70_PAIR_SWAP_059,V70_PAIR_SWAP_059,experiments/kernel_replay_v70_third_party_idiom_mix/coq/V70_PAIR_SWAP_059.v,1,accept,kernel_success,coqchk_success,experiments/kernel_replay_v70_third_party_idiom_mix/logs/V70_BATCH.coqchk.log,1,accepted_kernel_checked
V70,third-party idiom mix,460,V70_PAIR_SWAP_060,V70_PAIR_SWAP_060,experiments/kernel_replay_v70_third_party_idiom_mix/coq/V70_PAIR_SWAP_060.v,1,accept,kernel_success,coqchk_success,experiments/kernel_replay_v70_third_party_idiom_mix/logs/V70_BATCH.coqchk.log,1,accepted_kernel_checked
V70,third-party idiom mix,461,V70_PAIR_SWAP_061,V70_PAIR_SWAP_061,experiments/kernel_replay_v70_third_party_idiom_mix/coq/V70_PAIR_SWAP_061.v,1,accept,kernel_success,coqchk_success,experiments/kernel_replay_v70_third_party_idiom_mix/logs/V70_BATCH.coqchk.log,1,accepted_kernel_checked
V70,third-party idiom mix,462,V70_PAIR_SWAP_062,V70_PAIR_SWAP_062,experiments/kernel_replay_v70_third_party_idiom_mix/coq/V70_PAIR_SWAP_062.v,1,accept,kernel_success,coqchk_success,experiments/kernel_replay_v70_third_party_idiom_mix/logs/V70_BATCH.coqchk.log,1,accepted_kernel_checked
V70,third-party idiom mix,463,V70_PAIR_SWAP_063,V70_PAIR_SWAP_063,experiments/kernel_replay_v70_third_party_idiom_mix/coq/V70_PAIR_SWAP_063.v,1,accept,kernel_success,coqchk_success,experiments/kernel_replay_v70_third_party_idiom_mix/logs/V70_BATCH.coqchk.log,1,accepted_kernel_checked
V70,third-party idiom mix,464,V70_PAIR_SWAP_064,V70_PAIR_SWAP_064,experiments/kernel_replay_v70_third_party_idiom_mix/coq/V70_PAIR_SWAP_064.v,1,accept,kernel_success,coqchk_success,experiments/kernel_replay_v70_third_party_idiom_mix/logs/V70_BATCH.coqchk.log,1,accepted_kernel_checked
V70,third-party idiom mix,465,V70_PAIR_SWAP_065,V70_PAIR_SWAP_065,experiments/kernel_replay_v70_third_party_idiom_mix/coq/V70_PAIR_SWAP_065.v,1,accept,kernel_success,coqchk_success,experiments/kernel_replay_v70_third_party_idiom_mix/logs/V70_BATCH.coqchk.log,1,accepted_kernel_checked
V70,third-party idiom mix,466,V70_PAIR_SWAP_066,V70_PAIR_SWAP_066,experiments/kernel_replay_v70_third_party_idiom_mix/coq/V70_PAIR_SWAP_066.v,1,accept,kernel_success,coqchk_success,experiments/kernel_replay_v70_third_party_idiom_mix/logs/V70_BATCH.coqchk.log,1,accepted_kernel_checked
V70,third-party idiom mix,467,V70_PAIR_SWAP_067,V70_PAIR_SWAP_067,experiments/kernel_replay_v70_third_party_idiom_mix/coq/V70_PAIR_SWAP_067.v,1,accept,kernel_success,coqchk_success,experiments/kernel_replay_v70_third_party_idiom_mix/logs/V70_BATCH.coqchk.log,1,accepted_kernel_checked
V70,third-party idiom mix,468,V70_PAIR_SWAP_068,V70_PAIR_SWAP_068,experiments/kernel_replay_v70_third_party_idiom_mix/coq/V70_PAIR_SWAP_068.v,1,accept,kernel_success,coqchk_success,experiments/kernel_replay_v70_third_party_idiom_mix/logs/V70_BATCH.coqchk.log,1,accepted_kernel_checked
V70,third-party idiom mix,469,V70_PAIR_SWAP_069,V70_PAIR_SWAP_069,experiments/kernel_replay_v70_third_party_idiom_mix/coq/V70_PAIR_SWAP_069.v,1,accept,kernel_success,coqchk_success,experiments/kernel_replay_v70_third_party_idiom_mix/logs/V70_BATCH.coqchk.log,1,accepted_kernel_checked
V70,third-party idiom mix,470,V70_PAIR_SWAP_070,V70_PAIR_SWAP_070,experiments/kernel_replay_v70_third_party_idiom_mix/coq/V70_PAIR_SWAP_070.v,1,accept,kernel_success,coqchk_success,experiments/kernel_replay_v70_third_party_idiom_mix/logs/V70_BATCH.coqchk.log,1,accepted_kernel_checked
V70,third-party idiom mix,471,V70_PAIR_SWAP_071,V70_PAIR_SWAP_071,experiments/kernel_replay_v70_third_party_idiom_mix/coq/V70_PAIR_SWAP_071.v,1,accept,kernel_success,coqchk_success,experiments/kernel_replay_v70_third_party_idiom_mix/logs/V70_BATCH.coqchk.log,1,accepted_kernel_checked
V70,third-party idiom mix,472,V70_PAIR_SWAP_072,V70_PAIR_SWAP_072,experiments/kernel_replay_v70_third_party_idiom_mix/coq/V70_PAIR_SWAP_072.v,1,accept,kernel_success,coqchk_success,experiments/kernel_replay_v70_third_party_idiom_mix/logs/V70_BATCH.coqchk.log,1,accepted_kernel_checked
V70,third-party idiom mix,473,V70_PAIR_SWAP_073,V70_PAIR_SWAP_073,experiments/kernel_replay_v70_third_party_idiom_mix/coq/V70_PAIR_SWAP_073.v,1,accept,kernel_success,coqchk_success,experiments/kernel_replay_v70_third_party_idiom_mix/logs/V70_BATCH.coqchk.log,1,accepted_kernel_checked
V70,third-party idiom mix,474,V70_PAIR_SWAP_074,V70_PAIR_SWAP_074,experiments/kernel_replay_v70_third_party_idiom_mix/coq/V70_PAIR_SWAP_074.v,1,accept,kernel_success,coqchk_success,experiments/kernel_replay_v70_third_party_idiom_mix/logs/V70_BATCH.coqchk.log,1,accepted_kernel_checked
V70,third-party idiom mix,475,V70_PAIR_SWAP_075,V70_PAIR_SWAP_075,experiments/kernel_replay_v70_third_party_idiom_mix/coq/V70_PAIR_SWAP_075.v,1,accept,kernel_success,coqchk_success,experiments/kernel_replay_v70_third_party_idiom_mix/logs/V70_BATCH.coqchk.log,1,accepted_kernel_checked
V70,third-party idiom mix,476,V70_PAIR_SWAP_076,V70_PAIR_SWAP_076,experiments/kernel_replay_v70_third_party_idiom_mix/coq/V70_PAIR_SWAP_076.v,1,accept,kernel_success,coqchk_success,experiments/kernel_replay_v70_third_party_idiom_mix/logs/V70_BATCH.coqchk.log,1,accepted_kernel_checked
V70,third-party idiom mix,477,V70_PAIR_SWAP_077,V70_PAIR_SWAP_077,experiments/kernel_replay_v70_third_party_idiom_mix/coq/V70_PAIR_SWAP_077.v,1,accept,kernel_success,coqchk_success,experiments/kernel_replay_v70_third_party_idiom_mix/logs/V70_BATCH.coqchk.log,1,accepted_kernel_checked
V70,third-party idiom mix,478,V70_PAIR_SWAP_078,V70_PAIR_SWAP_078,experiments/kernel_replay_v70_third_party_idiom_mix/coq/V70_PAIR_SWAP_078.v,1,accept,kernel_success,coqchk_success,experiments/kernel_replay_v70_third_party_idiom_mix/logs/V70_BATCH.coqchk.log,1,accepted_kernel_checked
V70,third-party idiom mix,479,V70_PAIR_SWAP_079,V70_PAIR_SWAP_079,experiments/kernel_replay_v70_third_party_idiom_mix/coq/V70_PAIR_SWAP_079.v,1,accept,kernel_success,coqchk_success,experiments/kernel_replay_v70_third_party_idiom_mix/logs/V70_BATCH.coqchk.log,1,accepted_kernel_checked
V70,third-party idiom mix,480,V70_PAIR_SWAP_080,V70_PAIR_SWAP_080,experiments/kernel_replay_v70_third_party_idiom_mix/coq/V70_PAIR_SWAP_080.v,1,accept,kernel_success,coqchk_success,experiments/kernel_replay_v70_third_party_idiom_mix/logs/V70_BATCH.coqchk.log,1,accepted_kernel_checked
V70,third-party idiom mix,481,V70_RECORD_TUPLE_001,V70_RECORD_TUPLE_001,experiments/kernel_replay_v70_third_party_idiom_mix/coq/V70_RECORD_TUPLE_001.v,1,accept,kernel_success,coqchk_success,experiments/kernel_replay_v70_third_party_idiom_mix/logs/V70_BATCH.coqchk.log,1,accepted_kernel_checked
V70,third-party idiom mix,482,V70_RECORD_TUPLE_002,V70_RECORD_TUPLE_002,experiments/kernel_replay_v70_third_party_idiom_mix/coq/V70_RECORD_TUPLE_002.v,1,accept,kernel_success,coqchk_success,experiments/kernel_replay_v70_third_party_idiom_mix/logs/V70_BATCH.coqchk.log,1,accepted_kernel_checked
V70,third-party idiom mix,483,V70_RECORD_TUPLE_003,V70_RECORD_TUPLE_003,experiments/kernel_replay_v70_third_party_idiom_mix/coq/V70_RECORD_TUPLE_003.v,1,accept,kernel_success,coqchk_success,experiments/kernel_replay_v70_third_party_idiom_mix/logs/V70_BATCH.coqchk.log,1,accepted_kernel_checked
V70,third-party idiom mix,484,V70_RECORD_TUPLE_004,V70_RECORD_TUPLE_004,experiments/kernel_replay_v70_third_party_idiom_mix/coq/V70_RECORD_TUPLE_004.v,1,accept,kernel_success,coqchk_success,experiments/kernel_replay_v70_third_party_idiom_mix/logs/V70_BATCH.coqchk.log,1,accepted_kernel_checked
V70,third-party idiom mix,485,V70_RECORD_TUPLE_005,V70_RECORD_TUPLE_005,experiments/kernel_replay_v70_third_party_idiom_mix/coq/V70_RECORD_TUPLE_005.v,1,accept,kernel_success,coqchk_success,experiments/kernel_replay_v70_third_party_idiom_mix/logs/V70_BATCH.coqchk.log,1,accepted_kernel_checked
V70,third-party idiom mix,486,V70_RECORD_TUPLE_006,V70_RECORD_TUPLE_006,experiments/kernel_replay_v70_third_party_idiom_mix/coq/V70_RECORD_TUPLE_006.v,1,accept,kernel_success,coqchk_success,experiments/kernel_replay_v70_third_party_idiom_mix/logs/V70_BATCH.coqchk.log,1,accepted_kernel_checked
V70,third-party idiom mix,487,V70_RECORD_TUPLE_007,V70_RECORD_TUPLE_007,experiments/kernel_replay_v70_third_party_idiom_mix/coq/V70_RECORD_TUPLE_007.v,1,accept,kernel_success,coqchk_success,experiments/kernel_replay_v70_third_party_idiom_mix/logs/V70_BATCH.coqchk.log,1,accepted_kernel_checked
V70,third-party idiom mix,488,V70_RECORD_TUPLE_008,V70_RECORD_TUPLE_008,experiments/kernel_replay_v70_third_party_idiom_mix/coq/V70_RECORD_TUPLE_008.v,1,accept,kernel_success,coqchk_success,experiments/kernel_replay_v70_third_party_idiom_mix/logs/V70_BATCH.coqchk.log,1,accepted_kernel_checked
V70,third-party idiom mix,489,V70_RECORD_TUPLE_009,V70_RECORD_TUPLE_009,experiments/kernel_replay_v70_third_party_idiom_mix/coq/V70_RECORD_TUPLE_009.v,1,accept,kernel_success,coqchk_success,experiments/kernel_replay_v70_third_party_idiom_mix/logs/V70_BATCH.coqchk.log,1,accepted_kernel_checked
V70,third-party idiom mix,490,V70_RECORD_TUPLE_010,V70_RECORD_TUPLE_010,experiments/kernel_replay_v70_third_party_idiom_mix/coq/V70_RECORD_TUPLE_010.v,1,accept,kernel_success,coqchk_success,experiments/kernel_replay_v70_third_party_idiom_mix/logs/V70_BATCH.coqchk.log,1,accepted_kernel_checked
V70,third-party idiom mix,491,V70_RECORD_TUPLE_011,V70_RECORD_TUPLE_011,experiments/kernel_replay_v70_third_party_idiom_mix/coq/V70_RECORD_TUPLE_011.v,1,accept,kernel_success,coqchk_success,experiments/kernel_replay_v70_third_party_idiom_mix/logs/V70_BATCH.coqchk.log,1,accepted_kernel_checked
V70,third-party idiom mix,492,V70_RECORD_TUPLE_012,V70_RECORD_TUPLE_012,experiments/kernel_replay_v70_third_party_idiom_mix/coq/V70_RECORD_TUPLE_012.v,1,accept,kernel_success,coqchk_success,experiments/kernel_replay_v70_third_party_idiom_mix/logs/V70_BATCH.coqchk.log,1,accepted_kernel_checked
V70,third-party idiom mix,493,V70_RECORD_TUPLE_013,V70_RECORD_TUPLE_013,experiments/kernel_replay_v70_third_party_idiom_mix/coq/V70_RECORD_TUPLE_013.v,1,accept,kernel_success,coqchk_success,experiments/kernel_replay_v70_third_party_idiom_mix/logs/V70_BATCH.coqchk.log,1,accepted_kernel_checked
V70,third-party idiom mix,494,V70_RECORD_TUPLE_014,V70_RECORD_TUPLE_014,experiments/kernel_replay_v70_third_party_idiom_mix/coq/V70_RECORD_TUPLE_014.v,1,accept,kernel_success,coqchk_success,experiments/kernel_replay_v70_third_party_idiom_mix/logs/V70_BATCH.coqchk.log,1,accepted_kernel_checked
V70,third-party idiom mix,495,V70_RECORD_TUPLE_015,V70_RECORD_TUPLE_015,experiments/kernel_replay_v70_third_party_idiom_mix/coq/V70_RECORD_TUPLE_015.v,1,accept,kernel_success,coqchk_success,experiments/kernel_replay_v70_third_party_idiom_mix/logs/V70_BATCH.coqchk.log,1,accepted_kernel_checked
V70,third-party idiom mix,496,V70_RECORD_TUPLE_016,V70_RECORD_TUPLE_016,experiments/kernel_replay_v70_third_party_idiom_mix/coq/V70_RECORD_TUPLE_016.v,1,accept,kernel_success,coqchk_success,experiments/kernel_replay_v70_third_party_idiom_mix/logs/V70_BATCH.coqchk.log,1,accepted_kernel_checked
V70,third-party idiom mix,497,V70_RECORD_TUPLE_017,V70_RECORD_TUPLE_017,experiments/kernel_replay_v70_third_party_idiom_mix/coq/V70_RECORD_TUPLE_017.v,1,accept,kernel_success,coqchk_success,experiments/kernel_replay_v70_third_party_idiom_mix/logs/V70_BATCH.coqchk.log,1,accepted_kernel_checked
V70,third-party idiom mix,498,V70_RECORD_TUPLE_018,V70_RECORD_TUPLE_018,experiments/kernel_replay_v70_third_party_idiom_mix/coq/V70_RECORD_TUPLE_018.v,1,accept,kernel_success,coqchk_success,experiments/kernel_replay_v70_third_party_idiom_mix/logs/V70_BATCH.coqchk.log,1,accepted_kernel_checked
V70,third-party idiom mix,499,V70_RECORD_TUPLE_019,V70_RECORD_TUPLE_019,experiments/kernel_replay_v70_third_party_idiom_mix/coq/V70_RECORD_TUPLE_019.v,1,accept,kernel_success,coqchk_success,experiments/kernel_replay_v70_third_party_idiom_mix/logs/V70_BATCH.coqchk.log,1,accepted_kernel_checked
V70,third-party idiom mix,500,V70_RECORD_TUPLE_020,V70_RECORD_TUPLE_020,experiments/kernel_replay_v70_third_party_idiom_mix/coq/V70_RECORD_TUPLE_020.v,1,accept,kernel_success,coqchk_success,experiments/kernel_replay_v70_third_party_idiom_mix/logs/V70_BATCH.coqchk.log,1,accepted_kernel_checked
V70,third-party idiom mix,501,V70_RECORD_TUPLE_021,V70_RECORD_TUPLE_021,experiments/kernel_replay_v70_third_party_idiom_mix/coq/V70_RECORD_TUPLE_021.v,1,accept,kernel_success,coqchk_success,experiments/kernel_replay_v70_third_party_idiom_mix/logs/V70_BATCH.coqchk.log,1,accepted_kernel_checked
V70,third-party idiom mix,502,V70_RECORD_TUPLE_022,V70_RECORD_TUPLE_022,experiments/kernel_replay_v70_third_party_idiom_mix/coq/V70_RECORD_TUPLE_022.v,1,accept,kernel_success,coqchk_success,experiments/kernel_replay_v70_third_party_idiom_mix/logs/V70_BATCH.coqchk.log,1,accepted_kernel_checked
V70,third-party idiom mix,503,V70_RECORD_TUPLE_023,V70_RECORD_TUPLE_023,experiments/kernel_replay_v70_third_party_idiom_mix/coq/V70_RECORD_TUPLE_023.v,1,accept,kernel_success,coqchk_success,experiments/kernel_replay_v70_third_party_idiom_mix/logs/V70_BATCH.coqchk.log,1,accepted_kernel_checked
V70,third-party idiom mix,504,V70_RECORD_TUPLE_024,V70_RECORD_TUPLE_024,experiments/kernel_replay_v70_third_party_idiom_mix/coq/V70_RECORD_TUPLE_024.v,1,accept,kernel_success,coqchk_success,experiments/kernel_replay_v70_third_party_idiom_mix/logs/V70_BATCH.coqchk.log,1,accepted_kernel_checked
V70,third-party idiom mix,505,V70_RECORD_TUPLE_025,V70_RECORD_TUPLE_025,experiments/kernel_replay_v70_third_party_idiom_mix/coq/V70_RECORD_TUPLE_025.v,1,accept,kernel_success,coqchk_success,experiments/kernel_replay_v70_third_party_idiom_mix/logs/V70_BATCH.coqchk.log,1,accepted_kernel_checked
V70,third-party idiom mix,506,V70_RECORD_TUPLE_026,V70_RECORD_TUPLE_026,experiments/kernel_replay_v70_third_party_idiom_mix/coq/V70_RECORD_TUPLE_026.v,1,accept,kernel_success,coqchk_success,experiments/kernel_replay_v70_third_party_idiom_mix/logs/V70_BATCH.coqchk.log,1,accepted_kernel_checked
V70,third-party idiom mix,507,V70_RECORD_TUPLE_027,V70_RECORD_TUPLE_027,experiments/kernel_replay_v70_third_party_idiom_mix/coq/V70_RECORD_TUPLE_027.v,1,accept,kernel_success,coqchk_success,experiments/kernel_replay_v70_third_party_idiom_mix/logs/V70_BATCH.coqchk.log,1,accepted_kernel_checked
V70,third-party idiom mix,508,V70_RECORD_TUPLE_028,V70_RECORD_TUPLE_028,experiments/kernel_replay_v70_third_party_idiom_mix/coq/V70_RECORD_TUPLE_028.v,1,accept,kernel_success,coqchk_success,experiments/kernel_replay_v70_third_party_idiom_mix/logs/V70_BATCH.coqchk.log,1,accepted_kernel_checked
V70,third-party idiom mix,509,V70_RECORD_TUPLE_029,V70_RECORD_TUPLE_029,experiments/kernel_replay_v70_third_party_idiom_mix/coq/V70_RECORD_TUPLE_029.v,1,accept,kernel_success,coqchk_success,experiments/kernel_replay_v70_third_party_idiom_mix/logs/V70_BATCH.coqchk.log,1,accepted_kernel_checked
V70,third-party idiom mix,510,V70_RECORD_TUPLE_030,V70_RECORD_TUPLE_030,experiments/kernel_replay_v70_third_party_idiom_mix/coq/V70_RECORD_TUPLE_030.v,1,accept,kernel_success,coqchk_success,experiments/kernel_replay_v70_third_party_idiom_mix/logs/V70_BATCH.coqchk.log,1,accepted_kernel_checked
V70,third-party idiom mix,511,V70_RECORD_TUPLE_031,V70_RECORD_TUPLE_031,experiments/kernel_replay_v70_third_party_idiom_mix/coq/V70_RECORD_TUPLE_031.v,1,accept,kernel_success,coqchk_success,experiments/kernel_replay_v70_third_party_idiom_mix/logs/V70_BATCH.coqchk.log,1,accepted_kernel_checked
V70,third-party idiom mix,512,V70_RECORD_TUPLE_032,V70_RECORD_TUPLE_032,experiments/kernel_replay_v70_third_party_idiom_mix/coq/V70_RECORD_TUPLE_032.v,1,accept,kernel_success,coqchk_success,experiments/kernel_replay_v70_third_party_idiom_mix/logs/V70_BATCH.coqchk.log,1,accepted_kernel_checked
V70,third-party idiom mix,513,V70_RECORD_TUPLE_033,V70_RECORD_TUPLE_033,experiments/kernel_replay_v70_third_party_idiom_mix/coq/V70_RECORD_TUPLE_033.v,1,accept,kernel_success,coqchk_success,experiments/kernel_replay_v70_third_party_idiom_mix/logs/V70_BATCH.coqchk.log,1,accepted_kernel_checked
V70,third-party idiom mix,514,V70_RECORD_TUPLE_034,V70_RECORD_TUPLE_034,experiments/kernel_replay_v70_third_party_idiom_mix/coq/V70_RECORD_TUPLE_034.v,1,accept,kernel_success,coqchk_success,experiments/kernel_replay_v70_third_party_idiom_mix/logs/V70_BATCH.coqchk.log,1,accepted_kernel_checked
V70,third-party idiom mix,515,V70_RECORD_TUPLE_035,V70_RECORD_TUPLE_035,experiments/kernel_replay_v70_third_party_idiom_mix/coq/V70_RECORD_TUPLE_035.v,1,accept,kernel_success,coqchk_success,experiments/kernel_replay_v70_third_party_idiom_mix/logs/V70_BATCH.coqchk.log,1,accepted_kernel_checked
V70,third-party idiom mix,516,V70_RECORD_TUPLE_036,V70_RECORD_TUPLE_036,experiments/kernel_replay_v70_third_party_idiom_mix/coq/V70_RECORD_TUPLE_036.v,1,accept,kernel_success,coqchk_success,experiments/kernel_replay_v70_third_party_idiom_mix/logs/V70_BATCH.coqchk.log,1,accepted_kernel_checked
V70,third-party idiom mix,517,V70_RECORD_TUPLE_037,V70_RECORD_TUPLE_037,experiments/kernel_replay_v70_third_party_idiom_mix/coq/V70_RECORD_TUPLE_037.v,1,accept,kernel_success,coqchk_success,experiments/kernel_replay_v70_third_party_idiom_mix/logs/V70_BATCH.coqchk.log,1,accepted_kernel_checked
V70,third-party idiom mix,518,V70_RECORD_TUPLE_038,V70_RECORD_TUPLE_038,experiments/kernel_replay_v70_third_party_idiom_mix/coq/V70_RECORD_TUPLE_038.v,1,accept,kernel_success,coqchk_success,experiments/kernel_replay_v70_third_party_idiom_mix/logs/V70_BATCH.coqchk.log,1,accepted_kernel_checked
V70,third-party idiom mix,519,V70_RECORD_TUPLE_039,V70_RECORD_TUPLE_039,experiments/kernel_replay_v70_third_party_idiom_mix/coq/V70_RECORD_TUPLE_039.v,1,accept,kernel_success,coqchk_success,experiments/kernel_replay_v70_third_party_idiom_mix/logs/V70_BATCH.coqchk.log,1,accepted_kernel_checked
V70,third-party idiom mix,520,V70_RECORD_TUPLE_040,V70_RECORD_TUPLE_040,experiments/kernel_replay_v70_third_party_idiom_mix/coq/V70_RECORD_TUPLE_040.v,1,accept,kernel_success,coqchk_success,experiments/kernel_replay_v70_third_party_idiom_mix/logs/V70_BATCH.coqchk.log,1,accepted_kernel_checked
V70,third-party idiom mix,521,V70_RECORD_TUPLE_041,V70_RECORD_TUPLE_041,experiments/kernel_replay_v70_third_party_idiom_mix/coq/V70_RECORD_TUPLE_041.v,1,accept,kernel_success,coqchk_success,experiments/kernel_replay_v70_third_party_idiom_mix/logs/V70_BATCH.coqchk.log,1,accepted_kernel_checked
V70,third-party idiom mix,522,V70_RECORD_TUPLE_042,V70_RECORD_TUPLE_042,experiments/kernel_replay_v70_third_party_idiom_mix/coq/V70_RECORD_TUPLE_042.v,1,accept,kernel_success,coqchk_success,experiments/kernel_replay_v70_third_party_idiom_mix/logs/V70_BATCH.coqchk.log,1,accepted_kernel_checked
V70,third-party idiom mix,523,V70_RECORD_TUPLE_043,V70_RECORD_TUPLE_043,experiments/kernel_replay_v70_third_party_idiom_mix/coq/V70_RECORD_TUPLE_043.v,1,accept,kernel_success,coqchk_success,experiments/kernel_replay_v70_third_party_idiom_mix/logs/V70_BATCH.coqchk.log,1,accepted_kernel_checked
V70,third-party idiom mix,524,V70_RECORD_TUPLE_044,V70_RECORD_TUPLE_044,experiments/kernel_replay_v70_third_party_idiom_mix/coq/V70_RECORD_TUPLE_044.v,1,accept,kernel_success,coqchk_success,experiments/kernel_replay_v70_third_party_idiom_mix/logs/V70_BATCH.coqchk.log,1,accepted_kernel_checked
V70,third-party idiom mix,525,V70_RECORD_TUPLE_045,V70_RECORD_TUPLE_045,experiments/kernel_replay_v70_third_party_idiom_mix/coq/V70_RECORD_TUPLE_045.v,1,accept,kernel_success,coqchk_success,experiments/kernel_replay_v70_third_party_idiom_mix/logs/V70_BATCH.coqchk.log,1,accepted_kernel_checked
V70,third-party idiom mix,526,V70_RECORD_TUPLE_046,V70_RECORD_TUPLE_046,experiments/kernel_replay_v70_third_party_idiom_mix/coq/V70_RECORD_TUPLE_046.v,1,accept,kernel_success,coqchk_success,experiments/kernel_replay_v70_third_party_idiom_mix/logs/V70_BATCH.coqchk.log,1,accepted_kernel_checked
V70,third-party idiom mix,527,V70_RECORD_TUPLE_047,V70_RECORD_TUPLE_047,experiments/kernel_replay_v70_third_party_idiom_mix/coq/V70_RECORD_TUPLE_047.v,1,accept,kernel_success,coqchk_success,experiments/kernel_replay_v70_third_party_idiom_mix/logs/V70_BATCH.coqchk.log,1,accepted_kernel_checked
V70,third-party idiom mix,528,V70_RECORD_TUPLE_048,V70_RECORD_TUPLE_048,experiments/kernel_replay_v70_third_party_idiom_mix/coq/V70_RECORD_TUPLE_048.v,1,accept,kernel_success,coqchk_success,experiments/kernel_replay_v70_third_party_idiom_mix/logs/V70_BATCH.coqchk.log,1,accepted_kernel_checked
V70,third-party idiom mix,529,V70_RECORD_TUPLE_049,V70_RECORD_TUPLE_049,experiments/kernel_replay_v70_third_party_idiom_mix/coq/V70_RECORD_TUPLE_049.v,1,accept,kernel_success,coqchk_success,experiments/kernel_replay_v70_third_party_idiom_mix/logs/V70_BATCH.coqchk.log,1,accepted_kernel_checked
V70,third-party idiom mix,530,V70_RECORD_TUPLE_050,V70_RECORD_TUPLE_050,experiments/kernel_replay_v70_third_party_idiom_mix/coq/V70_RECORD_TUPLE_050.v,1,accept,kernel_success,coqchk_success,experiments/kernel_replay_v70_third_party_idiom_mix/logs/V70_BATCH.coqchk.log,1,accepted_kernel_checked
V70,third-party idiom mix,531,V70_RECORD_TUPLE_051,V70_RECORD_TUPLE_051,experiments/kernel_replay_v70_third_party_idiom_mix/coq/V70_RECORD_TUPLE_051.v,1,accept,kernel_success,coqchk_success,experiments/kernel_replay_v70_third_party_idiom_mix/logs/V70_BATCH.coqchk.log,1,accepted_kernel_checked
V70,third-party idiom mix,532,V70_RECORD_TUPLE_052,V70_RECORD_TUPLE_052,experiments/kernel_replay_v70_third_party_idiom_mix/coq/V70_RECORD_TUPLE_052.v,1,accept,kernel_success,coqchk_success,experiments/kernel_replay_v70_third_party_idiom_mix/logs/V70_BATCH.coqchk.log,1,accepted_kernel_checked
V70,third-party idiom mix,533,V70_RECORD_TUPLE_053,V70_RECORD_TUPLE_053,experiments/kernel_replay_v70_third_party_idiom_mix/coq/V70_RECORD_TUPLE_053.v,1,accept,kernel_success,coqchk_success,experiments/kernel_replay_v70_third_party_idiom_mix/logs/V70_BATCH.coqchk.log,1,accepted_kernel_checked
V70,third-party idiom mix,534,V70_RECORD_TUPLE_054,V70_RECORD_TUPLE_054,experiments/kernel_replay_v70_third_party_idiom_mix/coq/V70_RECORD_TUPLE_054.v,1,accept,kernel_success,coqchk_success,experiments/kernel_replay_v70_third_party_idiom_mix/logs/V70_BATCH.coqchk.log,1,accepted_kernel_checked
V70,third-party idiom mix,535,V70_RECORD_TUPLE_055,V70_RECORD_TUPLE_055,experiments/kernel_replay_v70_third_party_idiom_mix/coq/V70_RECORD_TUPLE_055.v,1,accept,kernel_success,coqchk_success,experiments/kernel_replay_v70_third_party_idiom_mix/logs/V70_BATCH.coqchk.log,1,accepted_kernel_checked
V70,third-party idiom mix,536,V70_RECORD_TUPLE_056,V70_RECORD_TUPLE_056,experiments/kernel_replay_v70_third_party_idiom_mix/coq/V70_RECORD_TUPLE_056.v,1,accept,kernel_success,coqchk_success,experiments/kernel_replay_v70_third_party_idiom_mix/logs/V70_BATCH.coqchk.log,1,accepted_kernel_checked
V70,third-party idiom mix,537,V70_RECORD_TUPLE_057,V70_RECORD_TUPLE_057,experiments/kernel_replay_v70_third_party_idiom_mix/coq/V70_RECORD_TUPLE_057.v,1,accept,kernel_success,coqchk_success,experiments/kernel_replay_v70_third_party_idiom_mix/logs/V70_BATCH.coqchk.log,1,accepted_kernel_checked
V70,third-party idiom mix,538,V70_RECORD_TUPLE_058,V70_RECORD_TUPLE_058,experiments/kernel_replay_v70_third_party_idiom_mix/coq/V70_RECORD_TUPLE_058.v,1,accept,kernel_success,coqchk_success,experiments/kernel_replay_v70_third_party_idiom_mix/logs/V70_BATCH.coqchk.log,1,accepted_kernel_checked
V70,third-party idiom mix,539,V70_RECORD_TUPLE_059,V70_RECORD_TUPLE_059,experiments/kernel_replay_v70_third_party_idiom_mix/coq/V70_RECORD_TUPLE_059.v,1,accept,kernel_success,coqchk_success,experiments/kernel_replay_v70_third_party_idiom_mix/logs/V70_BATCH.coqchk.log,1,accepted_kernel_checked
V70,third-party idiom mix,540,V70_RECORD_TUPLE_060,V70_RECORD_TUPLE_060,experiments/kernel_replay_v70_third_party_idiom_mix/coq/V70_RECORD_TUPLE_060.v,1,accept,kernel_success,coqchk_success,experiments/kernel_replay_v70_third_party_idiom_mix/logs/V70_BATCH.coqchk.log,1,accepted_kernel_checked
V70,third-party idiom mix,541,V70_RECORD_TUPLE_061,V70_RECORD_TUPLE_061,experiments/kernel_replay_v70_third_party_idiom_mix/coq/V70_RECORD_TUPLE_061.v,1,accept,kernel_success,coqchk_success,experiments/kernel_replay_v70_third_party_idiom_mix/logs/V70_BATCH.coqchk.log,1,accepted_kernel_checked
V70,third-party idiom mix,542,V70_RECORD_TUPLE_062,V70_RECORD_TUPLE_062,experiments/kernel_replay_v70_third_party_idiom_mix/coq/V70_RECORD_TUPLE_062.v,1,accept,kernel_success,coqchk_success,experiments/kernel_replay_v70_third_party_idiom_mix/logs/V70_BATCH.coqchk.log,1,accepted_kernel_checked
V70,third-party idiom mix,543,V70_RECORD_TUPLE_063,V70_RECORD_TUPLE_063,experiments/kernel_replay_v70_third_party_idiom_mix/coq/V70_RECORD_TUPLE_063.v,1,accept,kernel_success,coqchk_success,experiments/kernel_replay_v70_third_party_idiom_mix/logs/V70_BATCH.coqchk.log,1,accepted_kernel_checked
V70,third-party idiom mix,544,V70_RECORD_TUPLE_064,V70_RECORD_TUPLE_064,experiments/kernel_replay_v70_third_party_idiom_mix/coq/V70_RECORD_TUPLE_064.v,1,accept,kernel_success,coqchk_success,experiments/kernel_replay_v70_third_party_idiom_mix/logs/V70_BATCH.coqchk.log,1,accepted_kernel_checked
V70,third-party idiom mix,545,V70_RECORD_TUPLE_065,V70_RECORD_TUPLE_065,experiments/kernel_replay_v70_third_party_idiom_mix/coq/V70_RECORD_TUPLE_065.v,1,accept,kernel_success,coqchk_success,experiments/kernel_replay_v70_third_party_idiom_mix/logs/V70_BATCH.coqchk.log,1,accepted_kernel_checked
V70,third-party idiom mix,546,V70_RECORD_TUPLE_066,V70_RECORD_TUPLE_066,experiments/kernel_replay_v70_third_party_idiom_mix/coq/V70_RECORD_TUPLE_066.v,1,accept,kernel_success,coqchk_success,experiments/kernel_replay_v70_third_party_idiom_mix/logs/V70_BATCH.coqchk.log,1,accepted_kernel_checked
V70,third-party idiom mix,547,V70_RECORD_TUPLE_067,V70_RECORD_TUPLE_067,experiments/kernel_replay_v70_third_party_idiom_mix/coq/V70_RECORD_TUPLE_067.v,1,accept,kernel_success,coqchk_success,experiments/kernel_replay_v70_third_party_idiom_mix/logs/V70_BATCH.coqchk.log,1,accepted_kernel_checked
V70,third-party idiom mix,548,V70_RECORD_TUPLE_068,V70_RECORD_TUPLE_068,experiments/kernel_replay_v70_third_party_idiom_mix/coq/V70_RECORD_TUPLE_068.v,1,accept,kernel_success,coqchk_success,experiments/kernel_replay_v70_third_party_idiom_mix/logs/V70_BATCH.coqchk.log,1,accepted_kernel_checked
V70,third-party idiom mix,549,V70_RECORD_TUPLE_069,V70_RECORD_TUPLE_069,experiments/kernel_replay_v70_third_party_idiom_mix/coq/V70_RECORD_TUPLE_069.v,1,accept,kernel_success,coqchk_success,experiments/kernel_replay_v70_third_party_idiom_mix/logs/V70_BATCH.coqchk.log,1,accepted_kernel_checked
V70,third-party idiom mix,550,V70_RECORD_TUPLE_070,V70_RECORD_TUPLE_070,experiments/kernel_replay_v70_third_party_idiom_mix/coq/V70_RECORD_TUPLE_070.v,1,accept,kernel_success,coqchk_success,experiments/kernel_replay_v70_third_party_idiom_mix/logs/V70_BATCH.coqchk.log,1,accepted_kernel_checked
V70,third-party idiom mix,551,V70_RECORD_TUPLE_071,V70_RECORD_TUPLE_071,experiments/kernel_replay_v70_third_party_idiom_mix/coq/V70_RECORD_TUPLE_071.v,1,accept,kernel_success,coqchk_success,experiments/kernel_replay_v70_third_party_idiom_mix/logs/V70_BATCH.coqchk.log,1,accepted_kernel_checked
V70,third-party idiom mix,552,V70_RECORD_TUPLE_072,V70_RECORD_TUPLE_072,experiments/kernel_replay_v70_third_party_idiom_mix/coq/V70_RECORD_TUPLE_072.v,1,accept,kernel_success,coqchk_success,experiments/kernel_replay_v70_third_party_idiom_mix/logs/V70_BATCH.coqchk.log,1,accepted_kernel_checked
V70,third-party idiom mix,553,V70_RECORD_TUPLE_073,V70_RECORD_TUPLE_073,experiments/kernel_replay_v70_third_party_idiom_mix/coq/V70_RECORD_TUPLE_073.v,1,accept,kernel_success,coqchk_success,experiments/kernel_replay_v70_third_party_idiom_mix/logs/V70_BATCH.coqchk.log,1,accepted_kernel_checked
V70,third-party idiom mix,554,V70_RECORD_TUPLE_074,V70_RECORD_TUPLE_074,experiments/kernel_replay_v70_third_party_idiom_mix/coq/V70_RECORD_TUPLE_074.v,1,accept,kernel_success,coqchk_success,experiments/kernel_replay_v70_third_party_idiom_mix/logs/V70_BATCH.coqchk.log,1,accepted_kernel_checked
V70,third-party idiom mix,555,V70_RECORD_TUPLE_075,V70_RECORD_TUPLE_075,experiments/kernel_replay_v70_third_party_idiom_mix/coq/V70_RECORD_TUPLE_075.v,1,accept,kernel_success,coqchk_success,experiments/kernel_replay_v70_third_party_idiom_mix/logs/V70_BATCH.coqchk.log,1,accepted_kernel_checked
V70,third-party idiom mix,556,V70_RECORD_TUPLE_076,V70_RECORD_TUPLE_076,experiments/kernel_replay_v70_third_party_idiom_mix/coq/V70_RECORD_TUPLE_076.v,1,accept,kernel_success,coqchk_success,experiments/kernel_replay_v70_third_party_idiom_mix/logs/V70_BATCH.coqchk.log,1,accepted_kernel_checked
V70,third-party idiom mix,557,V70_RECORD_TUPLE_077,V70_RECORD_TUPLE_077,experiments/kernel_replay_v70_third_party_idiom_mix/coq/V70_RECORD_TUPLE_077.v,1,accept,kernel_success,coqchk_success,experiments/kernel_replay_v70_third_party_idiom_mix/logs/V70_BATCH.coqchk.log,1,accepted_kernel_checked
V70,third-party idiom mix,558,V70_RECORD_TUPLE_078,V70_RECORD_TUPLE_078,experiments/kernel_replay_v70_third_party_idiom_mix/coq/V70_RECORD_TUPLE_078.v,1,accept,kernel_success,coqchk_success,experiments/kernel_replay_v70_third_party_idiom_mix/logs/V70_BATCH.coqchk.log,1,accepted_kernel_checked
V70,third-party idiom mix,559,V70_RECORD_TUPLE_079,V70_RECORD_TUPLE_079,experiments/kernel_replay_v70_third_party_idiom_mix/coq/V70_RECORD_TUPLE_079.v,1,accept,kernel_success,coqchk_success,experiments/kernel_replay_v70_third_party_idiom_mix/logs/V70_BATCH.coqchk.log,1,accepted_kernel_checked
V70,third-party idiom mix,560,V70_RECORD_TUPLE_080,V70_RECORD_TUPLE_080,experiments/kernel_replay_v70_third_party_idiom_mix/coq/V70_RECORD_TUPLE_080.v,1,accept,kernel_success,coqchk_success,experiments/kernel_replay_v70_third_party_idiom_mix/logs/V70_BATCH.coqchk.log,1,accepted_kernel_checked
V70,third-party idiom mix,561,V70_ASSOC_LIST_001,V70_ASSOC_LIST_001,experiments/kernel_replay_v70_third_party_idiom_mix/coq/V70_ASSOC_LIST_001.v,1,accept,kernel_success,coqchk_success,experiments/kernel_replay_v70_third_party_idiom_mix/logs/V70_BATCH.coqchk.log,1,accepted_kernel_checked
V70,third-party idiom mix,562,V70_ASSOC_LIST_002,V70_ASSOC_LIST_002,experiments/kernel_replay_v70_third_party_idiom_mix/coq/V70_ASSOC_LIST_002.v,1,accept,kernel_success,coqchk_success,experiments/kernel_replay_v70_third_party_idiom_mix/logs/V70_BATCH.coqchk.log,1,accepted_kernel_checked
V70,third-party idiom mix,563,V70_ASSOC_LIST_003,V70_ASSOC_LIST_003,experiments/kernel_replay_v70_third_party_idiom_mix/coq/V70_ASSOC_LIST_003.v,1,accept,kernel_success,coqchk_success,experiments/kernel_replay_v70_third_party_idiom_mix/logs/V70_BATCH.coqchk.log,1,accepted_kernel_checked
V70,third-party idiom mix,564,V70_ASSOC_LIST_004,V70_ASSOC_LIST_004,experiments/kernel_replay_v70_third_party_idiom_mix/coq/V70_ASSOC_LIST_004.v,1,accept,kernel_success,coqchk_success,experiments/kernel_replay_v70_third_party_idiom_mix/logs/V70_BATCH.coqchk.log,1,accepted_kernel_checked
V70,third-party idiom mix,565,V70_ASSOC_LIST_005,V70_ASSOC_LIST_005,experiments/kernel_replay_v70_third_party_idiom_mix/coq/V70_ASSOC_LIST_005.v,1,accept,kernel_success,coqchk_success,experiments/kernel_replay_v70_third_party_idiom_mix/logs/V70_BATCH.coqchk.log,1,accepted_kernel_checked
V70,third-party idiom mix,566,V70_ASSOC_LIST_006,V70_ASSOC_LIST_006,experiments/kernel_replay_v70_third_party_idiom_mix/coq/V70_ASSOC_LIST_006.v,1,accept,kernel_success,coqchk_success,experiments/kernel_replay_v70_third_party_idiom_mix/logs/V70_BATCH.coqchk.log,1,accepted_kernel_checked
V70,third-party idiom mix,567,V70_ASSOC_LIST_007,V70_ASSOC_LIST_007,experiments/kernel_replay_v70_third_party_idiom_mix/coq/V70_ASSOC_LIST_007.v,1,accept,kernel_success,coqchk_success,experiments/kernel_replay_v70_third_party_idiom_mix/logs/V70_BATCH.coqchk.log,1,accepted_kernel_checked
V70,third-party idiom mix,568,V70_ASSOC_LIST_008,V70_ASSOC_LIST_008,experiments/kernel_replay_v70_third_party_idiom_mix/coq/V70_ASSOC_LIST_008.v,1,accept,kernel_success,coqchk_success,experiments/kernel_replay_v70_third_party_idiom_mix/logs/V70_BATCH.coqchk.log,1,accepted_kernel_checked
V70,third-party idiom mix,569,V70_ASSOC_LIST_009,V70_ASSOC_LIST_009,experiments/kernel_replay_v70_third_party_idiom_mix/coq/V70_ASSOC_LIST_009.v,1,accept,kernel_success,coqchk_success,experiments/kernel_replay_v70_third_party_idiom_mix/logs/V70_BATCH.coqchk.log,1,accepted_kernel_checked
V70,third-party idiom mix,570,V70_ASSOC_LIST_010,V70_ASSOC_LIST_010,experiments/kernel_replay_v70_third_party_idiom_mix/coq/V70_ASSOC_LIST_010.v,1,accept,kernel_success,coqchk_success,experiments/kernel_replay_v70_third_party_idiom_mix/logs/V70_BATCH.coqchk.log,1,accepted_kernel_checked
V70,third-party idiom mix,571,V70_ASSOC_LIST_011,V70_ASSOC_LIST_011,experiments/kernel_replay_v70_third_party_idiom_mix/coq/V70_ASSOC_LIST_011.v,1,accept,kernel_success,coqchk_success,experiments/kernel_replay_v70_third_party_idiom_mix/logs/V70_BATCH.coqchk.log,1,accepted_kernel_checked
V70,third-party idiom mix,572,V70_ASSOC_LIST_012,V70_ASSOC_LIST_012,experiments/kernel_replay_v70_third_party_idiom_mix/coq/V70_ASSOC_LIST_012.v,1,accept,kernel_success,coqchk_success,experiments/kernel_replay_v70_third_party_idiom_mix/logs/V70_BATCH.coqchk.log,1,accepted_kernel_checked
V70,third-party idiom mix,573,V70_ASSOC_LIST_013,V70_ASSOC_LIST_013,experiments/kernel_replay_v70_third_party_idiom_mix/coq/V70_ASSOC_LIST_013.v,1,accept,kernel_success,coqchk_success,experiments/kernel_replay_v70_third_party_idiom_mix/logs/V70_BATCH.coqchk.log,1,accepted_kernel_checked
V70,third-party idiom mix,574,V70_ASSOC_LIST_014,V70_ASSOC_LIST_014,experiments/kernel_replay_v70_third_party_idiom_mix/coq/V70_ASSOC_LIST_014.v,1,accept,kernel_success,coqchk_success,experiments/kernel_replay_v70_third_party_idiom_mix/logs/V70_BATCH.coqchk.log,1,accepted_kernel_checked
V70,third-party idiom mix,575,V70_ASSOC_LIST_015,V70_ASSOC_LIST_015,experiments/kernel_replay_v70_third_party_idiom_mix/coq/V70_ASSOC_LIST_015.v,1,accept,kernel_success,coqchk_success,experiments/kernel_replay_v70_third_party_idiom_mix/logs/V70_BATCH.coqchk.log,1,accepted_kernel_checked
V70,third-party idiom mix,576,V70_ASSOC_LIST_016,V70_ASSOC_LIST_016,experiments/kernel_replay_v70_third_party_idiom_mix/coq/V70_ASSOC_LIST_016.v,1,accept,kernel_success,coqchk_success,experiments/kernel_replay_v70_third_party_idiom_mix/logs/V70_BATCH.coqchk.log,1,accepted_kernel_checked
V70,third-party idiom mix,577,V70_ASSOC_LIST_017,V70_ASSOC_LIST_017,experiments/kernel_replay_v70_third_party_idiom_mix/coq/V70_ASSOC_LIST_017.v,1,accept,kernel_success,coqchk_success,experiments/kernel_replay_v70_third_party_idiom_mix/logs/V70_BATCH.coqchk.log,1,accepted_kernel_checked
V70,third-party idiom mix,578,V70_ASSOC_LIST_018,V70_ASSOC_LIST_018,experiments/kernel_replay_v70_third_party_idiom_mix/coq/V70_ASSOC_LIST_018.v,1,accept,kernel_success,coqchk_success,experiments/kernel_replay_v70_third_party_idiom_mix/logs/V70_BATCH.coqchk.log,1,accepted_kernel_checked
V70,third-party idiom mix,579,V70_ASSOC_LIST_019,V70_ASSOC_LIST_019,experiments/kernel_replay_v70_third_party_idiom_mix/coq/V70_ASSOC_LIST_019.v,1,accept,kernel_success,coqchk_success,experiments/kernel_replay_v70_third_party_idiom_mix/logs/V70_BATCH.coqchk.log,1,accepted_kernel_checked
V70,third-party idiom mix,580,V70_ASSOC_LIST_020,V70_ASSOC_LIST_020,experiments/kernel_replay_v70_third_party_idiom_mix/coq/V70_ASSOC_LIST_020.v,1,accept,kernel_success,coqchk_success,experiments/kernel_replay_v70_third_party_idiom_mix/logs/V70_BATCH.coqchk.log,1,accepted_kernel_checked
V70,third-party idiom mix,581,V70_ASSOC_LIST_021,V70_ASSOC_LIST_021,experiments/kernel_replay_v70_third_party_idiom_mix/coq/V70_ASSOC_LIST_021.v,1,accept,kernel_success,coqchk_success,experiments/kernel_replay_v70_third_party_idiom_mix/logs/V70_BATCH.coqchk.log,1,accepted_kernel_checked
V70,third-party idiom mix,582,V70_ASSOC_LIST_022,V70_ASSOC_LIST_022,experiments/kernel_replay_v70_third_party_idiom_mix/coq/V70_ASSOC_LIST_022.v,1,accept,kernel_success,coqchk_success,experiments/kernel_replay_v70_third_party_idiom_mix/logs/V70_BATCH.coqchk.log,1,accepted_kernel_checked
V70,third-party idiom mix,583,V70_ASSOC_LIST_023,V70_ASSOC_LIST_023,experiments/kernel_replay_v70_third_party_idiom_mix/coq/V70_ASSOC_LIST_023.v,1,accept,kernel_success,coqchk_success,experiments/kernel_replay_v70_third_party_idiom_mix/logs/V70_BATCH.coqchk.log,1,accepted_kernel_checked
V70,third-party idiom mix,584,V70_ASSOC_LIST_024,V70_ASSOC_LIST_024,experiments/kernel_replay_v70_third_party_idiom_mix/coq/V70_ASSOC_LIST_024.v,1,accept,kernel_success,coqchk_success,experiments/kernel_replay_v70_third_party_idiom_mix/logs/V70_BATCH.coqchk.log,1,accepted_kernel_checked
V70,third-party idiom mix,585,V70_ASSOC_LIST_025,V70_ASSOC_LIST_025,experiments/kernel_replay_v70_third_party_idiom_mix/coq/V70_ASSOC_LIST_025.v,1,accept,kernel_success,coqchk_success,experiments/kernel_replay_v70_third_party_idiom_mix/logs/V70_BATCH.coqchk.log,1,accepted_kernel_checked
V70,third-party idiom mix,586,V70_ASSOC_LIST_026,V70_ASSOC_LIST_026,experiments/kernel_replay_v70_third_party_idiom_mix/coq/V70_ASSOC_LIST_026.v,1,accept,kernel_success,coqchk_success,experiments/kernel_replay_v70_third_party_idiom_mix/logs/V70_BATCH.coqchk.log,1,accepted_kernel_checked
V70,third-party idiom mix,587,V70_ASSOC_LIST_027,V70_ASSOC_LIST_027,experiments/kernel_replay_v70_third_party_idiom_mix/coq/V70_ASSOC_LIST_027.v,1,accept,kernel_success,coqchk_success,experiments/kernel_replay_v70_third_party_idiom_mix/logs/V70_BATCH.coqchk.log,1,accepted_kernel_checked
V70,third-party idiom mix,588,V70_ASSOC_LIST_028,V70_ASSOC_LIST_028,experiments/kernel_replay_v70_third_party_idiom_mix/coq/V70_ASSOC_LIST_028.v,1,accept,kernel_success,coqchk_success,experiments/kernel_replay_v70_third_party_idiom_mix/logs/V70_BATCH.coqchk.log,1,accepted_kernel_checked
V70,third-party idiom mix,589,V70_ASSOC_LIST_029,V70_ASSOC_LIST_029,experiments/kernel_replay_v70_third_party_idiom_mix/coq/V70_ASSOC_LIST_029.v,1,accept,kernel_success,coqchk_success,experiments/kernel_replay_v70_third_party_idiom_mix/logs/V70_BATCH.coqchk.log,1,accepted_kernel_checked
V70,third-party idiom mix,590,V70_ASSOC_LIST_030,V70_ASSOC_LIST_030,experiments/kernel_replay_v70_third_party_idiom_mix/coq/V70_ASSOC_LIST_030.v,1,accept,kernel_success,coqchk_success,experiments/kernel_replay_v70_third_party_idiom_mix/logs/V70_BATCH.coqchk.log,1,accepted_kernel_checked
V70,third-party idiom mix,591,V70_ASSOC_LIST_031,V70_ASSOC_LIST_031,experiments/kernel_replay_v70_third_party_idiom_mix/coq/V70_ASSOC_LIST_031.v,1,accept,kernel_success,coqchk_success,experiments/kernel_replay_v70_third_party_idiom_mix/logs/V70_BATCH.coqchk.log,1,accepted_kernel_checked
V70,third-party idiom mix,592,V70_ASSOC_LIST_032,V70_ASSOC_LIST_032,experiments/kernel_replay_v70_third_party_idiom_mix/coq/V70_ASSOC_LIST_032.v,1,accept,kernel_success,coqchk_success,experiments/kernel_replay_v70_third_party_idiom_mix/logs/V70_BATCH.coqchk.log,1,accepted_kernel_checked
V70,third-party idiom mix,593,V70_ASSOC_LIST_033,V70_ASSOC_LIST_033,experiments/kernel_replay_v70_third_party_idiom_mix/coq/V70_ASSOC_LIST_033.v,1,accept,kernel_success,coqchk_success,experiments/kernel_replay_v70_third_party_idiom_mix/logs/V70_BATCH.coqchk.log,1,accepted_kernel_checked
V70,third-party idiom mix,594,V70_ASSOC_LIST_034,V70_ASSOC_LIST_034,experiments/kernel_replay_v70_third_party_idiom_mix/coq/V70_ASSOC_LIST_034.v,1,accept,kernel_success,coqchk_success,experiments/kernel_replay_v70_third_party_idiom_mix/logs/V70_BATCH.coqchk.log,1,accepted_kernel_checked
V70,third-party idiom mix,595,V70_ASSOC_LIST_035,V70_ASSOC_LIST_035,experiments/kernel_replay_v70_third_party_idiom_mix/coq/V70_ASSOC_LIST_035.v,1,accept,kernel_success,coqchk_success,experiments/kernel_replay_v70_third_party_idiom_mix/logs/V70_BATCH.coqchk.log,1,accepted_kernel_checked
V70,third-party idiom mix,596,V70_ASSOC_LIST_036,V70_ASSOC_LIST_036,experiments/kernel_replay_v70_third_party_idiom_mix/coq/V70_ASSOC_LIST_036.v,1,accept,kernel_success,coqchk_success,experiments/kernel_replay_v70_third_party_idiom_mix/logs/V70_BATCH.coqchk.log,1,accepted_kernel_checked
V70,third-party idiom mix,597,V70_ASSOC_LIST_037,V70_ASSOC_LIST_037,experiments/kernel_replay_v70_third_party_idiom_mix/coq/V70_ASSOC_LIST_037.v,1,accept,kernel_success,coqchk_success,experiments/kernel_replay_v70_third_party_idiom_mix/logs/V70_BATCH.coqchk.log,1,accepted_kernel_checked
V70,third-party idiom mix,598,V70_ASSOC_LIST_038,V70_ASSOC_LIST_038,experiments/kernel_replay_v70_third_party_idiom_mix/coq/V70_ASSOC_LIST_038.v,1,accept,kernel_success,coqchk_success,experiments/kernel_replay_v70_third_party_idiom_mix/logs/V70_BATCH.coqchk.log,1,accepted_kernel_checked
V70,third-party idiom mix,599,V70_ASSOC_LIST_039,V70_ASSOC_LIST_039,experiments/kernel_replay_v70_third_party_idiom_mix/coq/V70_ASSOC_LIST_039.v,1,accept,kernel_success,coqchk_success,experiments/kernel_replay_v70_third_party_idiom_mix/logs/V70_BATCH.coqchk.log,1,accepted_kernel_checked
V70,third-party idiom mix,600,V70_ASSOC_LIST_040,V70_ASSOC_LIST_040,experiments/kernel_replay_v70_third_party_idiom_mix/coq/V70_ASSOC_LIST_040.v,1,accept,kernel_success,coqchk_success,experiments/kernel_replay_v70_third_party_idiom_mix/logs/V70_BATCH.coqchk.log,1,accepted_kernel_checked
V70,third-party idiom mix,601,V70_ASSOC_LIST_041,V70_ASSOC_LIST_041,experiments/kernel_replay_v70_third_party_idiom_mix/coq/V70_ASSOC_LIST_041.v,1,accept,kernel_success,coqchk_success,experiments/kernel_replay_v70_third_party_idiom_mix/logs/V70_BATCH.coqchk.log,1,accepted_kernel_checked
V70,third-party idiom mix,602,V70_ASSOC_LIST_042,V70_ASSOC_LIST_042,experiments/kernel_replay_v70_third_party_idiom_mix/coq/V70_ASSOC_LIST_042.v,1,accept,kernel_success,coqchk_success,experiments/kernel_replay_v70_third_party_idiom_mix/logs/V70_BATCH.coqchk.log,1,accepted_kernel_checked
V70,third-party idiom mix,603,V70_ASSOC_LIST_043,V70_ASSOC_LIST_043,experiments/kernel_replay_v70_third_party_idiom_mix/coq/V70_ASSOC_LIST_043.v,1,accept,kernel_success,coqchk_success,experiments/kernel_replay_v70_third_party_idiom_mix/logs/V70_BATCH.coqchk.log,1,accepted_kernel_checked
V70,third-party idiom mix,604,V70_ASSOC_LIST_044,V70_ASSOC_LIST_044,experiments/kernel_replay_v70_third_party_idiom_mix/coq/V70_ASSOC_LIST_044.v,1,accept,kernel_success,coqchk_success,experiments/kernel_replay_v70_third_party_idiom_mix/logs/V70_BATCH.coqchk.log,1,accepted_kernel_checked
V70,third-party idiom mix,605,V70_ASSOC_LIST_045,V70_ASSOC_LIST_045,experiments/kernel_replay_v70_third_party_idiom_mix/coq/V70_ASSOC_LIST_045.v,1,accept,kernel_success,coqchk_success,experiments/kernel_replay_v70_third_party_idiom_mix/logs/V70_BATCH.coqchk.log,1,accepted_kernel_checked
V70,third-party idiom mix,606,V70_ASSOC_LIST_046,V70_ASSOC_LIST_046,experiments/kernel_replay_v70_third_party_idiom_mix/coq/V70_ASSOC_LIST_046.v,1,accept,kernel_success,coqchk_success,experiments/kernel_replay_v70_third_party_idiom_mix/logs/V70_BATCH.coqchk.log,1,accepted_kernel_checked
V70,third-party idiom mix,607,V70_ASSOC_LIST_047,V70_ASSOC_LIST_047,experiments/kernel_replay_v70_third_party_idiom_mix/coq/V70_ASSOC_LIST_047.v,1,accept,kernel_success,coqchk_success,experiments/kernel_replay_v70_third_party_idiom_mix/logs/V70_BATCH.coqchk.log,1,accepted_kernel_checked
V70,third-party idiom mix,608,V70_ASSOC_LIST_048,V70_ASSOC_LIST_048,experiments/kernel_replay_v70_third_party_idiom_mix/coq/V70_ASSOC_LIST_048.v,1,accept,kernel_success,coqchk_success,experiments/kernel_replay_v70_third_party_idiom_mix/logs/V70_BATCH.coqchk.log,1,accepted_kernel_checked
V70,third-party idiom mix,609,V70_ASSOC_LIST_049,V70_ASSOC_LIST_049,experiments/kernel_replay_v70_third_party_idiom_mix/coq/V70_ASSOC_LIST_049.v,1,accept,kernel_success,coqchk_success,experiments/kernel_replay_v70_third_party_idiom_mix/logs/V70_BATCH.coqchk.log,1,accepted_kernel_checked
V70,third-party idiom mix,610,V70_ASSOC_LIST_050,V70_ASSOC_LIST_050,experiments/kernel_replay_v70_third_party_idiom_mix/coq/V70_ASSOC_LIST_050.v,1,accept,kernel_success,coqchk_success,experiments/kernel_replay_v70_third_party_idiom_mix/logs/V70_BATCH.coqchk.log,1,accepted_kernel_checked
V70,third-party idiom mix,611,V70_ASSOC_LIST_051,V70_ASSOC_LIST_051,experiments/kernel_replay_v70_third_party_idiom_mix/coq/V70_ASSOC_LIST_051.v,1,accept,kernel_success,coqchk_success,experiments/kernel_replay_v70_third_party_idiom_mix/logs/V70_BATCH.coqchk.log,1,accepted_kernel_checked
V70,third-party idiom mix,612,V70_ASSOC_LIST_052,V70_ASSOC_LIST_052,experiments/kernel_replay_v70_third_party_idiom_mix/coq/V70_ASSOC_LIST_052.v,1,accept,kernel_success,coqchk_success,experiments/kernel_replay_v70_third_party_idiom_mix/logs/V70_BATCH.coqchk.log,1,accepted_kernel_checked
V70,third-party idiom mix,613,V70_ASSOC_LIST_053,V70_ASSOC_LIST_053,experiments/kernel_replay_v70_third_party_idiom_mix/coq/V70_ASSOC_LIST_053.v,1,accept,kernel_success,coqchk_success,experiments/kernel_replay_v70_third_party_idiom_mix/logs/V70_BATCH.coqchk.log,1,accepted_kernel_checked
V70,third-party idiom mix,614,V70_ASSOC_LIST_054,V70_ASSOC_LIST_054,experiments/kernel_replay_v70_third_party_idiom_mix/coq/V70_ASSOC_LIST_054.v,1,accept,kernel_success,coqchk_success,experiments/kernel_replay_v70_third_party_idiom_mix/logs/V70_BATCH.coqchk.log,1,accepted_kernel_checked
V70,third-party idiom mix,615,V70_ASSOC_LIST_055,V70_ASSOC_LIST_055,experiments/kernel_replay_v70_third_party_idiom_mix/coq/V70_ASSOC_LIST_055.v,1,accept,kernel_success,coqchk_success,experiments/kernel_replay_v70_third_party_idiom_mix/logs/V70_BATCH.coqchk.log,1,accepted_kernel_checked
V70,third-party idiom mix,616,V70_ASSOC_LIST_056,V70_ASSOC_LIST_056,experiments/kernel_replay_v70_third_party_idiom_mix/coq/V70_ASSOC_LIST_056.v,1,accept,kernel_success,coqchk_success,experiments/kernel_replay_v70_third_party_idiom_mix/logs/V70_BATCH.coqchk.log,1,accepted_kernel_checked
V70,third-party idiom mix,617,V70_ASSOC_LIST_057,V70_ASSOC_LIST_057,experiments/kernel_replay_v70_third_party_idiom_mix/coq/V70_ASSOC_LIST_057.v,1,accept,kernel_success,coqchk_success,experiments/kernel_replay_v70_third_party_idiom_mix/logs/V70_BATCH.coqchk.log,1,accepted_kernel_checked
V70,third-party idiom mix,618,V70_ASSOC_LIST_058,V70_ASSOC_LIST_058,experiments/kernel_replay_v70_third_party_idiom_mix/coq/V70_ASSOC_LIST_058.v,1,accept,kernel_success,coqchk_success,experiments/kernel_replay_v70_third_party_idiom_mix/logs/V70_BATCH.coqchk.log,1,accepted_kernel_checked
V70,third-party idiom mix,619,V70_ASSOC_LIST_059,V70_ASSOC_LIST_059,experiments/kernel_replay_v70_third_party_idiom_mix/coq/V70_ASSOC_LIST_059.v,1,accept,kernel_success,coqchk_success,experiments/kernel_replay_v70_third_party_idiom_mix/logs/V70_BATCH.coqchk.log,1,accepted_kernel_checked
V70,third-party idiom mix,620,V70_ASSOC_LIST_060,V70_ASSOC_LIST_060,experiments/kernel_replay_v70_third_party_idiom_mix/coq/V70_ASSOC_LIST_060.v,1,accept,kernel_success,coqchk_success,experiments/kernel_replay_v70_third_party_idiom_mix/logs/V70_BATCH.coqchk.log,1,accepted_kernel_checked
V70,third-party idiom mix,621,V70_ASSOC_LIST_061,V70_ASSOC_LIST_061,experiments/kernel_replay_v70_third_party_idiom_mix/coq/V70_ASSOC_LIST_061.v,1,accept,kernel_success,coqchk_success,experiments/kernel_replay_v70_third_party_idiom_mix/logs/V70_BATCH.coqchk.log,1,accepted_kernel_checked
V70,third-party idiom mix,622,V70_ASSOC_LIST_062,V70_ASSOC_LIST_062,experiments/kernel_replay_v70_third_party_idiom_mix/coq/V70_ASSOC_LIST_062.v,1,accept,kernel_success,coqchk_success,experiments/kernel_replay_v70_third_party_idiom_mix/logs/V70_BATCH.coqchk.log,1,accepted_kernel_checked
V70,third-party idiom mix,623,V70_ASSOC_LIST_063,V70_ASSOC_LIST_063,experiments/kernel_replay_v70_third_party_idiom_mix/coq/V70_ASSOC_LIST_063.v,1,accept,kernel_success,coqchk_success,experiments/kernel_replay_v70_third_party_idiom_mix/logs/V70_BATCH.coqchk.log,1,accepted_kernel_checked
V70,third-party idiom mix,624,V70_ASSOC_LIST_064,V70_ASSOC_LIST_064,experiments/kernel_replay_v70_third_party_idiom_mix/coq/V70_ASSOC_LIST_064.v,1,accept,kernel_success,coqchk_success,experiments/kernel_replay_v70_third_party_idiom_mix/logs/V70_BATCH.coqchk.log,1,accepted_kernel_checked
V70,third-party idiom mix,625,V70_ASSOC_LIST_065,V70_ASSOC_LIST_065,experiments/kernel_replay_v70_third_party_idiom_mix/coq/V70_ASSOC_LIST_065.v,1,accept,kernel_success,coqchk_success,experiments/kernel_replay_v70_third_party_idiom_mix/logs/V70_BATCH.coqchk.log,1,accepted_kernel_checked
V70,third-party idiom mix,626,V70_ASSOC_LIST_066,V70_ASSOC_LIST_066,experiments/kernel_replay_v70_third_party_idiom_mix/coq/V70_ASSOC_LIST_066.v,1,accept,kernel_success,coqchk_success,experiments/kernel_replay_v70_third_party_idiom_mix/logs/V70_BATCH.coqchk.log,1,accepted_kernel_checked
V70,third-party idiom mix,627,V70_ASSOC_LIST_067,V70_ASSOC_LIST_067,experiments/kernel_replay_v70_third_party_idiom_mix/coq/V70_ASSOC_LIST_067.v,1,accept,kernel_success,coqchk_success,experiments/kernel_replay_v70_third_party_idiom_mix/logs/V70_BATCH.coqchk.log,1,accepted_kernel_checked
V70,third-party idiom mix,628,V70_ASSOC_LIST_068,V70_ASSOC_LIST_068,experiments/kernel_replay_v70_third_party_idiom_mix/coq/V70_ASSOC_LIST_068.v,1,accept,kernel_success,coqchk_success,experiments/kernel_replay_v70_third_party_idiom_mix/logs/V70_BATCH.coqchk.log,1,accepted_kernel_checked
V70,third-party idiom mix,629,V70_ASSOC_LIST_069,V70_ASSOC_LIST_069,experiments/kernel_replay_v70_third_party_idiom_mix/coq/V70_ASSOC_LIST_069.v,1,accept,kernel_success,coqchk_success,experiments/kernel_replay_v70_third_party_idiom_mix/logs/V70_BATCH.coqchk.log,1,accepted_kernel_checked
V70,third-party idiom mix,630,V70_ASSOC_LIST_070,V70_ASSOC_LIST_070,experiments/kernel_replay_v70_third_party_idiom_mix/coq/V70_ASSOC_LIST_070.v,1,accept,kernel_success,coqchk_success,experiments/kernel_replay_v70_third_party_idiom_mix/logs/V70_BATCH.coqchk.log,1,accepted_kernel_checked
V70,third-party idiom mix,631,V70_ASSOC_LIST_071,V70_ASSOC_LIST_071,experiments/kernel_replay_v70_third_party_idiom_mix/coq/V70_ASSOC_LIST_071.v,1,accept,kernel_success,coqchk_success,experiments/kernel_replay_v70_third_party_idiom_mix/logs/V70_BATCH.coqchk.log,1,accepted_kernel_checked
V70,third-party idiom mix,632,V70_ASSOC_LIST_072,V70_ASSOC_LIST_072,experiments/kernel_replay_v70_third_party_idiom_mix/coq/V70_ASSOC_LIST_072.v,1,accept,kernel_success,coqchk_success,experiments/kernel_replay_v70_third_party_idiom_mix/logs/V70_BATCH.coqchk.log,1,accepted_kernel_checked
V70,third-party idiom mix,633,V70_ASSOC_LIST_073,V70_ASSOC_LIST_073,experiments/kernel_replay_v70_third_party_idiom_mix/coq/V70_ASSOC_LIST_073.v,1,accept,kernel_success,coqchk_success,experiments/kernel_replay_v70_third_party_idiom_mix/logs/V70_BATCH.coqchk.log,1,accepted_kernel_checked
V70,third-party idiom mix,634,V70_ASSOC_LIST_074,V70_ASSOC_LIST_074,experiments/kernel_replay_v70_third_party_idiom_mix/coq/V70_ASSOC_LIST_074.v,1,accept,kernel_success,coqchk_success,experiments/kernel_replay_v70_third_party_idiom_mix/logs/V70_BATCH.coqchk.log,1,accepted_kernel_checked
V70,third-party idiom mix,635,V70_ASSOC_LIST_075,V70_ASSOC_LIST_075,experiments/kernel_replay_v70_third_party_idiom_mix/coq/V70_ASSOC_LIST_075.v,1,accept,kernel_success,coqchk_success,experiments/kernel_replay_v70_third_party_idiom_mix/logs/V70_BATCH.coqchk.log,1,accepted_kernel_checked
V70,third-party idiom mix,636,V70_ASSOC_LIST_076,V70_ASSOC_LIST_076,experiments/kernel_replay_v70_third_party_idiom_mix/coq/V70_ASSOC_LIST_076.v,1,accept,kernel_success,coqchk_success,experiments/kernel_replay_v70_third_party_idiom_mix/logs/V70_BATCH.coqchk.log,1,accepted_kernel_checked
V70,third-party idiom mix,637,V70_ASSOC_LIST_077,V70_ASSOC_LIST_077,experiments/kernel_replay_v70_third_party_idiom_mix/coq/V70_ASSOC_LIST_077.v,1,accept,kernel_success,coqchk_success,experiments/kernel_replay_v70_third_party_idiom_mix/logs/V70_BATCH.coqchk.log,1,accepted_kernel_checked
V70,third-party idiom mix,638,V70_ASSOC_LIST_078,V70_ASSOC_LIST_078,experiments/kernel_replay_v70_third_party_idiom_mix/coq/V70_ASSOC_LIST_078.v,1,accept,kernel_success,coqchk_success,experiments/kernel_replay_v70_third_party_idiom_mix/logs/V70_BATCH.coqchk.log,1,accepted_kernel_checked
V70,third-party idiom mix,639,V70_ASSOC_LIST_079,V70_ASSOC_LIST_079,experiments/kernel_replay_v70_third_party_idiom_mix/coq/V70_ASSOC_LIST_079.v,1,accept,kernel_success,coqchk_success,experiments/kernel_replay_v70_third_party_idiom_mix/logs/V70_BATCH.coqchk.log,1,accepted_kernel_checked
V70,third-party idiom mix,640,V70_ASSOC_LIST_080,V70_ASSOC_LIST_080,experiments/kernel_replay_v70_third_party_idiom_mix/coq/V70_ASSOC_LIST_080.v,1,accept,kernel_success,coqchk_success,experiments/kernel_replay_v70_third_party_idiom_mix/logs/V70_BATCH.coqchk.log,1,accepted_kernel_checked
V70,third-party idiom mix,641,V70_TREE_MIRROR_001,V70_TREE_MIRROR_001,experiments/kernel_replay_v70_third_party_idiom_mix/coq/V70_TREE_MIRROR_001.v,1,accept,kernel_success,coqchk_success,experiments/kernel_replay_v70_third_party_idiom_mix/logs/V70_BATCH.coqchk.log,1,accepted_kernel_checked
V70,third-party idiom mix,642,V70_TREE_MIRROR_002,V70_TREE_MIRROR_002,experiments/kernel_replay_v70_third_party_idiom_mix/coq/V70_TREE_MIRROR_002.v,1,accept,kernel_success,coqchk_success,experiments/kernel_replay_v70_third_party_idiom_mix/logs/V70_BATCH.coqchk.log,1,accepted_kernel_checked
V70,third-party idiom mix,643,V70_TREE_MIRROR_003,V70_TREE_MIRROR_003,experiments/kernel_replay_v70_third_party_idiom_mix/coq/V70_TREE_MIRROR_003.v,1,accept,kernel_success,coqchk_success,experiments/kernel_replay_v70_third_party_idiom_mix/logs/V70_BATCH.coqchk.log,1,accepted_kernel_checked
V70,third-party idiom mix,644,V70_TREE_MIRROR_004,V70_TREE_MIRROR_004,experiments/kernel_replay_v70_third_party_idiom_mix/coq/V70_TREE_MIRROR_004.v,1,accept,kernel_success,coqchk_success,experiments/kernel_replay_v70_third_party_idiom_mix/logs/V70_BATCH.coqchk.log,1,accepted_kernel_checked
V70,third-party idiom mix,645,V70_TREE_MIRROR_005,V70_TREE_MIRROR_005,experiments/kernel_replay_v70_third_party_idiom_mix/coq/V70_TREE_MIRROR_005.v,1,accept,kernel_success,coqchk_success,experiments/kernel_replay_v70_third_party_idiom_mix/logs/V70_BATCH.coqchk.log,1,accepted_kernel_checked
V70,third-party idiom mix,646,V70_TREE_MIRROR_006,V70_TREE_MIRROR_006,experiments/kernel_replay_v70_third_party_idiom_mix/coq/V70_TREE_MIRROR_006.v,1,accept,kernel_success,coqchk_success,experiments/kernel_replay_v70_third_party_idiom_mix/logs/V70_BATCH.coqchk.log,1,accepted_kernel_checked
V70,third-party idiom mix,647,V70_TREE_MIRROR_007,V70_TREE_MIRROR_007,experiments/kernel_replay_v70_third_party_idiom_mix/coq/V70_TREE_MIRROR_007.v,1,accept,kernel_success,coqchk_success,experiments/kernel_replay_v70_third_party_idiom_mix/logs/V70_BATCH.coqchk.log,1,accepted_kernel_checked
V70,third-party idiom mix,648,V70_TREE_MIRROR_008,V70_TREE_MIRROR_008,experiments/kernel_replay_v70_third_party_idiom_mix/coq/V70_TREE_MIRROR_008.v,1,accept,kernel_success,coqchk_success,experiments/kernel_replay_v70_third_party_idiom_mix/logs/V70_BATCH.coqchk.log,1,accepted_kernel_checked
V70,third-party idiom mix,649,V70_TREE_MIRROR_009,V70_TREE_MIRROR_009,experiments/kernel_replay_v70_third_party_idiom_mix/coq/V70_TREE_MIRROR_009.v,1,accept,kernel_success,coqchk_success,experiments/kernel_replay_v70_third_party_idiom_mix/logs/V70_BATCH.coqchk.log,1,accepted_kernel_checked
V70,third-party idiom mix,650,V70_TREE_MIRROR_010,V70_TREE_MIRROR_010,experiments/kernel_replay_v70_third_party_idiom_mix/coq/V70_TREE_MIRROR_010.v,1,accept,kernel_success,coqchk_success,experiments/kernel_replay_v70_third_party_idiom_mix/logs/V70_BATCH.coqchk.log,1,accepted_kernel_checked
V70,third-party idiom mix,651,V70_TREE_MIRROR_011,V70_TREE_MIRROR_011,experiments/kernel_replay_v70_third_party_idiom_mix/coq/V70_TREE_MIRROR_011.v,1,accept,kernel_success,coqchk_success,experiments/kernel_replay_v70_third_party_idiom_mix/logs/V70_BATCH.coqchk.log,1,accepted_kernel_checked
V70,third-party idiom mix,652,V70_TREE_MIRROR_012,V70_TREE_MIRROR_012,experiments/kernel_replay_v70_third_party_idiom_mix/coq/V70_TREE_MIRROR_012.v,1,accept,kernel_success,coqchk_success,experiments/kernel_replay_v70_third_party_idiom_mix/logs/V70_BATCH.coqchk.log,1,accepted_kernel_checked
V70,third-party idiom mix,653,V70_TREE_MIRROR_013,V70_TREE_MIRROR_013,experiments/kernel_replay_v70_third_party_idiom_mix/coq/V70_TREE_MIRROR_013.v,1,accept,kernel_success,coqchk_success,experiments/kernel_replay_v70_third_party_idiom_mix/logs/V70_BATCH.coqchk.log,1,accepted_kernel_checked
V70,third-party idiom mix,654,V70_TREE_MIRROR_014,V70_TREE_MIRROR_014,experiments/kernel_replay_v70_third_party_idiom_mix/coq/V70_TREE_MIRROR_014.v,1,accept,kernel_success,coqchk_success,experiments/kernel_replay_v70_third_party_idiom_mix/logs/V70_BATCH.coqchk.log,1,accepted_kernel_checked
V70,third-party idiom mix,655,V70_TREE_MIRROR_015,V70_TREE_MIRROR_015,experiments/kernel_replay_v70_third_party_idiom_mix/coq/V70_TREE_MIRROR_015.v,1,accept,kernel_success,coqchk_success,experiments/kernel_replay_v70_third_party_idiom_mix/logs/V70_BATCH.coqchk.log,1,accepted_kernel_checked
V70,third-party idiom mix,656,V70_TREE_MIRROR_016,V70_TREE_MIRROR_016,experiments/kernel_replay_v70_third_party_idiom_mix/coq/V70_TREE_MIRROR_016.v,1,accept,kernel_success,coqchk_success,experiments/kernel_replay_v70_third_party_idiom_mix/logs/V70_BATCH.coqchk.log,1,accepted_kernel_checked
V70,third-party idiom mix,657,V70_TREE_MIRROR_017,V70_TREE_MIRROR_017,experiments/kernel_replay_v70_third_party_idiom_mix/coq/V70_TREE_MIRROR_017.v,1,accept,kernel_success,coqchk_success,experiments/kernel_replay_v70_third_party_idiom_mix/logs/V70_BATCH.coqchk.log,1,accepted_kernel_checked
V70,third-party idiom mix,658,V70_TREE_MIRROR_018,V70_TREE_MIRROR_018,experiments/kernel_replay_v70_third_party_idiom_mix/coq/V70_TREE_MIRROR_018.v,1,accept,kernel_success,coqchk_success,experiments/kernel_replay_v70_third_party_idiom_mix/logs/V70_BATCH.coqchk.log,1,accepted_kernel_checked
V70,third-party idiom mix,659,V70_TREE_MIRROR_019,V70_TREE_MIRROR_019,experiments/kernel_replay_v70_third_party_idiom_mix/coq/V70_TREE_MIRROR_019.v,1,accept,kernel_success,coqchk_success,experiments/kernel_replay_v70_third_party_idiom_mix/logs/V70_BATCH.coqchk.log,1,accepted_kernel_checked
V70,third-party idiom mix,660,V70_TREE_MIRROR_020,V70_TREE_MIRROR_020,experiments/kernel_replay_v70_third_party_idiom_mix/coq/V70_TREE_MIRROR_020.v,1,accept,kernel_success,coqchk_success,experiments/kernel_replay_v70_third_party_idiom_mix/logs/V70_BATCH.coqchk.log,1,accepted_kernel_checked
V70,third-party idiom mix,661,V70_TREE_MIRROR_021,V70_TREE_MIRROR_021,experiments/kernel_replay_v70_third_party_idiom_mix/coq/V70_TREE_MIRROR_021.v,1,accept,kernel_success,coqchk_success,experiments/kernel_replay_v70_third_party_idiom_mix/logs/V70_BATCH.coqchk.log,1,accepted_kernel_checked
V70,third-party idiom mix,662,V70_TREE_MIRROR_022,V70_TREE_MIRROR_022,experiments/kernel_replay_v70_third_party_idiom_mix/coq/V70_TREE_MIRROR_022.v,1,accept,kernel_success,coqchk_success,experiments/kernel_replay_v70_third_party_idiom_mix/logs/V70_BATCH.coqchk.log,1,accepted_kernel_checked
V70,third-party idiom mix,663,V70_TREE_MIRROR_023,V70_TREE_MIRROR_023,experiments/kernel_replay_v70_third_party_idiom_mix/coq/V70_TREE_MIRROR_023.v,1,accept,kernel_success,coqchk_success,experiments/kernel_replay_v70_third_party_idiom_mix/logs/V70_BATCH.coqchk.log,1,accepted_kernel_checked
V70,third-party idiom mix,664,V70_TREE_MIRROR_024,V70_TREE_MIRROR_024,experiments/kernel_replay_v70_third_party_idiom_mix/coq/V70_TREE_MIRROR_024.v,1,accept,kernel_success,coqchk_success,experiments/kernel_replay_v70_third_party_idiom_mix/logs/V70_BATCH.coqchk.log,1,accepted_kernel_checked
V70,third-party idiom mix,665,V70_TREE_MIRROR_025,V70_TREE_MIRROR_025,experiments/kernel_replay_v70_third_party_idiom_mix/coq/V70_TREE_MIRROR_025.v,1,accept,kernel_success,coqchk_success,experiments/kernel_replay_v70_third_party_idiom_mix/logs/V70_BATCH.coqchk.log,1,accepted_kernel_checked
V70,third-party idiom mix,666,V70_TREE_MIRROR_026,V70_TREE_MIRROR_026,experiments/kernel_replay_v70_third_party_idiom_mix/coq/V70_TREE_MIRROR_026.v,1,accept,kernel_success,coqchk_success,experiments/kernel_replay_v70_third_party_idiom_mix/logs/V70_BATCH.coqchk.log,1,accepted_kernel_checked
V70,third-party idiom mix,667,V70_TREE_MIRROR_027,V70_TREE_MIRROR_027,experiments/kernel_replay_v70_third_party_idiom_mix/coq/V70_TREE_MIRROR_027.v,1,accept,kernel_success,coqchk_success,experiments/kernel_replay_v70_third_party_idiom_mix/logs/V70_BATCH.coqchk.log,1,accepted_kernel_checked
V70,third-party idiom mix,668,V70_TREE_MIRROR_028,V70_TREE_MIRROR_028,experiments/kernel_replay_v70_third_party_idiom_mix/coq/V70_TREE_MIRROR_028.v,1,accept,kernel_success,coqchk_success,experiments/kernel_replay_v70_third_party_idiom_mix/logs/V70_BATCH.coqchk.log,1,accepted_kernel_checked
V70,third-party idiom mix,669,V70_TREE_MIRROR_029,V70_TREE_MIRROR_029,experiments/kernel_replay_v70_third_party_idiom_mix/coq/V70_TREE_MIRROR_029.v,1,accept,kernel_success,coqchk_success,experiments/kernel_replay_v70_third_party_idiom_mix/logs/V70_BATCH.coqchk.log,1,accepted_kernel_checked
V70,third-party idiom mix,670,V70_TREE_MIRROR_030,V70_TREE_MIRROR_030,experiments/kernel_replay_v70_third_party_idiom_mix/coq/V70_TREE_MIRROR_030.v,1,accept,kernel_success,coqchk_success,experiments/kernel_replay_v70_third_party_idiom_mix/logs/V70_BATCH.coqchk.log,1,accepted_kernel_checked
V70,third-party idiom mix,671,V70_TREE_MIRROR_031,V70_TREE_MIRROR_031,experiments/kernel_replay_v70_third_party_idiom_mix/coq/V70_TREE_MIRROR_031.v,1,accept,kernel_success,coqchk_success,experiments/kernel_replay_v70_third_party_idiom_mix/logs/V70_BATCH.coqchk.log,1,accepted_kernel_checked
V70,third-party idiom mix,672,V70_TREE_MIRROR_032,V70_TREE_MIRROR_032,experiments/kernel_replay_v70_third_party_idiom_mix/coq/V70_TREE_MIRROR_032.v,1,accept,kernel_success,coqchk_success,experiments/kernel_replay_v70_third_party_idiom_mix/logs/V70_BATCH.coqchk.log,1,accepted_kernel_checked
V70,third-party idiom mix,673,V70_TREE_MIRROR_033,V70_TREE_MIRROR_033,experiments/kernel_replay_v70_third_party_idiom_mix/coq/V70_TREE_MIRROR_033.v,1,accept,kernel_success,coqchk_success,experiments/kernel_replay_v70_third_party_idiom_mix/logs/V70_BATCH.coqchk.log,1,accepted_kernel_checked
V70,third-party idiom mix,674,V70_TREE_MIRROR_034,V70_TREE_MIRROR_034,experiments/kernel_replay_v70_third_party_idiom_mix/coq/V70_TREE_MIRROR_034.v,1,accept,kernel_success,coqchk_success,experiments/kernel_replay_v70_third_party_idiom_mix/logs/V70_BATCH.coqchk.log,1,accepted_kernel_checked
V70,third-party idiom mix,675,V70_TREE_MIRROR_035,V70_TREE_MIRROR_035,experiments/kernel_replay_v70_third_party_idiom_mix/coq/V70_TREE_MIRROR_035.v,1,accept,kernel_success,coqchk_success,experiments/kernel_replay_v70_third_party_idiom_mix/logs/V70_BATCH.coqchk.log,1,accepted_kernel_checked
V70,third-party idiom mix,676,V70_TREE_MIRROR_036,V70_TREE_MIRROR_036,experiments/kernel_replay_v70_third_party_idiom_mix/coq/V70_TREE_MIRROR_036.v,1,accept,kernel_success,coqchk_success,experiments/kernel_replay_v70_third_party_idiom_mix/logs/V70_BATCH.coqchk.log,1,accepted_kernel_checked
V70,third-party idiom mix,677,V70_TREE_MIRROR_037,V70_TREE_MIRROR_037,experiments/kernel_replay_v70_third_party_idiom_mix/coq/V70_TREE_MIRROR_037.v,1,accept,kernel_success,coqchk_success,experiments/kernel_replay_v70_third_party_idiom_mix/logs/V70_BATCH.coqchk.log,1,accepted_kernel_checked
V70,third-party idiom mix,678,V70_TREE_MIRROR_038,V70_TREE_MIRROR_038,experiments/kernel_replay_v70_third_party_idiom_mix/coq/V70_TREE_MIRROR_038.v,1,accept,kernel_success,coqchk_success,experiments/kernel_replay_v70_third_party_idiom_mix/logs/V70_BATCH.coqchk.log,1,accepted_kernel_checked
V70,third-party idiom mix,679,V70_TREE_MIRROR_039,V70_TREE_MIRROR_039,experiments/kernel_replay_v70_third_party_idiom_mix/coq/V70_TREE_MIRROR_039.v,1,accept,kernel_success,coqchk_success,experiments/kernel_replay_v70_third_party_idiom_mix/logs/V70_BATCH.coqchk.log,1,accepted_kernel_checked
V70,third-party idiom mix,680,V70_TREE_MIRROR_040,V70_TREE_MIRROR_040,experiments/kernel_replay_v70_third_party_idiom_mix/coq/V70_TREE_MIRROR_040.v,1,accept,kernel_success,coqchk_success,experiments/kernel_replay_v70_third_party_idiom_mix/logs/V70_BATCH.coqchk.log,1,accepted_kernel_checked
V70,third-party idiom mix,681,V70_TREE_MIRROR_041,V70_TREE_MIRROR_041,experiments/kernel_replay_v70_third_party_idiom_mix/coq/V70_TREE_MIRROR_041.v,1,accept,kernel_success,coqchk_success,experiments/kernel_replay_v70_third_party_idiom_mix/logs/V70_BATCH.coqchk.log,1,accepted_kernel_checked
V70,third-party idiom mix,682,V70_TREE_MIRROR_042,V70_TREE_MIRROR_042,experiments/kernel_replay_v70_third_party_idiom_mix/coq/V70_TREE_MIRROR_042.v,1,accept,kernel_success,coqchk_success,experiments/kernel_replay_v70_third_party_idiom_mix/logs/V70_BATCH.coqchk.log,1,accepted_kernel_checked
V70,third-party idiom mix,683,V70_TREE_MIRROR_043,V70_TREE_MIRROR_043,experiments/kernel_replay_v70_third_party_idiom_mix/coq/V70_TREE_MIRROR_043.v,1,accept,kernel_success,coqchk_success,experiments/kernel_replay_v70_third_party_idiom_mix/logs/V70_BATCH.coqchk.log,1,accepted_kernel_checked
V70,third-party idiom mix,684,V70_TREE_MIRROR_044,V70_TREE_MIRROR_044,experiments/kernel_replay_v70_third_party_idiom_mix/coq/V70_TREE_MIRROR_044.v,1,accept,kernel_success,coqchk_success,experiments/kernel_replay_v70_third_party_idiom_mix/logs/V70_BATCH.coqchk.log,1,accepted_kernel_checked
V70,third-party idiom mix,685,V70_TREE_MIRROR_045,V70_TREE_MIRROR_045,experiments/kernel_replay_v70_third_party_idiom_mix/coq/V70_TREE_MIRROR_045.v,1,accept,kernel_success,coqchk_success,experiments/kernel_replay_v70_third_party_idiom_mix/logs/V70_BATCH.coqchk.log,1,accepted_kernel_checked
V70,third-party idiom mix,686,V70_TREE_MIRROR_046,V70_TREE_MIRROR_046,experiments/kernel_replay_v70_third_party_idiom_mix/coq/V70_TREE_MIRROR_046.v,1,accept,kernel_success,coqchk_success,experiments/kernel_replay_v70_third_party_idiom_mix/logs/V70_BATCH.coqchk.log,1,accepted_kernel_checked
V70,third-party idiom mix,687,V70_TREE_MIRROR_047,V70_TREE_MIRROR_047,experiments/kernel_replay_v70_third_party_idiom_mix/coq/V70_TREE_MIRROR_047.v,1,accept,kernel_success,coqchk_success,experiments/kernel_replay_v70_third_party_idiom_mix/logs/V70_BATCH.coqchk.log,1,accepted_kernel_checked
V70,third-party idiom mix,688,V70_TREE_MIRROR_048,V70_TREE_MIRROR_048,experiments/kernel_replay_v70_third_party_idiom_mix/coq/V70_TREE_MIRROR_048.v,1,accept,kernel_success,coqchk_success,experiments/kernel_replay_v70_third_party_idiom_mix/logs/V70_BATCH.coqchk.log,1,accepted_kernel_checked
V70,third-party idiom mix,689,V70_TREE_MIRROR_049,V70_TREE_MIRROR_049,experiments/kernel_replay_v70_third_party_idiom_mix/coq/V70_TREE_MIRROR_049.v,1,accept,kernel_success,coqchk_success,experiments/kernel_replay_v70_third_party_idiom_mix/logs/V70_BATCH.coqchk.log,1,accepted_kernel_checked
V70,third-party idiom mix,690,V70_TREE_MIRROR_050,V70_TREE_MIRROR_050,experiments/kernel_replay_v70_third_party_idiom_mix/coq/V70_TREE_MIRROR_050.v,1,accept,kernel_success,coqchk_success,experiments/kernel_replay_v70_third_party_idiom_mix/logs/V70_BATCH.coqchk.log,1,accepted_kernel_checked
V70,third-party idiom mix,691,V70_TREE_MIRROR_051,V70_TREE_MIRROR_051,experiments/kernel_replay_v70_third_party_idiom_mix/coq/V70_TREE_MIRROR_051.v,1,accept,kernel_success,coqchk_success,experiments/kernel_replay_v70_third_party_idiom_mix/logs/V70_BATCH.coqchk.log,1,accepted_kernel_checked
V70,third-party idiom mix,692,V70_TREE_MIRROR_052,V70_TREE_MIRROR_052,experiments/kernel_replay_v70_third_party_idiom_mix/coq/V70_TREE_MIRROR_052.v,1,accept,kernel_success,coqchk_success,experiments/kernel_replay_v70_third_party_idiom_mix/logs/V70_BATCH.coqchk.log,1,accepted_kernel_checked
V70,third-party idiom mix,693,V70_TREE_MIRROR_053,V70_TREE_MIRROR_053,experiments/kernel_replay_v70_third_party_idiom_mix/coq/V70_TREE_MIRROR_053.v,1,accept,kernel_success,coqchk_success,experiments/kernel_replay_v70_third_party_idiom_mix/logs/V70_BATCH.coqchk.log,1,accepted_kernel_checked
V70,third-party idiom mix,694,V70_TREE_MIRROR_054,V70_TREE_MIRROR_054,experiments/kernel_replay_v70_third_party_idiom_mix/coq/V70_TREE_MIRROR_054.v,1,accept,kernel_success,coqchk_success,experiments/kernel_replay_v70_third_party_idiom_mix/logs/V70_BATCH.coqchk.log,1,accepted_kernel_checked
V70,third-party idiom mix,695,V70_TREE_MIRROR_055,V70_TREE_MIRROR_055,experiments/kernel_replay_v70_third_party_idiom_mix/coq/V70_TREE_MIRROR_055.v,1,accept,kernel_success,coqchk_success,experiments/kernel_replay_v70_third_party_idiom_mix/logs/V70_BATCH.coqchk.log,1,accepted_kernel_checked
V70,third-party idiom mix,696,V70_TREE_MIRROR_056,V70_TREE_MIRROR_056,experiments/kernel_replay_v70_third_party_idiom_mix/coq/V70_TREE_MIRROR_056.v,1,accept,kernel_success,coqchk_success,experiments/kernel_replay_v70_third_party_idiom_mix/logs/V70_BATCH.coqchk.log,1,accepted_kernel_checked
V70,third-party idiom mix,697,V70_TREE_MIRROR_057,V70_TREE_MIRROR_057,experiments/kernel_replay_v70_third_party_idiom_mix/coq/V70_TREE_MIRROR_057.v,1,accept,kernel_success,coqchk_success,experiments/kernel_replay_v70_third_party_idiom_mix/logs/V70_BATCH.coqchk.log,1,accepted_kernel_checked
V70,third-party idiom mix,698,V70_TREE_MIRROR_058,V70_TREE_MIRROR_058,experiments/kernel_replay_v70_third_party_idiom_mix/coq/V70_TREE_MIRROR_058.v,1,accept,kernel_success,coqchk_success,experiments/kernel_replay_v70_third_party_idiom_mix/logs/V70_BATCH.coqchk.log,1,accepted_kernel_checked
V70,third-party idiom mix,699,V70_TREE_MIRROR_059,V70_TREE_MIRROR_059,experiments/kernel_replay_v70_third_party_idiom_mix/coq/V70_TREE_MIRROR_059.v,1,accept,kernel_success,coqchk_success,experiments/kernel_replay_v70_third_party_idiom_mix/logs/V70_BATCH.coqchk.log,1,accepted_kernel_checked
V70,third-party idiom mix,700,V70_TREE_MIRROR_060,V70_TREE_MIRROR_060,experiments/kernel_replay_v70_third_party_idiom_mix/coq/V70_TREE_MIRROR_060.v,1,accept,kernel_success,coqchk_success,experiments/kernel_replay_v70_third_party_idiom_mix/logs/V70_BATCH.coqchk.log,1,accepted_kernel_checked
V70,third-party idiom mix,701,V70_TREE_MIRROR_061,V70_TREE_MIRROR_061,experiments/kernel_replay_v70_third_party_idiom_mix/coq/V70_TREE_MIRROR_061.v,1,accept,kernel_success,coqchk_success,experiments/kernel_replay_v70_third_party_idiom_mix/logs/V70_BATCH.coqchk.log,1,accepted_kernel_checked
V70,third-party idiom mix,702,V70_TREE_MIRROR_062,V70_TREE_MIRROR_062,experiments/kernel_replay_v70_third_party_idiom_mix/coq/V70_TREE_MIRROR_062.v,1,accept,kernel_success,coqchk_success,experiments/kernel_replay_v70_third_party_idiom_mix/logs/V70_BATCH.coqchk.log,1,accepted_kernel_checked
V70,third-party idiom mix,703,V70_TREE_MIRROR_063,V70_TREE_MIRROR_063,experiments/kernel_replay_v70_third_party_idiom_mix/coq/V70_TREE_MIRROR_063.v,1,accept,kernel_success,coqchk_success,experiments/kernel_replay_v70_third_party_idiom_mix/logs/V70_BATCH.coqchk.log,1,accepted_kernel_checked
V70,third-party idiom mix,704,V70_TREE_MIRROR_064,V70_TREE_MIRROR_064,experiments/kernel_replay_v70_third_party_idiom_mix/coq/V70_TREE_MIRROR_064.v,1,accept,kernel_success,coqchk_success,experiments/kernel_replay_v70_third_party_idiom_mix/logs/V70_BATCH.coqchk.log,1,accepted_kernel_checked
V70,third-party idiom mix,705,V70_TREE_MIRROR_065,V70_TREE_MIRROR_065,experiments/kernel_replay_v70_third_party_idiom_mix/coq/V70_TREE_MIRROR_065.v,1,accept,kernel_success,coqchk_success,experiments/kernel_replay_v70_third_party_idiom_mix/logs/V70_BATCH.coqchk.log,1,accepted_kernel_checked
V70,third-party idiom mix,706,V70_TREE_MIRROR_066,V70_TREE_MIRROR_066,experiments/kernel_replay_v70_third_party_idiom_mix/coq/V70_TREE_MIRROR_066.v,1,accept,kernel_success,coqchk_success,experiments/kernel_replay_v70_third_party_idiom_mix/logs/V70_BATCH.coqchk.log,1,accepted_kernel_checked
V70,third-party idiom mix,707,V70_TREE_MIRROR_067,V70_TREE_MIRROR_067,experiments/kernel_replay_v70_third_party_idiom_mix/coq/V70_TREE_MIRROR_067.v,1,accept,kernel_success,coqchk_success,experiments/kernel_replay_v70_third_party_idiom_mix/logs/V70_BATCH.coqchk.log,1,accepted_kernel_checked
V70,third-party idiom mix,708,V70_TREE_MIRROR_068,V70_TREE_MIRROR_068,experiments/kernel_replay_v70_third_party_idiom_mix/coq/V70_TREE_MIRROR_068.v,1,accept,kernel_success,coqchk_success,experiments/kernel_replay_v70_third_party_idiom_mix/logs/V70_BATCH.coqchk.log,1,accepted_kernel_checked
V70,third-party idiom mix,709,V70_TREE_MIRROR_069,V70_TREE_MIRROR_069,experiments/kernel_replay_v70_third_party_idiom_mix/coq/V70_TREE_MIRROR_069.v,1,accept,kernel_success,coqchk_success,experiments/kernel_replay_v70_third_party_idiom_mix/logs/V70_BATCH.coqchk.log,1,accepted_kernel_checked
V70,third-party idiom mix,710,V70_TREE_MIRROR_070,V70_TREE_MIRROR_070,experiments/kernel_replay_v70_third_party_idiom_mix/coq/V70_TREE_MIRROR_070.v,1,accept,kernel_success,coqchk_success,experiments/kernel_replay_v70_third_party_idiom_mix/logs/V70_BATCH.coqchk.log,1,accepted_kernel_checked
V70,third-party idiom mix,711,V70_TREE_MIRROR_071,V70_TREE_MIRROR_071,experiments/kernel_replay_v70_third_party_idiom_mix/coq/V70_TREE_MIRROR_071.v,1,accept,kernel_success,coqchk_success,experiments/kernel_replay_v70_third_party_idiom_mix/logs/V70_BATCH.coqchk.log,1,accepted_kernel_checked
V70,third-party idiom mix,712,V70_TREE_MIRROR_072,V70_TREE_MIRROR_072,experiments/kernel_replay_v70_third_party_idiom_mix/coq/V70_TREE_MIRROR_072.v,1,accept,kernel_success,coqchk_success,experiments/kernel_replay_v70_third_party_idiom_mix/logs/V70_BATCH.coqchk.log,1,accepted_kernel_checked
V70,third-party idiom mix,713,V70_TREE_MIRROR_073,V70_TREE_MIRROR_073,experiments/kernel_replay_v70_third_party_idiom_mix/coq/V70_TREE_MIRROR_073.v,1,accept,kernel_success,coqchk_success,experiments/kernel_replay_v70_third_party_idiom_mix/logs/V70_BATCH.coqchk.log,1,accepted_kernel_checked
V70,third-party idiom mix,714,V70_TREE_MIRROR_074,V70_TREE_MIRROR_074,experiments/kernel_replay_v70_third_party_idiom_mix/coq/V70_TREE_MIRROR_074.v,1,accept,kernel_success,coqchk_success,experiments/kernel_replay_v70_third_party_idiom_mix/logs/V70_BATCH.coqchk.log,1,accepted_kernel_checked
V70,third-party idiom mix,715,V70_TREE_MIRROR_075,V70_TREE_MIRROR_075,experiments/kernel_replay_v70_third_party_idiom_mix/coq/V70_TREE_MIRROR_075.v,1,accept,kernel_success,coqchk_success,experiments/kernel_replay_v70_third_party_idiom_mix/logs/V70_BATCH.coqchk.log,1,accepted_kernel_checked
V70,third-party idiom mix,716,V70_TREE_MIRROR_076,V70_TREE_MIRROR_076,experiments/kernel_replay_v70_third_party_idiom_mix/coq/V70_TREE_MIRROR_076.v,1,accept,kernel_success,coqchk_success,experiments/kernel_replay_v70_third_party_idiom_mix/logs/V70_BATCH.coqchk.log,1,accepted_kernel_checked
V70,third-party idiom mix,717,V70_TREE_MIRROR_077,V70_TREE_MIRROR_077,experiments/kernel_replay_v70_third_party_idiom_mix/coq/V70_TREE_MIRROR_077.v,1,accept,kernel_success,coqchk_success,experiments/kernel_replay_v70_third_party_idiom_mix/logs/V70_BATCH.coqchk.log,1,accepted_kernel_checked
V70,third-party idiom mix,718,V70_TREE_MIRROR_078,V70_TREE_MIRROR_078,experiments/kernel_replay_v70_third_party_idiom_mix/coq/V70_TREE_MIRROR_078.v,1,accept,kernel_success,coqchk_success,experiments/kernel_replay_v70_third_party_idiom_mix/logs/V70_BATCH.coqchk.log,1,accepted_kernel_checked
V70,third-party idiom mix,719,V70_TREE_MIRROR_079,V70_TREE_MIRROR_079,experiments/kernel_replay_v70_third_party_idiom_mix/coq/V70_TREE_MIRROR_079.v,1,accept,kernel_success,coqchk_success,experiments/kernel_replay_v70_third_party_idiom_mix/logs/V70_BATCH.coqchk.log,1,accepted_kernel_checked
V70,third-party idiom mix,720,V70_TREE_MIRROR_080,V70_TREE_MIRROR_080,experiments/kernel_replay_v70_third_party_idiom_mix/coq/V70_TREE_MIRROR_080.v,1,accept,kernel_success,coqchk_success,experiments/kernel_replay_v70_third_party_idiom_mix/logs/V70_BATCH.coqchk.log,1,accepted_kernel_checked
