"path","sha256","bytes"
"coq/.V70_ASSOC_LIST_001.aux","EA2FD5F1B8E5B5E7D5BF7082E20358B9D08CFA4CDABF3C6F0DDC297C143A3A80","600"
"coq/.V70_ASSOC_LIST_002.aux","A5506C8932018D02759805CD561E7FD81A2CC750FCAD7695063E9CD7F3D69341","600"
"coq/.V70_ASSOC_LIST_003.aux","CD360D5692604FF741B06AED0DF4F69EEDD4E8FE4B7EB55529378B1962870BBD","600"
"coq/.V70_ASSOC_LIST_004.aux","2A76F5E1238B3F806D7647166F387C61431640EBDE4DEE8D32D57DF06973892A","600"
"coq/.V70_ASSOC_LIST_005.aux","5D793B4E98F8F384A52F474F222BDC92793F5023EA8ABB86B3E95415F5A26A82","600"
"coq/.V70_ASSOC_LIST_006.aux","1B5177CD954A2F480FBD7531A0BC0414580D086850731FC507EE7D5E270F7821","600"
"coq/.V70_ASSOC_LIST_007.aux","F7442E93A3EFFB94B83E212BB156C785016D4FAEC308B010453BE8CEC91E06FB","600"
"coq/.V70_ASSOC_LIST_008.aux","549F7303FAEED22DBCDD11B867E03E4EDBF04F9EB3B98F667AD099C7635DD8AD","600"
"coq/.V70_ASSOC_LIST_009.aux","9CA83C12B63932CA5ABD67A0DA587ADB152F1EC017DD8B609F4385F4F13D9FE0","600"
"coq/.V70_ASSOC_LIST_010.aux","7D818C3747FB1CA4C3DC5E77B634FEF0CFE4A7C07DA2B86326A94676D82D2234","602"
"coq/.V70_ASSOC_LIST_011.aux","E04D9B132B27D4B49753B7057B7E3990D5EF0148224D3FF8D4F19EC8E2CFEEDB","602"
"coq/.V70_ASSOC_LIST_012.aux","BB72B4BC8E32A5B1DE26EDEDE9745F9419CD9FA6C0003576321F620163F4551A","602"
"coq/.V70_ASSOC_LIST_013.aux","939DBC23955618CC394EA38FC5FA5E77E7F87006F7221B1B537C6B23C4318289","602"
"coq/.V70_ASSOC_LIST_014.aux","47676E6A74308C7BEA350D5E9FBDAF10A4588DD4513B19C6F4806D8322CBA8A2","602"
"coq/.V70_ASSOC_LIST_015.aux","7ECE934C2099C091D953B2AEC9AEDEFB80B3436464E16615A08875270FCB308E","602"
"coq/.V70_ASSOC_LIST_016.aux","6AB230AE9D16CAC469DCEF420E650FA5302B52C9B3AC5FF647207C47FA863A72","602"
"coq/.V70_ASSOC_LIST_017.aux","748067003CF93C32670D18AB97C1FD8E4560035C44D061A26D90C835F4133FCF","602"
"coq/.V70_ASSOC_LIST_018.aux","BAFBE6296BDFEFD719821154F574E7D2A31741AD5167712462F735010A010F8B","602"
"coq/.V70_ASSOC_LIST_019.aux","707834373F84FCF7DEEF60377DABA4A0FD419AAF9E3329D9F6A2A4A1DF881754","602"
"coq/.V70_ASSOC_LIST_020.aux","B7FBC7814BCA000876C36C78A160C837073DBE398166D8305E4FDD8C1F4692AA","602"
"coq/.V70_ASSOC_LIST_021.aux","7F86E8BACB0C09A96A803EFBACCEA03835BDB1F15C3BAC8F43A881134BBDA145","602"
"coq/.V70_ASSOC_LIST_022.aux","7A0ECC85A9BAC1E20D459C687B98483498853690D515A46512EF81F30378F171","602"
"coq/.V70_ASSOC_LIST_023.aux","C57395DCCB8F1A8DA57F7B606BC6947B23C9BC3F977A62615157AC5F5DB1D355","602"
"coq/.V70_ASSOC_LIST_024.aux","5820CE7AB6E6625B4FD7F2B01BD3FFF78536E8EC40EA924D725A97157FF19407","602"
"coq/.V70_ASSOC_LIST_025.aux","467D160EE660EBBC46EBCB76D2814FCB37045A7C4C1CC514AA634ABE4B1C6F5E","602"
"coq/.V70_ASSOC_LIST_026.aux","CCA8CE1CF134B8C3E24C32A6E897AE38C80B1B2D3EC3BA0F82EA1295E93B96AC","602"
"coq/.V70_ASSOC_LIST_027.aux","A1B807DF4066BF149BBF202A5459386292FB0C3C16DA1E5D98F8BD35C1A69A1F","602"
"coq/.V70_ASSOC_LIST_028.aux","E16296FDD0B17F1E15E45629FE2A44F06FE138FB07FE7F8654AD557EAD94A02D","602"
"coq/.V70_ASSOC_LIST_029.aux","F8F63A65A76369FA5702AEE8B31189335CB3F4E2081E1D1DBB795805E659CD38","602"
"coq/.V70_ASSOC_LIST_030.aux","FFEB45C47D671840BC37797D516371CBA0001818A4A784C52A0AA2ADB3FE11D3","602"
"coq/.V70_ASSOC_LIST_031.aux","8E91CC14DE4A2B0F13828ECFEBA15E618170228C0F1838AF3A00BB9BD27FC54F","602"
"coq/.V70_ASSOC_LIST_032.aux","4D79FA4D1716EA274BD3B04F382E15D57E932E1BE011D8A6854640D00CC1C20C","602"
"coq/.V70_ASSOC_LIST_033.aux","64EB24135BDB49486EB6210447BD09021307F7BEBB4C810DA2C0A9AE89A2E548","602"
"coq/.V70_ASSOC_LIST_034.aux","84683A9685839C318AEC8097355E403FFFCE18617AC933FAF79D0116D7EBBA3A","602"
"coq/.V70_ASSOC_LIST_035.aux","E758E724B41F8400413FAFC68F707960EC0193692E1F8A4E34D863FEAD0B5DA0","602"
"coq/.V70_ASSOC_LIST_036.aux","508FA696F44F0DB736A181D547FCA28C7FC86274D108FB83C68D8A0E9B5F8008","602"
"coq/.V70_ASSOC_LIST_037.aux","B945A16552F979BD3D500221CA996323399BB1ACFA1C50DEEA17E0197A7BB937","602"
"coq/.V70_ASSOC_LIST_038.aux","FBD5ABE135B4542195E20888491427939AAACA5574B397CF639D14F91096A540","602"
"coq/.V70_ASSOC_LIST_039.aux","607FD0DDEBA7D0BE684749C6FFA27BDB1678E226C9E6802909EAB5C05A695DE3","602"
"coq/.V70_ASSOC_LIST_040.aux","78FBF0D44D13B006088D56D073E069CF4403F86132B81986EF925D397C104B93","602"
"coq/.V70_ASSOC_LIST_041.aux","44B4278DEA517D72AC88FC40E5B4B0653079DD29E03DC517B79C3F0F6554B04D","602"
"coq/.V70_ASSOC_LIST_042.aux","435042B1BB2CA70B615F5C54B8A11D40E2718BA9BFFAC0E555D1C0B117915308","602"
"coq/.V70_ASSOC_LIST_043.aux","CF0C03741E6D19C1C2901374D006EA18E532217F257C8B78349A7FBF026D3DBE","602"
"coq/.V70_ASSOC_LIST_044.aux","C5D352036D79D5ADBF57542009A7AA3CCEAB48B87BF9FB69ACD78BCC3DFA9BA5","602"
"coq/.V70_ASSOC_LIST_045.aux","E63330C45A7BE9DBF252C8556A668720FD35431BE333049D29DB196E730DF148","602"
"coq/.V70_ASSOC_LIST_046.aux","D1DA46E13B5CEBCB47FED2FCCE942FBC4D3B67880C12A3F4818F1363AF1655B9","602"
"coq/.V70_ASSOC_LIST_047.aux","31D68AB15079AC34686BD2AAAB0905F66283162ABE19CB270B239C6AE86EF4C4","602"
"coq/.V70_ASSOC_LIST_048.aux","BD19019B163D9817ADECD3277F077EB5FAC9E0665EAF6A561089B352A6ADE3EE","602"
"coq/.V70_ASSOC_LIST_049.aux","8F90FABAEEEAE545CC4A9C82A4CB4CFC3E4636BF02724337715DFF5812C5AF7A","602"
"coq/.V70_ASSOC_LIST_050.aux","D23EABA3E6F6D4B76603FD15572D146BFFF820E18C68853D4E31F4DA2C27DEF2","602"
"coq/.V70_ASSOC_LIST_051.aux","2C1F14D730350852824D64A8229C02E2A50C9F77C271BFDB2A410CF4BF86D217","602"
"coq/.V70_ASSOC_LIST_052.aux","A0FFB630F81DAFC90A2C958C1D856354E0909314127B3070118F6D2BF10BEEAC","602"
"coq/.V70_ASSOC_LIST_053.aux","2AFFED59BD2182E35EBAE1CDEE369957C409FE8FAA10B3A736AD7658BB96A960","602"
"coq/.V70_ASSOC_LIST_054.aux","7C74877207BB4B3153EFFF67C8A7381F07A4F73A6870759C289AD98597448166","602"
"coq/.V70_ASSOC_LIST_055.aux","3040E759E981110DD468A8A3514DE3EF9B0EAF347683EDA4702FCA0B24E77AF4","602"
"coq/.V70_ASSOC_LIST_056.aux","080FA6449464F14111B8E1D3CE435EE8CFC974EA44409B6EF6E3BDAFD11FF0B8","602"
"coq/.V70_ASSOC_LIST_057.aux","5C5B00EFD213898C418D60A9DF955FFBC31CB9E744CC91C801BDCD6FA83CAB71","602"
"coq/.V70_ASSOC_LIST_058.aux","61EE29A2AED550FCD213ADD24A05F0A3D779B236369C40B4B639CD0E2A7B5ED4","602"
"coq/.V70_ASSOC_LIST_059.aux","C15D90CAF09E10E8D3C28B9E151B70753FE56FB3DAC05FB7EBA118281C447751","602"
"coq/.V70_ASSOC_LIST_060.aux","65AF08CFBA90CDE0627D7ABD96376AAFF17440567E5342A2DF24132F09B2093F","602"
"coq/.V70_ASSOC_LIST_061.aux","D9CF4E32DFEFE4F98D0337B889CCDDCEA3AC3BC73103E56D7D1336798C197F3E","602"
"coq/.V70_ASSOC_LIST_062.aux","DFA92D29B824BEE830B001BA7C1D171C5507D5B87E4506C060FA6D872A01564F","602"
"coq/.V70_ASSOC_LIST_063.aux","FB4027C6D15C9A715D95850261D88EA3EFB9650FA05265CF6ECAF2B9954C273C","602"
"coq/.V70_ASSOC_LIST_064.aux","F41D04B49A9C557D7B5982CAFEB0319FDD924354F64930C76E24CA458D5EC987","602"
"coq/.V70_ASSOC_LIST_065.aux","84B3228A8DF057192228676A3A2A45EE457AF7556ED0FBC33B89753C679B3CA1","602"
"coq/.V70_ASSOC_LIST_066.aux","6E42CDBC6FD88B5D85C692C6BF8111AE87A08BBE9AFDA8319687F22CA365BB77","602"
"coq/.V70_ASSOC_LIST_067.aux","FE086DB00CD2DEB761BF2E9F38D95EB4ECD7C20126529275D04C96D716E18958","602"
"coq/.V70_ASSOC_LIST_068.aux","0F2C5587EC90B18AEBCAFB04A13982D1DE9D5FFDAF254998AB4DB956A6055206","602"
"coq/.V70_ASSOC_LIST_069.aux","8078D54F6B3FBE35EAF87BE9D63F290EFDDE1685E6430D30EC9A4FBCD21861AF","602"
"coq/.V70_ASSOC_LIST_070.aux","15293A9E9475B97099CD1201C62B65CE8A81055E676AF275BC487F8AA76E5F1C","602"
"coq/.V70_ASSOC_LIST_071.aux","2A7BF175661E9884D1DD0F6E7837BFA5C441706AC0484DBF476E7FB3CCF6FC9B","602"
"coq/.V70_ASSOC_LIST_072.aux","4C6B2E48AA1786ABDFB4153DBEC152CA7EB80286F48FF2E6D1A4FCE8427FAEBF","602"
"coq/.V70_ASSOC_LIST_073.aux","A75FE7123FE964E7AD08BDB711F1EA589D5400FF8B4B2603A000DBD3791642A6","602"
"coq/.V70_ASSOC_LIST_074.aux","489D815510F92DA4583975CECB033CCEB40C210A9F756BBD0F5EC4BADCA2C8D7","602"
"coq/.V70_ASSOC_LIST_075.aux","C651B7278087C46D2C450A7D6B47F7126809B4E3EDF94AAEB89E9CD2DBCDC391","602"
"coq/.V70_ASSOC_LIST_076.aux","025DAE23F210F13157A37C232822397A9552C3189E25339AFD0E0E1E21FC2299","602"
"coq/.V70_ASSOC_LIST_077.aux","C11D2986DD2C20ABAAA2FC3E38252412B0F42948F0A23B26276715EE28F0EC44","602"
"coq/.V70_ASSOC_LIST_078.aux","D93B07E6EDC18755225DC321C3685EC2DCD63C2704A21F037A8C2EB720C171A6","602"
"coq/.V70_ASSOC_LIST_079.aux","66E86567DE4CBD3327979D7BB410751F1ABBD737C5EC81CFE5AD86B119093D13","602"
"coq/.V70_ASSOC_LIST_080.aux","7A50BA24E85696C6DD9E975BC1AA5372BE7393591BD26DC230C1CED3155F25C5","602"
"coq/.V70_BOOL_REFLECT_001.aux","2ABD9ACF5C8AE98B5D3EB2BC95E3F9DE3E6CFFA690E2DB180047B77FB8DFD13B","597"
"coq/.V70_BOOL_REFLECT_002.aux","4BCF9EB99D86B7682A0667FF1D114DFD60661B070DD052A596C7B4C4901B01C3","597"
"coq/.V70_BOOL_REFLECT_003.aux","752B29EBE68EA8920B7057F79221EDBEF6D07F32029768EDFC279CFE840124BE","597"
"coq/.V70_BOOL_REFLECT_004.aux","D3B9923F4EFA54852634D5F3E09A6BE085BACF9F151FFB0CF33F22AFC06E29B0","597"
"coq/.V70_BOOL_REFLECT_005.aux","E06498336B5A417CB0B07682CE594584E42AD265E6232FC5370F86F96C050964","597"
"coq/.V70_BOOL_REFLECT_006.aux","7EA3FC92D54ED4BF171BA5AFCD7F37D6DE0ABAC379C7ADD2A5866F47D7101370","597"
"coq/.V70_BOOL_REFLECT_007.aux","FAAA8012BEC5D933D6F2564C26EC2EE5742A82B2BDD840B9F7D1278305E62610","597"
"coq/.V70_BOOL_REFLECT_008.aux","C1286601B46BED260C0CC712426837335BDCBD541EBB59BC21DAD8BCABC6BDCB","597"
"coq/.V70_BOOL_REFLECT_009.aux","AE4471528001C2C290DF57B2DFAF7D69777522E6C6775733C0CFC92CE7F28908","597"
"coq/.V70_BOOL_REFLECT_010.aux","91CF26CBDCDBF54F1F873D8987956C2B74095B116142AD47706C910BA200C804","599"
"coq/.V70_BOOL_REFLECT_011.aux","F9523F72052145C78966E0467EA5E8250319B91DCD576A39BB05B1CDD97B0320","599"
"coq/.V70_BOOL_REFLECT_012.aux","0785DED7D2B509D258FD5251391CFE2AF661C4920BF2396FF839305D0F30BEB0","599"
"coq/.V70_BOOL_REFLECT_013.aux","2D056346A4DD60404916308F7B384C8F96EDC5830EF105D0183173805001FDE9","599"
"coq/.V70_BOOL_REFLECT_014.aux","F4C92F01DC20ACE32C4E5B81A6CD9323176B2F183889557EECFF131E33C5D8B5","599"
"coq/.V70_BOOL_REFLECT_015.aux","50BAC27EA4E8E61CFB71CA0F9D2FE076C4CFD381148A81B3905F7275968EA20C","599"
"coq/.V70_BOOL_REFLECT_016.aux","A36E7B5B61B007340BF03F4CC1DA996DA216A4228D08D8FEEF17975FA39B66F8","599"
"coq/.V70_BOOL_REFLECT_017.aux","B54A197F9C8146CBE5998E4A27E684AB52ECF4577AC263FF992DAC53990C7FDF","599"
"coq/.V70_BOOL_REFLECT_018.aux","A41C8A24189E5F1D5982E21C9FE2A72540432D2EA716D6EDBEBEBC1A3DC6B513","599"
"coq/.V70_BOOL_REFLECT_019.aux","DE1FDD370BA7DAE4477A52966B5D59822EE6E22C31166752832E0E0E5F97BA58","599"
"coq/.V70_BOOL_REFLECT_020.aux","FAE482089ED07AB9390E09D8A532DDB7A22CBE03726392B56BB08DF95E8E8E61","599"
"coq/.V70_BOOL_REFLECT_021.aux","B4410B068CE74C6D135D3A396D0328FC48E813BDF1430D47D48EA340BC2C2E06","599"
"coq/.V70_BOOL_REFLECT_022.aux","6D06D54465FDF6E673F4BD5557112F19B4B562406AE78476DFA77D5AC0FBC39D","599"
"coq/.V70_BOOL_REFLECT_023.aux","4C0E10EDD7F90C35ECB2EEB9BDBE6BAFF2234AE2C5F620DD7362A79FFB7908E0","599"
"coq/.V70_BOOL_REFLECT_024.aux","AABF64AAFA6FAD5B1F9F0AF1089E791C11D12551ED9E8DB8FEA90C7060300477","599"
"coq/.V70_BOOL_REFLECT_025.aux","F390832B40D56A4BBF484875F540A1CB60CB696E9E67D098516544C2AC931AAF","599"
"coq/.V70_BOOL_REFLECT_026.aux","2B52FFFEF6EFC385221B1AC8ECE9E2C5DCF92F1312501F5D2E5DF119A85F5797","599"
"coq/.V70_BOOL_REFLECT_027.aux","16081C39D6B4F0F67B4595A12F986726BB19B3EEB73D58C155E5917FC4C0003B","599"
"coq/.V70_BOOL_REFLECT_028.aux","7CB04438104BCD3C4421FCD650C2A8CD7946DDDFD2DBCCD1F818A1654DBFD3B6","599"
"coq/.V70_BOOL_REFLECT_029.aux","74615060AB91C1AF924A77C0F4B97AD95B2C9BE76B80B07FC443709EE82B9F8A","599"
"coq/.V70_BOOL_REFLECT_030.aux","6C66882FE0A90F9BABE95082E484EB19DE2BA9D8A3EC5CFE0E9387CEFA94FAD7","599"
"coq/.V70_BOOL_REFLECT_031.aux","1833BAA23BB7A51219483E0C5780775B4F660B35AE123F6FB587A62D0661165F","599"
"coq/.V70_BOOL_REFLECT_032.aux","0A0085D379EF1297D0EF24BFDF2AFD45F751BE4111425B3F93201B7CBCB5E0FA","599"
"coq/.V70_BOOL_REFLECT_033.aux","A2EBCB7F37694B65E42366D506360DDDDE642C76BACA8EB454240093D158DADC","599"
"coq/.V70_BOOL_REFLECT_034.aux","2191D406B132437D94FA2EFF1552D9629A40D71C038D4CE9DA708086799702A3","599"
"coq/.V70_BOOL_REFLECT_035.aux","3A90B3BE43C62748480FDE0E6A07F45C17886A9ACA6D5252D26426A6536744C7","599"
"coq/.V70_BOOL_REFLECT_036.aux","8883262A7CCFD475F71E5617926F4351F165C7F8BCCD9B211C91A6A68D517F8D","599"
"coq/.V70_BOOL_REFLECT_037.aux","363CF70B3FA2916AB6E8831F41591C785F22367958E10F7BD6587C96E801C197","599"
"coq/.V70_BOOL_REFLECT_038.aux","C5379B6CECDE29244E7BBBF81EFE66278FF6B432CA2E71E8636EFC4CE9F7C1F6","599"
"coq/.V70_BOOL_REFLECT_039.aux","7AC6CF940E629A09581508A15C190C07CEDA447DBA39BB2CC195281917FD977E","599"
"coq/.V70_BOOL_REFLECT_040.aux","3F3D6C93AAD5269304057452657CDF69EE41987E174481DE018596C5257F7C29","599"
"coq/.V70_BOOL_REFLECT_041.aux","2FFEAFBDCDD57B26260487AC32D3AF00B45488ABFE6708112394C4AEB99D82F6","599"
"coq/.V70_BOOL_REFLECT_042.aux","07F88F71C61FED0304D8502E912C2753956235D39C57AADEC32A119E4123D81F","599"
"coq/.V70_BOOL_REFLECT_043.aux","1DDB7543D5CB81478291CA9CDAC8AAE90FAE1DAB7BBDE34CA4D1BD44A0026683","599"
"coq/.V70_BOOL_REFLECT_044.aux","E3CF78F856AFB6B20600739F045B940FB213E4927BAD84FEEC56F82D37550C2B","599"
"coq/.V70_BOOL_REFLECT_045.aux","1E98DE837D699BD35D9D5A0148CE4834BA2417F29FC48280A476B019F9DFC201","599"
"coq/.V70_BOOL_REFLECT_046.aux","61DF3604160A9398C7F3835A3A2926E5561343CE992F3CFE22CEC2F62832295C","599"
"coq/.V70_BOOL_REFLECT_047.aux","36A436BB94F2B04519C59C945D72E2A0BB51E8709784A5616C773AAC07E0132C","599"
"coq/.V70_BOOL_REFLECT_048.aux","CDDB0AC6515450823346F903485754AFE909FFFFDFD4945D23CF63CBC24C94C1","599"
"coq/.V70_BOOL_REFLECT_049.aux","196E815E574FF62203E3B9357E430FA2DF13F63851D51E7B35B02BC44AD87402","599"
"coq/.V70_BOOL_REFLECT_050.aux","769D54B917C38355CB1D6AC361CF1FCACD043526EFF5641DAE86EB0E9D4CAE97","599"
"coq/.V70_BOOL_REFLECT_051.aux","B41DFDCE14EB875D801B4DE1BE0543680D9195576E39C52BF4FD0804C71D4765","599"
"coq/.V70_BOOL_REFLECT_052.aux","285C182C3DD91D7D5AFCBCA41B783978A012C78A04CCA8B2E9C64E534816BF33","599"
"coq/.V70_BOOL_REFLECT_053.aux","1E68B35C567646B70C0ABC525014421C6F08E724938609351C46248FDA11BC91","599"
"coq/.V70_BOOL_REFLECT_054.aux","B992DD96378A4C1E959DBC3910C0E69B8D7094897CB9CEA18239F33EC5A30A71","599"
"coq/.V70_BOOL_REFLECT_055.aux","4E3B5E48D6CF132701426AA7D1DFC0B888FB30B0D53A5B21A29D5E1C8279E781","599"
"coq/.V70_BOOL_REFLECT_056.aux","9BA4273DA64E137451C4F86504A8B6F8486F51A65D7C9F8C2C92B94E1CB922B7","599"
"coq/.V70_BOOL_REFLECT_057.aux","BEF03A3772AF98751A7D62BC16B04434C91DF248F7EE9CC7737B3594B1E49449","599"
"coq/.V70_BOOL_REFLECT_058.aux","97666CB3F97DDD400BF0937890AA406E0FF512572A5838B20F945B3955D87EA4","599"
"coq/.V70_BOOL_REFLECT_059.aux","E6C12F9F2B5DBCAF0F4CB4A673D2ED6D2528189F3842E058EDE71626815313A4","599"
"coq/.V70_BOOL_REFLECT_060.aux","C0E5B1B65EE8305697AED95802ED7D6FCCFC28FE12C4260F70FA29DCCE7545DE","599"
"coq/.V70_BOOL_REFLECT_061.aux","636DF55E6A43A5C13DCE0DFBBE338E2875E29B882B9C9FD3928824E84DDC815E","599"
"coq/.V70_BOOL_REFLECT_062.aux","FC0B5181F6EE002579DEA6679BAAAB7D1E093D4421071372E029788653264185","599"
"coq/.V70_BOOL_REFLECT_063.aux","7195542537EE15AC76C983B0F973FECA2827428F35EF6A57B5CBF4788BDF0987","599"
"coq/.V70_BOOL_REFLECT_064.aux","79612CEB1D7DB28E1748136376BC5FBA532B1FD0370D825AD48CAE450F071904","599"
"coq/.V70_BOOL_REFLECT_065.aux","82C0CE0C98E37B45F4351D35DA2AF50D7B2A5A6CB3ABB9AA70CB17F6C76CB3EC","599"
"coq/.V70_BOOL_REFLECT_066.aux","A693D55E628F49CD6AE952795A8C06F18F6C58F785EACC2AA4C71541AEC807AB","599"
"coq/.V70_BOOL_REFLECT_067.aux","E6A367BB22A771698839B0C5AB740C17AFEB73E7191D402821040FA909FBD3C9","599"
"coq/.V70_BOOL_REFLECT_068.aux","9FA21E19849181EC1954936CB09FBDE359C5B0C0A24CBB862DF825CC50C4EA68","599"
"coq/.V70_BOOL_REFLECT_069.aux","E8F2BC801987F44C820EBF970322080F2419925500BE34922841BD7474CB22B7","599"
"coq/.V70_BOOL_REFLECT_070.aux","ABD96B9BAB649BCF287E0E7CEA298019EF2B08BDAE014CC79C72D02437427CD6","599"
"coq/.V70_BOOL_REFLECT_071.aux","88C2DDEB1D2DD2D13BA2C773ACAA5CC5452923F25A34703246C7287FC70386F6","599"
"coq/.V70_BOOL_REFLECT_072.aux","4A6A330A736AC0EDFF581FDCE802E51F4AEBB078EA18334DBF11D32F44757550","599"
"coq/.V70_BOOL_REFLECT_073.aux","0BF40C7D6B4033DE11AB032F359397AA221819FE40F291508582BB1179D98D67","599"
"coq/.V70_BOOL_REFLECT_074.aux","A26DC14BB4431A108D0AEEE8C952D0A2AE96EBF1A5D35EA16542D531E13EF8D1","599"
"coq/.V70_BOOL_REFLECT_075.aux","324275D68C3470F1872AE25FBC65002ACF6C67EB0CFBCC40DBC85DA2117952F9","599"
"coq/.V70_BOOL_REFLECT_076.aux","2413161200C120D180C60944DE1232B0D368B2B6162C4A7E8A4F0B3C970B26BB","599"
"coq/.V70_BOOL_REFLECT_077.aux","69909F95A73AFAB8B09952C0AE27E63B3EBF6E3C6A6A5E4E7548BFCAF394E949","599"
"coq/.V70_BOOL_REFLECT_078.aux","7CADC5AD0ADF308B081D0CFB1D94FF9B4B6E5DD82925EC190E4442537C9D8F9A","599"
"coq/.V70_BOOL_REFLECT_079.aux","4EF1E84C5A4CE1F5261018E45D05DA25D1AF3804A8A0A40E77D0DA999D73E148","599"
"coq/.V70_BOOL_REFLECT_080.aux","4628C214D050790B69F6B0AC951F02D42F1DE89535E2F46887DA5C9B30C34946","599"
"coq/.V70_LIST_FILTER_PARTITION_001.aux","D58E022BD9EFB6664016C16D5A1A2EAD7803D46742FDFED584E416A118C57E2D","604"
"coq/.V70_LIST_FILTER_PARTITION_002.aux","90FCC9FA1A7B4B624D6CC1D5F3695C97A10C42A1A665551D177ABDD2C041A8B9","604"
"coq/.V70_LIST_FILTER_PARTITION_003.aux","38F24DF134A7532A1B4CBF8F102DDB31DC38F1F564FCA8B97E612A7FA23D74F3","604"
"coq/.V70_LIST_FILTER_PARTITION_004.aux","41914CCDAA663E3989C5174EB3408AF7E966E73FC11A266C92A8C60AC7887CA5","604"
"coq/.V70_LIST_FILTER_PARTITION_005.aux","E4584ED969509786907F6A7F387138C867E7D3390A7C221826D851576D20F6C0","604"
"coq/.V70_LIST_FILTER_PARTITION_006.aux","7A3D2FA71B98E7AB30AE65973B83995A32FA329ED5875FC12360D5644977E32D","604"
"coq/.V70_LIST_FILTER_PARTITION_007.aux","BBBAC45E2D7835F98A50F07D6119AA5C33296EF42DE1CC848DEED2E44810810A","604"
"coq/.V70_LIST_FILTER_PARTITION_008.aux","DEC6F01B22CD8B4C88C8BF42B8051B51E43DABB5271BB0B65A1DD8ADF7C4AF8B","604"
"coq/.V70_LIST_FILTER_PARTITION_009.aux","20BFAC2C1E4C65A1A75B2D46AFAB4833684B7F579EB842635D9D590DA072DD68","604"
"coq/.V70_LIST_FILTER_PARTITION_010.aux","5F29884451D73BB174C508B752C3B9C2E69F533452BD3BA8E4F93B861A0C42CD","606"
"coq/.V70_LIST_FILTER_PARTITION_011.aux","045795B1EB5747A9421591F759DCDE1589DA21FCAD8733127C9FFF331576287B","606"
"coq/.V70_LIST_FILTER_PARTITION_012.aux","45DC7A35557747393489BD588E2DF30E3C1B778049A48001A419FAFDF48C8968","606"
"coq/.V70_LIST_FILTER_PARTITION_013.aux","1A46019FB3F7EAABC38B9DDCDFF3BAFF170A8B84A62702CEEBFDAB0B1AC19D46","606"
"coq/.V70_LIST_FILTER_PARTITION_014.aux","EB9F40668FDE2EE74A05B817D5B9A9969B8FC9D60A4C0CB6870FB15FE7BE8F16","606"
"coq/.V70_LIST_FILTER_PARTITION_015.aux","4AEA7DE95EB784B3F3A8861180B20993E0BFD001FD8476318D4E4B35032A766E","606"
"coq/.V70_LIST_FILTER_PARTITION_016.aux","030618BEBE0EBB31423FC2B2C3D347E8932B9EFAEBC0AB5C6FDBA0753F988E13","606"
"coq/.V70_LIST_FILTER_PARTITION_017.aux","4D916636FF5C5F003D1788D026E0AB314C4141BD1A48591D62B274629E6B96A9","606"
"coq/.V70_LIST_FILTER_PARTITION_018.aux","0A0B451E427F0FA613A344B4D4687C03CF23865871B13BE04B9E95586855DBFF","606"
"coq/.V70_LIST_FILTER_PARTITION_019.aux","E1E08B52A11804FF7D4B41644BDC7216FE26DA29EF4623EE84F9279596435332","606"
"coq/.V70_LIST_FILTER_PARTITION_020.aux","0BBF116FD066268FEA4800DC4AB10B96C94DD7DFBFD65370D2B549F52DECFA1A","606"
"coq/.V70_LIST_FILTER_PARTITION_021.aux","22617CCF34DDA6F40FB82F7E28C9D6B644BEDC9E0D578F8FAEA651437E743D01","606"
"coq/.V70_LIST_FILTER_PARTITION_022.aux","6D943E23CBD561DE43D8BF6B8A538502B06412D9EBFAFAAAFD98B83A8A95A0BC","606"
"coq/.V70_LIST_FILTER_PARTITION_023.aux","5C1454DA3AB790DDABD833EA14F2CA729805628D0486C133DEF16412EEB92095","606"
"coq/.V70_LIST_FILTER_PARTITION_024.aux","00A771729747529D8B083FE87DF33229A8ABA8F76289BD24C74CCB13A1D52E38","606"
"coq/.V70_LIST_FILTER_PARTITION_025.aux","3B1262FFB39DD291FD3064F3BE7449613B3CC166D6001B6BBA3B32111F8EED0C","606"
"coq/.V70_LIST_FILTER_PARTITION_026.aux","A7DCBAA5C22DF37B71C144756DBA333F68985F72C993B41C1FBAF4396B0904F1","606"
"coq/.V70_LIST_FILTER_PARTITION_027.aux","E812D57A083CE583240608FEA9D28E6FA241E93314524B5A0F9DABBD88B4F41F","606"
"coq/.V70_LIST_FILTER_PARTITION_028.aux","0DB054A0D5A5F0C20FB8FDA93DBA5F35E3294C55BDAC2BA1DAB14683F027E315","606"
"coq/.V70_LIST_FILTER_PARTITION_029.aux","67320016834CC185BAF9575E0FF97B26E3D323BB4AA7F6C3302674B6B8A713DB","606"
"coq/.V70_LIST_FILTER_PARTITION_030.aux","0EB6C542965BC73E3848616A46D54C017739D25B4E62557201233C4BAC72F5B2","606"
"coq/.V70_LIST_FILTER_PARTITION_031.aux","C9A870255810D604DB59A39651C05C23320B17EDEDE0303002FCCFE774A41DB1","606"
"coq/.V70_LIST_FILTER_PARTITION_032.aux","0A5E61BE5DB43D2D2269AD2DC5055F004577CF42BDF6CB0B7543CE98637BA124","606"
"coq/.V70_LIST_FILTER_PARTITION_033.aux","BC301B75260F58D1C7944458354CFD6F2BA81B44196021C1EC51A58023F10F4E","606"
"coq/.V70_LIST_FILTER_PARTITION_034.aux","F4E7D2AC2848F06F3588668A5FABE89BA1298F7C35D3B2135F89992DAB72AE8F","606"
"coq/.V70_LIST_FILTER_PARTITION_035.aux","67DA6343FA77CA82F262413F955579E06FC700399618397DB930ECFEA62A7A9A","606"
"coq/.V70_LIST_FILTER_PARTITION_036.aux","732EDFCF2B1DAD286B55AFE847D74B7C4CEE306174D789C60660A6D228BA0711","606"
"coq/.V70_LIST_FILTER_PARTITION_037.aux","44167DC3787731A8365ABA912ADA035BB56572DB674AB11D0E4646784A0851BC","606"
"coq/.V70_LIST_FILTER_PARTITION_038.aux","E2BF8D37F036E4B806B82269C348B6750A9B7D1F6FC680289AAC4266F5136B7F","606"
"coq/.V70_LIST_FILTER_PARTITION_039.aux","7E3EFD3895BD135963730561292BFC546AB71E8B90396596ED63899B7E5A726D","606"
"coq/.V70_LIST_FILTER_PARTITION_040.aux","D115E3A0CCDAED550FDE05E81AADF31C4E69E28958F834D2366C4B2FE33FAC1A","606"
"coq/.V70_LIST_FILTER_PARTITION_041.aux","864F33F91F19EE678A4E2C90EC58909CCBFD47E58EE82EBC276163E5636D7CEB","606"
"coq/.V70_LIST_FILTER_PARTITION_042.aux","0BC128C44E4AA33D81165F1902474C6C2A64FAC9FB609334BB292E5CE7A57F8C","607"
"coq/.V70_LIST_FILTER_PARTITION_043.aux","922A6B2B131D50686BA85EF6FF1805D93E92C83C540C6EFF464D34775C269C13","606"
"coq/.V70_LIST_FILTER_PARTITION_044.aux","73D37AE0EB15A4DD8199808320A5428242EAB7B2A0B7B14FB51A9ECF9DB7E86D","606"
"coq/.V70_LIST_FILTER_PARTITION_045.aux","CBACE9FD8ABBB998F76671C0669DDEEEB76300EE2FAC95F2B3F7BB5C4C8B59D6","606"
"coq/.V70_LIST_FILTER_PARTITION_046.aux","D2801B9BAF4E489EE76CD546118D7DEE88A97954755F14A4548BD828306B3ADA","606"
"coq/.V70_LIST_FILTER_PARTITION_047.aux","DC798428ED234235C3F0FD47BE3FACB322954FE4E3C5715B11EF1AC754299C1F","606"
"coq/.V70_LIST_FILTER_PARTITION_048.aux","FAB2586B15AD160A6B281EDB067BC77A4C58F0A5903B4C9076CB81A42695BBA8","606"
"coq/.V70_LIST_FILTER_PARTITION_049.aux","B78106F2D1D788EB8EC8A9A6886DFAC8C9E8EC836C1699037A84CAC31A7BBF13","606"
"coq/.V70_LIST_FILTER_PARTITION_050.aux","D0B42A33AD06A2D012FB39DFB46FDAC0324E5EFA62F9B4E1E243C32A38CECA63","606"
"coq/.V70_LIST_FILTER_PARTITION_051.aux","ADC506452E6C4CD01AF62A32236A9A7A8211AE3511B97F43498118647912BE3A","606"
"coq/.V70_LIST_FILTER_PARTITION_052.aux","6BDB7384D0B74F9C19D6470AE28AA08E88670815EA3D6B781EF18A8DCEF4CAD0","606"
"coq/.V70_LIST_FILTER_PARTITION_053.aux","B41FBDBFE2D99AAB4CC8B38E90B30EA9A8B73E35026488EC3E7454FC4C52D086","606"
"coq/.V70_LIST_FILTER_PARTITION_054.aux","B77F5EADBD4EDD201046046E18C2938E136676BBCFBE10F8233129E083DE89DB","606"
"coq/.V70_LIST_FILTER_PARTITION_055.aux","095C3B1ADBD5EFA8A26BE3293C22088EA61640266A29C1A2F2B3897BD69975C0","606"
"coq/.V70_LIST_FILTER_PARTITION_056.aux","514315BBF367AA4E0A764C1BDC3D3D4574DAF1950B7131D09EDD50F4781A38B1","606"
"coq/.V70_LIST_FILTER_PARTITION_057.aux","8F18DE68B8C875A71741D3A6EB3D3832E9A9AC859E5A340C1B0B6362532A0553","606"
"coq/.V70_LIST_FILTER_PARTITION_058.aux","750E86DDF93394F455A3D406F580E98255D93BD8E992D6B8AB2243988067378A","606"
"coq/.V70_LIST_FILTER_PARTITION_059.aux","96BD1BB7B46BD22B290E3C45177609884629E2D9C8F7582E1A28E978DB6B0128","606"
"coq/.V70_LIST_FILTER_PARTITION_060.aux","7FBD5D0389B22BE5C20AD899E7AE5F46824C69A91BE459A5DC3286D600BDDCB4","606"
"coq/.V70_LIST_FILTER_PARTITION_061.aux","4CD527268F9F3C9C0A81B455E58AB55FEB5975CD17ED6E52C803D9568DC38C05","606"
"coq/.V70_LIST_FILTER_PARTITION_062.aux","2870BF6D19F2F249874DBD3AAA8B62A7389E1AF8FDE103F8A268C177217C32DD","606"
"coq/.V70_LIST_FILTER_PARTITION_063.aux","2895E655177EFA591C238259D984B048C0EA7F10F5AB04BE9A6240F62434BDC5","606"
"coq/.V70_LIST_FILTER_PARTITION_064.aux","B33E898EF65AFE96F893F6A0D7B47A22038D2B261256FF0EB6BF028522BB5507","606"
"coq/.V70_LIST_FILTER_PARTITION_065.aux","A4686E27FE7097DC5A22A23A302BC39458D305E3E66B599B69E18EB09A00DB42","606"
"coq/.V70_LIST_FILTER_PARTITION_066.aux","3E0BAEF082F52A4948DD63945F6DBD8E1959801676AE70D8F9011EC544BC114C","606"
"coq/.V70_LIST_FILTER_PARTITION_067.aux","4F3A1F63CF65849E5F00FBBF6FDA7C9F5826A63CB5B98A3B71E334AA281870B1","606"
"coq/.V70_LIST_FILTER_PARTITION_068.aux","5CF63EB29180ECD8CE2EE16A210A37888319EF2A0F8AB039F3A4C80AA95A9BF7","606"
"coq/.V70_LIST_FILTER_PARTITION_069.aux","901A81E21D04D22A11913D3B8BBEF587A13C9403BD6E3A939BF6C7F800972B44","606"
"coq/.V70_LIST_FILTER_PARTITION_070.aux","063686AF871372433DCD72F11EC4C2A5194CDC66E787B2B08A4F78CA3D7BA2BA","606"
"coq/.V70_LIST_FILTER_PARTITION_071.aux","0FC877A3ABFDA56CD39E83D4DCF13CA961AEDCDFD5BA3D1773C4591291D8C891","606"
"coq/.V70_LIST_FILTER_PARTITION_072.aux","387AF4FF442F4F0FCA329DB6CDC3A1E3C8C0A9267D49E44E0AFE03BA81A06E47","606"
"coq/.V70_LIST_FILTER_PARTITION_073.aux","EB6C1BBFAA3D534C92651536D8DC7546E428AA801C73DA59872B489F450068EA","606"
"coq/.V70_LIST_FILTER_PARTITION_074.aux","F4A22415820BD97D00655D4DE2507A719C8408515C796C8CDF09D72D311C33C1","606"
"coq/.V70_LIST_FILTER_PARTITION_075.aux","4EC80AF1EB525EDDB7E6F8B623850F46308617205E62AE2479FA95878117D506","606"
"coq/.V70_LIST_FILTER_PARTITION_076.aux","F0B9F6D4825D09D01738A239CE03B210EF1D07BF7BD754C42D641C21A86D1451","606"
"coq/.V70_LIST_FILTER_PARTITION_077.aux","12F039BA331D9EDC797E421AED6B02A70223524D96E10E6388B9253797072D97","606"
"coq/.V70_LIST_FILTER_PARTITION_078.aux","3B7DE08A3485AFDDADF204C34F1E2A03C088E98F0BBCE6FB552AB66CF76BFC3F","606"
"coq/.V70_LIST_FILTER_PARTITION_079.aux","D17B5451DFF969AA925F54DE6B62E21C84653AA2D64E76528F2592DDA6796F2B","606"
"coq/.V70_LIST_FILTER_PARTITION_080.aux","26F8A69EA6AFF70907C60821C7A1BB6D130A06D06A4E5F8F63FB48F458E64F78","606"
"coq/.V70_LIST_MAP_APP_001.aux","65C27ACE025C02209A38BCAFDEE72284C23E47EF4FF33FF3C4641DA1D101F9EA","589"
"coq/.V70_LIST_MAP_APP_002.aux","1DD78B1FD36E7DB9800A5EFE01CCB76F91626D084BEFE640101F4D74429E3428","589"
"coq/.V70_LIST_MAP_APP_003.aux","071E22B6971954CF097428DDEAF58DB05605A3F56DA6CCB1FD1FC1A051DD00AC","589"
"coq/.V70_LIST_MAP_APP_004.aux","8DD9C46BF710E6B9008D385240B79E994CD534752C41B6EEC5C3CE0EBDEB86E2","589"
"coq/.V70_LIST_MAP_APP_005.aux","C1F9903E9054C2833F0ABE61F5B2F3E55659E4BCBEB751DD11FB32FF279B6E35","589"
"coq/.V70_LIST_MAP_APP_006.aux","A19A05BBDA304D4E26677127C2169EB2942A5E1448F5EE57E0F33748C4C0B258","589"
"coq/.V70_LIST_MAP_APP_007.aux","5F49E9005DEB9B2CEBBBF4572F93A83ADDFBADC6D0081B895C1EA40A9479DF73","589"
"coq/.V70_LIST_MAP_APP_008.aux","A6368D219F4D731EC7BD7CFF95B1619E05F4BAE419538468B82DEFD717DFD5A8","589"
"coq/.V70_LIST_MAP_APP_009.aux","8AC38383F77C4E32F039B90DDE6634D6E7A445996D68FD023CD9C44CEF567A1C","589"
"coq/.V70_LIST_MAP_APP_010.aux","A0460762497B0A5A5CF1074E661D9FE3DF9C93806CB04DB234129DC017311592","591"
"coq/.V70_LIST_MAP_APP_011.aux","810AE76A930BC0567CB0ED536839292A6FF59595E2B5316B183DE96A209ABEA1","591"
"coq/.V70_LIST_MAP_APP_012.aux","FC47098939CD9FA5E85C09F9E956285CB53CD51800555203FB19473309230A20","591"
"coq/.V70_LIST_MAP_APP_013.aux","C8C7FA1A4D6B817CD6BEC61E549D78111944AD3D144E9A67CA176573A12C8FD2","591"
"coq/.V70_LIST_MAP_APP_014.aux","93C11CE11F55C4C6179A0EB76AC3515B663C383ACA869E74A5930275C8EBF264","591"
"coq/.V70_LIST_MAP_APP_015.aux","3502CD539D064D01A2BB7E9B8241EDC1386CA1DA9F2B84BAD123F8DBE5FB14E5","591"
"coq/.V70_LIST_MAP_APP_016.aux","37F0D566E1E66A606625401AD3F696108E9D0595E1B215D3C9E6322CFF7E4F93","591"
"coq/.V70_LIST_MAP_APP_017.aux","130785340D50B670479948340F30F2DF809CAF2C5A0BAD5910B9962ECD05DFA8","591"
"coq/.V70_LIST_MAP_APP_018.aux","A70D766360B352A80791BE6D05FC34971B251D182B1128A0BC8CE42865796D1F","591"
"coq/.V70_LIST_MAP_APP_019.aux","BD7021DDEB06C2A625E77D2F89F9ABFA3F1F489AB8A5F45A62C8013223546269","591"
"coq/.V70_LIST_MAP_APP_020.aux","329FB3DFAC3D6A4CE1C4FE94E1A6D80BD0DC002DBF15CE015B1D4896F6329AF7","591"
"coq/.V70_LIST_MAP_APP_021.aux","A9F9833DBA321CA9127B91084FAC257AD8DDEE8E1FEE0784A91D2DFC71697ED2","591"
"coq/.V70_LIST_MAP_APP_022.aux","51B7E03B320EE35C33BA6EF51DD950E5F47B19D31E53C00D0BE97F86FE3CEA58","591"
"coq/.V70_LIST_MAP_APP_023.aux","A70C2704F7230780CF0C25143019B0F76EFE01F83B7CF23CAFE8128E7E66CA14","591"
"coq/.V70_LIST_MAP_APP_024.aux","6E99C6C7F9015A5CA35AFB88EE523E42D0952B8169BEFEFF2DAF07E398E7EDF8","591"
"coq/.V70_LIST_MAP_APP_025.aux","A0147E59640987F5E7A30E311BFB32932EFDA08CE4D6A04679EED4A7ED069435","591"
"coq/.V70_LIST_MAP_APP_026.aux","A2FEBFF815FFD9D987B6604B1B9135088F03B1BCC3FDA2E64132BB85DA965440","591"
"coq/.V70_LIST_MAP_APP_027.aux","6B7FE111D632767C8510A5E399B4AF0238AB2EFCA12E22F8A5ED17EFE32105DB","591"
"coq/.V70_LIST_MAP_APP_028.aux","745734F9ACD1174DED31D080C39DF4BA83B11BA8F926BBF31D234C0F871B0D09","591"
"coq/.V70_LIST_MAP_APP_029.aux","3D06BC8702F51A2FBF76CBBABA432573AB3A13A4068D9A84C8694D1E1349986C","591"
"coq/.V70_LIST_MAP_APP_030.aux","69EAF5CB00845205FA781F140DD3687361F8EFD069D613248C710612E8424B0F","591"
"coq/.V70_LIST_MAP_APP_031.aux","64903D9E6EE219CD84CECCDAF3F34FA02598E88BC9CBB63D7B82F0E8300BBC45","591"
"coq/.V70_LIST_MAP_APP_032.aux","9317E69160154DDD625FDC8062C3647F457E3E3E3FFF552AAE8141F694D16B11","591"
"coq/.V70_LIST_MAP_APP_033.aux","57D8C1958F754F5587FF9F65BFFC600666074B59FE09E22DA6A99E206EF297DC","591"
"coq/.V70_LIST_MAP_APP_034.aux","E20CF734D891C4D807B4D5DD1B7EFE9AE8DDA7B17E66830E5323942930B2A7F6","591"
"coq/.V70_LIST_MAP_APP_035.aux","852F41530C9A19D44AFC863D62F54CA9800DD6A8A3755B61541EBDFC5E514DAB","591"
"coq/.V70_LIST_MAP_APP_036.aux","346DB22CB8BEAEF0D36A6C15D2B950BE18478F42EADBEA4E5123DA3813C263FB","591"
"coq/.V70_LIST_MAP_APP_037.aux","8DD0B1D8427C16232570FDB79350F10B08750A0C466E22A1950D6D678083C1A2","591"
"coq/.V70_LIST_MAP_APP_038.aux","08C1CD9D837ABC8E8C61F85A534DE0AEB1E828F4D2968F7202C91815115B6CA8","591"
"coq/.V70_LIST_MAP_APP_039.aux","545A7E7F79AF1383D7E56C05F6E28C2A4C5677B82B2CD2FD02423A13FA8E8C62","591"
"coq/.V70_LIST_MAP_APP_040.aux","4E3B70FF78538EBF99920980F04A96AF97D1D784131BBACA76400D06A3843385","591"
"coq/.V70_LIST_MAP_APP_041.aux","49843221EA57962ED3731AE6C28EA43AC0966A1FAC2DF8EE6E0F52F4B70B10B2","591"
"coq/.V70_LIST_MAP_APP_042.aux","E436AB0828143A76B93A2193565AC426EDF5DD9291AE433722548FF7A091655F","591"
"coq/.V70_LIST_MAP_APP_043.aux","AFD63C9E17EF35AE3C038374A717B087E71C3164A5164375740A246FE1BF5E29","591"
"coq/.V70_LIST_MAP_APP_044.aux","F6C06F679A8D7D4243EDCBF048C478D064392DA9CB7C8F34DA5E2217983DFE70","591"
"coq/.V70_LIST_MAP_APP_045.aux","A37804B4F171413A713329E4E5D1AE5665D14B0329E795AF2F1C0B5C61AF805E","591"
"coq/.V70_LIST_MAP_APP_046.aux","80B2A518F8ABB0AA4FB1CFC6BDBDC173FAE385DBCEBE6E5303CD1406977D63D9","591"
"coq/.V70_LIST_MAP_APP_047.aux","5719DF9C08FA15A9E2CF5C27466EA687C60C9D29A3956CF650837B3467E71D7F","591"
"coq/.V70_LIST_MAP_APP_048.aux","51A65A1CFBD371F42368A0F7110CD2B02DC73680C07CAB71B4EFACAD1C62C975","591"
"coq/.V70_LIST_MAP_APP_049.aux","48AE667D3A8A421219706952CC4E5755E26A11368A96E6D4D3E694EC76ACAF97","591"
"coq/.V70_LIST_MAP_APP_050.aux","A1668BAE1F50D3DAA19E470D77ADF836C016060F97AF83B88373FB05386DB9C0","591"
"coq/.V70_LIST_MAP_APP_051.aux","EBD2632FCE2A06EF716E3523A86DA7C39F3C72D84FF17561F2C6FDA9998ACF6C","591"
"coq/.V70_LIST_MAP_APP_052.aux","A0FFBD56334436AF26E75D8321FC04BC035A9CC17987DE40A4E72212B981DF0D","591"
"coq/.V70_LIST_MAP_APP_053.aux","029D6E178B01F8AD9D977C1CB696B93CD742F0DDAA1CEF890B59993D569A71B4","591"
"coq/.V70_LIST_MAP_APP_054.aux","0E0E2E3706BC8B7D700B15F8B4B0C7BF2CC670F28F30477B67784E2FCDB4B1DD","591"
"coq/.V70_LIST_MAP_APP_055.aux","CF5DB4367E960170D5ADFB404494A9EA5FCC8720268ADE5746DBFABB577FA7F1","591"
"coq/.V70_LIST_MAP_APP_056.aux","2E3C7C255F4FDA3636BCE1E1E9F1F24F12EE5A6BB9097677706C1C764DAFD772","591"
"coq/.V70_LIST_MAP_APP_057.aux","02D04BADC9A1902217BD4EFF2F574E99D8305981E5CBDEC6E505D2A4E11DF060","591"
"coq/.V70_LIST_MAP_APP_058.aux","642CC5B05B28D04C709A72B127FDBD0541787D17AA1721B13AACBF4410C69485","591"
"coq/.V70_LIST_MAP_APP_059.aux","0100675C98345A06C2E0591EA4D217E4A2E33EF369E26F3E5FBD799AD4150046","591"
"coq/.V70_LIST_MAP_APP_060.aux","B1A1ACF2D61343E417B90DE97474A37E2AA0007F81828947934AE4206660DE8C","591"
"coq/.V70_LIST_MAP_APP_061.aux","8DD173C05634A791757C8500FC4C69336320F755047F929DC3C6525E851DFF2B","591"
"coq/.V70_LIST_MAP_APP_062.aux","10EDBCA76DC450F9293BB38471EC1D852B82DFEA11C88C100428F0E1D4ACB85C","591"
"coq/.V70_LIST_MAP_APP_063.aux","FEE8D8105AFDDAA2ACA1F1025FA975555751DF32C3AC7493D2AFEBF220DECD4A","591"
"coq/.V70_LIST_MAP_APP_064.aux","7978999782040ECADB8EB0D48527EDC177975530192175F7749950D511A5E2A0","591"
"coq/.V70_LIST_MAP_APP_065.aux","F742E697667B60952D7EE94456362ADE8E485DEE72AFC8139AD85703292AC448","591"
"coq/.V70_LIST_MAP_APP_066.aux","804783FBA2F81C1D001004233649CFC7AF27AF32DC8C546465B8C381DFBF2F3C","591"
"coq/.V70_LIST_MAP_APP_067.aux","ADDD6F021A4D1065AFD71C8303A9844588DCF01D85C0AC3F13333DF6AB4BB783","591"
"coq/.V70_LIST_MAP_APP_068.aux","18FAECADDE34408FF13F871AA141FDE9F0F42A30B49315297371A1EB548C9C1F","591"
"coq/.V70_LIST_MAP_APP_069.aux","7BD302259254B8B0328C1DC72909573731BC77569EF57FC11DC831648B5B65F7","591"
"coq/.V70_LIST_MAP_APP_070.aux","4638A77843724C8C4DC97039E92592FE61799682D76DC58B43A4D5BC07D93F21","591"
"coq/.V70_LIST_MAP_APP_071.aux","A45935532A345FAFD1B48357AB14113D7D5C8048E56A38652C243CB301D309C4","591"
"coq/.V70_LIST_MAP_APP_072.aux","1748079D144813D752E88BFECA47D59276ABE9D6F6F2A4060BB14CA7BB482847","591"
"coq/.V70_LIST_MAP_APP_073.aux","0986174F15139CF5696497C0C102F65A432D3DEC23761982154A30DF3F3A3022","591"
"coq/.V70_LIST_MAP_APP_074.aux","B41B85406565DCB5DF2D8D6AF963FE274388ADE00605A6193ED6FD8C03FF5F3E","591"
"coq/.V70_LIST_MAP_APP_075.aux","01AE7D352004C39235CB6232AA5C3B35C51CFD878CFA0BFE20EBBB20DEC8CD8F","591"
"coq/.V70_LIST_MAP_APP_076.aux","AB0FF4FC81539B15ACD10376A437007C5BAF3F0429DFE94E7AA603DB9D7B7D25","591"
"coq/.V70_LIST_MAP_APP_077.aux","D6EB066DDFC36B7E520BF20C16A89982192D96B59C9DEAC8DAE2F2E826C89A8C","591"
"coq/.V70_LIST_MAP_APP_078.aux","FF7E20038A793A939FC47F2A9BB1CF273F5D75879E60476B487B16200260DE98","591"
"coq/.V70_LIST_MAP_APP_079.aux","64347DE3246B7CC65C683A1E4CD26C6EEFF53E447790C19A527A75B9266B66BC","591"
"coq/.V70_LIST_MAP_APP_080.aux","B6AFEDAE02C9B979C4EDE912EE67723D74EF835FCC50500B64105334FBD2A818","591"
"coq/.V70_NAT_ORDER_001.aux","13D86177839A80B1AD37A8726C42CD18BB6997B331423DF6F585BAC9A99990E7","589"
"coq/.V70_NAT_ORDER_002.aux","BC27F69A5A0655ADC0889D3AA30CBF7819A42FC2F131C09A7EE9E6343803AD9B","589"
"coq/.V70_NAT_ORDER_003.aux","BA15B6E4546757036A703F96D6B2A2919AB31DC1ABEEA44E3533028C20807DEA","589"
"coq/.V70_NAT_ORDER_004.aux","958AD9252AA14A31C2BD40869FEE9C7D9EA7BEB4E52C56CA0635BAD3B266A7A0","589"
"coq/.V70_NAT_ORDER_005.aux","DC7CC71E227DD282CC3126CB9A9A09981B66D872FE680F6D0CB84702E01891AC","589"
"coq/.V70_NAT_ORDER_006.aux","9058EAF340D563A74D4D57BDB9B585B148AF5036CE523E82F7140A9DAA651F68","589"
"coq/.V70_NAT_ORDER_007.aux","67B9C6BA52D6C4BFB3F25FA7A7499E8DF4EBEF28BD468A03084B32D2CDC35899","589"
"coq/.V70_NAT_ORDER_008.aux","DCF052E8D3276F1AD6F09CC931A3962DF27700FFECD33F7B021D31224A4E7847","589"
"coq/.V70_NAT_ORDER_009.aux","794B3C7F075E607F6A1D36DE5AAC508E4D889CBD0A3C43CB7C6DAB1E67BC6C15","589"
"coq/.V70_NAT_ORDER_010.aux","B5888D3F94E9F37AAFF9D8978BC557564F69DF9A8D83A0AD3CC5A51EAFA89AA9","591"
"coq/.V70_NAT_ORDER_011.aux","0E6838AAD0ABC6C6CA182B884725245DB2187834CA2268D89DBA450F7C909099","591"
"coq/.V70_NAT_ORDER_012.aux","DB7F891BE20366E23DA62FA07B330BE47C1AF43F9945A4AEA0AA6A799CB6D844","591"
"coq/.V70_NAT_ORDER_013.aux","484775980A3A7086727664754BA3706382B24D5FC8E41B3FECD5B51A743117BB","591"
"coq/.V70_NAT_ORDER_014.aux","1BAAE218E5A5005E099647A994AE8896C09579ECD5EF57558DA101D09B0D7335","591"
"coq/.V70_NAT_ORDER_015.aux","D08B2D40834DD2A642ACA73E9931D1EFF7775391EF7A69CC98AD18D095561BD3","591"
"coq/.V70_NAT_ORDER_016.aux","5B8EC4463A7786D851543D9E92AC9579A91B4DD47B6863945837F79E03B93F8C","591"
"coq/.V70_NAT_ORDER_017.aux","4B828721796FA6C6CE106EB543B695C4EB6E800553C266D4582FB6219C24314A","591"
"coq/.V70_NAT_ORDER_018.aux","6F7F2B7E35AD86B54DE3CF75DBBD7825C8E714C5ADBF81BC993DA35833535CE8","591"
"coq/.V70_NAT_ORDER_019.aux","F3240FBED901AEA49FDA15C157CEF5E95754FC94211C328DEDE4611699E38D20","591"
"coq/.V70_NAT_ORDER_020.aux","2D1C007433CE317F945F8C9EB90239393FB793BE629C1A8CDD0DBDA6441EC511","591"
"coq/.V70_NAT_ORDER_021.aux","666A72C5935243C6E41A3E57A8A4F054F86CE1A42C0858041696BE2BCED5D90E","591"
"coq/.V70_NAT_ORDER_022.aux","D60D8AB8EA00083BD87BFD8A73505F53A680E4097CC836C07D09582453B0CE92","591"
"coq/.V70_NAT_ORDER_023.aux","4EB800E5B5A2F61B7EB1D1F82A985E7C60762B48C9D7A4D850960D7AFA015AC1","591"
"coq/.V70_NAT_ORDER_024.aux","9D9452DF991C92785EBF8201DA8AC5217AC587A49DD78D22E474D5FE24B959E4","591"
"coq/.V70_NAT_ORDER_025.aux","E67B85C503F8993976C913C6A97DCF0D79EFD08776392B3A92AC045DD13B848B","591"
"coq/.V70_NAT_ORDER_026.aux","B34665736872544364242DDBFE00F5D584116D40E6E92A659080989082D6CAD7","591"
"coq/.V70_NAT_ORDER_027.aux","DA48CE87BA424C5BD7F4A9B54D9F02028566A84C8F9AF5C1C527010E1949063B","591"
"coq/.V70_NAT_ORDER_028.aux","D24F2455CBD1B8F7055F81E76A688D2748668E2F2553B699598CF6A3E9B41C42","591"
"coq/.V70_NAT_ORDER_029.aux","752154FD6946EE62682A8514D044BC7CE719CD20F7AA836614A5F9BBDF8411EF","591"
"coq/.V70_NAT_ORDER_030.aux","ED7F10A2E2AE34A48025124157AC2E5BBEBE100CFF695A6DA74C05DD0A6BB267","591"
"coq/.V70_NAT_ORDER_031.aux","80B5EBC1B4C05BBB2E2E3F54B968B88B5D29BBA9EFA1ECB2F23A0864E39DEDDA","591"
"coq/.V70_NAT_ORDER_032.aux","DD62256576B5D9C4093A385A1535453FDE9E37F487C1AA4B35C8C88B28550547","591"
"coq/.V70_NAT_ORDER_033.aux","7F940D1B202C54D87AA9F2EE91DF06A45C06B1B8B74E143E3AC4356D727A6789","591"
"coq/.V70_NAT_ORDER_034.aux","2E20436004483C483EAE7FC839F94186CAB35040C4C5D9F5781E6C6FC5D9D6AC","591"
"coq/.V70_NAT_ORDER_035.aux","19A1BD3D892DFFDDBF1A7E203DB05B14FD3635493737DA8606E7592F4F433701","591"
"coq/.V70_NAT_ORDER_036.aux","20DC1E9CF84CD06537AAE83AC5F992F87DA30ECA4EACBB58E5DFE7786A78DD4A","591"
"coq/.V70_NAT_ORDER_037.aux","32EAD40B007C9C31EB02768357060B4F9C9641AF467434BEFA45258B39B63F30","591"
"coq/.V70_NAT_ORDER_038.aux","29708E5B9F8B9062232B5DDD726457115681289D63E7E156C5906854DDF61FA1","591"
"coq/.V70_NAT_ORDER_039.aux","AAE4258536D2B0884F41D61813A41F93307890EDD9C1CCD059CA3D62CF8F0564","591"
"coq/.V70_NAT_ORDER_040.aux","EF61E78884EB6A8FA12C479034DFDC9128478223ED98A985C24C2161C75ACBB1","591"
"coq/.V70_NAT_ORDER_041.aux","2D4B3373C85C058CB238D917DB4B54205ACEB55C2871047CAD181EA004009313","591"
"coq/.V70_NAT_ORDER_042.aux","D3B258D52621383ABB104DB3C97E284C3918E65329E65448CD6622BEEB86A8ED","591"
"coq/.V70_NAT_ORDER_043.aux","142F68E51FE5E71168656C72C243BDBDF8797929CF043EC199AD58335ACDDBB8","591"
"coq/.V70_NAT_ORDER_044.aux","E8BBB0E8B77A95B4DED5492C08F62ADFFB0AE06ABF95C1C7430A8627930AF090","591"
"coq/.V70_NAT_ORDER_045.aux","DB2F9620E57DF3C886C0FBE7E09B34051B01776502573A6C653EE1645AA78CF9","591"
"coq/.V70_NAT_ORDER_046.aux","C0B772778047083F26E09E8FB3A2829B042EDF43DA864042A7CC04CEF0A11187","591"
"coq/.V70_NAT_ORDER_047.aux","444DA217F597680CDA7A17AD674FB5501F2400DF9933CFF6B2F8F295AB89AEE0","591"
"coq/.V70_NAT_ORDER_048.aux","C47C3E7B2A817EB4C14CE25A90544EECD38C2F3F2D4824CBE1709BA33F00E3C7","591"
"coq/.V70_NAT_ORDER_049.aux","3FE5CC27C70079B399BAA8DFF5737B830243DDA0A20E9B9A4CFBE710EDD267F9","591"
"coq/.V70_NAT_ORDER_050.aux","4424733635BA171D157672E67929D9385867D400E0DE2D1A8711E2D783E1AFC6","591"
"coq/.V70_NAT_ORDER_051.aux","59BD9884254B091BFE6BE9D4C8B61A5C614145E95D4CC4751410072B576ED98E","591"
"coq/.V70_NAT_ORDER_052.aux","FAECD99D338345B5829517116FE8C7117B1BF749EEA459AEB3190C775E073BED","591"
"coq/.V70_NAT_ORDER_053.aux","0462BC343D32D1C1F489AC9AD99C4613D779945D5575623D6F4A38F920448BB1","591"
"coq/.V70_NAT_ORDER_054.aux","CD7543881185D59F79213FD46C299B94DC24FF508871834A44B0F9942CBD1486","591"
"coq/.V70_NAT_ORDER_055.aux","31B018EBDC692F68B049DC3B102B6964FE1BBD37D8BD2B47FBC7CD6BE3DECAB5","591"
"coq/.V70_NAT_ORDER_056.aux","0126E837296736A774822C177C165F81D5570F59B82AD6AAFFA3C9270BBAAA71","591"
"coq/.V70_NAT_ORDER_057.aux","5D280D335ABE4A6FDD389F8DD82184FEFC95DC8917EADD156C3F7926AC775755","591"
"coq/.V70_NAT_ORDER_058.aux","16A1BB4B861A5A78F9B5E6DEBC64840914D22EF15FC47471B47D5D8302626AD9","591"
"coq/.V70_NAT_ORDER_059.aux","74CFADE62FFF61D148D523F9A462ED97482EE3653729C8BF6A11563F51B1FDE3","591"
"coq/.V70_NAT_ORDER_060.aux","3014F0413524E9939033E68E4A0E8CD35453C290D5DD9F684FA2FB5C3AEFB1B4","591"
"coq/.V70_NAT_ORDER_061.aux","4D60BA15DC459BBE2F41674D9D9F7AFEC98482F56EEE7009DE922201F594DD55","591"
"coq/.V70_NAT_ORDER_062.aux","64974D5BFB8F62BB7E99F9B543DF5EDD7D1775A345D77D3D1663741CBF3038A5","591"
"coq/.V70_NAT_ORDER_063.aux","4066773164FA8D36619BB4A0D4572D8AADEBC6DDED54ED0D153317972A4C4B46","591"
"coq/.V70_NAT_ORDER_064.aux","472B652933EDFEA0E035C627427378E19FB0A27F6B95CB32408EA9BFF9027D9D","591"
"coq/.V70_NAT_ORDER_065.aux","01DCE3A765D9AE5DE9F4FFF0C3A8E6517AEAAB57481131F131F3B3942DD8B4E3","591"
"coq/.V70_NAT_ORDER_066.aux","247D735F2B8735BB1E666E28674F2E5EFA49AB85DB1B34ADDB963271D5D7F752","591"
"coq/.V70_NAT_ORDER_067.aux","BED0C25789F65E42176F3279E09A89C8011512C528C3812BDE92941998AF1F72","591"
"coq/.V70_NAT_ORDER_068.aux","9D4B3B3963ECB439A7EC647238F1E24159D700CD7E8DE332DB49131A360AE2D2","591"
"coq/.V70_NAT_ORDER_069.aux","754351ACB435996C865648EE7B92A49490F6F904A898CFEAF7D2B62E2661B24C","591"
"coq/.V70_NAT_ORDER_070.aux","35EB8E3BF5EA7C602A43CE77554C09EF9DC61B9E702859563F60BF62E38689E4","591"
"coq/.V70_NAT_ORDER_071.aux","2533A7F6654F55E56085D9AFC5F059EFCED408C8F0FCC34D2FB00642D8ADDEC8","591"
"coq/.V70_NAT_ORDER_072.aux","B924465E67AF43C2B5AFA6D0639D2F7DB291C5DCD09D8F58B480571610744043","591"
"coq/.V70_NAT_ORDER_073.aux","E80577BA6013CEE5FBEFD0E99D75F25C5230906FE443F1558AC9171066789C2B","591"
"coq/.V70_NAT_ORDER_074.aux","996A6AA71B5C37CD655A3DD270E2E65C6887307290DA9CA5D76BD2CBE7DB99F1","591"
"coq/.V70_NAT_ORDER_075.aux","F00AC08EB2FA13A2FE4CFB2EA110C52583AC43870EAD962A1146E34AF16D8DDB","591"
"coq/.V70_NAT_ORDER_076.aux","F9617B9D66F36C77EB4416B13898F6CAFC74097AAECCE0BDF2C91B8245637805","591"
"coq/.V70_NAT_ORDER_077.aux","C246E36092F712AB10E17696F7BD602107961860F0525345EEBC64A24E317817","591"
"coq/.V70_NAT_ORDER_078.aux","91D2C6BDBDA69E5A15CB6F6BEF76A38F566DFCFC3B6B594C9843596D8273E635","591"
"coq/.V70_NAT_ORDER_079.aux","C9642195B65BBF94EE5174F472F360CCC61D7B5D93FCB2A7302E5E98D6619AD2","591"
"coq/.V70_NAT_ORDER_080.aux","9C1533543B9073E86598EC480E388FD5BC220BE7E56611D87ACD54653F69F961","591"
"coq/.V70_OPTION_WRAPPER_001.aux","C47CA1B8B7E663FA3F0B16E0EA45874DC34EDD27CC7648072544900C772D1A05","599"
"coq/.V70_OPTION_WRAPPER_002.aux","1BA43701A079ED5DBDC9E03D407C59E525425D37DA2FB4D2BF9B9F54B6DAAF72","599"
"coq/.V70_OPTION_WRAPPER_003.aux","EEA8F3F304C918CF4FD3C6D9F8D2FF6CC6D87B7F85B0037B5D4E521E35754840","599"
"coq/.V70_OPTION_WRAPPER_004.aux","96DF24729C447053D3C4ED8535B7993756A54EF794061596F41012DC69053BB5","599"
"coq/.V70_OPTION_WRAPPER_005.aux","695374E721B5AD44D39451A0F06FBDA294F759ADA65D8E7511281525D7B83796","599"
"coq/.V70_OPTION_WRAPPER_006.aux","4AEAA0695CEF9442D196F93675DE55EB43483C5F402DFD720A730A14131BC11B","599"
"coq/.V70_OPTION_WRAPPER_007.aux","3E89163A1EB6F1781C56168AE315087A4041B16358344135066DBF55483713C2","599"
"coq/.V70_OPTION_WRAPPER_008.aux","86DBBD442A27EF3FD70AC4294537FDED9CA6574FD5448A8C1D301B7A803F7D9E","599"
"coq/.V70_OPTION_WRAPPER_009.aux","EA2A9FF15ED310ED9DBFE42F8D1B6F628ADDB1D2559B5A8EB345CCA1EECA8CDA","599"
"coq/.V70_OPTION_WRAPPER_010.aux","2633604DB238F245FF0D45435D332276C623DF7D3BE8034CD96FA6D72A0BB461","601"
"coq/.V70_OPTION_WRAPPER_011.aux","63368A4FE78AAF6483351DC465F3AD14E2BE78D89BDBC0D1D55BCF5207856115","601"
"coq/.V70_OPTION_WRAPPER_012.aux","CC97D158DB44E0DBFBCFCCD5BEBD1EA2C7935F1EAECB25F51648A97C81EB3556","601"
"coq/.V70_OPTION_WRAPPER_013.aux","48A102FC6BDDBA587FFC483745B89DCE36B031A83344AF5C45089DDEF26F22F9","601"
"coq/.V70_OPTION_WRAPPER_014.aux","6CA161E4384D40985E0810E5606502EF3C0693012D54E05EDCEEAA8734A68B63","601"
"coq/.V70_OPTION_WRAPPER_015.aux","6AC83EFB90BB6873B21B51B1CD13A701E8ECE3014BA8A5E97BB6D561945707AF","601"
"coq/.V70_OPTION_WRAPPER_016.aux","1A9ECE49FB362B2C1283E920D093E10772D7AEBB4C0320504EECDCCF0D3A6E95","601"
"coq/.V70_OPTION_WRAPPER_017.aux","B902C7C9E7027806E8843F565C4398CA24630AEF1900803456D32EEDCA78090A","601"
"coq/.V70_OPTION_WRAPPER_018.aux","F6242B25B6B0B987B3AA1A8B5A2553FB6B98855D18DBC0A0A635BAF7FF9C6D60","601"
"coq/.V70_OPTION_WRAPPER_019.aux","BFCB5DF7725CE2EDF655FB38437618BAAB145C6A90D1096E2A983D7DA0174DCA","601"
"coq/.V70_OPTION_WRAPPER_020.aux","92ABA81C31F9C6D2D9383A015039F15BE541E668B6BA3A40F6608A15AA1E41BF","601"
"coq/.V70_OPTION_WRAPPER_021.aux","C111B505B46E4A4C5CC1F9D4EA2C6131551B009CFA96FD045C24DF651FD1322C","601"
"coq/.V70_OPTION_WRAPPER_022.aux","B79D8709C5F157A8FFFFA3610C1DF2A574C2EF8123A47068B6B86ED26BA692E7","601"
"coq/.V70_OPTION_WRAPPER_023.aux","FDBAAC3B3C8DD27CC386F1BD1B448C7E64BC25245914110A214BADA81D8F27DB","601"
"coq/.V70_OPTION_WRAPPER_024.aux","D5E24EDE1FFC1FD073D998D40CF4FF6A58B48291C7698C0C49C9AD7F27AA093D","601"
"coq/.V70_OPTION_WRAPPER_025.aux","B2A35EFD70655D2071EDC12BDF0241BEE9961E14ADF7D81F25E56937A844EBF0","601"
"coq/.V70_OPTION_WRAPPER_026.aux","88AAA9D389DDC42EFB0B9A03378C0A31A549B3D534801684A013B2EF6AF8ED3F","601"
"coq/.V70_OPTION_WRAPPER_027.aux","D40638E3E1306164A0EB488AA4B82C62E0BB3219E21711FA06973962B7111B17","601"
"coq/.V70_OPTION_WRAPPER_028.aux","29592A8E758D3AD60752788623F76E44DEEF1BC8C4296DA0CE302618A3B205E1","601"
"coq/.V70_OPTION_WRAPPER_029.aux","CC06061A2F52C2EE3A4C3C536863201722B91155442299F6D81946743B030000","601"
"coq/.V70_OPTION_WRAPPER_030.aux","D939679ED3140485B0937C30F710755DF6397ED128C2C2FBAE40117B2F3D5127","601"
"coq/.V70_OPTION_WRAPPER_031.aux","4E802E553099FB2F9FA57EAF91FE7917579342E45136AC53E9BF70B7466152E5","601"
"coq/.V70_OPTION_WRAPPER_032.aux","75193B72A107D0DA23039F24439A7C864A6FAE62148D78138456932B204BF436","601"
"coq/.V70_OPTION_WRAPPER_033.aux","7C8E3F53E9EF76941F461D96F7C1E0D2CDBD7DA427EFBFD0B5CB6806FBCCA95C","601"
"coq/.V70_OPTION_WRAPPER_034.aux","3931905FE22BB1E94D5859B88F6587B2EFF11830C2EFF7BADDC78682148CF232","601"
"coq/.V70_OPTION_WRAPPER_035.aux","B72DB25941EC385333CA607864FFE6027C936F12861C45B1FDA0A5048F54EDC3","601"
"coq/.V70_OPTION_WRAPPER_036.aux","DD2C44221AD7E0FFC9F63044DA21DB2448024F8B6FA75B002E71BB955B73E864","601"
"coq/.V70_OPTION_WRAPPER_037.aux","D1DB9214D2863A1B542BED1DDCE8163F97E440BD612597045EBA2FF1C9D365E6","601"
"coq/.V70_OPTION_WRAPPER_038.aux","8B4BE71F60436F36FFB654AAB3930F9AA05745792BBA5F3D8DA6AFFF6C548C1E","601"
"coq/.V70_OPTION_WRAPPER_039.aux","2DDD8C74B68BFB69ED7D29951348619FE9F1AAF544883DCB8ABD92AFB6BDD05B","601"
"coq/.V70_OPTION_WRAPPER_040.aux","687FA55EEDDC495C65BEA6F52EDA2DF503FA4AA8C03E115DC229C65BD8C08B55","601"
"coq/.V70_OPTION_WRAPPER_041.aux","D27D3681F001F3407563E203822B16458590295428C06ED97155D76CE9383F05","601"
"coq/.V70_OPTION_WRAPPER_042.aux","88FE752D0ECD1B1EECA437CCC7B25C67F3F9F471182F7B5C25A8027023529D2E","601"
"coq/.V70_OPTION_WRAPPER_043.aux","A9B4EADB0015E6285DC93E8879D49FB3E4EAFF5D863E0895BB46670D5047C5BA","601"
"coq/.V70_OPTION_WRAPPER_044.aux","06FEF7BC46DC5F76C88110CEB5BEB1BBA187F2AD5AE069857252995EA8806536","601"
"coq/.V70_OPTION_WRAPPER_045.aux","4F0679D079E7484C4317AA0DE3689FA172AF37C8249C074AF872579F00ECD8BB","601"
"coq/.V70_OPTION_WRAPPER_046.aux","C8A784BDBA89A0EEB5FC082BD8105E87B33527ACEFBE257B1E99B88A573893B1","601"
"coq/.V70_OPTION_WRAPPER_047.aux","2A706A2C59F2E9B315F154183F233EB64DAC7504EDC93E46E7CD0708F7DF3B0A","601"
"coq/.V70_OPTION_WRAPPER_048.aux","333716BEB884986CCBAE5522F2A6424EC7C994DB838080CF66F69351CA525340","601"
"coq/.V70_OPTION_WRAPPER_049.aux","0B4E8997E3C32A48F45EEFE938E7B5298DA5E3B39B52CB47AE294AC32F4B14DA","601"
"coq/.V70_OPTION_WRAPPER_050.aux","D338A0576DD57BCD802683378DEDC7067625CDE74923AB22C31A435AD678E80B","601"
"coq/.V70_OPTION_WRAPPER_051.aux","8C78C8B3216EC6D763BA12431A88C48AEF850F70F517BD8013034F8631359092","601"
"coq/.V70_OPTION_WRAPPER_052.aux","96C4A173211B347E39977DE55E15444820C2ECC688C775F2B3368A05AFDEACF7","601"
"coq/.V70_OPTION_WRAPPER_053.aux","F96495D837420D7D422E9812AE354B93E75FEF1D6117026D58360A1FFA549626","601"
"coq/.V70_OPTION_WRAPPER_054.aux","D5A6C1E2CC7AB8DD2D85399C7FF1F375CE7E3E4706A863308DBFED783938C6FC","601"
"coq/.V70_OPTION_WRAPPER_055.aux","D42809800CC4C048AB612862E6A82A6CFE939D5DE70E7803E0E3CFB9C5B203E0","601"
"coq/.V70_OPTION_WRAPPER_056.aux","8ACD2119B7407B47520A3CEEDB5C89402FCC4F1377378A9C11579BADBA32B68F","601"
"coq/.V70_OPTION_WRAPPER_057.aux","15509E85CA72EF0CB8411855827E7121D249649390494B9D5BD9957471FFE862","601"
"coq/.V70_OPTION_WRAPPER_058.aux","EF00DB34003AE0C0761A257ADA690E03979BF9B48DFA88F1B613E0A97EF04D7E","601"
"coq/.V70_OPTION_WRAPPER_059.aux","FEAADC8C2246298F3BEB9063B0EFF63DC9DED121BD04CABF1D434FE1CE9CE8A2","601"
"coq/.V70_OPTION_WRAPPER_060.aux","D2A6F5BDCC5FA5C0E8361C746B576D44E64D3219935E7BDE9AF4250D6179A5F3","601"
"coq/.V70_OPTION_WRAPPER_061.aux","36E4CCB58A276B21E0EEAE27CA192CEAE59CB2AAEC9330CB368329259E48A219","601"
"coq/.V70_OPTION_WRAPPER_062.aux","1BAE00D94AFAF567CEB2643E4EC0BCFDB776062E8E7F632B8A973DCE00E078FC","601"
"coq/.V70_OPTION_WRAPPER_063.aux","61932261961A82064D41AD973B90DE4A9A1FF0A87692350604DE528058CFE6AE","601"
"coq/.V70_OPTION_WRAPPER_064.aux","99A5BD17960B4491F58C45A2F04CECEC5A393BDC79A15282C36BE667D4AD2E61","601"
"coq/.V70_OPTION_WRAPPER_065.aux","C59111ACD87F8C1DA3EA9FAB53700073E47740C58B0C20FEEE2DDF9629140D4E","601"
"coq/.V70_OPTION_WRAPPER_066.aux","7FEDA6022CC3704876C731A4C7A87FC75D771F6CE3F470EAC226D0B3222C3A08","601"
"coq/.V70_OPTION_WRAPPER_067.aux","6A5BD034017BD4ACFA7B468880A2864FEE690FD656F6A5FED102A5ADDF41BAC6","601"
"coq/.V70_OPTION_WRAPPER_068.aux","2F6B62C0587D866310DF5FA24261134B04E255B1D1DA4CBEB9C0E6D09022F8A2","601"
"coq/.V70_OPTION_WRAPPER_069.aux","C99AB439C772AEE2FF028C1E796D052D5B4B1784C40C1AADDD972E335600CDCE","601"
"coq/.V70_OPTION_WRAPPER_070.aux","9ADE91D855D89EAB60CD4A5EC63C11C147CD78435538EEEECC3A53B6BBE8E650","601"
"coq/.V70_OPTION_WRAPPER_071.aux","E0127F8BF86812C52C5A8CADA31BA0BD62007A32E27480F36D99C2B9F7DEE7D2","601"
"coq/.V70_OPTION_WRAPPER_072.aux","2B026624534E5B52598E7CBCC228EAA270EE6F96C87D309541F44F00046B573E","601"
"coq/.V70_OPTION_WRAPPER_073.aux","74F66FFE271113C22D6F36467F5787DBBF3CB090BDA0BC7A3D0F9FD77DDF5236","601"
"coq/.V70_OPTION_WRAPPER_074.aux","B8BD7290E12CC7047A326E5ABD68D15BBB3D19813CDC775CB551546416B0A65B","601"
"coq/.V70_OPTION_WRAPPER_075.aux","ACAC7FB4DB02C739E4F585D0439B953F0C9DF377FD758660F148DFEF8B7A686F","601"
"coq/.V70_OPTION_WRAPPER_076.aux","E278B85A73E31C3701CEAA7A1DF8BEBF84E3BFA9C2A05BD3AFBE1823EB58E6E4","601"
"coq/.V70_OPTION_WRAPPER_077.aux","491C1234AF3C2FB50657F6D76AF35D9071D73E43A014D61BD7E4B343AE754DE7","601"
"coq/.V70_OPTION_WRAPPER_078.aux","555BC99A6CD5A9E99FDCF8EB1071117B5AFAF8CB766A12F5AC70E55BD26F85CE","601"
"coq/.V70_OPTION_WRAPPER_079.aux","769D43890A7D636EC79F026C27F60C33BF5BF419D3C98B9685CFDB7C7D53CBF7","601"
"coq/.V70_OPTION_WRAPPER_080.aux","ABDD8273E902E88B3338E409B0746A3CEFAEF1DC286C401D6698CCD9FFB91EB3","601"
"coq/.V70_PAIR_SWAP_001.aux","5A4D250D27F9A00E93E97698276C63D08686D6AF5205A01B8B7F99E67116C6B4","592"
"coq/.V70_PAIR_SWAP_002.aux","FC732D30C630B0A145E7CA00BA00929D869A7BD0412C06CB52803DC6F09C6376","592"
"coq/.V70_PAIR_SWAP_003.aux","B516034CBB4CD6E12A14C02A9C6A4694E36C4929BECA88897635ECB5334D5641","592"
"coq/.V70_PAIR_SWAP_004.aux","15F5C067E671935E84E5989074B6D1EBBC925CF9D4D2AAFF3E9CC5ED38A5E9F8","592"
"coq/.V70_PAIR_SWAP_005.aux","827179153A7726F333F9A351ED57A353EC430FA5E1393F5227437F894CE63EC7","592"
"coq/.V70_PAIR_SWAP_006.aux","89CB4133245BE5A05BBBFFDF7480DBE5D37D4681AE82AA0C914AF7D23704834C","592"
"coq/.V70_PAIR_SWAP_007.aux","B570D8EF2842C07045279F02EA799C2F5DA36AA90738BFF608EA409668D71708","592"
"coq/.V70_PAIR_SWAP_008.aux","11846B2469BBD339EA418694BA04BA6F2AB46866148C6BE4F30F2A1C2897CB64","592"
"coq/.V70_PAIR_SWAP_009.aux","FE3F3F36E8C061313445AD686F7D099720145BAFD1113437475726D76AFC2AF3","592"
"coq/.V70_PAIR_SWAP_010.aux","367E9EF416C3DADC50E8F1637A4B60854C50C26702C3DE028FCF7A9A6156EED4","594"
"coq/.V70_PAIR_SWAP_011.aux","E29B1C896FE54ABF8FABD4010E1498977B28A7ABC0789E915EC299C1C12DA714","594"
"coq/.V70_PAIR_SWAP_012.aux","D992215461C2E65107C04C659A1E86A866AD03A2168E73D4658278D9BC373121","594"
"coq/.V70_PAIR_SWAP_013.aux","BD3D8ADD0595168AA47CEEAA6E410E4C733C525BB29F88EFA4DE2D36A73850E7","594"
"coq/.V70_PAIR_SWAP_014.aux","D1C9F5B644648F1666C01D31594D58B5E4A364FDD233D32D2695163E5AA4F98A","594"
"coq/.V70_PAIR_SWAP_015.aux","B7F23DBC143B94092AB9D6E9699E6D3435CA3E295D2D6B1BCBE17C76E0C73BA4","594"
"coq/.V70_PAIR_SWAP_016.aux","9EFA34DCCE7A438AEF6A6D9352728CA0741011D6A5781FC65E6726E2F7E5880F","594"
"coq/.V70_PAIR_SWAP_017.aux","276A7040FD3910C9FD20D31DA09384C1E73E92656E7CF278515FABDD77645600","594"
"coq/.V70_PAIR_SWAP_018.aux","9F8A404BDA4DF05444317E20625C8E5BBC04A613B29D2D2D4A56AD7F400E6D55","594"
"coq/.V70_PAIR_SWAP_019.aux","8766C81A331013FFF7481231BF27B17F36359BAF7BC9636E7CCCDCD9D87B2F7B","594"
"coq/.V70_PAIR_SWAP_020.aux","55E448D1B991C1DE00157868C6FB60227BD7FCBEA1331444AA355A4847A89F74","594"
"coq/.V70_PAIR_SWAP_021.aux","B94772425A54553AF02F4118DE8CC40CC13CD7F6CA965AD49BDE22742212B340","594"
"coq/.V70_PAIR_SWAP_022.aux","2046645D61805AE2F058B24F18190C9FC633FDE78A893FB41513978778852C6C","594"
"coq/.V70_PAIR_SWAP_023.aux","054F2F03B40839D987FDC4F4B5204AE0EFC763CF6135EC88835050B4427A8AFD","594"
"coq/.V70_PAIR_SWAP_024.aux","BA9E44585EBFE326704CA35ABD0F867BB098824F5A354306C013CE375C8004F7","594"
"coq/.V70_PAIR_SWAP_025.aux","ACCA364C30BB2EDB096D23C4DEB28C4E9743A44E49A8F88AA83199FF0BCA877F","594"
"coq/.V70_PAIR_SWAP_026.aux","2E15D34C777FAB98732888C07E6A506AD2A2458B8B48D9E9566A9E05689124E3","594"
"coq/.V70_PAIR_SWAP_027.aux","6817258BBCA87A128A917186CEC64EFC5E6CDA410A664A39CB6021C6831C0FD1","594"
"coq/.V70_PAIR_SWAP_028.aux","B38F74784F9937177497F17F88ABCAB8B44B34B02F607E7E513229496C4636D1","594"
"coq/.V70_PAIR_SWAP_029.aux","DB56642D3F8B90EBCC3283B9FC9278E1C818DD71775F9A1C5FE3F71F5C77101D","594"
"coq/.V70_PAIR_SWAP_030.aux","72B3A7091CC66683F24615F238A33DE36AC470189EB7B4A7472789F6A4F47D43","594"
"coq/.V70_PAIR_SWAP_031.aux","CA305F691706FD116996F38A06972B649BA35887E4F85EB0182DBD99B4FF6C1A","594"
"coq/.V70_PAIR_SWAP_032.aux","C2548199EA6494AEF40EDB3E2B8C5C93A4CFC33A28656697567285B101FB808B","594"
"coq/.V70_PAIR_SWAP_033.aux","D26C2BEE92ABD916AE920413F77C23487A082293192FFF4C397DACEFBA57593D","594"
"coq/.V70_PAIR_SWAP_034.aux","925910BA7DCF976EDB02D895771DFF021F8EFAAEB43FE43E0507D1AE0CB438DC","594"
"coq/.V70_PAIR_SWAP_035.aux","488C329E045BFE51E5850A7D41D54C9752E422DFBDD823476ABAF88C043B65C1","594"
"coq/.V70_PAIR_SWAP_036.aux","BB5743ED53671FA82D2A59A2C1746A5F40D326FE9FBAE37C9FA1DFCB6D61C214","594"
"coq/.V70_PAIR_SWAP_037.aux","CD9AE95E1FBBC5A325A9295EF5ED44CCC802744BF2BE022959F7239403D3D38D","594"
"coq/.V70_PAIR_SWAP_038.aux","26319B606365AB3522CF6CCACBAD4B401980322484EE84FDCFFB0E78532341DC","594"
"coq/.V70_PAIR_SWAP_039.aux","F8CEEE064FE967A85CEF475ECFC483F26DF6A8A36DA842FF4880452778FF5044","594"
"coq/.V70_PAIR_SWAP_040.aux","A92EA731F1736FCE1E70DFF083F27DCE8B3534463950866FD988633169D76289","594"
"coq/.V70_PAIR_SWAP_041.aux","DDA7172A8418BBCFCC2C29E80BDE2C550AF6D848E2434FD987F4395A07443F13","594"
"coq/.V70_PAIR_SWAP_042.aux","F7D824CDC011F9590A47297B6027D36E151CCFD2F97D0B8A67B86DE12031CEE6","594"
"coq/.V70_PAIR_SWAP_043.aux","16964B4D57E2B967F8BD506A61714B348439654BDFC8535B35323AFE1EC13098","594"
"coq/.V70_PAIR_SWAP_044.aux","81923C3A2CDB568E4C6F133F5742546F9F60C72C9FA7CC38A922C84F0DB5A13A","594"
"coq/.V70_PAIR_SWAP_045.aux","BF5DE52BD6B43164C9A932D82AAF9A18A54A0FB4732B78F26A378702A720F0AD","594"
"coq/.V70_PAIR_SWAP_046.aux","1042970073E6057B7A7A7A4D554565D0E26A80FE7418D775E773C54735D26D88","594"
"coq/.V70_PAIR_SWAP_047.aux","7F19A42FAB8E71BE39A7676CD1370A8DB1DA6513FC8E61E2119D2732A2FFF07A","594"
"coq/.V70_PAIR_SWAP_048.aux","FA7BB40FF24DAFCFE9C52CF5E06DDAD65EA3FF4777A96C54097B34F8C5217E9F","594"
"coq/.V70_PAIR_SWAP_049.aux","3337F29E73DD31B7A427BCE53CF93CCEF542FE90CA77F69CF2C2705C57F37DA5","594"
"coq/.V70_PAIR_SWAP_050.aux","0DE50FBE569EFE0B56F783E5171A5843B5A50F87F2FD6ED364CB984B9DB986E7","594"
"coq/.V70_PAIR_SWAP_051.aux","BA9D58A0C402E60A7A6A14C468A5718DF180F2CC0DFD5C6A81636B0DE134602F","594"
"coq/.V70_PAIR_SWAP_052.aux","8B7203DB640F86277DD9E7812685348C8C06440039A945298042AD56BAF382D9","594"
"coq/.V70_PAIR_SWAP_053.aux","14391B0581E6EA7D834C01F2DBB911D2D9930A2112B63BF24260F5EA0874E9B9","594"
"coq/.V70_PAIR_SWAP_054.aux","8EFCF601E7DE4867AAF7D34913C5445C478F76FF4BC2F68655B597C10E45295A","594"
"coq/.V70_PAIR_SWAP_055.aux","30F0BB5C7EEC900849DA9A47560DC135FF9EA83FFE6432B6107690689709BDC8","594"
"coq/.V70_PAIR_SWAP_056.aux","F2AE6BDFFF104E38465335D962B1A8F50A0806397A78F21AA6F6E388A3D1DD8B","594"
"coq/.V70_PAIR_SWAP_057.aux","35F5098078BFA6C0A60359DA05B4A50FC47CEF8A1411CABF935BE412FE163DB4","594"
"coq/.V70_PAIR_SWAP_058.aux","9D1F975F642A4FDCB7774DDC51022B5DEFF2AAE6BA24FC1F4C50B526FBADAE40","594"
"coq/.V70_PAIR_SWAP_059.aux","BE521E405CC8FA1EF06E3918D84785006A2C054139A26AD4D29CE9D12A93686A","594"
"coq/.V70_PAIR_SWAP_060.aux","CFB0EEE6BC66EB7CB3F7DC0FA758D7F45A8D74787BAFC8402D88107C46B4E422","594"
"coq/.V70_PAIR_SWAP_061.aux","5BACFB40B9335EF170A1D77117A85403BDA0F3DDA5C671E4C53629B00820D204","594"
"coq/.V70_PAIR_SWAP_062.aux","0E34C017DE123E86771F22104C8D92FCEBE7E6A34606CE522F526FC2DA362EB5","594"
"coq/.V70_PAIR_SWAP_063.aux","21EECC30A95C70E6B20B52556CD135DE07C0AEC0DF7A9AF6C1985CBFA5C4E6EF","594"
"coq/.V70_PAIR_SWAP_064.aux","CC0C3AEF9F9B4EBE36DEA956F0A049E3D239BDBC4849A7DC022B4B597D3901E5","594"
"coq/.V70_PAIR_SWAP_065.aux","A123A5707EB44E0BCB7D777C138C4B3DC60DA7BE7BBB2D06C20A41E16C34F1E0","594"
"coq/.V70_PAIR_SWAP_066.aux","3C6B57FA9841CDA60FE587D100C13E54FA364147F0AE84400DF5E4E84A9D3F16","594"
"coq/.V70_PAIR_SWAP_067.aux","E518A4B070933D3418251504891367B241D98BEA188A3AFD021405FEDC7A8350","594"
"coq/.V70_PAIR_SWAP_068.aux","F9FE3B634FEBAABD31DC29F7614237E03CC89CCABEE562DA0C493428C295CA0A","594"
"coq/.V70_PAIR_SWAP_069.aux","EE7D1E957A305941363A95B233686F0AFA1202F40DB0D887B851A4D325D54A44","594"
"coq/.V70_PAIR_SWAP_070.aux","0E0E5F8B9FFB814C19E5F5E76D3556309BC46975B4CA1DEE9C5C791E39DB42E9","594"
"coq/.V70_PAIR_SWAP_071.aux","002748A5648D41651C44B21601B2C38353F83CEA3C3EC1916A13D3E7E6106F36","594"
"coq/.V70_PAIR_SWAP_072.aux","0B10B3A5FD7AF6B55A6005DF3C3335C5B628468CA199B0A24BFB38BB92648FDD","594"
"coq/.V70_PAIR_SWAP_073.aux","45C0833B04857F792A408F7503859BF8D06C50CAD79B1AAC15A80DD0676C8454","594"
"coq/.V70_PAIR_SWAP_074.aux","4C316740B1949B3341CBCC70D13F5976E642D2F2980BB10701653E47647C06B7","594"
"coq/.V70_PAIR_SWAP_075.aux","7FAFBA38BD35116C288250D1970535CDE57223CD50EC2F1CF8DEAE18D5D87BAD","594"
"coq/.V70_PAIR_SWAP_076.aux","5F648D6F582287C946B44C57110C87B9171123E9648D8D9D0583DD3B9F83A2F8","594"
"coq/.V70_PAIR_SWAP_077.aux","5B22F0C924DF36ECA06D31688B827BF229D77BB8E9BF78000D10016C8805D34B","594"
"coq/.V70_PAIR_SWAP_078.aux","4B8EB97006FD4725A916A3D54E21C1B920C9C2D302FBBC1526887767C8D83247","594"
"coq/.V70_PAIR_SWAP_079.aux","AFFE3616EA39716BA5727802EEC7EF2713B5C4366DAB92DE9BBBD9588D7FF465","594"
"coq/.V70_PAIR_SWAP_080.aux","52E53E054A9B3AA0157FA7C66F58BBA95F3EA4F4A22109EFEFB42F8D9AC1EA29","594"
"coq/.V70_RECORD_TUPLE_001.aux","28523632D17353FDF49FED038EAF38C122B23A4EB173D1ADA0ACCFBCF10FC26A","606"
"coq/.V70_RECORD_TUPLE_002.aux","7C08B8A63FF09201190A5BF64100CB529C7E105D896BA74D56D1F7B07D62F183","606"
"coq/.V70_RECORD_TUPLE_003.aux","CCE2E59AA31640908102386EC39FC800922D03800A59893981B3246EDA6C0AF7","606"
"coq/.V70_RECORD_TUPLE_004.aux","EB40EC3405D05E922C060884E8563BAF9446310E656F65693397C05D5AE33B81","606"
"coq/.V70_RECORD_TUPLE_005.aux","1D9923058622714F6E9840D4228A89780B45BC83C0877326070D3A0139B08E91","606"
"coq/.V70_RECORD_TUPLE_006.aux","54D1F03D885F830BC8C857E7435B4BF808F1F7C161E4E7946DC085E763D0D87A","606"
"coq/.V70_RECORD_TUPLE_007.aux","96C06437861FBBA2E5C6509241E8A9362C37D5996C2286B7907C7AEB5514147B","606"
"coq/.V70_RECORD_TUPLE_008.aux","789402D0352614577632AB0DA34A89CA5E64286822ACF91E6785C79BDEC018AC","606"
"coq/.V70_RECORD_TUPLE_009.aux","4DD6E62A586D2E8451CB133E9B8F63122467EE39409B3B40A708D5EF7E8C60A7","606"
"coq/.V70_RECORD_TUPLE_010.aux","C242C0099147B8DDAEEB83C5F2560BB1744A3B4C8C2E2D8E8FB11AC42B542F24","608"
"coq/.V70_RECORD_TUPLE_011.aux","DFC30D90800CDF4E650D41B6F1093EBDFFD9A8DAC0FB07BD5B808AFD4C8A2872","608"
"coq/.V70_RECORD_TUPLE_012.aux","35CE0B961475FF6E9389CBC9D199125400A5BC05CD0BB3DD7FB78C8883F47B1B","608"
"coq/.V70_RECORD_TUPLE_013.aux","F4AE7D97D37B40498E754BFACE45708F0D8FEB9D3168CDE6FA8806AFFBDE9CC0","608"
"coq/.V70_RECORD_TUPLE_014.aux","854359FB89331E194B303D45F8F44FABBC9FF116882A773FAB46D1F93BBEA19B","608"
"coq/.V70_RECORD_TUPLE_015.aux","21C35760F4B7F3EF4D51488513DD1646E462D325539E4A9DE6A1499A2E24A564","608"
"coq/.V70_RECORD_TUPLE_016.aux","9303E639F1589C472070D9DC0191BAA6087A6A569A017850EAAEC2641F2A6EA5","608"
"coq/.V70_RECORD_TUPLE_017.aux","E68C253CA89185C290BFF2FF251AC7A13FB05D4A7C773897556059FE22BA2ABC","608"
"coq/.V70_RECORD_TUPLE_018.aux","04E2722C0A6D1C6274A7E93EA077B547D6A32A956E523C17D311ADA1E7351C59","608"
"coq/.V70_RECORD_TUPLE_019.aux","159C99449B1BE5B804A8C4DD212682E17004BE6A0D2017084FB2A69E929699B3","608"
"coq/.V70_RECORD_TUPLE_020.aux","CA6C7E9E8786D1CFB94D011FDA848536C9E28F4469387BB0745065EBDD33EB86","608"
"coq/.V70_RECORD_TUPLE_021.aux","710DAF79F86D3F8D842BAC8E6B0439882BAA37EA928885DEA29767F9B3876F1E","608"
"coq/.V70_RECORD_TUPLE_022.aux","9ECFB76D5D181D2D7F29B561CA19EB69B15A5AA99463D283B261D9CA82BA363A","608"
"coq/.V70_RECORD_TUPLE_023.aux","6B4DD72EC72A8F578B633720CFE61200682A81A04B2D44240BA18D199CE8E2E4","608"
"coq/.V70_RECORD_TUPLE_024.aux","645B7057BAF50134ADE64692605ACD2DFA3107950DCC6DFF00357E1C74802B43","608"
"coq/.V70_RECORD_TUPLE_025.aux","ED8760A0E240E2EE771FF8AB381B2C1DF58B2EBF8BCC2ED882B4D39D48B1991F","608"
"coq/.V70_RECORD_TUPLE_026.aux","BF02C66E843AA699AA5730B1A172CD195F4CB95B9F52544D6D25EF00106DB4E7","608"
"coq/.V70_RECORD_TUPLE_027.aux","9274B6A59CFF53200F9727C071D84F1D7A0C6FAC6607C87B757433FDB9701EF4","608"
"coq/.V70_RECORD_TUPLE_028.aux","30FBF32E1CEAAF74B5C620AB09099A70CF2E98ABD0648BB325F4117762615897","608"
"coq/.V70_RECORD_TUPLE_029.aux","D5E8A82A9F4D24B01EC448463B72B1BA00079B8D2E3584FFDB08441EF67DABB0","608"
"coq/.V70_RECORD_TUPLE_030.aux","2B5A1A4E1CDCEC7764047C765AE28682F0D010D615EE0B2DEEE10188FE650797","608"
"coq/.V70_RECORD_TUPLE_031.aux","96357CFDDD34B0EA1D791EC69654167229F1C315A386A7955CC46847F0589F2D","608"
"coq/.V70_RECORD_TUPLE_032.aux","7C16CD541F1F0B8017F34DD107BED377137603923B0FE46A7FBC4202F385A7C4","608"
"coq/.V70_RECORD_TUPLE_033.aux","3BB81FEE8F95FFBF2D3577839AEE0EBCC0C2258192CCEA3EC4CD42A91AA12D55","608"
"coq/.V70_RECORD_TUPLE_034.aux","53704BC44F2C936AB91C74F55252FE4C6EC4B3D92FC435D24E4D3C25A86A400E","608"
"coq/.V70_RECORD_TUPLE_035.aux","3F68B2B3421C6FF7C99A0C9B4D9EA9FAF398ED0E111CC470C6DAE563759079C8","608"
"coq/.V70_RECORD_TUPLE_036.aux","9EB3F44E97EE35FABD0786E1BBE84D293C213538EF4FFE52CE491E1EA7D5F419","608"
"coq/.V70_RECORD_TUPLE_037.aux","A0DEB4E84BC20C7827529F0FD42D1C54EE920F1409A71D245E9DD0AD60A80A4A","608"
"coq/.V70_RECORD_TUPLE_038.aux","5CD4A7E3481FE140978968298A2022C7F68F7A1B180C8804E1073C70A2674E1B","608"
"coq/.V70_RECORD_TUPLE_039.aux","8E795801A186A61E1587CC5350FF6AD000491470B2D0AB724324DAF149AED1F4","608"
"coq/.V70_RECORD_TUPLE_040.aux","F5C959B795D8EB35BE4D2447B396841A4E702576C38DB87799B244A560C22D83","608"
"coq/.V70_RECORD_TUPLE_041.aux","78D83D1E81447F2A5E3419E825698A85D6AB78E8EAEFCED0800F3D240B074BA4","608"
"coq/.V70_RECORD_TUPLE_042.aux","0D6EE9BE38A26CD25B904B08A8DBCAA6C57A7E88EDC167CA4292526ABD7F2A0A","608"
"coq/.V70_RECORD_TUPLE_043.aux","94598A40D4F3D4ADF6AA757C738AD8EA99C6AAB3B2F6E976FCADB2A3F7EBC2B6","608"
"coq/.V70_RECORD_TUPLE_044.aux","6D781F8C1BE36FB315293E161ECF953A64A79EB35A9DE740F5ED143F2B5857B2","608"
"coq/.V70_RECORD_TUPLE_045.aux","F64694F0CDD73614D79A9915D1DC66017921335A3383332C6D8AAFF6736DDB73","608"
"coq/.V70_RECORD_TUPLE_046.aux","149B022CA97FD5CE37BBDE7CA1012FFE0EE5132E11624A0A95D8BE234A0F08AA","608"
"coq/.V70_RECORD_TUPLE_047.aux","8DB0AD35D0E6A61CF7D43C3E0F60E82FB4FA8E4532087334CCE01B221111D8B3","608"
"coq/.V70_RECORD_TUPLE_048.aux","7B41BF778A63986E508B444E9806E1F32A7825A6630BEDFB8826BE11D3F1A8DA","608"
"coq/.V70_RECORD_TUPLE_049.aux","27800E7191D499D77C0F92249EA44B8C774EB3A9BA51256E858A46DA1A551888","608"
"coq/.V70_RECORD_TUPLE_050.aux","DB92B1941AC53B449CD903F5619372766DAB33B4352E334394D8DFA25AF22112","608"
"coq/.V70_RECORD_TUPLE_051.aux","63141E001DE7976A15BD72ABA54B6E141F3A464EFD8AEFA216715B8C1F7D7670","608"
"coq/.V70_RECORD_TUPLE_052.aux","A3CA5FD006F4330DE4DDA0DAA0FC416585112B310BDEDE8C2866B49C7BC2CFEF","608"
"coq/.V70_RECORD_TUPLE_053.aux","5D9FD07A7EF79B8EC5E41D095B005970A41CAE7196BAD79BB58886B9971DAB84","608"
"coq/.V70_RECORD_TUPLE_054.aux","BB45CC51C542EA82C32DF979A0BE5417D5DD8B52186274BF1EB2CED86566F7EB","608"
"coq/.V70_RECORD_TUPLE_055.aux","D6A47D70B58147325EED85A6ADD28A2A4E529048BDFF95AABF005CFF4AE721B2","608"
"coq/.V70_RECORD_TUPLE_056.aux","A0CDF48A35C95A2B9A8021AAFB2D31DF2EF33E7476E291C74079B4B6EF302C2A","608"
"coq/.V70_RECORD_TUPLE_057.aux","46DDDC250198CE455C0B4A23F20E50B34281CE2AE07CA809C392F470C21D39E3","608"
"coq/.V70_RECORD_TUPLE_058.aux","2FA8385BA1D9C47E6DCBAA98302DCBC3D3E547DA7E11116F9C2CD7887822E44F","608"
"coq/.V70_RECORD_TUPLE_059.aux","F5B3DA5BFF016843882E344142E7C8907AEF4FB793F7E621D1F5E986E1C15C83","608"
"coq/.V70_RECORD_TUPLE_060.aux","0C2421B1070734196FCD6BF70E006E4392E5631063236B779F00BF0E59EA1D05","608"
"coq/.V70_RECORD_TUPLE_061.aux","5193076F2F931B161C37967B513406E5D808A2774ABCCCE4BD76EC026E758777","608"
"coq/.V70_RECORD_TUPLE_062.aux","AE3228484E3D1291DF739C476FD485A566B89B34590D7C69856511E016F5E09C","608"
"coq/.V70_RECORD_TUPLE_063.aux","0C980A0CE6ABA8F614BECAE274DD803F943A5782D61FE77AC468D013F0ED1518","608"
"coq/.V70_RECORD_TUPLE_064.aux","10831C5DC1440ECD2C8EDFA1D55BDDFF8C9B11DC74E90EED86BADAEF35437963","608"
"coq/.V70_RECORD_TUPLE_065.aux","99F817BE43FC89FD4D41E9666978C12EEEC948AAE726E0DAB7E98952186E88A4","608"
"coq/.V70_RECORD_TUPLE_066.aux","FA65146D6B5F1A480DD6DE2003E7F6032BAB43A200782EA948A8588CB3B6142D","608"
"coq/.V70_RECORD_TUPLE_067.aux","843D89F28E118CEF11D17BCAD98360E22ECA9E9B656EBA8F9D7E627785AECBB0","608"
"coq/.V70_RECORD_TUPLE_068.aux","CD22ED4EF59281DCAA397145F0EC85B22AD6C53A316E110BBD62EC87325A97F8","608"
"coq/.V70_RECORD_TUPLE_069.aux","843D50034973E18AC9C7D1176F2BD18BBC8FEAE42DC8176324AC46BBAE7A8440","608"
"coq/.V70_RECORD_TUPLE_070.aux","B93D7B74F8BA1784147D49AA2C0A19B5CE7B6003EA6F6696E038DA3CF49E2A29","608"
"coq/.V70_RECORD_TUPLE_071.aux","CC5ABC0E2CE1749E70CC1F29384F49F8CA088C074F5EF9638D7A03982BFDA41F","608"
"coq/.V70_RECORD_TUPLE_072.aux","CF18015E333A6FDA2089E4C44D3C234684AA6696A97B2F288B6227B9CEE90834","608"
"coq/.V70_RECORD_TUPLE_073.aux","91BE7C3D5867FA4798258DC4381E5358D79687D1E348600F0EBB8B137CB7B6AB","608"
"coq/.V70_RECORD_TUPLE_074.aux","3C656F910822766664029D739A49499FAA4F78A7305AB50423A752E064F47A07","608"
"coq/.V70_RECORD_TUPLE_075.aux","FA2BC60E0DB7AEA1D8470266BA98D65BD7722B7EFEE13D769BB0A717A3776AAE","608"
"coq/.V70_RECORD_TUPLE_076.aux","995F9115A20DB3D630B7E12ACE037E0BCBF41B5DE07DFC76D09826E14397DF3F","608"
"coq/.V70_RECORD_TUPLE_077.aux","3B9567A057B59E664350659CD5E44CD937E8FCE72ED5BB8FBD03E19D035918A4","608"
"coq/.V70_RECORD_TUPLE_078.aux","C8841BBB41C52405A91B8D33F8AF66E74355CC7D79ECA5F9965A6243CD0158EE","608"
"coq/.V70_RECORD_TUPLE_079.aux","0E603C2933F4AFD30DED8CA7BC5C6FAAB09D7433E0DF229BFFBEB498E2D9BF82","608"
"coq/.V70_RECORD_TUPLE_080.aux","8EDD297898D06DC8F605F5994B25BCBC82C03643A21C04471D293B2375CDA33E","608"
"coq/.V70_TREE_MIRROR_001.aux","4E45910DBDFFEFBDD215A72950F094D390C57DD3D28732202DB8EE9700B58BB0","599"
"coq/.V70_TREE_MIRROR_002.aux","C610578FD09063297805ACC67DE2D50E9B9A955CCB957D445A1021D2BE9743DF","599"
"coq/.V70_TREE_MIRROR_003.aux","622ED5CD96EFEB6B3A6AE6C47419DE6F724D14B47D9707BB9D156068F03AC28F","599"
"coq/.V70_TREE_MIRROR_004.aux","6FCA4798AE4880A49F52D7A21439D08C40CE41F19A8D427C717DF6D9229D2A3B","599"
"coq/.V70_TREE_MIRROR_005.aux","0CABD197F4DC96B0975ABA381C7B87D2CA5CA6C61FF281DB14645267A7318905","599"
"coq/.V70_TREE_MIRROR_006.aux","1486B2459632D1B7BFBD3D6E08CE4876B3BDACEF77CE80C4862097249D1A51C8","599"
"coq/.V70_TREE_MIRROR_007.aux","150494F9081A5834427383490EF44A41C5D82E0CD7FFD60367AD13B04E7B8D54","599"
"coq/.V70_TREE_MIRROR_008.aux","746195E8C54BC672726D2E3DCE981D9A84F5A9060BD2CDCEA2642F318C126844","599"
"coq/.V70_TREE_MIRROR_009.aux","8D71CF47CF4226F83E308F4BB53B394A8C79AF2256983088D6416F840E30FB84","599"
"coq/.V70_TREE_MIRROR_010.aux","DC5DFA2356563B8C859B67EFD1986549E073163662F57AD8CFC2D6A48DD38EA3","601"
"coq/.V70_TREE_MIRROR_011.aux","FED0C0CDA23DB00CEDDC86ECEC21888D87308EA40B75D2F7B6FEB7098EABA761","601"
"coq/.V70_TREE_MIRROR_012.aux","9DAF2367144A125A80E3AABDBE9140AE0737062A684EAAE71BAC086A241B9933","601"
"coq/.V70_TREE_MIRROR_013.aux","408445A9FDD36711982815E58048D448D6078E90DA7504B4F7B9726C58ED1E8E","601"
"coq/.V70_TREE_MIRROR_014.aux","C2F7B5D4D378AD86C517ABA9B8F16D7F85AF41B5BC7262E9BE6986CFA7760CF3","601"
"coq/.V70_TREE_MIRROR_015.aux","EA72B77283D64927428347F8E0D518EEE7CFB612AED1167F32660C004E3F3950","601"
"coq/.V70_TREE_MIRROR_016.aux","C3C451C3DAB5B59E272CEF7D542F238917A0CFBCF1C3002DF5669C88E0C513C6","601"
"coq/.V70_TREE_MIRROR_017.aux","100AB8C586006F69396587E33709882F8CAF0D3B9BA45E2B27527E91E764D7FD","601"
"coq/.V70_TREE_MIRROR_018.aux","D62C0FCA30953AC2E2F2C60DB7EF4A2B5C0DC3E6F014F48E76D1ADC25634CAFB","601"
"coq/.V70_TREE_MIRROR_019.aux","19E5305067261476FE03EFDDB19487905D5AFB547E400C61747F06F7EEA6132B","601"
"coq/.V70_TREE_MIRROR_020.aux","67EE5075947C584734DD6B77318AF84C1DAC32168CB78C4A99E305D162A08549","601"
"coq/.V70_TREE_MIRROR_021.aux","2B0728F4879F8E7989B1731A4F2727C2068E7BEA64334A48398BADCE5CFC8C03","601"
"coq/.V70_TREE_MIRROR_022.aux","22961831723770114CF231FEA4BEDF1E9B0F0FEF96D4A0C2A5EC4591800881C8","601"
"coq/.V70_TREE_MIRROR_023.aux","82AE57C0CADC63595C25A34BAEA4776F943E821BAE775E7E60C8737D435D4C86","601"
"coq/.V70_TREE_MIRROR_024.aux","A21C88A305C183F80E6511B6DD3C18A714C8F33F68AE3DB4B0A02F3E30B12C81","601"
"coq/.V70_TREE_MIRROR_025.aux","B931B5F194A01C042EBA015280087FDEE59F83BE766B3F05239ED01090F4AE76","601"
"coq/.V70_TREE_MIRROR_026.aux","8AF00E7C023B356442AD186EAF568CF85C598AE713A8BE20399881B4A42B93CD","601"
"coq/.V70_TREE_MIRROR_027.aux","474D17E17B5DAA9D8670EB02D3402F0655AA12CAFBF905D1842FF7CBAAA044BF","601"
"coq/.V70_TREE_MIRROR_028.aux","F78A7283545A4EC0A030016B5916F023E5E2CB70E4BABF389FF57C75B0F07023","601"
"coq/.V70_TREE_MIRROR_029.aux","F9F72E1078D1864AB373EA9BB7971BB91B62FA512B21EE449E1E95215FAB64AE","601"
"coq/.V70_TREE_MIRROR_030.aux","109A640295B4E938023CAE59E9CEF023C48BFF61CEFC6AEE037C5F2197530964","601"
"coq/.V70_TREE_MIRROR_031.aux","07521C5362B6565C7003BA2A6E98813832CA576688E6E7B3C4EC28E930C6A563","601"
"coq/.V70_TREE_MIRROR_032.aux","E9352ED8F98D2511DA300D03C09BD82A7DF03E8041F361FFC647B00758540BA0","601"
"coq/.V70_TREE_MIRROR_033.aux","D6FE863D5C5C319A6A39D4E51B237A350518E74057739A002F717BBE8CB63CC1","601"
"coq/.V70_TREE_MIRROR_034.aux","BC682212EF86AC16A2B0EF6E55B928403F5163CA22C649714C8D6ED15837FBE3","601"
"coq/.V70_TREE_MIRROR_035.aux","E539B8A0DE7EA541D0359309218DFC3B2B76B20351BF6514B866CE7DD582B362","601"
"coq/.V70_TREE_MIRROR_036.aux","7874C815A72A3295030C088E4813B15E0A22ECB4795692429F50E939B0765EE7","601"
"coq/.V70_TREE_MIRROR_037.aux","7F44B6962E7264BC8672B56ED8B32998AB115664D1A2A763BF3878FF857F30AB","601"
"coq/.V70_TREE_MIRROR_038.aux","9CBC698AF9DB92C91F052A70BC4320928D8B3A735DCE19D28B1D56500753E737","601"
"coq/.V70_TREE_MIRROR_039.aux","62EAA21D34F1E8F4C561C1D87ABE932BEC504653CB674D0A17267BB6E266A7FD","601"
"coq/.V70_TREE_MIRROR_040.aux","D74FC6FB2EAFDA122A0D12A937027F4D2EB8C98A0CDDA23D9F973860D0CE31AA","601"
"coq/.V70_TREE_MIRROR_041.aux","4C673EA79BD096B8DD68FDA535C69519FE229B22F3DD1F16FC11581DA247AAD4","601"
"coq/.V70_TREE_MIRROR_042.aux","EE871E83AAF395E543E5397D1B3C0A08A0E1ED0D001D25BD6D9C1144F723137C","601"
"coq/.V70_TREE_MIRROR_043.aux","294E45A2C0285C1AD12823829CE420B1446642137E38774D493E061446BE7103","601"
"coq/.V70_TREE_MIRROR_044.aux","C2B1972874A33F5D571D146E36C68184BADEA0ABBFA6D645EFB27E41857954F9","601"
"coq/.V70_TREE_MIRROR_045.aux","F0D77034AD408574606BE32C004E914D260A9E1AAB93E65BD25277BEA15CFAF7","601"
"coq/.V70_TREE_MIRROR_046.aux","9737880983362C7A946D0B7F800608B072FBE6C543E599F017C214128DB4001B","601"
"coq/.V70_TREE_MIRROR_047.aux","6CDF8A768A2624857226B4A057B8ABB0D7EE964AEB3FFF2CD91F7414991FB6A2","601"
"coq/.V70_TREE_MIRROR_048.aux","30FCE56C7A0A93072F2CBA5E5533F5ECA37F4988467DACBA9A83483C95AC905F","601"
"coq/.V70_TREE_MIRROR_049.aux","1202CAE0F7C3477485A367D8B0E9AC67CF6AD684D1D224B955DA40C08FDC3511","601"
"coq/.V70_TREE_MIRROR_050.aux","8FF51C3A0DD310EAEC49AF40E25E5E50D118976742B07E12124A951A086FDE86","601"
"coq/.V70_TREE_MIRROR_051.aux","C1AD1A059740D550BF5CD77F31552721E7F0FBFADD800F15FEA5FCFDFCF648EC","601"
"coq/.V70_TREE_MIRROR_052.aux","4F0CC8FDB8A9FA34F2BBDCABC089FCA1A5625F43661A4B04CCF351DD1199720B","601"
"coq/.V70_TREE_MIRROR_053.aux","14ECB90A8790AAE27FCC7947C1311DBAA8CA3829DF4CE3DAAFB76B4EFF4688EE","601"
"coq/.V70_TREE_MIRROR_054.aux","5E4309781317C2AC4A80378499F273FEE75374D7BACFED6A5286F62F718F556C","601"
"coq/.V70_TREE_MIRROR_055.aux","21B2DF63E64C192FB67BC55CD43ED4FC93353B9F1375AEDF0C68F17DC18D7486","601"
"coq/.V70_TREE_MIRROR_056.aux","F98BA26173F006E33A63DECC220908993C8A26EB0774E32525F854C52C7D859C","601"
"coq/.V70_TREE_MIRROR_057.aux","C78F212DA283612A209D7F0AB72BDF8FFADDE60A488CF4AAFFCC6503BBBC8346","601"
"coq/.V70_TREE_MIRROR_058.aux","5C0FAA33A56A5504D671A9CEEAF2679D80F8B11D2181FA5545E48BCCD937BDC0","601"
"coq/.V70_TREE_MIRROR_059.aux","15C94F993767774096154673AF1690FD98F73F0170960F57ECFDA1197E05F6C1","601"
"coq/.V70_TREE_MIRROR_060.aux","26330DAC20E257340F4FA22197CE6445F939E2916799BA6C20558D5BC897816E","601"
"coq/.V70_TREE_MIRROR_061.aux","60243BD19E481C6E28A711446CE78018882B380A837F338ADCBDA8C557835068","601"
"coq/.V70_TREE_MIRROR_062.aux","F2212A239C1E10C73B13CB1A1224AE958163049205C448793536276C0D0E9E55","601"
"coq/.V70_TREE_MIRROR_063.aux","FBC9A4299E5B69704B854728F382657CDB357691D68CCEF7CE61FF30CD295901","601"
"coq/.V70_TREE_MIRROR_064.aux","49A1FF11C637F3DFD407B20B454C74EC38060F9C0C55221B62D5F637DEE94776","601"
"coq/.V70_TREE_MIRROR_065.aux","1475D1366F129978338E5702B0478268C8988144ED3B333DD574344AB288E254","601"
"coq/.V70_TREE_MIRROR_066.aux","A53B0F6E7ECA7788C1628997AA6151D44A7FE6A5518FCE6405D8306404E39E8C","601"
"coq/.V70_TREE_MIRROR_067.aux","EF07E7959F286086405D39B0D24059A750164242BE1CCAADF6878FC15049C503","601"
"coq/.V70_TREE_MIRROR_068.aux","A67ABFD1D4B7A04537FB82ACE6EA8201CE0F97547244786F949E5F047B46CE15","601"
"coq/.V70_TREE_MIRROR_069.aux","FBE66F762CFD7958B1C78E444756C18612336F6C48FB2446A9F8110C6DFA3EDB","601"
"coq/.V70_TREE_MIRROR_070.aux","376E5D0A61C737BC7A7AD94C60F8993F4BBB9580813369F1D600448550C5DDC1","601"
"coq/.V70_TREE_MIRROR_071.aux","78396B14014B29B2FE76C0F20E873268DD60F73155F6ECDC642D37A3747EE25D","601"
"coq/.V70_TREE_MIRROR_072.aux","A9A88B78F0D592AE118E9A1A7AD8E2B0B63C6DBD3D3D91F96ED4B53F21785636","601"
"coq/.V70_TREE_MIRROR_073.aux","F128792847003C3A8C72C2481A162AED65590201603AA097EB98B4AB691FD770","601"
"coq/.V70_TREE_MIRROR_074.aux","D783394B2D5BE7F5CD56FFE16D58A44C61566963ABED19799E0DBB5EA45D3C73","601"
"coq/.V70_TREE_MIRROR_075.aux","A80CFB26D29AB8A2191F05F0A73527D5CFECCA8C7F26744032808756AB8DE950","601"
"coq/.V70_TREE_MIRROR_076.aux","73B21442F9F9D53ACA1105C2A0E71ABACD6F4ACEC2E0332E9BC24F18E1B7CE1E","601"
"coq/.V70_TREE_MIRROR_077.aux","2FE950BE05A47F5197B7B5F7B0C0344E63B65BE96FFD4545D6208C8942D6D99B","601"
"coq/.V70_TREE_MIRROR_078.aux","4F8A0D736AD8E0545F32BD812E6C440DEA8E1062FD12461B0AD9996960F266D6","601"
"coq/.V70_TREE_MIRROR_079.aux","673B48D59BBADFA7CD9C784EADB9875657655900B32EDE1E1BF00DF2F0A697A1","601"
"coq/.V70_TREE_MIRROR_080.aux","D0251832D64E9F08A423435B8FC0568422EC11F2690256F6BCFA3F64ED84461B","601"
"coq/V70_ASSOC_LIST_001.glob","68DFAB9AA912AF09FD2B282408BDB59506957B3992E8C747F5832BA35BE48890","3353"
"coq/V70_ASSOC_LIST_001.v","F1767EDE62C0D82BBB0F0E34081F5318B107A55E44C4C93E920FA04F39C7DD18","749"
"coq/V70_ASSOC_LIST_001.vo","D785D11C1C3A440B972FC6E930E7C73C2A0314D3221F80B7649E745F8FA53459","10752"
"coq/V70_ASSOC_LIST_001.vok","E3B0C44298FC1C149AFBF4C8996FB92427AE41E4649B934CA495991B7852B855","0"
"coq/V70_ASSOC_LIST_001.vos","E3B0C44298FC1C149AFBF4C8996FB92427AE41E4649B934CA495991B7852B855","0"
"coq/V70_ASSOC_LIST_002.glob","0915787B7514561809149892542EF120242810DB13A38B265C81907FE714C1F1","3353"
"coq/V70_ASSOC_LIST_002.v","446B35B7690B0962553B1FAB1596895123BF8E8E56251DBB6283B033AB026FFA","749"
"coq/V70_ASSOC_LIST_002.vo","499376B66899762FE3CA36FEF284F0BF94E9F50D726234D5FBE4F340E5D06E9A","10752"
"coq/V70_ASSOC_LIST_002.vok","E3B0C44298FC1C149AFBF4C8996FB92427AE41E4649B934CA495991B7852B855","0"
"coq/V70_ASSOC_LIST_002.vos","E3B0C44298FC1C149AFBF4C8996FB92427AE41E4649B934CA495991B7852B855","0"
"coq/V70_ASSOC_LIST_003.glob","3E0C7C84E7467D686235B6DA856D3D82B1CA165263C588D6FEEA64274C1B4B84","3353"
"coq/V70_ASSOC_LIST_003.v","A49DFF0D213382B7CE622EB67AD053144B21938A62C3D392D56E0F74F2DE6B9F","749"
"coq/V70_ASSOC_LIST_003.vo","FE6EC8BCE7FCEDA9CC68F604CC96798781B4D7CD42E3F2748D1BC7B722B0DDAB","10752"
"coq/V70_ASSOC_LIST_003.vok","E3B0C44298FC1C149AFBF4C8996FB92427AE41E4649B934CA495991B7852B855","0"
"coq/V70_ASSOC_LIST_003.vos","E3B0C44298FC1C149AFBF4C8996FB92427AE41E4649B934CA495991B7852B855","0"
"coq/V70_ASSOC_LIST_004.glob","7820F91248CDAA4D926780C7DE40C6F7EB062A6DCDEAC3DFF00AA0C32E225E1F","3353"
"coq/V70_ASSOC_LIST_004.v","2AC71E9780E51CA8F2100B3694E21797D70B0914F321FD23091BB150C142E19B","749"
"coq/V70_ASSOC_LIST_004.vo","DFBC0DD603CD10DE07FCE23272187255D4419EC3286E580709ED54EF54BE6B92","10752"
"coq/V70_ASSOC_LIST_004.vok","E3B0C44298FC1C149AFBF4C8996FB92427AE41E4649B934CA495991B7852B855","0"
"coq/V70_ASSOC_LIST_004.vos","E3B0C44298FC1C149AFBF4C8996FB92427AE41E4649B934CA495991B7852B855","0"
"coq/V70_ASSOC_LIST_005.glob","6518909EB97F3041942465B52AC4DB3353EB3345CFE0948B33140BF2928C177A","3353"
"coq/V70_ASSOC_LIST_005.v","C10079B9922BC7611F9A1C2417F20543B79A693ADA4F6FD6A0F49D41A5B3D183","749"
"coq/V70_ASSOC_LIST_005.vo","DF024B8AD31DBD93CDA105A4B60CB5DF39CE8663A1A71839E500C3DEE2775796","10752"
"coq/V70_ASSOC_LIST_005.vok","E3B0C44298FC1C149AFBF4C8996FB92427AE41E4649B934CA495991B7852B855","0"
"coq/V70_ASSOC_LIST_005.vos","E3B0C44298FC1C149AFBF4C8996FB92427AE41E4649B934CA495991B7852B855","0"
"coq/V70_ASSOC_LIST_006.glob","29F21B987E4D4FA9EB5D22847EED8A5DDFF0CD29564DC15D50A500C8FD1F716E","3353"
"coq/V70_ASSOC_LIST_006.v","AD2701AC089172B35946FDE9C3E8DABCB31B899465E64FA4323B7AB22F6A0450","749"
"coq/V70_ASSOC_LIST_006.vo","1F04AD4C2A4B596F078A8EA62023ED87F72484C63E2A84AC132CE98FF583619C","10752"
"coq/V70_ASSOC_LIST_006.vok","E3B0C44298FC1C149AFBF4C8996FB92427AE41E4649B934CA495991B7852B855","0"
"coq/V70_ASSOC_LIST_006.vos","E3B0C44298FC1C149AFBF4C8996FB92427AE41E4649B934CA495991B7852B855","0"
"coq/V70_ASSOC_LIST_007.glob","EE4631F161F4C8E7870690FA1D985E28C0E5A242E7953B5FD396C58E66476BB8","3353"
"coq/V70_ASSOC_LIST_007.v","D5C2EBA0E7BACCDE335F19CC90D62AC477DB7ED83EB096FDF5454BED6D840EE9","749"
"coq/V70_ASSOC_LIST_007.vo","FEB18A074BB2BB2E1C7F5B90C69050C33AEA162F2B28A0873B8A7C55E2B3BDBD","10752"
"coq/V70_ASSOC_LIST_007.vok","E3B0C44298FC1C149AFBF4C8996FB92427AE41E4649B934CA495991B7852B855","0"
"coq/V70_ASSOC_LIST_007.vos","E3B0C44298FC1C149AFBF4C8996FB92427AE41E4649B934CA495991B7852B855","0"
"coq/V70_ASSOC_LIST_008.glob","BBD0DADC892135EB977B3E4D464BD814F8B05817858A1CE2C8F31749FC857DCC","3353"
"coq/V70_ASSOC_LIST_008.v","72DBBC52DDE13E576E8A592C0721C6D51E6A8FE02DBEDD2E8C6F232F2AEBF517","749"
"coq/V70_ASSOC_LIST_008.vo","C494001FE181B8ABC6347C57E9ED8526D3A5561D52E65E175FB92C876FFFBCBE","10752"
"coq/V70_ASSOC_LIST_008.vok","E3B0C44298FC1C149AFBF4C8996FB92427AE41E4649B934CA495991B7852B855","0"
"coq/V70_ASSOC_LIST_008.vos","E3B0C44298FC1C149AFBF4C8996FB92427AE41E4649B934CA495991B7852B855","0"
"coq/V70_ASSOC_LIST_009.glob","38EC8B4D3918A3BDA54D6CF85AF6C53A8FF9301B89E0B165AB53A75CD83BB628","3353"
"coq/V70_ASSOC_LIST_009.v","1D2088DD8A34E041967A745778DD292DB8DCB6AA4DF07536E1871DC054EDBE24","749"
"coq/V70_ASSOC_LIST_009.vo","4C83D397B46432449E58CCED20E2EFA64F90A0A8157AB51D398521FF69F40CEC","10752"
"coq/V70_ASSOC_LIST_009.vok","E3B0C44298FC1C149AFBF4C8996FB92427AE41E4649B934CA495991B7852B855","0"
"coq/V70_ASSOC_LIST_009.vos","E3B0C44298FC1C149AFBF4C8996FB92427AE41E4649B934CA495991B7852B855","0"
"coq/V70_ASSOC_LIST_010.glob","0AD50A351564FA95EB27DD3F39501DB255FF0ADA542B0DF84261B880708D71BD","3362"
"coq/V70_ASSOC_LIST_010.v","1645D58ACC7AFF5815418F9F259D8C499FA2DB8BB4B56A04E1F09E69EF848C7A","758"
"coq/V70_ASSOC_LIST_010.vo","3BED588025E31C017CBE4BBB8AEB1E060F82FC9EC370CD9D943A64EE1806B9DB","10758"
"coq/V70_ASSOC_LIST_010.vok","E3B0C44298FC1C149AFBF4C8996FB92427AE41E4649B934CA495991B7852B855","0"
"coq/V70_ASSOC_LIST_010.vos","E3B0C44298FC1C149AFBF4C8996FB92427AE41E4649B934CA495991B7852B855","0"
"coq/V70_ASSOC_LIST_011.glob","A9FDD91EA81DC4634266B0C62610EB9C2D5245D62C0ED0F2398BD733E11E266E","3362"
"coq/V70_ASSOC_LIST_011.v","4BDD3A5E3DDB625DAE18DB19F0762A59EFFE253E5B9516B2C093067E3B1EEA8A","758"
"coq/V70_ASSOC_LIST_011.vo","949D352AE0834213B44790A5C8D4EBB1AD5D92E3677AC1CB85929DCE3B6EF783","10758"
"coq/V70_ASSOC_LIST_011.vok","E3B0C44298FC1C149AFBF4C8996FB92427AE41E4649B934CA495991B7852B855","0"
"coq/V70_ASSOC_LIST_011.vos","E3B0C44298FC1C149AFBF4C8996FB92427AE41E4649B934CA495991B7852B855","0"
"coq/V70_ASSOC_LIST_012.glob","B611CE5574AB2E9B0965F002FA0F0C23FD300D227AAAC508D12CB2F4137A169E","3362"
"coq/V70_ASSOC_LIST_012.v","5F9DB5976437FAA778A84527E54C3CE9C8094C812F8CD1E3BA614AF769DEB872","758"
"coq/V70_ASSOC_LIST_012.vo","7E9AB47766FBE3C5B3C7834C42F636C44C16D1EA55AC8C9D745276BC251BE187","10758"
"coq/V70_ASSOC_LIST_012.vok","E3B0C44298FC1C149AFBF4C8996FB92427AE41E4649B934CA495991B7852B855","0"
"coq/V70_ASSOC_LIST_012.vos","E3B0C44298FC1C149AFBF4C8996FB92427AE41E4649B934CA495991B7852B855","0"
"coq/V70_ASSOC_LIST_013.glob","E333EB82182EE8C79B378A106A215BCAAEFE4D951C9E0F2D3A3A37851FF95481","3362"
"coq/V70_ASSOC_LIST_013.v","2E5CDA32CFEEBFD496491188BCF6B7837CA5675C05A3FD984EC47C0B0AB0AD94","758"
"coq/V70_ASSOC_LIST_013.vo","608084267457553B7169846AF61962B33FEF8D17A00FC6AF6F1E453C73A3B23E","10758"
"coq/V70_ASSOC_LIST_013.vok","E3B0C44298FC1C149AFBF4C8996FB92427AE41E4649B934CA495991B7852B855","0"
"coq/V70_ASSOC_LIST_013.vos","E3B0C44298FC1C149AFBF4C8996FB92427AE41E4649B934CA495991B7852B855","0"
"coq/V70_ASSOC_LIST_014.glob","331BF76FF81A59D74CA06413AE81DC373667D15920D40D27694F3A9774AD5BDD","3362"
"coq/V70_ASSOC_LIST_014.v","7E44BD1F7A4160CEC6F06CB19E485E2DD57E93F9A509E8F813E12623D4C184CD","758"
"coq/V70_ASSOC_LIST_014.vo","57E3568E87A5AA0AFD552CD481615EBC6F9623A9D28EA6F064497DB65AEE541A","10758"
"coq/V70_ASSOC_LIST_014.vok","E3B0C44298FC1C149AFBF4C8996FB92427AE41E4649B934CA495991B7852B855","0"
"coq/V70_ASSOC_LIST_014.vos","E3B0C44298FC1C149AFBF4C8996FB92427AE41E4649B934CA495991B7852B855","0"
"coq/V70_ASSOC_LIST_015.glob","809270540D3D909786BE7297A44349010114885ABB2DEAB8D13C842A86B8B117","3362"
"coq/V70_ASSOC_LIST_015.v","B1A2229DC1CA6AA1FFE7121A9865AC2C878B193ADFF5BBC2A15532A9FBBEB2A7","758"
"coq/V70_ASSOC_LIST_015.vo","378BDF669A5ACFE8C13369EDDE1591A75551555593129B32FED0215F18821A6B","10758"
"coq/V70_ASSOC_LIST_015.vok","E3B0C44298FC1C149AFBF4C8996FB92427AE41E4649B934CA495991B7852B855","0"
"coq/V70_ASSOC_LIST_015.vos","E3B0C44298FC1C149AFBF4C8996FB92427AE41E4649B934CA495991B7852B855","0"
"coq/V70_ASSOC_LIST_016.glob","01EBEA1D1CDB1C754E7D0891C9FF80604B42A6B195BC3973BDFD3D3A703C2A5A","3362"
"coq/V70_ASSOC_LIST_016.v","B0DE672596ECB4B1C8EF890FE203ED1345F89B948B13F8DB1E007F2EE5862646","758"
"coq/V70_ASSOC_LIST_016.vo","D43ECCD0101F55E41B07AF8E26FD929692B694D77BD82D2275CD17D2C039ED5B","10758"
"coq/V70_ASSOC_LIST_016.vok","E3B0C44298FC1C149AFBF4C8996FB92427AE41E4649B934CA495991B7852B855","0"
"coq/V70_ASSOC_LIST_016.vos","E3B0C44298FC1C149AFBF4C8996FB92427AE41E4649B934CA495991B7852B855","0"
"coq/V70_ASSOC_LIST_017.glob","0D51BB3BCBE0A25F252E869370E9FDECE0FA27CDCC50D740A7D80FAF4B577612","3362"
"coq/V70_ASSOC_LIST_017.v","820B91B05BDB04ED1F4511F3BD2A31E2EA3C4A31B08220CEBE7DD012859FB865","758"
"coq/V70_ASSOC_LIST_017.vo","2BC51CD7EB981D76C82291507D28EE72CC71E2D28CC0A374F2D07A07BE25C6AB","10758"
"coq/V70_ASSOC_LIST_017.vok","E3B0C44298FC1C149AFBF4C8996FB92427AE41E4649B934CA495991B7852B855","0"
"coq/V70_ASSOC_LIST_017.vos","E3B0C44298FC1C149AFBF4C8996FB92427AE41E4649B934CA495991B7852B855","0"
"coq/V70_ASSOC_LIST_018.glob","1EB87B34E992FB49B191C5371EDF17BD6F5506C228CEC9ACA250D92CEE430F55","3362"
"coq/V70_ASSOC_LIST_018.v","F834F8CEE0E89AB6609C9FA221E9B704FAB27958ACDB6AC80E364CBF15F86416","758"
"coq/V70_ASSOC_LIST_018.vo","CFDCDF3F69D1FE23DB0DC44C68A4FCC7DD75E542ECFEC8297FDC6ECA6A3209C1","10758"
"coq/V70_ASSOC_LIST_018.vok","E3B0C44298FC1C149AFBF4C8996FB92427AE41E4649B934CA495991B7852B855","0"
"coq/V70_ASSOC_LIST_018.vos","E3B0C44298FC1C149AFBF4C8996FB92427AE41E4649B934CA495991B7852B855","0"
"coq/V70_ASSOC_LIST_019.glob","F7C0A2923AF7C0D93E3AA587F7B36C6A75E2B78EB4A0F211F2E771C252B26313","3362"
"coq/V70_ASSOC_LIST_019.v","6EA1EC01BB27E90666AD70494D6D1A8CAD90E952542D57E1ED354FAE3E8C099A","758"
"coq/V70_ASSOC_LIST_019.vo","7760EBEAFAA3C0A1F329F4AF577306436706297976F32A500EF9A4C5B1874BE1","10758"
"coq/V70_ASSOC_LIST_019.vok","E3B0C44298FC1C149AFBF4C8996FB92427AE41E4649B934CA495991B7852B855","0"
"coq/V70_ASSOC_LIST_019.vos","E3B0C44298FC1C149AFBF4C8996FB92427AE41E4649B934CA495991B7852B855","0"
"coq/V70_ASSOC_LIST_020.glob","3D990C8D8696F78745AAB818E3F7BDB8FB3FAC454619B67F625A1170FEF81FF9","3362"
"coq/V70_ASSOC_LIST_020.v","A04E6476335AC7D14A4CD3DFB5787866DA9E554D5374A1147F59EA3E92237F61","758"
"coq/V70_ASSOC_LIST_020.vo","95E5D31D9D51888EFB51EDE57EFD722C5D57E44399F684ED6760FFFE49D2744B","10758"
"coq/V70_ASSOC_LIST_020.vok","E3B0C44298FC1C149AFBF4C8996FB92427AE41E4649B934CA495991B7852B855","0"
"coq/V70_ASSOC_LIST_020.vos","E3B0C44298FC1C149AFBF4C8996FB92427AE41E4649B934CA495991B7852B855","0"
"coq/V70_ASSOC_LIST_021.glob","0208405B5FCD44EDA344D5370C2C4D4F81A2E5037A1CE8E6B8E156D5EE207B31","3362"
"coq/V70_ASSOC_LIST_021.v","C45FA0E4340994711A107CC749A026F666644F217DF033B3EA7629C1D702525B","758"
"coq/V70_ASSOC_LIST_021.vo","E19EEBF2B974EB0E234564E81F1776C54F2DC0DF1E73E927B32BBF35A20A9F30","10758"
"coq/V70_ASSOC_LIST_021.vok","E3B0C44298FC1C149AFBF4C8996FB92427AE41E4649B934CA495991B7852B855","0"
"coq/V70_ASSOC_LIST_021.vos","E3B0C44298FC1C149AFBF4C8996FB92427AE41E4649B934CA495991B7852B855","0"
"coq/V70_ASSOC_LIST_022.glob","19873ED6C4A8533B502857947C7B7A2EF31FB72442114BF61CE82FCA0FE83C18","3362"
"coq/V70_ASSOC_LIST_022.v","B0908A170719CFF3075707404A1B5AEE83F37D97399E8C531E351A78F26DB4E1","758"
"coq/V70_ASSOC_LIST_022.vo","A76B32F532A53112D5A8DB0CD67986F4BA58683C1FC9FD2B00767AFCBDE4C47C","10758"
"coq/V70_ASSOC_LIST_022.vok","E3B0C44298FC1C149AFBF4C8996FB92427AE41E4649B934CA495991B7852B855","0"
"coq/V70_ASSOC_LIST_022.vos","E3B0C44298FC1C149AFBF4C8996FB92427AE41E4649B934CA495991B7852B855","0"
"coq/V70_ASSOC_LIST_023.glob","7CC3EA86E1DC40872997188596D3A730159DA1D4E9FA9F595769696C100CAC12","3362"
"coq/V70_ASSOC_LIST_023.v","B10E2D08BC094DD08AA4C9130555BA5CBA2BB1C9A3A5B7F3B20C8C8E63C91743","758"
"coq/V70_ASSOC_LIST_023.vo","1A1809D29ED3A278A813E81B39D144DA33D5B7B618BE1E1BA6E612DD7F6E02BD","10758"
"coq/V70_ASSOC_LIST_023.vok","E3B0C44298FC1C149AFBF4C8996FB92427AE41E4649B934CA495991B7852B855","0"
"coq/V70_ASSOC_LIST_023.vos","E3B0C44298FC1C149AFBF4C8996FB92427AE41E4649B934CA495991B7852B855","0"
"coq/V70_ASSOC_LIST_024.glob","CE35D88877D5F63700440629C294D75B8D24EC55FCE5C9BFCACB9B39DAA449AF","3362"
"coq/V70_ASSOC_LIST_024.v","C2C822FFE1B5C96CBE005A220E34626A139D8AC9B0E6F4C8D778216191779F53","758"
"coq/V70_ASSOC_LIST_024.vo","53CC73E114D1B4A7F407E4775A9028DE1ECB7E3B98CCBC01F9ECCCEFFB782560","10758"
"coq/V70_ASSOC_LIST_024.vok","E3B0C44298FC1C149AFBF4C8996FB92427AE41E4649B934CA495991B7852B855","0"
"coq/V70_ASSOC_LIST_024.vos","E3B0C44298FC1C149AFBF4C8996FB92427AE41E4649B934CA495991B7852B855","0"
"coq/V70_ASSOC_LIST_025.glob","FDA6A3C7A64EAFA944B70C7DAC0973F3861DD24875EF6EBD6930056BF6DA5C07","3362"
"coq/V70_ASSOC_LIST_025.v","678147E0B01053FBAEDCE921728C404E6796931693DF951DF7A3585725FAFBE9","758"
"coq/V70_ASSOC_LIST_025.vo","F3F32F6E1BEDDEA09C935567C5FC45BC601D0A05CBF089D887E64FEE6C152D7F","10758"
"coq/V70_ASSOC_LIST_025.vok","E3B0C44298FC1C149AFBF4C8996FB92427AE41E4649B934CA495991B7852B855","0"
"coq/V70_ASSOC_LIST_025.vos","E3B0C44298FC1C149AFBF4C8996FB92427AE41E4649B934CA495991B7852B855","0"
"coq/V70_ASSOC_LIST_026.glob","864069EB4567D2BF535A0CE5D32AECD989DF2290E3035C6F31FEA38F76B911E9","3362"
"coq/V70_ASSOC_LIST_026.v","2D025335A70C552865EE5DA6B9E240B38EB7E4B387631264987A4F8936C3EE97","758"
"coq/V70_ASSOC_LIST_026.vo","0058A41DC737123FFA758D1DBA7F20B763C434C2BEFAA2DE38F083DECD209125","10758"
"coq/V70_ASSOC_LIST_026.vok","E3B0C44298FC1C149AFBF4C8996FB92427AE41E4649B934CA495991B7852B855","0"
"coq/V70_ASSOC_LIST_026.vos","E3B0C44298FC1C149AFBF4C8996FB92427AE41E4649B934CA495991B7852B855","0"
"coq/V70_ASSOC_LIST_027.glob","1EF17FFF3FA5ACE73295A15F5B693F20E979BA2DB5D6E682382B8EC0EEBF5F31","3362"
"coq/V70_ASSOC_LIST_027.v","579BBCB7AD1B61A07337633D1434EE404AD9860CCB76D37FDC497C07F8F1F799","758"
"coq/V70_ASSOC_LIST_027.vo","181417439025E0FE363FE65FD154342EC92529AC0F2AF16D8FDC0A572FC6B907","10758"
"coq/V70_ASSOC_LIST_027.vok","E3B0C44298FC1C149AFBF4C8996FB92427AE41E4649B934CA495991B7852B855","0"
"coq/V70_ASSOC_LIST_027.vos","E3B0C44298FC1C149AFBF4C8996FB92427AE41E4649B934CA495991B7852B855","0"
"coq/V70_ASSOC_LIST_028.glob","F556BB816335C952475D1C5C38695E084194839A20EEA531DF215C3EC68669FE","3362"
"coq/V70_ASSOC_LIST_028.v","DB195C82B602C1F3C70ED2E3F55E39280EB28901BEE8DC70A9FEFE118CFED2A4","758"
"coq/V70_ASSOC_LIST_028.vo","19ABE0A370647FD911972EAAF34349F0021788915B362C48041036557949C2C9","10758"
"coq/V70_ASSOC_LIST_028.vok","E3B0C44298FC1C149AFBF4C8996FB92427AE41E4649B934CA495991B7852B855","0"
"coq/V70_ASSOC_LIST_028.vos","E3B0C44298FC1C149AFBF4C8996FB92427AE41E4649B934CA495991B7852B855","0"
"coq/V70_ASSOC_LIST_029.glob","E944D76BB707B99FD3B9BAC19FA7115802C0B414E374E7849D494E8FEA7927F2","3362"
"coq/V70_ASSOC_LIST_029.v","28C25FC26486BC91B0ED9E29EA4772CD6B8E075ADE206B922EA854BB20AA4940","758"
"coq/V70_ASSOC_LIST_029.vo","4924DDEF713C7F067DBF07A375654B87E7445B59FB43A102451207B6B7BBAECA","10758"
"coq/V70_ASSOC_LIST_029.vok","E3B0C44298FC1C149AFBF4C8996FB92427AE41E4649B934CA495991B7852B855","0"
"coq/V70_ASSOC_LIST_029.vos","E3B0C44298FC1C149AFBF4C8996FB92427AE41E4649B934CA495991B7852B855","0"
"coq/V70_ASSOC_LIST_030.glob","B710685A0658C4AF6F3849D1F94392DE49BAAD6C804213AA6D5A025ADEFB6AC5","3362"
"coq/V70_ASSOC_LIST_030.v","F4DDFC438879DAC39193C594521B618D47A5A71404D9D0950C0FB3A63E12CF35","758"
"coq/V70_ASSOC_LIST_030.vo","E7E7FE3850F11C30BC9E4F083155B0D3E97B2CBD5A5CD38F8CA86F6F3D93A609","10758"
"coq/V70_ASSOC_LIST_030.vok","E3B0C44298FC1C149AFBF4C8996FB92427AE41E4649B934CA495991B7852B855","0"
"coq/V70_ASSOC_LIST_030.vos","E3B0C44298FC1C149AFBF4C8996FB92427AE41E4649B934CA495991B7852B855","0"
"coq/V70_ASSOC_LIST_031.glob","4DD40D97204360C0C3EE5227D8EC7D23F6B0A4A584AF37A69784F6D76A0E6DCB","3362"
"coq/V70_ASSOC_LIST_031.v","CB1A9A4BEB5AD27A7A5BEE9035BF950A38CEA591EE199703B089694DC25B910C","758"
"coq/V70_ASSOC_LIST_031.vo","19B4760DD8D1F70D24E8E20AE5FBB6A84F3136247A2223B0D1057F5A3E109A38","10758"
"coq/V70_ASSOC_LIST_031.vok","E3B0C44298FC1C149AFBF4C8996FB92427AE41E4649B934CA495991B7852B855","0"
"coq/V70_ASSOC_LIST_031.vos","E3B0C44298FC1C149AFBF4C8996FB92427AE41E4649B934CA495991B7852B855","0"
"coq/V70_ASSOC_LIST_032.glob","6DDE4AE7578E5EEEAE10A0439035EDDB0DD0DEBB796C7BB248DCE5C787027119","3362"
"coq/V70_ASSOC_LIST_032.v","3167B6AC478B920AED0901CF699DC2692EDB8B5CB0A0C742173B842B2931BA5E","758"
"coq/V70_ASSOC_LIST_032.vo","1C0C1AC83E3ED851DCDCF3817FA2A482A0461ED98E002E77A86D07E32AE2E70E","10758"
"coq/V70_ASSOC_LIST_032.vok","E3B0C44298FC1C149AFBF4C8996FB92427AE41E4649B934CA495991B7852B855","0"
"coq/V70_ASSOC_LIST_032.vos","E3B0C44298FC1C149AFBF4C8996FB92427AE41E4649B934CA495991B7852B855","0"
"coq/V70_ASSOC_LIST_033.glob","46C332909299363211D4CA67949BE84302079A75282B0316AC267F5BFCF67FF8","3362"
"coq/V70_ASSOC_LIST_033.v","C47D3D92594F5AA61D71B405B64F73F671BA6E5DFF277B8A69F0E39B11D1089A","758"
"coq/V70_ASSOC_LIST_033.vo","D60802CDB9DD7A7541863B4F3CE44911477FA0FE4D7433211666183C5E794D68","10758"
"coq/V70_ASSOC_LIST_033.vok","E3B0C44298FC1C149AFBF4C8996FB92427AE41E4649B934CA495991B7852B855","0"
"coq/V70_ASSOC_LIST_033.vos","E3B0C44298FC1C149AFBF4C8996FB92427AE41E4649B934CA495991B7852B855","0"
"coq/V70_ASSOC_LIST_034.glob","A9A54F39B2B25487DE5D4D427170676956931A6979313FEEE8B746D83E84FC34","3362"
"coq/V70_ASSOC_LIST_034.v","C5A5097B42CA4C1D3B763B1605356232DB7E8C74562D1B1FE6D45AEDBBB37A22","758"
"coq/V70_ASSOC_LIST_034.vo","CE0E68436565EC51F329016B1D087BEBA20E5605B08AECDDC7A0A5274168BE51","10758"
"coq/V70_ASSOC_LIST_034.vok","E3B0C44298FC1C149AFBF4C8996FB92427AE41E4649B934CA495991B7852B855","0"
"coq/V70_ASSOC_LIST_034.vos","E3B0C44298FC1C149AFBF4C8996FB92427AE41E4649B934CA495991B7852B855","0"
"coq/V70_ASSOC_LIST_035.glob","3211C37A01E21A037A554A738E7957DBB6C28637A96B478745EB82369D986E71","3362"
"coq/V70_ASSOC_LIST_035.v","56BC76AF471FFC85C5F77FFADACA281A24E487BF09A225188CD28F8135FABBEF","758"
"coq/V70_ASSOC_LIST_035.vo","CEDDE6339134693575F925AC42EE07F6DFFAEC6A14FFFB58280EC99315F34578","10758"
"coq/V70_ASSOC_LIST_035.vok","E3B0C44298FC1C149AFBF4C8996FB92427AE41E4649B934CA495991B7852B855","0"
"coq/V70_ASSOC_LIST_035.vos","E3B0C44298FC1C149AFBF4C8996FB92427AE41E4649B934CA495991B7852B855","0"
"coq/V70_ASSOC_LIST_036.glob","E71FA7E13E5A30CDAF3BBA60B635D056E05CA1B61AB0E2ADE0E5360761DAF34D","3362"
"coq/V70_ASSOC_LIST_036.v","571F986EF514103F5E2246976A5AD04562174E89DFB0AAC9585D33EE1B296D05","758"
"coq/V70_ASSOC_LIST_036.vo","B3E892C7DE32273EF064B8740F06E658559F82FFD8977CA7E28A7B43DC775C73","10758"
"coq/V70_ASSOC_LIST_036.vok","E3B0C44298FC1C149AFBF4C8996FB92427AE41E4649B934CA495991B7852B855","0"
"coq/V70_ASSOC_LIST_036.vos","E3B0C44298FC1C149AFBF4C8996FB92427AE41E4649B934CA495991B7852B855","0"
"coq/V70_ASSOC_LIST_037.glob","6B1FE062135E07EC733178636CC24A46EF2EA0CA1B160512D8A8701F671B79EE","3362"
"coq/V70_ASSOC_LIST_037.v","E0B160CDBC82502996BEE90D3119BA59DA607920786254C645156F8F746F381D","758"
"coq/V70_ASSOC_LIST_037.vo","8ED4C433BA1C9FAA0D346B203A6A746A152E1AF8AA42A15508D7B37C7C0429DE","10758"
"coq/V70_ASSOC_LIST_037.vok","E3B0C44298FC1C149AFBF4C8996FB92427AE41E4649B934CA495991B7852B855","0"
"coq/V70_ASSOC_LIST_037.vos","E3B0C44298FC1C149AFBF4C8996FB92427AE41E4649B934CA495991B7852B855","0"
"coq/V70_ASSOC_LIST_038.glob","342E02F80C4EBA71CAE0174C8A1555A2C65CF996C1CF4261507BBA05FD542B9B","3362"
"coq/V70_ASSOC_LIST_038.v","78EE15D08D97765DEEAC86AA648905F9191558626AF59E4CB84CA6E68DEF0393","758"
"coq/V70_ASSOC_LIST_038.vo","53D5325DED9A159866E90EF915DAA393C975301DC8310FF24B4CA4D7F8FAEFE3","10758"
"coq/V70_ASSOC_LIST_038.vok","E3B0C44298FC1C149AFBF4C8996FB92427AE41E4649B934CA495991B7852B855","0"
"coq/V70_ASSOC_LIST_038.vos","E3B0C44298FC1C149AFBF4C8996FB92427AE41E4649B934CA495991B7852B855","0"
"coq/V70_ASSOC_LIST_039.glob","CCD20FF61FA44898966BC51F8AC63A26406DD528911B5DFB73FC49E3A3736946","3362"
"coq/V70_ASSOC_LIST_039.v","675D6201C565A4F29D9BBA37B02AE0DD4DCAAE2C79DB596B05C874DD24BD8142","758"
"coq/V70_ASSOC_LIST_039.vo","34D011ABCF3406E724988DCA2D647C5B8FC7D26BA2DC32EDED74047270F2B485","10758"
"coq/V70_ASSOC_LIST_039.vok","E3B0C44298FC1C149AFBF4C8996FB92427AE41E4649B934CA495991B7852B855","0"
"coq/V70_ASSOC_LIST_039.vos","E3B0C44298FC1C149AFBF4C8996FB92427AE41E4649B934CA495991B7852B855","0"
"coq/V70_ASSOC_LIST_040.glob","F70EC9E4CC57876D062FED003BA0A335693DB5ECE3966A3FAAB9EA6367DF1492","3362"
"coq/V70_ASSOC_LIST_040.v","ED2588601BB4BCD89FC149E456B257700D264B785BD60840F71AB32233FBD66B","758"
"coq/V70_ASSOC_LIST_040.vo","EB262CDA1341D8522E1C70507D48C583A43A27E641D4AEEFD81DC68F3C147A18","10758"
"coq/V70_ASSOC_LIST_040.vok","E3B0C44298FC1C149AFBF4C8996FB92427AE41E4649B934CA495991B7852B855","0"
"coq/V70_ASSOC_LIST_040.vos","E3B0C44298FC1C149AFBF4C8996FB92427AE41E4649B934CA495991B7852B855","0"
"coq/V70_ASSOC_LIST_041.glob","3036A050594D4AC82D5DD1C2E3C4C8A7EBF8B9A08607A64253BB2958A3E3C44A","3362"
"coq/V70_ASSOC_LIST_041.v","09B7F944633968C7CFB7DB24469291309B4AB57AB15960978B567A82D2ADAD4D","758"
"coq/V70_ASSOC_LIST_041.vo","3010752902FC2B4D0F70D0078C5459EE24909F65DAC676480671499561629D61","10758"
"coq/V70_ASSOC_LIST_041.vok","E3B0C44298FC1C149AFBF4C8996FB92427AE41E4649B934CA495991B7852B855","0"
"coq/V70_ASSOC_LIST_041.vos","E3B0C44298FC1C149AFBF4C8996FB92427AE41E4649B934CA495991B7852B855","0"
"coq/V70_ASSOC_LIST_042.glob","4A104E3F8BB363035E08512C2D4FBD6CC66B62537ACF570A01E07ADC4788D5E3","3362"
"coq/V70_ASSOC_LIST_042.v","E0C07EF6167EF778FC4A1756CEB6C2B4E48B2365A9374F9E809392092CBE7DCD","758"
"coq/V70_ASSOC_LIST_042.vo","03B8D49C02000FFC9B5B4A12AEAE7B55B51FF3250E9B789AA7AD1ECA069651EE","10758"
"coq/V70_ASSOC_LIST_042.vok","E3B0C44298FC1C149AFBF4C8996FB92427AE41E4649B934CA495991B7852B855","0"
"coq/V70_ASSOC_LIST_042.vos","E3B0C44298FC1C149AFBF4C8996FB92427AE41E4649B934CA495991B7852B855","0"
"coq/V70_ASSOC_LIST_043.glob","2B3748DF3EA243DA5592E7882E0CB6757D9841BD6059419E9C3CB8AB0D383935","3362"
"coq/V70_ASSOC_LIST_043.v","D8B94E1C76973219AD42300E4D7BAA977523A0E87E51F2DB1A8B398750324B02","758"
"coq/V70_ASSOC_LIST_043.vo","405F5581AE6C1F9640427BF6FC5FCBCF0889BF0E2FAA0839EC7C68F3BD389A9B","10758"
"coq/V70_ASSOC_LIST_043.vok","E3B0C44298FC1C149AFBF4C8996FB92427AE41E4649B934CA495991B7852B855","0"
"coq/V70_ASSOC_LIST_043.vos","E3B0C44298FC1C149AFBF4C8996FB92427AE41E4649B934CA495991B7852B855","0"
"coq/V70_ASSOC_LIST_044.glob","EE98E40FEE5AB1F232C9FDD7394FD9A6B8B470D89FEC5FB660299756650B48D3","3362"
"coq/V70_ASSOC_LIST_044.v","6EE66350BEC34FFA30665A392E37210A442C9B55F28711ED0280AF94DF993CB1","758"
"coq/V70_ASSOC_LIST_044.vo","4389E089ED7E3B8864B80F314D62AD0038B28598C7E8B86E70A96BB55BEF953D","10758"
"coq/V70_ASSOC_LIST_044.vok","E3B0C44298FC1C149AFBF4C8996FB92427AE41E4649B934CA495991B7852B855","0"
"coq/V70_ASSOC_LIST_044.vos","E3B0C44298FC1C149AFBF4C8996FB92427AE41E4649B934CA495991B7852B855","0"
"coq/V70_ASSOC_LIST_045.glob","02B6DD94FBCAEF1F7B710CBEC3BE5F9396B7619F04DF9BE946C60ED2D300EFF6","3362"
"coq/V70_ASSOC_LIST_045.v","CFE90004EEBBA8F7AF3B085A8ACF7586FF5D2A7CAAE1EE9761E12B0CCDE033E7","758"
"coq/V70_ASSOC_LIST_045.vo","D6F51DA03283BA7A659B3DA5F67B90A1D07C0BE9BE9E57B7C1D74645F081F6CC","10758"
"coq/V70_ASSOC_LIST_045.vok","E3B0C44298FC1C149AFBF4C8996FB92427AE41E4649B934CA495991B7852B855","0"
"coq/V70_ASSOC_LIST_045.vos","E3B0C44298FC1C149AFBF4C8996FB92427AE41E4649B934CA495991B7852B855","0"
"coq/V70_ASSOC_LIST_046.glob","2570CFAE8DA0077F07B3492F2C92FADCB1C03F916957270DA69E316552DD16D8","3362"
"coq/V70_ASSOC_LIST_046.v","CB30F057E4B7D2B5F4E39571E052577DEA279926C6E25DD769C84020422D151F","758"
"coq/V70_ASSOC_LIST_046.vo","56C50CCC226D84007475B5BE6DD7954AE53821E3A6776265346FDB4191BA2C8F","10758"
"coq/V70_ASSOC_LIST_046.vok","E3B0C44298FC1C149AFBF4C8996FB92427AE41E4649B934CA495991B7852B855","0"
"coq/V70_ASSOC_LIST_046.vos","E3B0C44298FC1C149AFBF4C8996FB92427AE41E4649B934CA495991B7852B855","0"
"coq/V70_ASSOC_LIST_047.glob","5F27D3CA636EC654EC38AA304EB87A64D68C23E26906BF38B3EF2F95792DBA44","3362"
"coq/V70_ASSOC_LIST_047.v","5AEA2819DBDB95FDCEDC2734DFA921DBEC0EA6D0CFF9E572115A67E20EF1DC0A","758"
"coq/V70_ASSOC_LIST_047.vo","11C9AB880E9B1BF821605ED2DA1616663EF2EE7C73140EE920FCCC628DD96E27","10758"
"coq/V70_ASSOC_LIST_047.vok","E3B0C44298FC1C149AFBF4C8996FB92427AE41E4649B934CA495991B7852B855","0"
"coq/V70_ASSOC_LIST_047.vos","E3B0C44298FC1C149AFBF4C8996FB92427AE41E4649B934CA495991B7852B855","0"
"coq/V70_ASSOC_LIST_048.glob","A067A4EFEF0FB60BBE0C5A3C3E8C601C947D66BCCC69BC1FC7287C8400D766BF","3362"
"coq/V70_ASSOC_LIST_048.v","EE7B593AA439F1D31CD4947912A6C4E97D01C9139FD7D816432E9A6E9C7140E9","758"
"coq/V70_ASSOC_LIST_048.vo","09A4153B7F832238741B9A7709B1DBA1F749092EB6D07AD1882013C093A5B608","10758"
"coq/V70_ASSOC_LIST_048.vok","E3B0C44298FC1C149AFBF4C8996FB92427AE41E4649B934CA495991B7852B855","0"
"coq/V70_ASSOC_LIST_048.vos","E3B0C44298FC1C149AFBF4C8996FB92427AE41E4649B934CA495991B7852B855","0"
"coq/V70_ASSOC_LIST_049.glob","541E6F589BF61F3E39113FA3DC39873C3BE98C900125DAF78A3FB8139CD9C764","3362"
"coq/V70_ASSOC_LIST_049.v","93A5084461A15E862D68E94A0BA21A8BFB215616D20AF8F8F632BA66CD2A9B6A","758"
"coq/V70_ASSOC_LIST_049.vo","E5FE769CAF7F65B03759CBE0E79DD7C098C31B522DFE0A3EBB5E31E15C95769D","10758"
"coq/V70_ASSOC_LIST_049.vok","E3B0C44298FC1C149AFBF4C8996FB92427AE41E4649B934CA495991B7852B855","0"
"coq/V70_ASSOC_LIST_049.vos","E3B0C44298FC1C149AFBF4C8996FB92427AE41E4649B934CA495991B7852B855","0"
"coq/V70_ASSOC_LIST_050.glob","785278C9351F696FA3601091B4697190836E3804F31CF00539A9617B8F26EAA8","3362"
"coq/V70_ASSOC_LIST_050.v","13785C820540A934C7425BC0CBC8241E52850EC380B583E84036699C9EAFC47D","758"
"coq/V70_ASSOC_LIST_050.vo","BC8DD881C86FF2F674A4DFF0B02B8F745BC1849E3836AA901B34BCC76228F2C9","10758"
"coq/V70_ASSOC_LIST_050.vok","E3B0C44298FC1C149AFBF4C8996FB92427AE41E4649B934CA495991B7852B855","0"
"coq/V70_ASSOC_LIST_050.vos","E3B0C44298FC1C149AFBF4C8996FB92427AE41E4649B934CA495991B7852B855","0"
"coq/V70_ASSOC_LIST_051.glob","D165ABB7345384613AA9A1FD12F6F8ADBF2528C0B0A34C5FB59CF5A785FE045B","3362"
"coq/V70_ASSOC_LIST_051.v","2E63C3EF5A0B55BEA4636AC5CA65F2C0FCD0DF2F7B022DAF676B574DEBF228C6","758"
"coq/V70_ASSOC_LIST_051.vo","828409F485CA2D96FB51CF666D336827332301E18B242370E163F9106FBFCFB6","10758"
"coq/V70_ASSOC_LIST_051.vok","E3B0C44298FC1C149AFBF4C8996FB92427AE41E4649B934CA495991B7852B855","0"
"coq/V70_ASSOC_LIST_051.vos","E3B0C44298FC1C149AFBF4C8996FB92427AE41E4649B934CA495991B7852B855","0"
"coq/V70_ASSOC_LIST_052.glob","60806B486ED7D7AF3E1A6D170ACC8AF70033D6595373812244C7A19E9159ECA7","3362"
"coq/V70_ASSOC_LIST_052.v","38E06F3D2EBABF974E962240D80F3E82F22ADE806D6BCE8A380FB4E5C2451E21","758"
"coq/V70_ASSOC_LIST_052.vo","8B73AC879A47D11813E96068E0107233536E113CEFD2DD43F6C43ABECDA29BD2","10758"
"coq/V70_ASSOC_LIST_052.vok","E3B0C44298FC1C149AFBF4C8996FB92427AE41E4649B934CA495991B7852B855","0"
"coq/V70_ASSOC_LIST_052.vos","E3B0C44298FC1C149AFBF4C8996FB92427AE41E4649B934CA495991B7852B855","0"
"coq/V70_ASSOC_LIST_053.glob","B60E1DE25776F3F948B26413B0821ABF18A191B8BF152637094489549C79AC72","3362"
"coq/V70_ASSOC_LIST_053.v","F16FED039E671F8E1B8261D40F0712F20673865816E3EC0CF64E1FD3546C94AC","758"
"coq/V70_ASSOC_LIST_053.vo","0A3DF295CA1E6CC41321729215D5037D3A637830D678D23EAA84926FE1CFE054","10758"
"coq/V70_ASSOC_LIST_053.vok","E3B0C44298FC1C149AFBF4C8996FB92427AE41E4649B934CA495991B7852B855","0"
"coq/V70_ASSOC_LIST_053.vos","E3B0C44298FC1C149AFBF4C8996FB92427AE41E4649B934CA495991B7852B855","0"
"coq/V70_ASSOC_LIST_054.glob","98B87B7EA1F15243F72D5B502201538F4C51539F21B9A2C9996BA1CEAD6242C4","3362"
"coq/V70_ASSOC_LIST_054.v","07389AA30E10FDC0C5771FBD6FA8A0074C60E49185A9333AFA8FAFF1E19BBF54","758"
"coq/V70_ASSOC_LIST_054.vo","45F0D77F6147AE202414EE77E34B14894D13065E5D854E80B11620572AEB4E95","10758"
"coq/V70_ASSOC_LIST_054.vok","E3B0C44298FC1C149AFBF4C8996FB92427AE41E4649B934CA495991B7852B855","0"
"coq/V70_ASSOC_LIST_054.vos","E3B0C44298FC1C149AFBF4C8996FB92427AE41E4649B934CA495991B7852B855","0"
"coq/V70_ASSOC_LIST_055.glob","1140A9D312EE2ED5A8AA13EA469FA39089B6646CDB5004E54687AC81E884FF80","3362"
"coq/V70_ASSOC_LIST_055.v","E51FE88FF1B6DE03F5928C3CE0F64A8A598FB030324776F6EEE6147D093E3C30","758"
"coq/V70_ASSOC_LIST_055.vo","E21E75796AA12B9190ED3031F733A6ACAFC301DA8516964BA82CAFA32FBCBE1A","10758"
"coq/V70_ASSOC_LIST_055.vok","E3B0C44298FC1C149AFBF4C8996FB92427AE41E4649B934CA495991B7852B855","0"
"coq/V70_ASSOC_LIST_055.vos","E3B0C44298FC1C149AFBF4C8996FB92427AE41E4649B934CA495991B7852B855","0"
"coq/V70_ASSOC_LIST_056.glob","234F62ABC803897425331B1E8D942F09E518A9DF3AA0AAF527B3B1FB83BF0506","3362"
"coq/V70_ASSOC_LIST_056.v","D82164B84FAD3D4FB5DFF90F4DE00F09C56B13E8E1AF2F9B3EB16EE3633BFEA5","758"
"coq/V70_ASSOC_LIST_056.vo","C1FB5103F07A27FD47462CFF3482F67562971F238FB3EA7B84454459577D38AD","10758"
"coq/V70_ASSOC_LIST_056.vok","E3B0C44298FC1C149AFBF4C8996FB92427AE41E4649B934CA495991B7852B855","0"
"coq/V70_ASSOC_LIST_056.vos","E3B0C44298FC1C149AFBF4C8996FB92427AE41E4649B934CA495991B7852B855","0"
"coq/V70_ASSOC_LIST_057.glob","F60C0FB4555666AF8DB8495EA455D89582AAB83BC1414CF436EF5987DE2B0E8E","3362"
"coq/V70_ASSOC_LIST_057.v","57F3DE0A6F702A07F9FAA18442E100D88B57C3403C7F7F2732798444331EAB7A","758"
"coq/V70_ASSOC_LIST_057.vo","7DAD618FAA40A9E24411348F22A75C491C390BAAEB03F8196CF4CE5B16B1BB3E","10758"
"coq/V70_ASSOC_LIST_057.vok","E3B0C44298FC1C149AFBF4C8996FB92427AE41E4649B934CA495991B7852B855","0"
"coq/V70_ASSOC_LIST_057.vos","E3B0C44298FC1C149AFBF4C8996FB92427AE41E4649B934CA495991B7852B855","0"
"coq/V70_ASSOC_LIST_058.glob","C257F432F81C0821BE1CFEA01E7DFBAF78C1918B9357E54F7CF26E2CF39B4ADC","3362"
"coq/V70_ASSOC_LIST_058.v","4A19A89B7274006F909A4C0F51E86E0266990149727DAFE6C1999CF930FB2C52","758"
"coq/V70_ASSOC_LIST_058.vo","09A19F31027A947A6896152A6161C9E4848AB4F39B8DB87F34E59059F612F56A","10758"
"coq/V70_ASSOC_LIST_058.vok","E3B0C44298FC1C149AFBF4C8996FB92427AE41E4649B934CA495991B7852B855","0"
"coq/V70_ASSOC_LIST_058.vos","E3B0C44298FC1C149AFBF4C8996FB92427AE41E4649B934CA495991B7852B855","0"
"coq/V70_ASSOC_LIST_059.glob","AF559F7F6C901D9D7D93A5709045140E87D51148E6C1B64BBF7AD83FA0465F1A","3362"
"coq/V70_ASSOC_LIST_059.v","A15A5F283BFF721D3376E2D6EC606F721934E853924D85057392E4BE7D345157","758"
"coq/V70_ASSOC_LIST_059.vo","27C4FB1D2B8A2239DCA69A5A8A60F58203EF345712CC20613FCF857555548EFD","10758"
"coq/V70_ASSOC_LIST_059.vok","E3B0C44298FC1C149AFBF4C8996FB92427AE41E4649B934CA495991B7852B855","0"
"coq/V70_ASSOC_LIST_059.vos","E3B0C44298FC1C149AFBF4C8996FB92427AE41E4649B934CA495991B7852B855","0"
"coq/V70_ASSOC_LIST_060.glob","A0A57C0C6189C57FD236ECF10E7ED990813BDF2074892D9C5FE62220B3822F24","3362"
"coq/V70_ASSOC_LIST_060.v","B51E0FBE97BBF1CA88AAED1E9F5B4F53F7A1D753DDCC6075226ECAD7FFCDD8B6","758"
"coq/V70_ASSOC_LIST_060.vo","6AE84F2C66188C22A05039C922FF60AAC0ED21625287BECDDFE117ADB2CF2569","10758"
"coq/V70_ASSOC_LIST_060.vok","E3B0C44298FC1C149AFBF4C8996FB92427AE41E4649B934CA495991B7852B855","0"
"coq/V70_ASSOC_LIST_060.vos","E3B0C44298FC1C149AFBF4C8996FB92427AE41E4649B934CA495991B7852B855","0"
"coq/V70_ASSOC_LIST_061.glob","95FF1F7C680D25159C35887F6BDBCF86240CC3F3F3B0DB3780254D6571CBB5CF","3362"
"coq/V70_ASSOC_LIST_061.v","C2582D84C82F41E923660B6F83C1F42D17F655B6F19ED17066DCAC0FC12F2604","758"
"coq/V70_ASSOC_LIST_061.vo","2C2F06A87F6809C2AA736FF242FC0FC5CB4EC8CD25498355BF2E2FB33420074C","10758"
"coq/V70_ASSOC_LIST_061.vok","E3B0C44298FC1C149AFBF4C8996FB92427AE41E4649B934CA495991B7852B855","0"
"coq/V70_ASSOC_LIST_061.vos","E3B0C44298FC1C149AFBF4C8996FB92427AE41E4649B934CA495991B7852B855","0"
"coq/V70_ASSOC_LIST_062.glob","4AD5D3FF83D46FEC8324367756115276F6F3A1366566F3096713EF2383925E60","3362"
"coq/V70_ASSOC_LIST_062.v","2CBCF713CEA73AE738EFCC1FACBF5DE7737BFCF950774DF4FD8755628B6AEAE1","758"
"coq/V70_ASSOC_LIST_062.vo","75F616127029E766383020E2047D8FE9B267ECE6DBF915FEF0308B8020BB85BC","10758"
"coq/V70_ASSOC_LIST_062.vok","E3B0C44298FC1C149AFBF4C8996FB92427AE41E4649B934CA495991B7852B855","0"
"coq/V70_ASSOC_LIST_062.vos","E3B0C44298FC1C149AFBF4C8996FB92427AE41E4649B934CA495991B7852B855","0"
"coq/V70_ASSOC_LIST_063.glob","2007A86C8519F64144CFA1261BB84D9DE6329F0B40B937434F9D1E5B906F3847","3362"
"coq/V70_ASSOC_LIST_063.v","7C8E755F6EFE767EE15407614BAF3C0A89545591653373642D6DB77DF346A0C4","758"
"coq/V70_ASSOC_LIST_063.vo","9FF8D2DBC73D1FAC34F8F1A55B85C1B01A4A19E52533B9C3C56B77F8E99846C6","10758"
"coq/V70_ASSOC_LIST_063.vok","E3B0C44298FC1C149AFBF4C8996FB92427AE41E4649B934CA495991B7852B855","0"
"coq/V70_ASSOC_LIST_063.vos","E3B0C44298FC1C149AFBF4C8996FB92427AE41E4649B934CA495991B7852B855","0"
"coq/V70_ASSOC_LIST_064.glob","4E5B40E5DDF46AA56F2503D7CB5AA1AB3AB76A94FDC05B36955F85FB5C90B9A5","3362"
"coq/V70_ASSOC_LIST_064.v","4BE424C93ACA5BC327ECE050C3B9362469727F1D64F1432AFFB55ED5415B80D0","758"
"coq/V70_ASSOC_LIST_064.vo","0A99FC1A1CB1086FFA7415EB4DEFFD7A9DCF6CC5DCA1727401334072D9951B79","10758"
"coq/V70_ASSOC_LIST_064.vok","E3B0C44298FC1C149AFBF4C8996FB92427AE41E4649B934CA495991B7852B855","0"
"coq/V70_ASSOC_LIST_064.vos","E3B0C44298FC1C149AFBF4C8996FB92427AE41E4649B934CA495991B7852B855","0"
"coq/V70_ASSOC_LIST_065.glob","88C127D9E1E9170797EDAE02D92F128834519A24E66D6B25FE563B16B85695BE","3362"
"coq/V70_ASSOC_LIST_065.v","D2EB165B730F18F6B65C2C54E09E7B6E44E463B25989B17C2C47CE3C0494DAE0","758"
"coq/V70_ASSOC_LIST_065.vo","8AFA9DAF70114A5FC9A58E29EDEA36459181FF01ECC8A070093835FE0802E145","10758"
"coq/V70_ASSOC_LIST_065.vok","E3B0C44298FC1C149AFBF4C8996FB92427AE41E4649B934CA495991B7852B855","0"
"coq/V70_ASSOC_LIST_065.vos","E3B0C44298FC1C149AFBF4C8996FB92427AE41E4649B934CA495991B7852B855","0"
"coq/V70_ASSOC_LIST_066.glob","8C3D4ACA45B3410FB576829870FBA89A27FBA47CC3BDB3552A12CAFFDEAEB231","3362"
"coq/V70_ASSOC_LIST_066.v","A68ECB269543D2E19BEEC8CDB1EB5996B8F4FEE9A2A183D554BF16CCE64F89B7","758"
"coq/V70_ASSOC_LIST_066.vo","6D1BA6F3ABB071267A755207F1AD2B83674244F7CA152C20FF86042D1F67ABAB","10758"
"coq/V70_ASSOC_LIST_066.vok","E3B0C44298FC1C149AFBF4C8996FB92427AE41E4649B934CA495991B7852B855","0"
"coq/V70_ASSOC_LIST_066.vos","E3B0C44298FC1C149AFBF4C8996FB92427AE41E4649B934CA495991B7852B855","0"
"coq/V70_ASSOC_LIST_067.glob","D0359A65A9E2E604FAF7CD57934D71527F1B71B93BDB6A3141ECA1552A3A6C27","3362"
"coq/V70_ASSOC_LIST_067.v","B3C43272B9841F910C72D3793159948566051877CA733A5D1EE201ACBCAFF3BB","758"
"coq/V70_ASSOC_LIST_067.vo","FE2948DD4E5E213F34AFF10EFEBB3D62F3317381C52C4B80671B00FA01E8DD95","10758"
"coq/V70_ASSOC_LIST_067.vok","E3B0C44298FC1C149AFBF4C8996FB92427AE41E4649B934CA495991B7852B855","0"
"coq/V70_ASSOC_LIST_067.vos","E3B0C44298FC1C149AFBF4C8996FB92427AE41E4649B934CA495991B7852B855","0"
"coq/V70_ASSOC_LIST_068.glob","6CF12FBD5702977198C4B135693FD480462000784CB0B9DE7DE5B394766FF9CD","3362"
"coq/V70_ASSOC_LIST_068.v","13F653C49A255813AACCB79CFE2E03A2E2692CBB8F54D51EC8DC570FA4D40585","758"
"coq/V70_ASSOC_LIST_068.vo","881DE5F005378293D651A98C8F95B3AE9B455984771273D66BDB659AE99C4388","10758"
"coq/V70_ASSOC_LIST_068.vok","E3B0C44298FC1C149AFBF4C8996FB92427AE41E4649B934CA495991B7852B855","0"
"coq/V70_ASSOC_LIST_068.vos","E3B0C44298FC1C149AFBF4C8996FB92427AE41E4649B934CA495991B7852B855","0"
"coq/V70_ASSOC_LIST_069.glob","4E2F0435222FDC68AF74D56241FE7D5B3BC148D2678C2192FBE598D727F29072","3362"
"coq/V70_ASSOC_LIST_069.v","C77D242B8B668E539A8C35016DCB36C2E966A5A60C223392C40503765BA84139","758"
"coq/V70_ASSOC_LIST_069.vo","30980FB0B3FB9664831A30DA88077D0D6565760536E069EDE61B20E9C8FA037E","10758"
"coq/V70_ASSOC_LIST_069.vok","E3B0C44298FC1C149AFBF4C8996FB92427AE41E4649B934CA495991B7852B855","0"
"coq/V70_ASSOC_LIST_069.vos","E3B0C44298FC1C149AFBF4C8996FB92427AE41E4649B934CA495991B7852B855","0"
"coq/V70_ASSOC_LIST_070.glob","48DC4CD3E9D7B5519AB9FF7E7F62E01C86EDE51BC23A676F3F0F4DC6B8190B18","3362"
"coq/V70_ASSOC_LIST_070.v","7F2991CB9B5BC3A15D557A6153E9545DB3190A0DEF76F1DA83685C0A39C5BC22","758"
"coq/V70_ASSOC_LIST_070.vo","9086FA7AEE4395BB8B917E9B22AE5115C1F779121ADE0CA008C546EFD4A9E6A8","10758"
"coq/V70_ASSOC_LIST_070.vok","E3B0C44298FC1C149AFBF4C8996FB92427AE41E4649B934CA495991B7852B855","0"
"coq/V70_ASSOC_LIST_070.vos","E3B0C44298FC1C149AFBF4C8996FB92427AE41E4649B934CA495991B7852B855","0"
"coq/V70_ASSOC_LIST_071.glob","4EF2FA1FAFCDE78DBE419CA2009E988AA9DF56D933D3D2071DD0D40686E9F05C","3362"
"coq/V70_ASSOC_LIST_071.v","3E58181832449A30BF2DDAFE2955ED9D5A6E521A20E1B79842EC03F31C136956","758"
"coq/V70_ASSOC_LIST_071.vo","DFE23BC9C3EF97BBC5081229389FE18E1FA01AEC27EBF336D21449B3E70CADAF","10758"
"coq/V70_ASSOC_LIST_071.vok","E3B0C44298FC1C149AFBF4C8996FB92427AE41E4649B934CA495991B7852B855","0"
"coq/V70_ASSOC_LIST_071.vos","E3B0C44298FC1C149AFBF4C8996FB92427AE41E4649B934CA495991B7852B855","0"
"coq/V70_ASSOC_LIST_072.glob","6A93905275137893E6EAA8CCB7A6E3C060519813228CDAA1F120C4EC7741E2DB","3362"
"coq/V70_ASSOC_LIST_072.v","A3E991AFEA074C6AD58D783EF59AFCC1BE5C7E6CFF77B866640AD8366CEF4145","758"
"coq/V70_ASSOC_LIST_072.vo","8927EDD9C9C77A0F2C0EF8A8FEC0D09D23B1FDDB9BFFA65F3A5048FE90FA6467","10758"
"coq/V70_ASSOC_LIST_072.vok","E3B0C44298FC1C149AFBF4C8996FB92427AE41E4649B934CA495991B7852B855","0"
"coq/V70_ASSOC_LIST_072.vos","E3B0C44298FC1C149AFBF4C8996FB92427AE41E4649B934CA495991B7852B855","0"
"coq/V70_ASSOC_LIST_073.glob","D82629CF62048CE5795C542616226F0B15A256D79DDE05A1AFCEE196FFFAA916","3362"
"coq/V70_ASSOC_LIST_073.v","D9A3A9B9FA2FCFB92E7EDEEA85690D1CCBC17E5302DA20E95F9DB42D785308D8","758"
"coq/V70_ASSOC_LIST_073.vo","899B4AFA56899C52D4EB301B79DCF252541C480EB5E2CF65302D2AF40BA349BF","10758"
"coq/V70_ASSOC_LIST_073.vok","E3B0C44298FC1C149AFBF4C8996FB92427AE41E4649B934CA495991B7852B855","0"
"coq/V70_ASSOC_LIST_073.vos","E3B0C44298FC1C149AFBF4C8996FB92427AE41E4649B934CA495991B7852B855","0"
"coq/V70_ASSOC_LIST_074.glob","171AC7852243F327092100DC9558E37B478D4B8713FD8474F981D32205DB937B","3362"
"coq/V70_ASSOC_LIST_074.v","D0306CDBE332FFC009A62982B8A765E5BD2D8C297351990B58DEDB9A1BE0DDE3","758"
"coq/V70_ASSOC_LIST_074.vo","DF6696B3597F6870D738F086BCBF3A5EB2C0858E748DA2D41776CBF94045BAE0","10758"
"coq/V70_ASSOC_LIST_074.vok","E3B0C44298FC1C149AFBF4C8996FB92427AE41E4649B934CA495991B7852B855","0"
"coq/V70_ASSOC_LIST_074.vos","E3B0C44298FC1C149AFBF4C8996FB92427AE41E4649B934CA495991B7852B855","0"
"coq/V70_ASSOC_LIST_075.glob","18A18F01222468FE8E92DE8B00D65D5E069BA7465023EB97B32A11C91705A466","3362"
"coq/V70_ASSOC_LIST_075.v","49DF220DF69F411F0FF1FA4AD3886CC4BE535FEFA082F082EC1D476C51C56C92","758"
"coq/V70_ASSOC_LIST_075.vo","F5D8AF6D50709DBCB2F9FF79DEBD1EE30138566C22ACB14492B92D6AD4AE0E8C","10758"
"coq/V70_ASSOC_LIST_075.vok","E3B0C44298FC1C149AFBF4C8996FB92427AE41E4649B934CA495991B7852B855","0"
"coq/V70_ASSOC_LIST_075.vos","E3B0C44298FC1C149AFBF4C8996FB92427AE41E4649B934CA495991B7852B855","0"
"coq/V70_ASSOC_LIST_076.glob","05A157476AEE55E5AD53D49808A2A6A7B25CCE98B2C05138C3B8AF450334361E","3362"
"coq/V70_ASSOC_LIST_076.v","E13B274329096C0CCE0EBBE3DE59D62CA523D9B13797AECC0C68619B4623DE94","758"
"coq/V70_ASSOC_LIST_076.vo","35EFECAA136DDE705D67D5F16C885F7134DA54FA56EC8F54642893C39C93B8CA","10758"
"coq/V70_ASSOC_LIST_076.vok","E3B0C44298FC1C149AFBF4C8996FB92427AE41E4649B934CA495991B7852B855","0"
"coq/V70_ASSOC_LIST_076.vos","E3B0C44298FC1C149AFBF4C8996FB92427AE41E4649B934CA495991B7852B855","0"
"coq/V70_ASSOC_LIST_077.glob","654AAEEAA39060FADB9791400922EC26E4043597C708C0BF221721E95F962DEB","3362"
"coq/V70_ASSOC_LIST_077.v","64B395525BCF9176853A9CDD46D02A5D4374C91D1BCC4296D4ACDF92870989C1","758"
"coq/V70_ASSOC_LIST_077.vo","428C40FFFE5022B2F2424C23F419EB8AB3E2C1FC1D655EE25A63D89FF55B5580","10758"
"coq/V70_ASSOC_LIST_077.vok","E3B0C44298FC1C149AFBF4C8996FB92427AE41E4649B934CA495991B7852B855","0"
"coq/V70_ASSOC_LIST_077.vos","E3B0C44298FC1C149AFBF4C8996FB92427AE41E4649B934CA495991B7852B855","0"
"coq/V70_ASSOC_LIST_078.glob","9BA3A131ECC05B3490032FC3A8E7747A61347D804501728965925DEB82C2E29F","3362"
"coq/V70_ASSOC_LIST_078.v","271664A8E853408171E07BE31918BBE76B9576B6B23A57611E2967049D07DB1F","758"
"coq/V70_ASSOC_LIST_078.vo","816A32C816B048C825BA99508B083A0B9C83D1B3BE047B8C6261067609783EE6","10758"
"coq/V70_ASSOC_LIST_078.vok","E3B0C44298FC1C149AFBF4C8996FB92427AE41E4649B934CA495991B7852B855","0"
"coq/V70_ASSOC_LIST_078.vos","E3B0C44298FC1C149AFBF4C8996FB92427AE41E4649B934CA495991B7852B855","0"
"coq/V70_ASSOC_LIST_079.glob","995F58187A9235ECC4C985AC9592DCFC48899B27214510670875E8BD00545A5E","3362"
"coq/V70_ASSOC_LIST_079.v","48DC830361BA168CB66431713C5F459763BAA67021C773C70CBD48D3746DEC7F","758"
"coq/V70_ASSOC_LIST_079.vo","D760E6E35E55260A37FA31D5EF0F6FDB35A743D6CB0361B8A6AC7A06301F3977","10758"
"coq/V70_ASSOC_LIST_079.vok","E3B0C44298FC1C149AFBF4C8996FB92427AE41E4649B934CA495991B7852B855","0"
"coq/V70_ASSOC_LIST_079.vos","E3B0C44298FC1C149AFBF4C8996FB92427AE41E4649B934CA495991B7852B855","0"
"coq/V70_ASSOC_LIST_080.glob","EED5F02D33A04BC0A4548F3131FD6063C56932BD6E1521780AC598F78BCCEAA2","3362"
"coq/V70_ASSOC_LIST_080.v","A3C7C190EB2D97DFA898DDB96D013DA580E770B6F48372D40350173D049FF851","758"
"coq/V70_ASSOC_LIST_080.vo","DE66BEF10BC867B188C78ACDE2549B1AC66312FD09327D37A46232FBB0ABA91B","10758"
"coq/V70_ASSOC_LIST_080.vok","E3B0C44298FC1C149AFBF4C8996FB92427AE41E4649B934CA495991B7852B855","0"
"coq/V70_ASSOC_LIST_080.vos","E3B0C44298FC1C149AFBF4C8996FB92427AE41E4649B934CA495991B7852B855","0"
"coq/V70_BOOL_REFLECT_001.glob","A950D31432713EC86DD45D01E02C4B70956F4A5B51FC9249F43412A1E0989B9A","1312"
"coq/V70_BOOL_REFLECT_001.v","7F5D35AE6FD384C55BA2BB9EF3BC2BB1A5ABBB33BC2AF79CC5C803DF9CDE778B","470"
"coq/V70_BOOL_REFLECT_001.vo","944B228889FAABBA47259A8CB6DAE68D46D6D657B92B63A735A326FA186F7CCC","9144"
"coq/V70_BOOL_REFLECT_001.vok","E3B0C44298FC1C149AFBF4C8996FB92427AE41E4649B934CA495991B7852B855","0"
"coq/V70_BOOL_REFLECT_001.vos","E3B0C44298FC1C149AFBF4C8996FB92427AE41E4649B934CA495991B7852B855","0"
"coq/V70_BOOL_REFLECT_002.glob","6B4D6087291019CC1C1B3B3C5F6D5385E7A2416343CFCEA45CB66840BFC1EA3D","1312"
"coq/V70_BOOL_REFLECT_002.v","C8DE1DFE129353861D71DC0138184FFA545349441D49DFAAC5F35FA3AAE60E77","470"
"coq/V70_BOOL_REFLECT_002.vo","338462DFFAA99AC7F5C37770847E809433977ACCA4EBFEDF510F065B2AD2F9F0","9144"
"coq/V70_BOOL_REFLECT_002.vok","E3B0C44298FC1C149AFBF4C8996FB92427AE41E4649B934CA495991B7852B855","0"
"coq/V70_BOOL_REFLECT_002.vos","E3B0C44298FC1C149AFBF4C8996FB92427AE41E4649B934CA495991B7852B855","0"
"coq/V70_BOOL_REFLECT_003.glob","2F7304228DA482DEEF7A5729DF98D0883D2F31631B208E7EB17C1F84087D3734","1312"
"coq/V70_BOOL_REFLECT_003.v","6988D8DDCCF293FB3B87BEA1F0F38E41B62470DA756D8D653665D732EA6677F7","470"
"coq/V70_BOOL_REFLECT_003.vo","7FC1B9016ED2F7E419E032C2F16D0D27307C96122D46ACFAFF01D4DF9C42E698","9144"
"coq/V70_BOOL_REFLECT_003.vok","E3B0C44298FC1C149AFBF4C8996FB92427AE41E4649B934CA495991B7852B855","0"
"coq/V70_BOOL_REFLECT_003.vos","E3B0C44298FC1C149AFBF4C8996FB92427AE41E4649B934CA495991B7852B855","0"
"coq/V70_BOOL_REFLECT_004.glob","2BB0CACAAFE330E75C1BA61125EF549E7E1A4FAB222F74C0B1F7A10777792F43","1312"
"coq/V70_BOOL_REFLECT_004.v","A4C48E0746F17DAEC368807442DC90C2DBF76D814C0A24395E0FFB2198BD87C1","470"
"coq/V70_BOOL_REFLECT_004.vo","11F50BB4297E85D1544991D80399199499FDDB6C51AD2C5220A6A86D78E30E92","9144"
"coq/V70_BOOL_REFLECT_004.vok","E3B0C44298FC1C149AFBF4C8996FB92427AE41E4649B934CA495991B7852B855","0"
"coq/V70_BOOL_REFLECT_004.vos","E3B0C44298FC1C149AFBF4C8996FB92427AE41E4649B934CA495991B7852B855","0"
"coq/V70_BOOL_REFLECT_005.glob","8153BC638EC1DF8C4E8F42B3496627F1F53F892E2DCBE80B581AFA9FE9981BFE","1312"
"coq/V70_BOOL_REFLECT_005.v","E0105FE91BD758240906E217379B17D910B210CC9C81261417E86EA19740BE8B","470"
"coq/V70_BOOL_REFLECT_005.vo","0B7BA6B5F1120AF5361E3B2D381024A2A307E377074220B5789EB7CD494DEED6","9144"
"coq/V70_BOOL_REFLECT_005.vok","E3B0C44298FC1C149AFBF4C8996FB92427AE41E4649B934CA495991B7852B855","0"
"coq/V70_BOOL_REFLECT_005.vos","E3B0C44298FC1C149AFBF4C8996FB92427AE41E4649B934CA495991B7852B855","0"
"coq/V70_BOOL_REFLECT_006.glob","B696198509D78158C36CC26A56DA3827AC9EA65DD8E2EE3215758BEF4C323E60","1312"
"coq/V70_BOOL_REFLECT_006.v","4EC6C4E0957AA528ABE3CBD3A1FA85F4FF23D3E42BB9B5A8019AFFCB1339B0E4","470"
"coq/V70_BOOL_REFLECT_006.vo","1B11677DDA73A63C003EE7A674EF637017E836478EB320A23D388A7AD1CDF71C","9144"
"coq/V70_BOOL_REFLECT_006.vok","E3B0C44298FC1C149AFBF4C8996FB92427AE41E4649B934CA495991B7852B855","0"
"coq/V70_BOOL_REFLECT_006.vos","E3B0C44298FC1C149AFBF4C8996FB92427AE41E4649B934CA495991B7852B855","0"
"coq/V70_BOOL_REFLECT_007.glob","6B62149385E5B4C45FEC8CDE1837016FE9016B271A4662AFBD54B9F9133AF244","1312"
"coq/V70_BOOL_REFLECT_007.v","118C1E79546D0129943683C0346F2176C69AD59C5F8D322FD158E212B57849BA","470"
"coq/V70_BOOL_REFLECT_007.vo","8234506A14D22C9ED14BFFC65FA58538F422C120AFF511E8C4F3B7503FF7E422","9144"
"coq/V70_BOOL_REFLECT_007.vok","E3B0C44298FC1C149AFBF4C8996FB92427AE41E4649B934CA495991B7852B855","0"
"coq/V70_BOOL_REFLECT_007.vos","E3B0C44298FC1C149AFBF4C8996FB92427AE41E4649B934CA495991B7852B855","0"
"coq/V70_BOOL_REFLECT_008.glob","3D5A1DC449A74F585302807D5D415B29F5CFB2F42F58DEA623E4232A85341971","1312"
"coq/V70_BOOL_REFLECT_008.v","1789194B889040F9DD1D98E80F20D8A30017839312765C581AD6F47603A2B126","470"
"coq/V70_BOOL_REFLECT_008.vo","85BDCD14EE539B4345B5B7C4279707E2EBDE452D1A93D23483DBE34983044A1F","9144"
"coq/V70_BOOL_REFLECT_008.vok","E3B0C44298FC1C149AFBF4C8996FB92427AE41E4649B934CA495991B7852B855","0"
"coq/V70_BOOL_REFLECT_008.vos","E3B0C44298FC1C149AFBF4C8996FB92427AE41E4649B934CA495991B7852B855","0"
"coq/V70_BOOL_REFLECT_009.glob","DE9E9F3F7358A698C36F5CF5BDFA978A3B4F066CADA5633913E1344E074B30B4","1312"
"coq/V70_BOOL_REFLECT_009.v","621703BA26A4F8FA848B21C2C41ADDDCE03871A9D4D6549712A2C6A5286D844D","470"
"coq/V70_BOOL_REFLECT_009.vo","7BF427C4FF728958422A677B5BDA6AB04876BC8966E6082C101F815269165A5D","9144"
"coq/V70_BOOL_REFLECT_009.vok","E3B0C44298FC1C149AFBF4C8996FB92427AE41E4649B934CA495991B7852B855","0"
"coq/V70_BOOL_REFLECT_009.vos","E3B0C44298FC1C149AFBF4C8996FB92427AE41E4649B934CA495991B7852B855","0"
"coq/V70_BOOL_REFLECT_010.glob","2D3EC6DCB3235080FB00FD07BF818D4768A9DD933287D8CF42767550904778B5","1317"
"coq/V70_BOOL_REFLECT_010.v","1DC4B265F60419225D30E3A67D6D37FF2F3D4C014EB2F51F676661730865007C","475"
"coq/V70_BOOL_REFLECT_010.vo","0D37C3F5BDD8403AD632D938920466A3951BD59D5F170831163B07ABA8A1A6F7","9148"
"coq/V70_BOOL_REFLECT_010.vok","E3B0C44298FC1C149AFBF4C8996FB92427AE41E4649B934CA495991B7852B855","0"
"coq/V70_BOOL_REFLECT_010.vos","E3B0C44298FC1C149AFBF4C8996FB92427AE41E4649B934CA495991B7852B855","0"
"coq/V70_BOOL_REFLECT_011.glob","8655E9033BDE5EB99307741D90E73F54055BA786CEE68ED11A4DACBB34371DC2","1317"
"coq/V70_BOOL_REFLECT_011.v","D4C5AAD198D4AA96F80037CDEB4A11D0481F44BC5F106D1047F846DD0DBB5A1D","475"
"coq/V70_BOOL_REFLECT_011.vo","DDF4AB69CA873D1D0A581075FBE7FAF50451B7B074177C4341BB49EDA7C60833","9148"
"coq/V70_BOOL_REFLECT_011.vok","E3B0C44298FC1C149AFBF4C8996FB92427AE41E4649B934CA495991B7852B855","0"
"coq/V70_BOOL_REFLECT_011.vos","E3B0C44298FC1C149AFBF4C8996FB92427AE41E4649B934CA495991B7852B855","0"
"coq/V70_BOOL_REFLECT_012.glob","2F89ABA1E72519BB27D39B51D921A99EDB1B4254A0630EB44B37815D8FBF5734","1317"
"coq/V70_BOOL_REFLECT_012.v","984AD6D9D16F8E7B3547B3BB98D12E38BE0783518769F04CBECCFDD98A16999B","475"
"coq/V70_BOOL_REFLECT_012.vo","8837AEF12677B6D3032F4DF7A138B6F7AF8FA62817949804D76A64D87857470D","9148"
"coq/V70_BOOL_REFLECT_012.vok","E3B0C44298FC1C149AFBF4C8996FB92427AE41E4649B934CA495991B7852B855","0"
"coq/V70_BOOL_REFLECT_012.vos","E3B0C44298FC1C149AFBF4C8996FB92427AE41E4649B934CA495991B7852B855","0"
"coq/V70_BOOL_REFLECT_013.glob","1B087B5C661B592F6931FFBDB4AE46ECD8FFA194C4332FD9CA19A9B1CF2DF4C0","1317"
"coq/V70_BOOL_REFLECT_013.v","2DF02CD76E5F143F5D4F8A97B1E503A339B85B5C5D01976D59A78E608EB23520","475"
"coq/V70_BOOL_REFLECT_013.vo","6226954C225538A8CCA126E54AA8B106792132560788B7B61F32434EE30ECBCF","9148"
"coq/V70_BOOL_REFLECT_013.vok","E3B0C44298FC1C149AFBF4C8996FB92427AE41E4649B934CA495991B7852B855","0"
"coq/V70_BOOL_REFLECT_013.vos","E3B0C44298FC1C149AFBF4C8996FB92427AE41E4649B934CA495991B7852B855","0"
"coq/V70_BOOL_REFLECT_014.glob","23B24C58F52C8FB825922A530063D425924359DD364D346E92F3AD6A5523BE5B","1317"
"coq/V70_BOOL_REFLECT_014.v","88CA11F78180A440EDF1821D9AFC60B1B8982C92EF584C9BD413DD11ACC06795","475"
"coq/V70_BOOL_REFLECT_014.vo","E24186B6466B27853FCC9027D1968FD3AAC6A13E04B499F1162344535ECC7A46","9148"
"coq/V70_BOOL_REFLECT_014.vok","E3B0C44298FC1C149AFBF4C8996FB92427AE41E4649B934CA495991B7852B855","0"
"coq/V70_BOOL_REFLECT_014.vos","E3B0C44298FC1C149AFBF4C8996FB92427AE41E4649B934CA495991B7852B855","0"
"coq/V70_BOOL_REFLECT_015.glob","5CCC78243007DAE35AEB300439918FD4FF9DBF500A8793C82599FC665060A6F1","1317"
"coq/V70_BOOL_REFLECT_015.v","05E284DFBD38837D01B2DB978803A993F56AB1CD1EE2FBCAC1DF4D57CBAB4AF9","475"
"coq/V70_BOOL_REFLECT_015.vo","1B5CD09BD1F4A139D5476AEB3B15CA6AEE0CC3C66C958CCF2636D73F1872D197","9148"
"coq/V70_BOOL_REFLECT_015.vok","E3B0C44298FC1C149AFBF4C8996FB92427AE41E4649B934CA495991B7852B855","0"
"coq/V70_BOOL_REFLECT_015.vos","E3B0C44298FC1C149AFBF4C8996FB92427AE41E4649B934CA495991B7852B855","0"
"coq/V70_BOOL_REFLECT_016.glob","C0BE421BBAFC14279AC250928FC40E23D3864197C050B6DF0E1C5BA8CF7E324A","1317"
"coq/V70_BOOL_REFLECT_016.v","0D6FD0F05014324034A238C64FB002814CAA5E66E559E4115901D887E3A9A23E","475"
"coq/V70_BOOL_REFLECT_016.vo","4892580227C2151C053743A6EE14FD912B2B27F87778DA8383649E16D3E3B4CA","9148"
"coq/V70_BOOL_REFLECT_016.vok","E3B0C44298FC1C149AFBF4C8996FB92427AE41E4649B934CA495991B7852B855","0"
"coq/V70_BOOL_REFLECT_016.vos","E3B0C44298FC1C149AFBF4C8996FB92427AE41E4649B934CA495991B7852B855","0"
"coq/V70_BOOL_REFLECT_017.glob","4E91DF70ED02A649AE01F4EFFA4757FEFC784E5CA01781F95D304E14742ED56A","1317"
"coq/V70_BOOL_REFLECT_017.v","6F45ACEDD68A06EBCA5678480A039E8A5A7C2B16EF755EF8F3C4F322F0D98CAC","475"
"coq/V70_BOOL_REFLECT_017.vo","86D828F19E4B6FAB83B0C4695AF1D1187104D3F5D1426744E2C5CFC8F68C4B16","9148"
"coq/V70_BOOL_REFLECT_017.vok","E3B0C44298FC1C149AFBF4C8996FB92427AE41E4649B934CA495991B7852B855","0"
"coq/V70_BOOL_REFLECT_017.vos","E3B0C44298FC1C149AFBF4C8996FB92427AE41E4649B934CA495991B7852B855","0"
"coq/V70_BOOL_REFLECT_018.glob","B7FC6CD5995B7D386CFCD435C72729C36C0C8E592ECFEC4CB9D45B30D88ED081","1317"
"coq/V70_BOOL_REFLECT_018.v","4E9F0A4C824637720D5D4C6DCB3EEC869FB40381C14589359E17AB14A831494C","475"
"coq/V70_BOOL_REFLECT_018.vo","B74DDE658462E6D04B92F03D001BE4FD8A0EB3F6741011BA61148ADDE0F3121D","9148"
"coq/V70_BOOL_REFLECT_018.vok","E3B0C44298FC1C149AFBF4C8996FB92427AE41E4649B934CA495991B7852B855","0"
"coq/V70_BOOL_REFLECT_018.vos","E3B0C44298FC1C149AFBF4C8996FB92427AE41E4649B934CA495991B7852B855","0"
"coq/V70_BOOL_REFLECT_019.glob","EF57ADCDF109426D8120CC25D3891C8AB633C50925BF15869C1EE36864E2DD80","1317"
"coq/V70_BOOL_REFLECT_019.v","A9941C0C2D8717EA3A884EFA43F323D8854D195A7BFC6D1EC7CF346931EA730E","475"
"coq/V70_BOOL_REFLECT_019.vo","5FD29DB9E16581C972339773AFB81A7D1199858D1B24FC6A039222F380F90088","9148"
"coq/V70_BOOL_REFLECT_019.vok","E3B0C44298FC1C149AFBF4C8996FB92427AE41E4649B934CA495991B7852B855","0"
"coq/V70_BOOL_REFLECT_019.vos","E3B0C44298FC1C149AFBF4C8996FB92427AE41E4649B934CA495991B7852B855","0"
"coq/V70_BOOL_REFLECT_020.glob","283B5AC488431704BA5F920CE34DA6DB538E7B0D447C51A3B02E1BDA328711B1","1317"
"coq/V70_BOOL_REFLECT_020.v","6F65226484F6C456F1C227E6E2BCF80AFB052FFDC95CB75212A8FBC278B441DE","475"
"coq/V70_BOOL_REFLECT_020.vo","C444A4716D18AA1E726640BD78B0A46DE049996DAFC1EB3185631C496E50C20E","9148"
"coq/V70_BOOL_REFLECT_020.vok","E3B0C44298FC1C149AFBF4C8996FB92427AE41E4649B934CA495991B7852B855","0"
"coq/V70_BOOL_REFLECT_020.vos","E3B0C44298FC1C149AFBF4C8996FB92427AE41E4649B934CA495991B7852B855","0"
"coq/V70_BOOL_REFLECT_021.glob","49EB64FD54E9E0D63E058B6B012BFE934C6BB6C31AB31513421FD88A4EE1A1FD","1317"
"coq/V70_BOOL_REFLECT_021.v","5CD26D229EBBC2A54E5374157F74559A4DCD8C88BCE56DA66CF82175CCF65713","475"
"coq/V70_BOOL_REFLECT_021.vo","C1780C90482DC48B3EE29BD0AF19C02E65A6C561596C552D09E6FE587623AD1F","9148"
"coq/V70_BOOL_REFLECT_021.vok","E3B0C44298FC1C149AFBF4C8996FB92427AE41E4649B934CA495991B7852B855","0"
"coq/V70_BOOL_REFLECT_021.vos","E3B0C44298FC1C149AFBF4C8996FB92427AE41E4649B934CA495991B7852B855","0"
"coq/V70_BOOL_REFLECT_022.glob","2CAC198AC296BA89E0492F1B5AF71781CD4F36C3425BB370667FA604ADB7CD9E","1317"
"coq/V70_BOOL_REFLECT_022.v","6939B042FEED7C41398670D78C4EC601043E172F45472B10F80DF8612481B400","475"
"coq/V70_BOOL_REFLECT_022.vo","174D66CE6C4A7508BE2FD50DD7C76FD1A3E4B347AE32CD1F9CAF1D271F2A906D","9148"
"coq/V70_BOOL_REFLECT_022.vok","E3B0C44298FC1C149AFBF4C8996FB92427AE41E4649B934CA495991B7852B855","0"
"coq/V70_BOOL_REFLECT_022.vos","E3B0C44298FC1C149AFBF4C8996FB92427AE41E4649B934CA495991B7852B855","0"
"coq/V70_BOOL_REFLECT_023.glob","22CAC651744FAE7299B20314A88B5599C5F446C4AD0CCE14AEDA106ADF91349F","1317"
"coq/V70_BOOL_REFLECT_023.v","F318BF7BD0BBAF2D8B10A172714B1886D8228B709487892DF997C3E30F99ECB6","475"
"coq/V70_BOOL_REFLECT_023.vo","61FA56345173EE5A2D2DB69D8600E74E1EA43FAD13F64715A2AA7078F6DC2373","9148"
"coq/V70_BOOL_REFLECT_023.vok","E3B0C44298FC1C149AFBF4C8996FB92427AE41E4649B934CA495991B7852B855","0"
"coq/V70_BOOL_REFLECT_023.vos","E3B0C44298FC1C149AFBF4C8996FB92427AE41E4649B934CA495991B7852B855","0"
"coq/V70_BOOL_REFLECT_024.glob","707C395BA2B4CA1DDE0C0C864A8F5EE5B22B2568B508B62989AB6C61E39C88A1","1317"
"coq/V70_BOOL_REFLECT_024.v","5EC0B5D036C5CCA697E281483E6F917CD7359738151AED2138AE7C72768F13B0","475"
"coq/V70_BOOL_REFLECT_024.vo","4F2D129DBA9A43AD13BE71462AAA185888786C9710B3E79C69F347C81D2CF485","9148"
"coq/V70_BOOL_REFLECT_024.vok","E3B0C44298FC1C149AFBF4C8996FB92427AE41E4649B934CA495991B7852B855","0"
"coq/V70_BOOL_REFLECT_024.vos","E3B0C44298FC1C149AFBF4C8996FB92427AE41E4649B934CA495991B7852B855","0"
"coq/V70_BOOL_REFLECT_025.glob","AC04F3BECCE4A3C6E1A2444209BB3A13991C92B0E8583EC2BE578058727DB973","1317"
"coq/V70_BOOL_REFLECT_025.v","2556D991D5B649212702F4AA99CD31C2ED661699844EE0E08A15BD39592E124F","475"
"coq/V70_BOOL_REFLECT_025.vo","547DAB8D607C5BCBBE2370F40174C385C8AB642001301BAA9381492C270783B7","9148"
"coq/V70_BOOL_REFLECT_025.vok","E3B0C44298FC1C149AFBF4C8996FB92427AE41E4649B934CA495991B7852B855","0"
"coq/V70_BOOL_REFLECT_025.vos","E3B0C44298FC1C149AFBF4C8996FB92427AE41E4649B934CA495991B7852B855","0"
"coq/V70_BOOL_REFLECT_026.glob","4E3184EBE49F286517DC44BD1D6DE8B28ED166D2FC1B2B4A3AA1162DCDEC4C5A","1317"
"coq/V70_BOOL_REFLECT_026.v","D658FE7844402C2FFAA2684F49B265AA01849958D48D2736AEBC2099B0222426","475"
"coq/V70_BOOL_REFLECT_026.vo","A36C59FD4380BE586444CA9878BBC50EC5D48FD71FDEE58208DBF99B4DBE97F7","9148"
"coq/V70_BOOL_REFLECT_026.vok","E3B0C44298FC1C149AFBF4C8996FB92427AE41E4649B934CA495991B7852B855","0"
"coq/V70_BOOL_REFLECT_026.vos","E3B0C44298FC1C149AFBF4C8996FB92427AE41E4649B934CA495991B7852B855","0"
"coq/V70_BOOL_REFLECT_027.glob","3666D137980384CF9362B70A8DB71B8E3C39A161F5912D6726835604C3C74575","1317"
"coq/V70_BOOL_REFLECT_027.v","8FADC72BEB8B64473735AEFEC91677EA21A2A1ACAD614A34AF1E855CE921B8CA","475"
"coq/V70_BOOL_REFLECT_027.vo","939E4908703CC0490962A848A291AB983B0CCDBF84909CADDE9DEC156B3944F3","9148"
"coq/V70_BOOL_REFLECT_027.vok","E3B0C44298FC1C149AFBF4C8996FB92427AE41E4649B934CA495991B7852B855","0"
"coq/V70_BOOL_REFLECT_027.vos","E3B0C44298FC1C149AFBF4C8996FB92427AE41E4649B934CA495991B7852B855","0"
"coq/V70_BOOL_REFLECT_028.glob","46ACCB9899DEDEAE2E1EDDDB8316FFD0E81AA009CBA884189EFD9D8172776114","1317"
"coq/V70_BOOL_REFLECT_028.v","F698C3086DD08181D4C328689690D30A608A8E09C27473C5161BE7ED53B08C58","475"
"coq/V70_BOOL_REFLECT_028.vo","D8E7F71BA2A4BED12B2C2B39A41A6C338528C8B59F0EF5F9B16A9FF7DFFF6F65","9148"
"coq/V70_BOOL_REFLECT_028.vok","E3B0C44298FC1C149AFBF4C8996FB92427AE41E4649B934CA495991B7852B855","0"
"coq/V70_BOOL_REFLECT_028.vos","E3B0C44298FC1C149AFBF4C8996FB92427AE41E4649B934CA495991B7852B855","0"
"coq/V70_BOOL_REFLECT_029.glob","532581995C6F6CE5A83F5748EF182FBF38E302C7FF751D4011B4D79C101D3109","1317"
"coq/V70_BOOL_REFLECT_029.v","8738DF3351ED76C77CB3E79E96BD026139690A4604AD2745E60442E818554EB2","475"
"coq/V70_BOOL_REFLECT_029.vo","D5E05D8642E8DAD2F7F87BC36535D0474926526710D94C27EB80231FE2450595","9148"
"coq/V70_BOOL_REFLECT_029.vok","E3B0C44298FC1C149AFBF4C8996FB92427AE41E4649B934CA495991B7852B855","0"
"coq/V70_BOOL_REFLECT_029.vos","E3B0C44298FC1C149AFBF4C8996FB92427AE41E4649B934CA495991B7852B855","0"
"coq/V70_BOOL_REFLECT_030.glob","160560747787198D57D416963D53ADDEC62E71B5A0A81011D9190290A18FAF2C","1317"
"coq/V70_BOOL_REFLECT_030.v","23158D1C98BD83186C66C905AB13EC7D6A6E78C768671243E2D0713EC9E697FA","475"
"coq/V70_BOOL_REFLECT_030.vo","C4B9CA54CC2696489916B18FBBE3E79BE65006BD4265888ADA567E4B9B657702","9148"
"coq/V70_BOOL_REFLECT_030.vok","E3B0C44298FC1C149AFBF4C8996FB92427AE41E4649B934CA495991B7852B855","0"
"coq/V70_BOOL_REFLECT_030.vos","E3B0C44298FC1C149AFBF4C8996FB92427AE41E4649B934CA495991B7852B855","0"
"coq/V70_BOOL_REFLECT_031.glob","283AE5F9FE3C19372DFBF55EFB42CCB5866225A5BDA2BF3E1A1A19A81DFF7BA2","1317"
"coq/V70_BOOL_REFLECT_031.v","299F9250BE855DFA42CD3A625F76D7795AEE6892BAE9C411CC9B6FBE9062DF40","475"
"coq/V70_BOOL_REFLECT_031.vo","F3020103D9356E5AC39B8622B8DB7EFFB26223638CCDE29B67FFADB4F27B85D3","9148"
"coq/V70_BOOL_REFLECT_031.vok","E3B0C44298FC1C149AFBF4C8996FB92427AE41E4649B934CA495991B7852B855","0"
"coq/V70_BOOL_REFLECT_031.vos","E3B0C44298FC1C149AFBF4C8996FB92427AE41E4649B934CA495991B7852B855","0"
"coq/V70_BOOL_REFLECT_032.glob","85399110874C959FF42F27C238E4602B09277E34DBB37E47D02B92C49AD9A8FA","1317"
"coq/V70_BOOL_REFLECT_032.v","88CCCC255131E80392E47CD68AF1B08CB0AC0B45F09FC290DE7FFF3569D77805","475"
"coq/V70_BOOL_REFLECT_032.vo","073C684E1530CB27FEF11B99E14A0458CF4FBE0363BF1A76CD965C123FFA74EB","9148"
"coq/V70_BOOL_REFLECT_032.vok","E3B0C44298FC1C149AFBF4C8996FB92427AE41E4649B934CA495991B7852B855","0"
"coq/V70_BOOL_REFLECT_032.vos","E3B0C44298FC1C149AFBF4C8996FB92427AE41E4649B934CA495991B7852B855","0"
"coq/V70_BOOL_REFLECT_033.glob","D1DF5B869335E84F153A4CAA05EBBC5990C6D83E13FCE9A990B892C586AE2E50","1317"
"coq/V70_BOOL_REFLECT_033.v","B95620476F4A6873DEDFB1A42175B3D81BB09E8A4FB0540CD058739854A02DC9","475"
"coq/V70_BOOL_REFLECT_033.vo","6E416F9E9A1923D114BEA333B8764F544AC7AB57C9EE133227C1AB2F9692A30E","9148"
"coq/V70_BOOL_REFLECT_033.vok","E3B0C44298FC1C149AFBF4C8996FB92427AE41E4649B934CA495991B7852B855","0"
"coq/V70_BOOL_REFLECT_033.vos","E3B0C44298FC1C149AFBF4C8996FB92427AE41E4649B934CA495991B7852B855","0"
"coq/V70_BOOL_REFLECT_034.glob","804CAE944F95002E8A432ABF2B5A8F234C0331F7D0CCF652BA4858C05A72C489","1317"
"coq/V70_BOOL_REFLECT_034.v","1740B4231E3C868099085F47943F8AF28C15BBA187E796C2762A71D47BAA3D1F","475"
"coq/V70_BOOL_REFLECT_034.vo","506966FFF8F881578E95BCA68F3762594ECF95293107DCC8DD7FA97D91D14592","9148"
"coq/V70_BOOL_REFLECT_034.vok","E3B0C44298FC1C149AFBF4C8996FB92427AE41E4649B934CA495991B7852B855","0"
"coq/V70_BOOL_REFLECT_034.vos","E3B0C44298FC1C149AFBF4C8996FB92427AE41E4649B934CA495991B7852B855","0"
"coq/V70_BOOL_REFLECT_035.glob","2190ADD9B32DD8E27541BBC6B7046159FF24B8E6E191C94F2F30BF25F4EB1EAB","1317"
"coq/V70_BOOL_REFLECT_035.v","9D731D82FC8EDC1F92F9FB0A61E3A08AF699AB0EB1021CC9D8BBC9D20E7344ED","475"
"coq/V70_BOOL_REFLECT_035.vo","A9172895AB351B2132870986389142711DC378D36E16A48133301F27F924D68A","9148"
"coq/V70_BOOL_REFLECT_035.vok","E3B0C44298FC1C149AFBF4C8996FB92427AE41E4649B934CA495991B7852B855","0"
"coq/V70_BOOL_REFLECT_035.vos","E3B0C44298FC1C149AFBF4C8996FB92427AE41E4649B934CA495991B7852B855","0"
"coq/V70_BOOL_REFLECT_036.glob","346D3CA7B61C95FF5D2AD13F0E338ADCFCEC412A0C941D73363301FB6359F860","1317"
"coq/V70_BOOL_REFLECT_036.v","BE0C98967F965D66DE2C77B020C5304AA48F12C2627C3AB4AC2F478F844EDE50","475"
"coq/V70_BOOL_REFLECT_036.vo","B2C33826CCF814088FE74306C506887BE06C9EAAE9FD57EFDB22ECE0AF872276","9148"
"coq/V70_BOOL_REFLECT_036.vok","E3B0C44298FC1C149AFBF4C8996FB92427AE41E4649B934CA495991B7852B855","0"
"coq/V70_BOOL_REFLECT_036.vos","E3B0C44298FC1C149AFBF4C8996FB92427AE41E4649B934CA495991B7852B855","0"
"coq/V70_BOOL_REFLECT_037.glob","4994FDA8E551161DAA87F861DE05D0165D7AFD08F6CD1E2064BDDB18E27B1057","1317"
"coq/V70_BOOL_REFLECT_037.v","01D3411715D90A5D4BA04B42C5CCD5F614FA9F068DB8B79FCD85576106C3095F","475"
"coq/V70_BOOL_REFLECT_037.vo","29173B7413AF9242C1DC54EAAF0455317F63881A5D859103B3A701C8E95F74A2","9148"
"coq/V70_BOOL_REFLECT_037.vok","E3B0C44298FC1C149AFBF4C8996FB92427AE41E4649B934CA495991B7852B855","0"
"coq/V70_BOOL_REFLECT_037.vos","E3B0C44298FC1C149AFBF4C8996FB92427AE41E4649B934CA495991B7852B855","0"
"coq/V70_BOOL_REFLECT_038.glob","3CD218585B146F71C3886F94B030B1CAB3507866EE2262CB872AD8562E6A5A6E","1317"
"coq/V70_BOOL_REFLECT_038.v","720A252652D7565D2223EABB68C81A874BEA1B5286DAF9F57652CE508E213548","475"
"coq/V70_BOOL_REFLECT_038.vo","973EEF51D7A7AB4166EBEEBD09D52714300DA3F8690A6D6E79AF242B1ED9EF74","9148"
"coq/V70_BOOL_REFLECT_038.vok","E3B0C44298FC1C149AFBF4C8996FB92427AE41E4649B934CA495991B7852B855","0"
"coq/V70_BOOL_REFLECT_038.vos","E3B0C44298FC1C149AFBF4C8996FB92427AE41E4649B934CA495991B7852B855","0"
"coq/V70_BOOL_REFLECT_039.glob","CC1B1BB118BF82E225919C3294E9E8D0A01E226DD709DEA9D1A77DC77829FBC9","1317"
"coq/V70_BOOL_REFLECT_039.v","542E197652E9D39BCB24BD47A8AAAED8B4774F13868B3A3512DB037110AEFBFC","475"
"coq/V70_BOOL_REFLECT_039.vo","D4D532EBA7A1216E4DE31AF177A0DAB0AF52D679DF1B5C9B0FA0A8ADE68F0C61","9148"
"coq/V70_BOOL_REFLECT_039.vok","E3B0C44298FC1C149AFBF4C8996FB92427AE41E4649B934CA495991B7852B855","0"
"coq/V70_BOOL_REFLECT_039.vos","E3B0C44298FC1C149AFBF4C8996FB92427AE41E4649B934CA495991B7852B855","0"
"coq/V70_BOOL_REFLECT_040.glob","A0DE5D8068DA8696BF502A9BB9D275D69991532AD4EBD43CCEE4CC04F327F431","1317"
"coq/V70_BOOL_REFLECT_040.v","A4327091A28CA9E4C6B29D9102F94290DA69BB7BF8B90EF3BA6D0052D254583A","475"
"coq/V70_BOOL_REFLECT_040.vo","13D89568B478AAA2002E357F307C5B1CFF7F0803594E195723227AF9DA307039","9148"
"coq/V70_BOOL_REFLECT_040.vok","E3B0C44298FC1C149AFBF4C8996FB92427AE41E4649B934CA495991B7852B855","0"
"coq/V70_BOOL_REFLECT_040.vos","E3B0C44298FC1C149AFBF4C8996FB92427AE41E4649B934CA495991B7852B855","0"
"coq/V70_BOOL_REFLECT_041.glob","2AE1AB534F66E514FD0C498C5DA683EC4FEE99B170BE7C3F45E1A630F4CEB02A","1317"
"coq/V70_BOOL_REFLECT_041.v","0B4A468D7FAC634BD53434BBB02E79D1C08F296C4BBADB1C30C8BA70CB58339D","475"
"coq/V70_BOOL_REFLECT_041.vo","0EE1CEEB7171563B730BA057231D4A9C92BFDAE49F46DD24BC7131DC0094038D","9148"
"coq/V70_BOOL_REFLECT_041.vok","E3B0C44298FC1C149AFBF4C8996FB92427AE41E4649B934CA495991B7852B855","0"
"coq/V70_BOOL_REFLECT_041.vos","E3B0C44298FC1C149AFBF4C8996FB92427AE41E4649B934CA495991B7852B855","0"
"coq/V70_BOOL_REFLECT_042.glob","FE970C408C04F99DC44676F229ACC17F18F682118AB386BED088E854059571F8","1317"
"coq/V70_BOOL_REFLECT_042.v","90FC3BFABD3D63E8773757B7CC8926033F98BF8A0B2057EAE9496E2E4523FEDC","475"
"coq/V70_BOOL_REFLECT_042.vo","CD54CB9C5147513E44E756C826D36ADD2747B645A49C2B1E23538FF21EFC8A11","9148"
"coq/V70_BOOL_REFLECT_042.vok","E3B0C44298FC1C149AFBF4C8996FB92427AE41E4649B934CA495991B7852B855","0"
"coq/V70_BOOL_REFLECT_042.vos","E3B0C44298FC1C149AFBF4C8996FB92427AE41E4649B934CA495991B7852B855","0"
"coq/V70_BOOL_REFLECT_043.glob","1F935729EF65C8B19A0FD0BD85E458F7E4813104A3518C141DBB7C13F72A4971","1317"
"coq/V70_BOOL_REFLECT_043.v","9AA5A980122B6326496966B23F5E5FEAA860789BF4B8FC6D7521097043E775D4","475"
"coq/V70_BOOL_REFLECT_043.vo","87E18683105F0A72F64853FB6F012163F9F84886555B55A024C20B0A115661B9","9148"
"coq/V70_BOOL_REFLECT_043.vok","E3B0C44298FC1C149AFBF4C8996FB92427AE41E4649B934CA495991B7852B855","0"
"coq/V70_BOOL_REFLECT_043.vos","E3B0C44298FC1C149AFBF4C8996FB92427AE41E4649B934CA495991B7852B855","0"
"coq/V70_BOOL_REFLECT_044.glob","6412B4224B6D75AA11F26F563B7CA0AE500861FF7C626C869B85353F9957ECEB","1317"
"coq/V70_BOOL_REFLECT_044.v","CF465D21DD63C03D2BA20CC709BB7E580C2374CDDDBC543E9EF44A0D740E0438","475"
"coq/V70_BOOL_REFLECT_044.vo","7E4043EC09A02CAB1AA3064B6053A1838896F98326A45C6514BE614FA8297F8D","9148"
"coq/V70_BOOL_REFLECT_044.vok","E3B0C44298FC1C149AFBF4C8996FB92427AE41E4649B934CA495991B7852B855","0"
"coq/V70_BOOL_REFLECT_044.vos","E3B0C44298FC1C149AFBF4C8996FB92427AE41E4649B934CA495991B7852B855","0"
"coq/V70_BOOL_REFLECT_045.glob","33835FBCAFE869F4ECF4BBEC448834F3BECF2CC09BFD6CAECD2DB411CE0694BC","1317"
"coq/V70_BOOL_REFLECT_045.v","852C2CB8C05F60FD4681D11CA0547F416550A838AA4E711C90044204FF3ACCD1","475"
"coq/V70_BOOL_REFLECT_045.vo","99D6815324EECB2894FF7259182B380AE97B7CD7ED5F772DE6DFAC29A5024CDB","9148"
"coq/V70_BOOL_REFLECT_045.vok","E3B0C44298FC1C149AFBF4C8996FB92427AE41E4649B934CA495991B7852B855","0"
"coq/V70_BOOL_REFLECT_045.vos","E3B0C44298FC1C149AFBF4C8996FB92427AE41E4649B934CA495991B7852B855","0"
"coq/V70_BOOL_REFLECT_046.glob","34A415C2B071AD57AF9979AFF139237C752B001A30DF8716F2349F8C38294D5D","1317"
"coq/V70_BOOL_REFLECT_046.v","F6CB892AAE93BFA55AA3E9208A842E6B784AD5FCFC573BF89F77C64ED097A706","475"
"coq/V70_BOOL_REFLECT_046.vo","4E94BC4711CDA4E143A6A9AE883A5227579E49BFD1F4608A271516FA33BA3792","9148"
"coq/V70_BOOL_REFLECT_046.vok","E3B0C44298FC1C149AFBF4C8996FB92427AE41E4649B934CA495991B7852B855","0"
"coq/V70_BOOL_REFLECT_046.vos","E3B0C44298FC1C149AFBF4C8996FB92427AE41E4649B934CA495991B7852B855","0"
"coq/V70_BOOL_REFLECT_047.glob","739B461F147E711C7444BAEE6DA0EF0B4D276BDE7F030E98194E1EC85B84E1C4","1317"
"coq/V70_BOOL_REFLECT_047.v","404047359165B8D7A5D12093D783D35E8E29ED021A5545DD37C0A2B4CB792D9D","475"
"coq/V70_BOOL_REFLECT_047.vo","8FE80169396214A6E6E0C6A2EF34AC5C796F308ECC034105B04DF62877791672","9148"
"coq/V70_BOOL_REFLECT_047.vok","E3B0C44298FC1C149AFBF4C8996FB92427AE41E4649B934CA495991B7852B855","0"
"coq/V70_BOOL_REFLECT_047.vos","E3B0C44298FC1C149AFBF4C8996FB92427AE41E4649B934CA495991B7852B855","0"
"coq/V70_BOOL_REFLECT_048.glob","522DBA2569FCF67071CC98E0D00005A22DFDBCA0C9FE5D3B48CA51D6FE21402E","1317"
"coq/V70_BOOL_REFLECT_048.v","C40A03178B312F0541DEEFBC10F75C84AA10E1BFE6B11E3BB72B83770B4F64B7","475"
"coq/V70_BOOL_REFLECT_048.vo","E580C5D917F7239F15B80A9BB8A30EF440CB14260DE8D58BBBE81A168FD16F97","9148"
"coq/V70_BOOL_REFLECT_048.vok","E3B0C44298FC1C149AFBF4C8996FB92427AE41E4649B934CA495991B7852B855","0"
"coq/V70_BOOL_REFLECT_048.vos","E3B0C44298FC1C149AFBF4C8996FB92427AE41E4649B934CA495991B7852B855","0"
"coq/V70_BOOL_REFLECT_049.glob","89308CC73A6559A82708A6418049EE81BFE9889221CCFF88D4316D6D586A2328","1317"
"coq/V70_BOOL_REFLECT_049.v","E16C32C452E0AA667DD242C0370D69B58B1C4C83DE422883E2FEFEA896ADFB49","475"
"coq/V70_BOOL_REFLECT_049.vo","C6293967EE8C383366D39E9CA2EB2398C80406178D9922D503F8543CB6848C0F","9148"
"coq/V70_BOOL_REFLECT_049.vok","E3B0C44298FC1C149AFBF4C8996FB92427AE41E4649B934CA495991B7852B855","0"
"coq/V70_BOOL_REFLECT_049.vos","E3B0C44298FC1C149AFBF4C8996FB92427AE41E4649B934CA495991B7852B855","0"
"coq/V70_BOOL_REFLECT_050.glob","D385FD093A3D1B85B58F3FBE37A1DCDC2F60C362C10AA3CE546E77F0F691B4AC","1317"
"coq/V70_BOOL_REFLECT_050.v","705F7CF3F7EAE6F88867816AA85D2E919D0FD85BFE9C42FB286573E65BA4F1CE","475"
"coq/V70_BOOL_REFLECT_050.vo","0ED763C56BE4C28AC36E4176CC56619C63A7BD5DE11CAB9A72AFD19BE935C0CE","9148"
"coq/V70_BOOL_REFLECT_050.vok","E3B0C44298FC1C149AFBF4C8996FB92427AE41E4649B934CA495991B7852B855","0"
"coq/V70_BOOL_REFLECT_050.vos","E3B0C44298FC1C149AFBF4C8996FB92427AE41E4649B934CA495991B7852B855","0"
"coq/V70_BOOL_REFLECT_051.glob","4AA928C9A3C899A6E9839D9B34110E2CEEFC672BE8D44967895C1C2984C40895","1317"
"coq/V70_BOOL_REFLECT_051.v","562A08C693DA07EE99FB26A3FBF70439CE08BBA54DA8FAED86A4F2E83979D33D","475"
"coq/V70_BOOL_REFLECT_051.vo","57768F1253A8A56A2297DE46F4125EDE3590DA28EB1900F424BFF8E79A2E2DCE","9148"
"coq/V70_BOOL_REFLECT_051.vok","E3B0C44298FC1C149AFBF4C8996FB92427AE41E4649B934CA495991B7852B855","0"
"coq/V70_BOOL_REFLECT_051.vos","E3B0C44298FC1C149AFBF4C8996FB92427AE41E4649B934CA495991B7852B855","0"
"coq/V70_BOOL_REFLECT_052.glob","F1609A152693F2D0B638CB8C25B5BDF58A3DD2645605C2DD6455863520BE0F0F","1317"
"coq/V70_BOOL_REFLECT_052.v","7982D78EB9748E59DF98236764BDEB0AFA2D64996808D03551DA63335892846B","475"
"coq/V70_BOOL_REFLECT_052.vo","9D7BFCD1C781B9821C0C1B1747D914DCE00A4DA2B1BD7B65F4055173C34E154D","9148"
"coq/V70_BOOL_REFLECT_052.vok","E3B0C44298FC1C149AFBF4C8996FB92427AE41E4649B934CA495991B7852B855","0"
"coq/V70_BOOL_REFLECT_052.vos","E3B0C44298FC1C149AFBF4C8996FB92427AE41E4649B934CA495991B7852B855","0"
"coq/V70_BOOL_REFLECT_053.glob","86ACF5ECBDC6F3AF811608F0258501ED8542370B4CA0E5C77E9EE19BFE64F1E8","1317"
"coq/V70_BOOL_REFLECT_053.v","2507DEC242756645DC380E16CEDCC9B019DF036D4CE68B2673129453D11A6D1C","475"
"coq/V70_BOOL_REFLECT_053.vo","2681047F411C307369AA2D14C21638051DB5CC612FF2AB1D8CF53A35C12F5769","9148"
"coq/V70_BOOL_REFLECT_053.vok","E3B0C44298FC1C149AFBF4C8996FB92427AE41E4649B934CA495991B7852B855","0"
"coq/V70_BOOL_REFLECT_053.vos","E3B0C44298FC1C149AFBF4C8996FB92427AE41E4649B934CA495991B7852B855","0"
"coq/V70_BOOL_REFLECT_054.glob","425E50C03C68F6BB0662CC93DAEF954C3EB53499039E3000EE76E29699B23846","1317"
"coq/V70_BOOL_REFLECT_054.v","52CBA2BDDE532B7F45152C5A45507CA5C5A8C0D01D9EA967A629E305FC909C55","475"
"coq/V70_BOOL_REFLECT_054.vo","AB44E6307ECC7B006D6139443A968DE8B1D821244B177EEA9731F33D70FD4ADF","9148"
"coq/V70_BOOL_REFLECT_054.vok","E3B0C44298FC1C149AFBF4C8996FB92427AE41E4649B934CA495991B7852B855","0"
"coq/V70_BOOL_REFLECT_054.vos","E3B0C44298FC1C149AFBF4C8996FB92427AE41E4649B934CA495991B7852B855","0"
"coq/V70_BOOL_REFLECT_055.glob","DBF0FB4A9879A29B1B8D043D84BD24D58AB6DAA5E6B8BA28AD2E28AA61970C65","1317"
"coq/V70_BOOL_REFLECT_055.v","0F3412533A604E51FD143F4519F7D87AFDC6FD96D2D6CAB868457DFF2FB73AB7","475"
"coq/V70_BOOL_REFLECT_055.vo","C311401A7FECE127C1A3E0C5D5336F0FC3D1773557D0310DBEBC1843A2053983","9148"
"coq/V70_BOOL_REFLECT_055.vok","E3B0C44298FC1C149AFBF4C8996FB92427AE41E4649B934CA495991B7852B855","0"
"coq/V70_BOOL_REFLECT_055.vos","E3B0C44298FC1C149AFBF4C8996FB92427AE41E4649B934CA495991B7852B855","0"
"coq/V70_BOOL_REFLECT_056.glob","FF8C6A5278BADCB0B95C9666268E0E2995C016ECEDB2BABB122209FE97598F9A","1317"
"coq/V70_BOOL_REFLECT_056.v","63E308AEC6B8EB4A6DC48B2EFD1196FF6540F84E8BC0738A6B19E0EFD9BF14ED","475"
"coq/V70_BOOL_REFLECT_056.vo","D40F0AB48199545709D83A4657CDC7E089F0B255FC70EC1F4D5A2CC41440479E","9148"
"coq/V70_BOOL_REFLECT_056.vok","E3B0C44298FC1C149AFBF4C8996FB92427AE41E4649B934CA495991B7852B855","0"
"coq/V70_BOOL_REFLECT_056.vos","E3B0C44298FC1C149AFBF4C8996FB92427AE41E4649B934CA495991B7852B855","0"
"coq/V70_BOOL_REFLECT_057.glob","58FC9EFE4837D15A1CCD4BA96F0AE56DB670F16C61E82E2D31BAC2C2CB343741","1317"
"coq/V70_BOOL_REFLECT_057.v","EA7FC9F440F5B409140456C9896FD4327EBAB0F26CDADA87D57429DCA0D48150","475"
"coq/V70_BOOL_REFLECT_057.vo","C2E104AB97738CB7EBD594BCECE402B3925008657F405B160CC1AA22BE5107C7","9148"
"coq/V70_BOOL_REFLECT_057.vok","E3B0C44298FC1C149AFBF4C8996FB92427AE41E4649B934CA495991B7852B855","0"
"coq/V70_BOOL_REFLECT_057.vos","E3B0C44298FC1C149AFBF4C8996FB92427AE41E4649B934CA495991B7852B855","0"
"coq/V70_BOOL_REFLECT_058.glob","AFF74B4958CD6E5E8F81D88E1207754B7150B253F8F0750A865AF26F9C00E351","1317"
"coq/V70_BOOL_REFLECT_058.v","1F197A35A7E8B04608349854E54F14AA1849DEA77EB2E3E0DEF2C47EB48FAE47","475"
"coq/V70_BOOL_REFLECT_058.vo","0553BC37ED9127CF0793C63C5A0C93BE9B8A42BB404E69A62E7D2A44B5ED9445","9148"
"coq/V70_BOOL_REFLECT_058.vok","E3B0C44298FC1C149AFBF4C8996FB92427AE41E4649B934CA495991B7852B855","0"
"coq/V70_BOOL_REFLECT_058.vos","E3B0C44298FC1C149AFBF4C8996FB92427AE41E4649B934CA495991B7852B855","0"
"coq/V70_BOOL_REFLECT_059.glob","2F97A3FD1D23B0F12895A260FD3799DB1FDF311090AD079C77E473AA5D406E5E","1317"
"coq/V70_BOOL_REFLECT_059.v","AF2136507E264CF8F035B6EA587A7F7BA282AF6F565E0450D8D71BAD6A3C0341","475"
"coq/V70_BOOL_REFLECT_059.vo","42EED48AD1E8702DDF8B6D3F5273F0A907D45E8AFC217399A13F4DEFF9AD1668","9148"
"coq/V70_BOOL_REFLECT_059.vok","E3B0C44298FC1C149AFBF4C8996FB92427AE41E4649B934CA495991B7852B855","0"
"coq/V70_BOOL_REFLECT_059.vos","E3B0C44298FC1C149AFBF4C8996FB92427AE41E4649B934CA495991B7852B855","0"
"coq/V70_BOOL_REFLECT_060.glob","B1FE814F4D94BA415B7A5C919D9D8625A48DA9FDC8212C658B6AF820DFA8259F","1317"
"coq/V70_BOOL_REFLECT_060.v","4C87736E7E7FDF550B75E379B15AA539286CA58C938CE08BB753A8D399E5BE58","475"
"coq/V70_BOOL_REFLECT_060.vo","26F571AA01BC4DF5AF272F7E7ECD343CCBAAE12FF01D50DD2341496D694736AE","9148"
"coq/V70_BOOL_REFLECT_060.vok","E3B0C44298FC1C149AFBF4C8996FB92427AE41E4649B934CA495991B7852B855","0"
"coq/V70_BOOL_REFLECT_060.vos","E3B0C44298FC1C149AFBF4C8996FB92427AE41E4649B934CA495991B7852B855","0"
"coq/V70_BOOL_REFLECT_061.glob","08551167ED7885E18E58369F46F2F5E9CD9754BD636EB0166143CC7B054F9405","1317"
"coq/V70_BOOL_REFLECT_061.v","639620D169615C00C9615D7A6C2E1C35315A18CD5F63E3E5667F1C4EDFEDBD7D","475"
"coq/V70_BOOL_REFLECT_061.vo","B7014B7439878A0DD19366AB72399FBC326F98AC903D0CCC1BBDEC6431A5E47D","9148"
"coq/V70_BOOL_REFLECT_061.vok","E3B0C44298FC1C149AFBF4C8996FB92427AE41E4649B934CA495991B7852B855","0"
"coq/V70_BOOL_REFLECT_061.vos","E3B0C44298FC1C149AFBF4C8996FB92427AE41E4649B934CA495991B7852B855","0"
"coq/V70_BOOL_REFLECT_062.glob","9B06DB6574C2CD558371CF20E3A1C197F8F7398BAF558180E298D4307B3C7B30","1317"
"coq/V70_BOOL_REFLECT_062.v","C74F26E3F2036C4EFF97B4C4923ED3A86C707191DDDE07592FC4BF68AC99E11B","475"
"coq/V70_BOOL_REFLECT_062.vo","A267C61BC0C27A90BD0FFFC7EE8A8CA4601D149C756A77E2B1915139E1157502","9148"
"coq/V70_BOOL_REFLECT_062.vok","E3B0C44298FC1C149AFBF4C8996FB92427AE41E4649B934CA495991B7852B855","0"
"coq/V70_BOOL_REFLECT_062.vos","E3B0C44298FC1C149AFBF4C8996FB92427AE41E4649B934CA495991B7852B855","0"
"coq/V70_BOOL_REFLECT_063.glob","FA1EC65ECACD6830969166DE7248A567AEC6D9A8DDECDC8BC3A766145E866D70","1317"
"coq/V70_BOOL_REFLECT_063.v","07B00C5B948C1ABB2FEB230AED581BDA2CBC78EE421E798B9CA9EFFE4F1D4885","475"
"coq/V70_BOOL_REFLECT_063.vo","E4FBFBA96D088875BD5C49F9472086479EEDFA0C42C061AD05B6ED17414BFEDF","9148"
"coq/V70_BOOL_REFLECT_063.vok","E3B0C44298FC1C149AFBF4C8996FB92427AE41E4649B934CA495991B7852B855","0"
"coq/V70_BOOL_REFLECT_063.vos","E3B0C44298FC1C149AFBF4C8996FB92427AE41E4649B934CA495991B7852B855","0"
"coq/V70_BOOL_REFLECT_064.glob","9706C5904888AC3F095BE43960DE4BC4966315944D4CCF11D32AF5F251F3409E","1317"
"coq/V70_BOOL_REFLECT_064.v","1EC32AE846AB52BE84D73404DB8516EA01DB7557A8AD0588D640BFDDC6DE7BFF","475"
"coq/V70_BOOL_REFLECT_064.vo","94E3A03E4C3D55BB2777F83B2B5D361AC7EB44643274EB0A91731336ED8C28CD","9148"
"coq/V70_BOOL_REFLECT_064.vok","E3B0C44298FC1C149AFBF4C8996FB92427AE41E4649B934CA495991B7852B855","0"
"coq/V70_BOOL_REFLECT_064.vos","E3B0C44298FC1C149AFBF4C8996FB92427AE41E4649B934CA495991B7852B855","0"
"coq/V70_BOOL_REFLECT_065.glob","FF94DF4FA746641E63171091D69846C69CF058CA48786E330339D29BD076E571","1317"
"coq/V70_BOOL_REFLECT_065.v","54865742D45DF203A10EF6165F1D4EAE11AEBC50237F56AFAB02EA3FFDEBDA17","475"
"coq/V70_BOOL_REFLECT_065.vo","693EDA1A501FAB44E295BF0BD71C3E37BA1DB21B284D7FFDD248922BD5CFBD06","9148"
"coq/V70_BOOL_REFLECT_065.vok","E3B0C44298FC1C149AFBF4C8996FB92427AE41E4649B934CA495991B7852B855","0"
"coq/V70_BOOL_REFLECT_065.vos","E3B0C44298FC1C149AFBF4C8996FB92427AE41E4649B934CA495991B7852B855","0"
"coq/V70_BOOL_REFLECT_066.glob","7BF812C4F138792494B34E0823C6FB51A4F696B403E298685DECC47E7ACE2439","1317"
"coq/V70_BOOL_REFLECT_066.v","F231DE698E12FD981E22B601533D393AE4EF603C4145E0F5560BCA7FEC9E68B8","475"
"coq/V70_BOOL_REFLECT_066.vo","A3BA154E6D49B44C1736CE0C2D625FEC76759E66C1131CB26824535731DD11D3","9148"
"coq/V70_BOOL_REFLECT_066.vok","E3B0C44298FC1C149AFBF4C8996FB92427AE41E4649B934CA495991B7852B855","0"
"coq/V70_BOOL_REFLECT_066.vos","E3B0C44298FC1C149AFBF4C8996FB92427AE41E4649B934CA495991B7852B855","0"
"coq/V70_BOOL_REFLECT_067.glob","872C0B302DAA2185C6F9E1EC4C2DCAAA27890247682C4A6DB9F9AED734B2B043","1317"
"coq/V70_BOOL_REFLECT_067.v","1F82457B5BE5B96D71A8EA480199A178419DC70371AC1675D496DC0845D959C8","475"
"coq/V70_BOOL_REFLECT_067.vo","8DF57485E5F4898DF523B2E2EB9ABDA4C6E3F3AA3CC140AF98B0A395181FCF8E","9148"
"coq/V70_BOOL_REFLECT_067.vok","E3B0C44298FC1C149AFBF4C8996FB92427AE41E4649B934CA495991B7852B855","0"
"coq/V70_BOOL_REFLECT_067.vos","E3B0C44298FC1C149AFBF4C8996FB92427AE41E4649B934CA495991B7852B855","0"
"coq/V70_BOOL_REFLECT_068.glob","A931D3A2EF49B3B3E6609610A0CFC57DA52479C4BD9EDAD0E3CE346C0491A051","1317"
"coq/V70_BOOL_REFLECT_068.v","FA65FEEBE613BEB11DB1310D74161F86226BE3E6C0C78A59D0D4D656F172B682","475"
"coq/V70_BOOL_REFLECT_068.vo","FE9CD2AAD343200AA40A76D91675540C4AEF7B92BE1C26B95C33803F88F92790","9148"
"coq/V70_BOOL_REFLECT_068.vok","E3B0C44298FC1C149AFBF4C8996FB92427AE41E4649B934CA495991B7852B855","0"
"coq/V70_BOOL_REFLECT_068.vos","E3B0C44298FC1C149AFBF4C8996FB92427AE41E4649B934CA495991B7852B855","0"
"coq/V70_BOOL_REFLECT_069.glob","EC7A9E2B0A21890F5F311335A2EFDE6B99386CBC1F116C82F80BA78BF7798036","1317"
"coq/V70_BOOL_REFLECT_069.v","9CE20A9FCC73EC410D49F930EDA8FD13E9B83D11B24720C2CD29956F818C6CE7","475"
"coq/V70_BOOL_REFLECT_069.vo","0E2277B556DB3478F84D6F65B68C38E7644C7154B22DB1885A41B1A4F73888B8","9148"
"coq/V70_BOOL_REFLECT_069.vok","E3B0C44298FC1C149AFBF4C8996FB92427AE41E4649B934CA495991B7852B855","0"
"coq/V70_BOOL_REFLECT_069.vos","E3B0C44298FC1C149AFBF4C8996FB92427AE41E4649B934CA495991B7852B855","0"
"coq/V70_BOOL_REFLECT_070.glob","4211B287942AF59D780B5AAD866905474832756808BADB4B35F8224151910C26","1317"
"coq/V70_BOOL_REFLECT_070.v","CA4554CCE832220D54FBDD646767FA30D24D3EC27C8021AFD22C1A2265ED5D18","475"
"coq/V70_BOOL_REFLECT_070.vo","545C59529763EB2260F6F253DD3FE725198B285CBC2F1EA1F6C14CB9988E4272","9148"
"coq/V70_BOOL_REFLECT_070.vok","E3B0C44298FC1C149AFBF4C8996FB92427AE41E4649B934CA495991B7852B855","0"
"coq/V70_BOOL_REFLECT_070.vos","E3B0C44298FC1C149AFBF4C8996FB92427AE41E4649B934CA495991B7852B855","0"
"coq/V70_BOOL_REFLECT_071.glob","5C14501A5FB9860F08FBD5A7B41C776A9BC68F11FBA27396C3A4C6674DB3CC83","1317"
"coq/V70_BOOL_REFLECT_071.v","661FC8C5AEC5F0B766B83442B71349E5C8D9117682CE32E64F853F7D9C4A32F4","475"
"coq/V70_BOOL_REFLECT_071.vo","75E8AA7620CDE516581A68A73938F5407FDCE724FB026C6F18096C4F96E6DE9A","9148"
"coq/V70_BOOL_REFLECT_071.vok","E3B0C44298FC1C149AFBF4C8996FB92427AE41E4649B934CA495991B7852B855","0"
"coq/V70_BOOL_REFLECT_071.vos","E3B0C44298FC1C149AFBF4C8996FB92427AE41E4649B934CA495991B7852B855","0"
"coq/V70_BOOL_REFLECT_072.glob","283272DBBA0F58DFAB415A5AE3806EE621AAA3535DD62BAB861DC3DBD5FD59B7","1317"
"coq/V70_BOOL_REFLECT_072.v","106711366DDE795C99C2D3F8C4B514330CF699B50CCDA854B207A02C9C9913D7","475"
"coq/V70_BOOL_REFLECT_072.vo","EFAE410B1FED825375540D54D5F429F694618459064A6D47E825A3BFD36032B3","9148"
"coq/V70_BOOL_REFLECT_072.vok","E3B0C44298FC1C149AFBF4C8996FB92427AE41E4649B934CA495991B7852B855","0"
"coq/V70_BOOL_REFLECT_072.vos","E3B0C44298FC1C149AFBF4C8996FB92427AE41E4649B934CA495991B7852B855","0"
"coq/V70_BOOL_REFLECT_073.glob","7A13124E59A4B9972217EC572609136E7BD979A9EB1E01C1E356C406AE902B16","1317"
"coq/V70_BOOL_REFLECT_073.v","F0190DA5C45298550DDED34DEAB394208C5B317B7E81D7423471A1286735DBFF","475"
"coq/V70_BOOL_REFLECT_073.vo","BFAF7610FCBC21521BDE988529D06E8074320087F138C03232AE6E576805AC80","9148"
"coq/V70_BOOL_REFLECT_073.vok","E3B0C44298FC1C149AFBF4C8996FB92427AE41E4649B934CA495991B7852B855","0"
"coq/V70_BOOL_REFLECT_073.vos","E3B0C44298FC1C149AFBF4C8996FB92427AE41E4649B934CA495991B7852B855","0"
"coq/V70_BOOL_REFLECT_074.glob","1FE068ABB08B2DB5FC35799BE61BDC0F0B5B967B741CF91B5230F337F7F7588E","1317"
"coq/V70_BOOL_REFLECT_074.v","CF32D0C6149336276DB0C909C49AF58D33040C50EA198CA191E797B00508CDF8","475"
"coq/V70_BOOL_REFLECT_074.vo","C14E39F375D37FA7B93743712741E050F2AFC7F92ABD05A3A2687CF5AD283FB1","9148"
"coq/V70_BOOL_REFLECT_074.vok","E3B0C44298FC1C149AFBF4C8996FB92427AE41E4649B934CA495991B7852B855","0"
"coq/V70_BOOL_REFLECT_074.vos","E3B0C44298FC1C149AFBF4C8996FB92427AE41E4649B934CA495991B7852B855","0"
"coq/V70_BOOL_REFLECT_075.glob","92ECEA3C71A6585928771682EE98DF94014C4D043837DD59C5FA1F8C65F9C88A","1317"
"coq/V70_BOOL_REFLECT_075.v","EF8E2404902504E4536EFC9CC56447F8E435F9F3DD518C311368615D44084AF8","475"
"coq/V70_BOOL_REFLECT_075.vo","BFAE2FFEB0AF717DD7A50E0F2E5691A1C404569827E5123CA54CDD5FFD581AB3","9148"
"coq/V70_BOOL_REFLECT_075.vok","E3B0C44298FC1C149AFBF4C8996FB92427AE41E4649B934CA495991B7852B855","0"
"coq/V70_BOOL_REFLECT_075.vos","E3B0C44298FC1C149AFBF4C8996FB92427AE41E4649B934CA495991B7852B855","0"
"coq/V70_BOOL_REFLECT_076.glob","3AA17B407B5F4FBB7C54A44D0B0920ACC1EF38F8337F9789432B5E2CCE9472CF","1317"
"coq/V70_BOOL_REFLECT_076.v","4D29A2B404BC7BC86325018D6211CEF6A07D4B5FE443A3862BDA0A0969AC98F9","475"
"coq/V70_BOOL_REFLECT_076.vo","46F33BD00624E033051D4FEA9205BDDAEBEC9C70D3AC689818383EC052C4EC92","9148"
"coq/V70_BOOL_REFLECT_076.vok","E3B0C44298FC1C149AFBF4C8996FB92427AE41E4649B934CA495991B7852B855","0"
"coq/V70_BOOL_REFLECT_076.vos","E3B0C44298FC1C149AFBF4C8996FB92427AE41E4649B934CA495991B7852B855","0"
"coq/V70_BOOL_REFLECT_077.glob","6A9C883AEB846B596D602A5CD09D23678B9F50C1CE1F744373A9CF39BB97E55C","1317"
"coq/V70_BOOL_REFLECT_077.v","C04A95AC2F2A5BB26E3A83E452B04FEE3A19C9338CF1E69E6733F4ACDBB297EC","475"
"coq/V70_BOOL_REFLECT_077.vo","FD77C0FBFC2B3A762D3EED81EC440C2D76A6C1C3AE98674A72C19F49F620C661","9148"
"coq/V70_BOOL_REFLECT_077.vok","E3B0C44298FC1C149AFBF4C8996FB92427AE41E4649B934CA495991B7852B855","0"
"coq/V70_BOOL_REFLECT_077.vos","E3B0C44298FC1C149AFBF4C8996FB92427AE41E4649B934CA495991B7852B855","0"
"coq/V70_BOOL_REFLECT_078.glob","4548284238A71D3AFE719FC92EAA5415C0EDA65CA156900B51E8FC2AD105E44E","1317"
"coq/V70_BOOL_REFLECT_078.v","C51A5ED3F2DD4DD66AE8102382DE7AB3E199C99CCCE9680B262DA196960776A7","475"
"coq/V70_BOOL_REFLECT_078.vo","3603B941E156E145070893F01B6CDFE7F01880A6EB2BE0041F2F12E3AB2DC60B","9148"
"coq/V70_BOOL_REFLECT_078.vok","E3B0C44298FC1C149AFBF4C8996FB92427AE41E4649B934CA495991B7852B855","0"
"coq/V70_BOOL_REFLECT_078.vos","E3B0C44298FC1C149AFBF4C8996FB92427AE41E4649B934CA495991B7852B855","0"
"coq/V70_BOOL_REFLECT_079.glob","2358F666B4A09D85A2E3F16E51AA79C86A1D03621E209591782B48FCFDE78BEF","1317"
"coq/V70_BOOL_REFLECT_079.v","1AF8353863945B1C849F6C7407872EA9F58203904CA9BDBFBFF9D382F971B0E9","475"
"coq/V70_BOOL_REFLECT_079.vo","6A8B7F7AF27C7109E34A5A80B5528BDB7A247F5BF0C8942089C264B5EAB43D33","9148"
"coq/V70_BOOL_REFLECT_079.vok","E3B0C44298FC1C149AFBF4C8996FB92427AE41E4649B934CA495991B7852B855","0"
"coq/V70_BOOL_REFLECT_079.vos","E3B0C44298FC1C149AFBF4C8996FB92427AE41E4649B934CA495991B7852B855","0"
"coq/V70_BOOL_REFLECT_080.glob","E05BB099FC100BF4DDEFBF9D357E9A10CF231DB209FBD77998D2E5F0EF4CB028","1317"
"coq/V70_BOOL_REFLECT_080.v","C9D4A7B0F0DF401B8320C51493F4528E6FD92BECBFC13C000D38F5AB58334AF5","475"
"coq/V70_BOOL_REFLECT_080.vo","63F0E8F665742948F85C2E3EBBA8950111CCE9726A73120C4FCB725D56C699C3","9148"
"coq/V70_BOOL_REFLECT_080.vok","E3B0C44298FC1C149AFBF4C8996FB92427AE41E4649B934CA495991B7852B855","0"
"coq/V70_BOOL_REFLECT_080.vos","E3B0C44298FC1C149AFBF4C8996FB92427AE41E4649B934CA495991B7852B855","0"
"coq/V70_LIST_FILTER_PARTITION_001.glob","EA0558E7C5A43502785511A3BE6437AFA347F30F6E7817E55A846ECD6D8DD659","1144"
"coq/V70_LIST_FILTER_PARTITION_001.v","EF20C2E3545FB2EA94B1811DF005C01401E5CEAE1C98938C1E17B9B9E427F620","475"
"coq/V70_LIST_FILTER_PARTITION_001.vo","FDEFC315D866DEBAA02573976841B65FD5DBFDC2030B0119969D65C8BF7A0F4F","9212"
"coq/V70_LIST_FILTER_PARTITION_001.vok","E3B0C44298FC1C149AFBF4C8996FB92427AE41E4649B934CA495991B7852B855","0"
"coq/V70_LIST_FILTER_PARTITION_001.vos","E3B0C44298FC1C149AFBF4C8996FB92427AE41E4649B934CA495991B7852B855","0"
"coq/V70_LIST_FILTER_PARTITION_002.glob","10C1C7BF845F3DA193276DD3057927A7585962253AD963E1C3742B6CFDF9EE11","1144"
"coq/V70_LIST_FILTER_PARTITION_002.v","8B774989E8DB211DD7C97D8402F40BB22CC10E133247C1BD7BDE1FDCBD5B14F1","475"
"coq/V70_LIST_FILTER_PARTITION_002.vo","67826D4B409B09735F8A85AD5218BA49B054807F0D76274698C5D21A97C3D303","9212"
"coq/V70_LIST_FILTER_PARTITION_002.vok","E3B0C44298FC1C149AFBF4C8996FB92427AE41E4649B934CA495991B7852B855","0"
"coq/V70_LIST_FILTER_PARTITION_002.vos","E3B0C44298FC1C149AFBF4C8996FB92427AE41E4649B934CA495991B7852B855","0"
"coq/V70_LIST_FILTER_PARTITION_003.glob","BAC82EB45B4FB249DBDC7574F10698E792C7AFA47A81680FCE3448E2324D0A2B","1144"
"coq/V70_LIST_FILTER_PARTITION_003.v","81B496C1061297A5088D32A5D1094E8DE327A711E69988536BD2C9630001A7C1","475"
"coq/V70_LIST_FILTER_PARTITION_003.vo","AF055C86588C249F786C7F2E4FC927718B8C56FA6DE5737F676D5A138880AE42","9212"
"coq/V70_LIST_FILTER_PARTITION_003.vok","E3B0C44298FC1C149AFBF4C8996FB92427AE41E4649B934CA495991B7852B855","0"
"coq/V70_LIST_FILTER_PARTITION_003.vos","E3B0C44298FC1C149AFBF4C8996FB92427AE41E4649B934CA495991B7852B855","0"
"coq/V70_LIST_FILTER_PARTITION_004.glob","950C7A005A66672A30796101D9C43AEB0600FFEA9449584BE54559C9CDF1FE2D","1144"
"coq/V70_LIST_FILTER_PARTITION_004.v","FC0D38B2D08A6F723DE68668722E50C7CA07B3DCEAA95BFE27592302E9D9248B","475"
"coq/V70_LIST_FILTER_PARTITION_004.vo","FA57B90ECBC8E8E73309DC858C56547E448EB712CDE585F968475109A5411FA3","9212"
"coq/V70_LIST_FILTER_PARTITION_004.vok","E3B0C44298FC1C149AFBF4C8996FB92427AE41E4649B934CA495991B7852B855","0"
"coq/V70_LIST_FILTER_PARTITION_004.vos","E3B0C44298FC1C149AFBF4C8996FB92427AE41E4649B934CA495991B7852B855","0"
"coq/V70_LIST_FILTER_PARTITION_005.glob","866EADCFA10D9E9494F614E0E7AFEA0161289CC19834D9CC5F2314382384EC36","1144"
"coq/V70_LIST_FILTER_PARTITION_005.v","8F19420F102FF267AF4EBE7E9617B660579610AF3558BC55F154779F9A5173F3","475"
"coq/V70_LIST_FILTER_PARTITION_005.vo","876BE4985B74127C3A985D8F6887265691AFB3D7B4E28EDE382C7CD605962D97","9212"
"coq/V70_LIST_FILTER_PARTITION_005.vok","E3B0C44298FC1C149AFBF4C8996FB92427AE41E4649B934CA495991B7852B855","0"
"coq/V70_LIST_FILTER_PARTITION_005.vos","E3B0C44298FC1C149AFBF4C8996FB92427AE41E4649B934CA495991B7852B855","0"
"coq/V70_LIST_FILTER_PARTITION_006.glob","DDF117A0EE5A073BA8897BA9669C794B07A0E0FA4008F6C2D89750C95030DB7C","1144"
"coq/V70_LIST_FILTER_PARTITION_006.v","94187ECBB4EFA713D3FC84769D1F4159D12BF3E71D72AA1ED4B341CCD24B2349","475"
"coq/V70_LIST_FILTER_PARTITION_006.vo","F5F8808AFAB40F63B62E8944964BBD51CF88B9B659C47E74D947ABD4793A791C","9212"
"coq/V70_LIST_FILTER_PARTITION_006.vok","E3B0C44298FC1C149AFBF4C8996FB92427AE41E4649B934CA495991B7852B855","0"
"coq/V70_LIST_FILTER_PARTITION_006.vos","E3B0C44298FC1C149AFBF4C8996FB92427AE41E4649B934CA495991B7852B855","0"
"coq/V70_LIST_FILTER_PARTITION_007.glob","FB6046A36E3B2F61D7DEE44ED4F700070494D22C8C5D7A3BD9F13FB282F5E235","1144"
"coq/V70_LIST_FILTER_PARTITION_007.v","141617269B65B55F066E544FB4F4075B4E6CC682E9B0331FB7D6A0B0757F9A93","475"
"coq/V70_LIST_FILTER_PARTITION_007.vo","2DCBCECA14072C921178F1382BEA8521A691471914213FF9AE3AF7D118B244D9","9212"
"coq/V70_LIST_FILTER_PARTITION_007.vok","E3B0C44298FC1C149AFBF4C8996FB92427AE41E4649B934CA495991B7852B855","0"
"coq/V70_LIST_FILTER_PARTITION_007.vos","E3B0C44298FC1C149AFBF4C8996FB92427AE41E4649B934CA495991B7852B855","0"
"coq/V70_LIST_FILTER_PARTITION_008.glob","75996EDDE0768A5CDB1C153E50754ED6239E74AC6AB324914517BE4311171E32","1144"
"coq/V70_LIST_FILTER_PARTITION_008.v","6BD1DD296CE50E73E6FB0F9A028922D6BBA18A765FA888486C88E5BAD74BB4EE","475"
"coq/V70_LIST_FILTER_PARTITION_008.vo","1D1494B485AC9319F180C3197F18AD1AD0CE294EFE539D81FED98276E8ABC6F5","9212"
"coq/V70_LIST_FILTER_PARTITION_008.vok","E3B0C44298FC1C149AFBF4C8996FB92427AE41E4649B934CA495991B7852B855","0"
"coq/V70_LIST_FILTER_PARTITION_008.vos","E3B0C44298FC1C149AFBF4C8996FB92427AE41E4649B934CA495991B7852B855","0"
"coq/V70_LIST_FILTER_PARTITION_009.glob","4369D269CEA5A2C8DABD4533A6C3F10982FD10D5DB6CDF8D5E11224E206711ED","1144"
"coq/V70_LIST_FILTER_PARTITION_009.v","4F940F315D5C9A8D999ACC147CE0AE393637AF99CD40307976A7798F18A9676A","475"
"coq/V70_LIST_FILTER_PARTITION_009.vo","D7FF39ED6C75A0E59973521B93670D0E3D950D36DEF20E5A7A2581539153C6B6","9212"
"coq/V70_LIST_FILTER_PARTITION_009.vok","E3B0C44298FC1C149AFBF4C8996FB92427AE41E4649B934CA495991B7852B855","0"
"coq/V70_LIST_FILTER_PARTITION_009.vos","E3B0C44298FC1C149AFBF4C8996FB92427AE41E4649B934CA495991B7852B855","0"
"coq/V70_LIST_FILTER_PARTITION_010.glob","184F2CB630ACE65681E5DC421900F97719DB8185D8FD0DBF452B6023C4BA1693","1146"
"coq/V70_LIST_FILTER_PARTITION_010.v","414611B1AC265896B950F7635FD1BCD5AFA390FF86033DCA5D9DDD50F45067BE","477"
"coq/V70_LIST_FILTER_PARTITION_010.vo","355370E8F8F072E644B36E28F7942380089D5EB39699E4BA824CDF167DD43EA5","9214"
"coq/V70_LIST_FILTER_PARTITION_010.vok","E3B0C44298FC1C149AFBF4C8996FB92427AE41E4649B934CA495991B7852B855","0"
"coq/V70_LIST_FILTER_PARTITION_010.vos","E3B0C44298FC1C149AFBF4C8996FB92427AE41E4649B934CA495991B7852B855","0"
"coq/V70_LIST_FILTER_PARTITION_011.glob","AB03B1E555A8F1C17A989AFEC6A20E8C1E3C2C51DB14F11FAFBA006FACF23D5A","1146"
"coq/V70_LIST_FILTER_PARTITION_011.v","3258301BA5B17360FB4598208968BDF310DF1A950E786D54605590760378FA13","477"
"coq/V70_LIST_FILTER_PARTITION_011.vo","E340C830DF185FF8F1B44FD7FC8C882C8364AD33C02AC8BE4772C61130E32C24","9214"
"coq/V70_LIST_FILTER_PARTITION_011.vok","E3B0C44298FC1C149AFBF4C8996FB92427AE41E4649B934CA495991B7852B855","0"
"coq/V70_LIST_FILTER_PARTITION_011.vos","E3B0C44298FC1C149AFBF4C8996FB92427AE41E4649B934CA495991B7852B855","0"
"coq/V70_LIST_FILTER_PARTITION_012.glob","88A0E9A6895259C80CDB3071EE1F64901D81B954F17F8E10DA23DF3063425133","1146"
"coq/V70_LIST_FILTER_PARTITION_012.v","CFC167DFE44EC2186FFBA142D98FA35CB34AC1BD515F7193F0ACC020EB56C72E","477"
"coq/V70_LIST_FILTER_PARTITION_012.vo","CA6111CC197701130135461A7C0187BBD11D420E12536042DDB638BF2636E7A0","9214"
"coq/V70_LIST_FILTER_PARTITION_012.vok","E3B0C44298FC1C149AFBF4C8996FB92427AE41E4649B934CA495991B7852B855","0"
"coq/V70_LIST_FILTER_PARTITION_012.vos","E3B0C44298FC1C149AFBF4C8996FB92427AE41E4649B934CA495991B7852B855","0"
"coq/V70_LIST_FILTER_PARTITION_013.glob","28D9F727679BF737CDAB6B00BFB3470E0C0FB2DB9B7D5DC3A37106045B33A6D8","1146"
"coq/V70_LIST_FILTER_PARTITION_013.v","FC96DC3D21C282843C1BA23550105EDE376C020B0541BD952B33E5B9A25CBBA7","477"
"coq/V70_LIST_FILTER_PARTITION_013.vo","267945E552465FE3907442E0217ADD0AF7E0887EA73445E90133F708345E95C6","9214"
"coq/V70_LIST_FILTER_PARTITION_013.vok","E3B0C44298FC1C149AFBF4C8996FB92427AE41E4649B934CA495991B7852B855","0"
"coq/V70_LIST_FILTER_PARTITION_013.vos","E3B0C44298FC1C149AFBF4C8996FB92427AE41E4649B934CA495991B7852B855","0"
"coq/V70_LIST_FILTER_PARTITION_014.glob","E69D41504B95535ED76746588C2491B1431F83CA497C17BCB635A7FA6A024DA5","1146"
"coq/V70_LIST_FILTER_PARTITION_014.v","703A60FBCD52171E2513B6F51F82B61CD1A8BEDD474F975B3EDADBF225148962","477"
"coq/V70_LIST_FILTER_PARTITION_014.vo","6F591911B9074F56C74ED5B8F43A6CACD45DC3F8CC8730A12131D7DA21EBB814","9214"
"coq/V70_LIST_FILTER_PARTITION_014.vok","E3B0C44298FC1C149AFBF4C8996FB92427AE41E4649B934CA495991B7852B855","0"
"coq/V70_LIST_FILTER_PARTITION_014.vos","E3B0C44298FC1C149AFBF4C8996FB92427AE41E4649B934CA495991B7852B855","0"
"coq/V70_LIST_FILTER_PARTITION_015.glob","7AC0F882CAD8CAD1FC5008E3B4CB6A9B369C95B21ECB8DF300A40408247A950D","1146"
"coq/V70_LIST_FILTER_PARTITION_015.v","401DBDC604FB8EA3168A6F4D199D1CCD1CE16015F3616C3489B9E07B7DD79DB4","477"
"coq/V70_LIST_FILTER_PARTITION_015.vo","B7E87C60A05B5207309FEA02EFF5E2C0E51371431520767BF3C2FCF420C9D107","9214"
"coq/V70_LIST_FILTER_PARTITION_015.vok","E3B0C44298FC1C149AFBF4C8996FB92427AE41E4649B934CA495991B7852B855","0"
"coq/V70_LIST_FILTER_PARTITION_015.vos","E3B0C44298FC1C149AFBF4C8996FB92427AE41E4649B934CA495991B7852B855","0"
"coq/V70_LIST_FILTER_PARTITION_016.glob","BA03C1782A62A13A352303437BAAFC432BE310A75D716252AAC4CE1E29731B99","1146"
"coq/V70_LIST_FILTER_PARTITION_016.v","7AA72B5C87DCD608E1E45EBBCDE289A714BB6C81FCFE7C76BC9A4F0EC65C6CE7","477"
"coq/V70_LIST_FILTER_PARTITION_016.vo","7C456D02E01FE8EE307AD344D62C1D2A591A5663DB635E98EDDB9D5AD71C069C","9214"
"coq/V70_LIST_FILTER_PARTITION_016.vok","E3B0C44298FC1C149AFBF4C8996FB92427AE41E4649B934CA495991B7852B855","0"
"coq/V70_LIST_FILTER_PARTITION_016.vos","E3B0C44298FC1C149AFBF4C8996FB92427AE41E4649B934CA495991B7852B855","0"
"coq/V70_LIST_FILTER_PARTITION_017.glob","43EB8A05F656E3939DFDCF93A8E27ECE6A07A2E50C727BF5460A7B0FC7CB3CDF","1146"
"coq/V70_LIST_FILTER_PARTITION_017.v","95C52D29A68FC33901AA4BBA18DD8D988434A23EB0623C52846DA63ADFD94515","477"
"coq/V70_LIST_FILTER_PARTITION_017.vo","E902D09F357D8119FD4CF8D28046B9AF780603EC00D5322C3E442993F2BCAD41","9214"
"coq/V70_LIST_FILTER_PARTITION_017.vok","E3B0C44298FC1C149AFBF4C8996FB92427AE41E4649B934CA495991B7852B855","0"
"coq/V70_LIST_FILTER_PARTITION_017.vos","E3B0C44298FC1C149AFBF4C8996FB92427AE41E4649B934CA495991B7852B855","0"
"coq/V70_LIST_FILTER_PARTITION_018.glob","AD772B171BAA309BACBD886CD82A85C3D4CA0D84229202A28A9A6389E0826C69","1146"
"coq/V70_LIST_FILTER_PARTITION_018.v","CDA78B0690110DDB1A9E9C212FBF2F6FD5097FB406867A541CE12A3151AB8BCB","477"
"coq/V70_LIST_FILTER_PARTITION_018.vo","DB38E7DD37818664FA95ECB60351D7DBA75FDFBA2AC6CA29CD7DFD8C27E5E8F9","9214"
"coq/V70_LIST_FILTER_PARTITION_018.vok","E3B0C44298FC1C149AFBF4C8996FB92427AE41E4649B934CA495991B7852B855","0"
"coq/V70_LIST_FILTER_PARTITION_018.vos","E3B0C44298FC1C149AFBF4C8996FB92427AE41E4649B934CA495991B7852B855","0"
"coq/V70_LIST_FILTER_PARTITION_019.glob","7408F8675A1238AE75861007D4DA5FED4AC57AF48C9FE94051CDF5218738BFD1","1146"
"coq/V70_LIST_FILTER_PARTITION_019.v","3761A1E2FC08DC80B5BC51BA10B112D4898EA38AD1B9EEE0894D9ED5B9E98324","477"
"coq/V70_LIST_FILTER_PARTITION_019.vo","072A9A4A01C4188EC1EAD2259F87BA3FC6C4F93567BCE937063958880AAE2ADD","9214"
"coq/V70_LIST_FILTER_PARTITION_019.vok","E3B0C44298FC1C149AFBF4C8996FB92427AE41E4649B934CA495991B7852B855","0"
"coq/V70_LIST_FILTER_PARTITION_019.vos","E3B0C44298FC1C149AFBF4C8996FB92427AE41E4649B934CA495991B7852B855","0"
"coq/V70_LIST_FILTER_PARTITION_020.glob","E8C3CF90B4B17FFE4E1296A486891C2706555AB1F48F492A89F4AA1474562FFB","1146"
"coq/V70_LIST_FILTER_PARTITION_020.v","095A32DE07168128658FDEA799D559A30DD80CF5D9B84BB4BE10DC8538FDD560","477"
"coq/V70_LIST_FILTER_PARTITION_020.vo","49C7127B228034016B18F4F599064B1D7ADE7F89C9275FEBFB8D54522DE6ACB8","9214"
"coq/V70_LIST_FILTER_PARTITION_020.vok","E3B0C44298FC1C149AFBF4C8996FB92427AE41E4649B934CA495991B7852B855","0"
"coq/V70_LIST_FILTER_PARTITION_020.vos","E3B0C44298FC1C149AFBF4C8996FB92427AE41E4649B934CA495991B7852B855","0"
"coq/V70_LIST_FILTER_PARTITION_021.glob","9AF46D3440B624B387BAC0EC121A02DDAD935D9463E30CAD562748A558DBB498","1146"
"coq/V70_LIST_FILTER_PARTITION_021.v","93BD6E9380C2965A5757C88CD5EC10C270B7D9A8FD6C5D0D20C4464854F32161","477"
"coq/V70_LIST_FILTER_PARTITION_021.vo","19F9FD5F8728F719C0100942BC7A4050FC23B184ABBD24ACAED1351CCBD7269D","9214"
"coq/V70_LIST_FILTER_PARTITION_021.vok","E3B0C44298FC1C149AFBF4C8996FB92427AE41E4649B934CA495991B7852B855","0"
"coq/V70_LIST_FILTER_PARTITION_021.vos","E3B0C44298FC1C149AFBF4C8996FB92427AE41E4649B934CA495991B7852B855","0"
"coq/V70_LIST_FILTER_PARTITION_022.glob","59EBB1C6F9066A12541A64515727AE8C27EECD04D181E2E8BD0646D7910CD17D","1146"
"coq/V70_LIST_FILTER_PARTITION_022.v","05B408EE4600C990191E99408E4688AF62DCB78F76B83BEF004A0D7DA5A43C9F","477"
"coq/V70_LIST_FILTER_PARTITION_022.vo","E22353C2C0BA5B9F73E33F6CCB1FEB5C7B88C7050CD7D62F9DEE246870E531E7","9214"
"coq/V70_LIST_FILTER_PARTITION_022.vok","E3B0C44298FC1C149AFBF4C8996FB92427AE41E4649B934CA495991B7852B855","0"
"coq/V70_LIST_FILTER_PARTITION_022.vos","E3B0C44298FC1C149AFBF4C8996FB92427AE41E4649B934CA495991B7852B855","0"
"coq/V70_LIST_FILTER_PARTITION_023.glob","466A86A03D63390776A3FC3434882F829FEFE9473CF16780C12B60731A6C7D6F","1146"
"coq/V70_LIST_FILTER_PARTITION_023.v","5D272C5DC2D1574452CFC5E4F98EA276E28D3D5A9CC7AA39E0CF36485876851F","477"
"coq/V70_LIST_FILTER_PARTITION_023.vo","046035686CC17C1031575DC19486F6FDA9B87D1B3195A8AB94856FFFF0EA3482","9214"
"coq/V70_LIST_FILTER_PARTITION_023.vok","E3B0C44298FC1C149AFBF4C8996FB92427AE41E4649B934CA495991B7852B855","0"
"coq/V70_LIST_FILTER_PARTITION_023.vos","E3B0C44298FC1C149AFBF4C8996FB92427AE41E4649B934CA495991B7852B855","0"
"coq/V70_LIST_FILTER_PARTITION_024.glob","AD07CC6CE7835554D38A3D3DF1AFA579943F13096BCDAC68C9B01EABE13A064D","1146"
"coq/V70_LIST_FILTER_PARTITION_024.v","2237CB3329D529747B8FCD44847DF87DBB93F7E8068932E5564A913ED29BCF97","477"
"coq/V70_LIST_FILTER_PARTITION_024.vo","7016BB2E4050194F73DA0530BEB7505A39E4D184F8637A2A22D6A31104166FCC","9214"
"coq/V70_LIST_FILTER_PARTITION_024.vok","E3B0C44298FC1C149AFBF4C8996FB92427AE41E4649B934CA495991B7852B855","0"
"coq/V70_LIST_FILTER_PARTITION_024.vos","E3B0C44298FC1C149AFBF4C8996FB92427AE41E4649B934CA495991B7852B855","0"
"coq/V70_LIST_FILTER_PARTITION_025.glob","8B8F68093167273D4CF6D78CDA5A6388E9701C59B5767425CD721469002FC0EE","1146"
"coq/V70_LIST_FILTER_PARTITION_025.v","25C04CFB96AD83196CE05DA88F5CC69C117E542A564778EF19D53CEFE15BDD89","477"
"coq/V70_LIST_FILTER_PARTITION_025.vo","C3177473DA184B428F964BB14C2CE45172DE86D9132EAB3D33EA0CDCEDD21EB7","9214"
"coq/V70_LIST_FILTER_PARTITION_025.vok","E3B0C44298FC1C149AFBF4C8996FB92427AE41E4649B934CA495991B7852B855","0"
"coq/V70_LIST_FILTER_PARTITION_025.vos","E3B0C44298FC1C149AFBF4C8996FB92427AE41E4649B934CA495991B7852B855","0"
"coq/V70_LIST_FILTER_PARTITION_026.glob","18D3611DD1CB986BD1A61BE2CE2D9A9B6EF758093E6366B330AFC2DED927B766","1146"
"coq/V70_LIST_FILTER_PARTITION_026.v","01B3E28CB7FD8409D29DA10A4B1130D4682A9AAB6724CF52C78AEE929AFB8D56","477"
"coq/V70_LIST_FILTER_PARTITION_026.vo","184C79AFD02E300CAA736E43B370F133BF91F28121533BAC5CA4B8B7790F25FF","9214"
"coq/V70_LIST_FILTER_PARTITION_026.vok","E3B0C44298FC1C149AFBF4C8996FB92427AE41E4649B934CA495991B7852B855","0"
"coq/V70_LIST_FILTER_PARTITION_026.vos","E3B0C44298FC1C149AFBF4C8996FB92427AE41E4649B934CA495991B7852B855","0"
"coq/V70_LIST_FILTER_PARTITION_027.glob","F1596FA303A28F16841C85B9FD880C5CF476E92D1A3091D2CB95B5832552ACC6","1146"
"coq/V70_LIST_FILTER_PARTITION_027.v","616AA40B7D73A849A8888B2B15909E40A030BAF9406371713661EC01687C3F1A","477"
"coq/V70_LIST_FILTER_PARTITION_027.vo","CA3A40E0A1F2DBB0B6A1182CDF270BDF2635182C577D7D399A10DD5E7562EC6E","9214"
"coq/V70_LIST_FILTER_PARTITION_027.vok","E3B0C44298FC1C149AFBF4C8996FB92427AE41E4649B934CA495991B7852B855","0"
"coq/V70_LIST_FILTER_PARTITION_027.vos","E3B0C44298FC1C149AFBF4C8996FB92427AE41E4649B934CA495991B7852B855","0"
"coq/V70_LIST_FILTER_PARTITION_028.glob","10DDF98833A6E4118CEC53107CE64BA3734D983905C13C85AF5123C9C9ABCEC5","1146"
"coq/V70_LIST_FILTER_PARTITION_028.v","A0F0DF8E8BC60C2CEAE13A9F1B95142E7DE4479115B2E7230F820596EB314FFC","477"
"coq/V70_LIST_FILTER_PARTITION_028.vo","513F798319768DAD38CE18649662695AC69E7B80149111807DBD46DD6DEB92D1","9214"
"coq/V70_LIST_FILTER_PARTITION_028.vok","E3B0C44298FC1C149AFBF4C8996FB92427AE41E4649B934CA495991B7852B855","0"
"coq/V70_LIST_FILTER_PARTITION_028.vos","E3B0C44298FC1C149AFBF4C8996FB92427AE41E4649B934CA495991B7852B855","0"
"coq/V70_LIST_FILTER_PARTITION_029.glob","E40FA16D0EA9117063B717E75DA918489CD9F2B056FED2945159095E96EB1063","1146"
"coq/V70_LIST_FILTER_PARTITION_029.v","F45E6EC34504AF664C9336724E87259CC606C015A0ACC3251467E468C9C3CF7A","477"
"coq/V70_LIST_FILTER_PARTITION_029.vo","E4DA11CA4791A5A3A1D312F5E3AE5815A9AC9E20CC8B1429B1BF8BC8D121BE72","9214"
"coq/V70_LIST_FILTER_PARTITION_029.vok","E3B0C44298FC1C149AFBF4C8996FB92427AE41E4649B934CA495991B7852B855","0"
"coq/V70_LIST_FILTER_PARTITION_029.vos","E3B0C44298FC1C149AFBF4C8996FB92427AE41E4649B934CA495991B7852B855","0"
"coq/V70_LIST_FILTER_PARTITION_030.glob","D124C03D32A4B5470221CC55BA4BD3210822C8A19CC33679A17EA3538CFA028B","1146"
"coq/V70_LIST_FILTER_PARTITION_030.v","86C3AACB03BDBEFDF9A8807D89FB4E99F7485AF25B5771DDE24CBEDC2CF8CEAC","477"
"coq/V70_LIST_FILTER_PARTITION_030.vo","F34779461BBC3355DED67B251CB166C8F5D45FDCB36CB0C607A21E5F3024D76D","9214"
"coq/V70_LIST_FILTER_PARTITION_030.vok","E3B0C44298FC1C149AFBF4C8996FB92427AE41E4649B934CA495991B7852B855","0"
"coq/V70_LIST_FILTER_PARTITION_030.vos","E3B0C44298FC1C149AFBF4C8996FB92427AE41E4649B934CA495991B7852B855","0"
"coq/V70_LIST_FILTER_PARTITION_031.glob","FA04949C93AA16D1403E336A39F784815D8C4669FE35C972520BC1F04A8CF3BE","1146"
"coq/V70_LIST_FILTER_PARTITION_031.v","A3BDEDBF84389C77CBB8A8E22C730E31A697D4FB4F753EE6B2A4322B6BC8ED7C","477"
"coq/V70_LIST_FILTER_PARTITION_031.vo","B11DEC4D106B65521BF0A969606B6E7AA6674A2AB18621C55303FB22765C81E8","9214"
"coq/V70_LIST_FILTER_PARTITION_031.vok","E3B0C44298FC1C149AFBF4C8996FB92427AE41E4649B934CA495991B7852B855","0"
"coq/V70_LIST_FILTER_PARTITION_031.vos","E3B0C44298FC1C149AFBF4C8996FB92427AE41E4649B934CA495991B7852B855","0"
"coq/V70_LIST_FILTER_PARTITION_032.glob","145B87537656394128FD28C32459470ACF45D54E099A169C7124751913A1147C","1146"
"coq/V70_LIST_FILTER_PARTITION_032.v","5EFB9E196C0DD109CDFFA31D88B4BFF60F07EE5DC9A5B6A14DB2C05EA9677338","477"
"coq/V70_LIST_FILTER_PARTITION_032.vo","5C0D147CE11773C01CC18AE54E319B6868649B8549AC52262849B62E19694CF5","9214"
"coq/V70_LIST_FILTER_PARTITION_032.vok","E3B0C44298FC1C149AFBF4C8996FB92427AE41E4649B934CA495991B7852B855","0"
"coq/V70_LIST_FILTER_PARTITION_032.vos","E3B0C44298FC1C149AFBF4C8996FB92427AE41E4649B934CA495991B7852B855","0"
"coq/V70_LIST_FILTER_PARTITION_033.glob","111823CB6CE0B50E8339682DCE02947F2B63E45F65115AC89D1AE8351DBD8AB3","1146"
"coq/V70_LIST_FILTER_PARTITION_033.v","BA12527EB1A6B94F98F463FAB37DD5BB4CB261E9D91C7AF6E3F79BAC52B1A739","477"
"coq/V70_LIST_FILTER_PARTITION_033.vo","91F01CCF3B6D4004728F96A8901A56B843E882E34D02ADE07B34AC88173CA097","9214"
"coq/V70_LIST_FILTER_PARTITION_033.vok","E3B0C44298FC1C149AFBF4C8996FB92427AE41E4649B934CA495991B7852B855","0"
"coq/V70_LIST_FILTER_PARTITION_033.vos","E3B0C44298FC1C149AFBF4C8996FB92427AE41E4649B934CA495991B7852B855","0"
"coq/V70_LIST_FILTER_PARTITION_034.glob","3FEB883BA2511211BC280CBAF84CFEF41390E349831D00501066B585C61A2DD9","1146"
"coq/V70_LIST_FILTER_PARTITION_034.v","7D8130CE72B8F64BB74B8D11FAD3C09A63155A5BFC8FA73A8E1C4420FE01DEE1","477"
"coq/V70_LIST_FILTER_PARTITION_034.vo","73D840673F9FBB9BF89ABCCD83BA506FBD9CDDFC5A89B73232098CBFB9EA83AB","9214"
"coq/V70_LIST_FILTER_PARTITION_034.vok","E3B0C44298FC1C149AFBF4C8996FB92427AE41E4649B934CA495991B7852B855","0"
"coq/V70_LIST_FILTER_PARTITION_034.vos","E3B0C44298FC1C149AFBF4C8996FB92427AE41E4649B934CA495991B7852B855","0"
"coq/V70_LIST_FILTER_PARTITION_035.glob","38377388D92DBD055F268669B9F1B437506007987653C633C28A458FFD6B492E","1146"
"coq/V70_LIST_FILTER_PARTITION_035.v","7643F8F6A3914F39F55CFCAA13DC47CFD15518DE1080851F08CB74875C39CAEA","477"
"coq/V70_LIST_FILTER_PARTITION_035.vo","D79529C586FD0B3CB7094FF0485FD6A6C578B4AFC06198D16FA09A21BD534D68","9214"
"coq/V70_LIST_FILTER_PARTITION_035.vok","E3B0C44298FC1C149AFBF4C8996FB92427AE41E4649B934CA495991B7852B855","0"
"coq/V70_LIST_FILTER_PARTITION_035.vos","E3B0C44298FC1C149AFBF4C8996FB92427AE41E4649B934CA495991B7852B855","0"
"coq/V70_LIST_FILTER_PARTITION_036.glob","4DB6DAD5916F37A331A65183E6C94B86F298F194471B6D064941D7A97C9DBA0F","1146"
"coq/V70_LIST_FILTER_PARTITION_036.v","4A24DDB535E2BDAA2F8421E3D01686580A49CE07CA7F01ED3486F18BAA6427B2","477"
"coq/V70_LIST_FILTER_PARTITION_036.vo","36CCEBB4FDAA014F092D955D6F56B846BC88F523DACC165CE28DF65E43199F21","9214"
"coq/V70_LIST_FILTER_PARTITION_036.vok","E3B0C44298FC1C149AFBF4C8996FB92427AE41E4649B934CA495991B7852B855","0"
"coq/V70_LIST_FILTER_PARTITION_036.vos","E3B0C44298FC1C149AFBF4C8996FB92427AE41E4649B934CA495991B7852B855","0"
"coq/V70_LIST_FILTER_PARTITION_037.glob","35922CBCDCB3208320A30478D15ED7D2DB541E187409ECBDD9A81F2CFCF36AF6","1146"
"coq/V70_LIST_FILTER_PARTITION_037.v","90DADFBAF3245188ACF18AA1EC9953AC8CAEE4A9AA5D42A90D12788AA05ED069","477"
"coq/V70_LIST_FILTER_PARTITION_037.vo","3AA1D783ED0DDAB48F8F957A91C23865E916A313B6032323B132937A22446AF3","9214"
"coq/V70_LIST_FILTER_PARTITION_037.vok","E3B0C44298FC1C149AFBF4C8996FB92427AE41E4649B934CA495991B7852B855","0"
"coq/V70_LIST_FILTER_PARTITION_037.vos","E3B0C44298FC1C149AFBF4C8996FB92427AE41E4649B934CA495991B7852B855","0"
"coq/V70_LIST_FILTER_PARTITION_038.glob","89B315DFDEBA22997EB933272714C4BAEE7006C43DE1836AC5A7942B503F7995","1146"
"coq/V70_LIST_FILTER_PARTITION_038.v","20958F651D00A7ABAE7AF34BDB30526217869B62DF2B94B2350B13402B00EC13","477"
"coq/V70_LIST_FILTER_PARTITION_038.vo","9018AF0D6F23AA2EB178D1C1FBBCFE89267F0C8C96E7A064087096BE5FD8A79F","9214"
"coq/V70_LIST_FILTER_PARTITION_038.vok","E3B0C44298FC1C149AFBF4C8996FB92427AE41E4649B934CA495991B7852B855","0"
"coq/V70_LIST_FILTER_PARTITION_038.vos","E3B0C44298FC1C149AFBF4C8996FB92427AE41E4649B934CA495991B7852B855","0"
"coq/V70_LIST_FILTER_PARTITION_039.glob","22973F3260C6721260BC6C7B49876063A836C8036A018F4BB361E18D1BEFB1E0","1146"
"coq/V70_LIST_FILTER_PARTITION_039.v","C0DEF94034D61E151BF5C6B4FB48CEC708CEE5F3FDD168BA57FCBCA661330A44","477"
"coq/V70_LIST_FILTER_PARTITION_039.vo","290D3CBBC5395035F7636317A4517A57EA9485577235604DBC6D74DAEC727CBD","9214"
"coq/V70_LIST_FILTER_PARTITION_039.vok","E3B0C44298FC1C149AFBF4C8996FB92427AE41E4649B934CA495991B7852B855","0"
"coq/V70_LIST_FILTER_PARTITION_039.vos","E3B0C44298FC1C149AFBF4C8996FB92427AE41E4649B934CA495991B7852B855","0"
"coq/V70_LIST_FILTER_PARTITION_040.glob","3C2B8350DCEDB58D491F7992A193164C87B5354A7D532838F0071CAA4A4D12EC","1146"
"coq/V70_LIST_FILTER_PARTITION_040.v","6A2C3D6B13317141F60B8352DBD3CA4D085E1905F9543D83C10907FAB2409C65","477"
"coq/V70_LIST_FILTER_PARTITION_040.vo","4C1F3C91F76250B2DCF17F8C1CD18F8ECE6024FD0BFBD80B7F8D59AC282BE3AB","9214"
"coq/V70_LIST_FILTER_PARTITION_040.vok","E3B0C44298FC1C149AFBF4C8996FB92427AE41E4649B934CA495991B7852B855","0"
"coq/V70_LIST_FILTER_PARTITION_040.vos","E3B0C44298FC1C149AFBF4C8996FB92427AE41E4649B934CA495991B7852B855","0"
"coq/V70_LIST_FILTER_PARTITION_041.glob","3E3EE2B968EF174BB4732FDB79CA885AD7271045DA776855378A11D6BC452C60","1146"
"coq/V70_LIST_FILTER_PARTITION_041.v","4FB00C549F7492C12B962EA41BC3AA98E3803F292B3FEDC655A97EA35434A0BA","477"
"coq/V70_LIST_FILTER_PARTITION_041.vo","23B7794B9BA06C40A8EB6320E28FAE18A3D1BF5DA49A3C34C5C0F878CF95F120","9214"
"coq/V70_LIST_FILTER_PARTITION_041.vok","E3B0C44298FC1C149AFBF4C8996FB92427AE41E4649B934CA495991B7852B855","0"
"coq/V70_LIST_FILTER_PARTITION_041.vos","E3B0C44298FC1C149AFBF4C8996FB92427AE41E4649B934CA495991B7852B855","0"
"coq/V70_LIST_FILTER_PARTITION_042.glob","A56F292C07AA6B47E03D854D3B8545FBC3060DE850E580957C297A4AFDE97764","1146"
"coq/V70_LIST_FILTER_PARTITION_042.v","6FFE7E0CB28DD6CA9A5868D52AA4BB79C4D07EE2417EB93C6B21199076ECE908","477"
"coq/V70_LIST_FILTER_PARTITION_042.vo","99013654ED1EC59FA7E26E2C193B00E235CBC971835BEB1B2E89A8C91990F40E","9214"
"coq/V70_LIST_FILTER_PARTITION_042.vok","E3B0C44298FC1C149AFBF4C8996FB92427AE41E4649B934CA495991B7852B855","0"
"coq/V70_LIST_FILTER_PARTITION_042.vos","E3B0C44298FC1C149AFBF4C8996FB92427AE41E4649B934CA495991B7852B855","0"
"coq/V70_LIST_FILTER_PARTITION_043.glob","9F84C086554E98EEFA143DE8A080FF266DD1613B522E5F29C4504FD73E8605CF","1146"
"coq/V70_LIST_FILTER_PARTITION_043.v","B91F80EC305502B9B68E44703BE673EC7686EBBD8360D4D60C5F94E8DFB8B525","477"
"coq/V70_LIST_FILTER_PARTITION_043.vo","4243DC1E75EDB2B814C3C8E411ACD4EFEE6382C8E69ABF9DCC00C11883656321","9214"
"coq/V70_LIST_FILTER_PARTITION_043.vok","E3B0C44298FC1C149AFBF4C8996FB92427AE41E4649B934CA495991B7852B855","0"
"coq/V70_LIST_FILTER_PARTITION_043.vos","E3B0C44298FC1C149AFBF4C8996FB92427AE41E4649B934CA495991B7852B855","0"
"coq/V70_LIST_FILTER_PARTITION_044.glob","FA0A61E35B2F50B7398F72DC976C4DAB62FDB199D48FCAA85C3D25F91D023F4B","1146"
"coq/V70_LIST_FILTER_PARTITION_044.v","03F83B97AA90A4E6049AA53B7080C437C17FE4B63E20C332B52E8DE35BC48E46","477"
"coq/V70_LIST_FILTER_PARTITION_044.vo","350ECDE37C2C013697099AAE21492E495BD777E795956ACCFFB16DFF888AE71B","9214"
"coq/V70_LIST_FILTER_PARTITION_044.vok","E3B0C44298FC1C149AFBF4C8996FB92427AE41E4649B934CA495991B7852B855","0"
"coq/V70_LIST_FILTER_PARTITION_044.vos","E3B0C44298FC1C149AFBF4C8996FB92427AE41E4649B934CA495991B7852B855","0"
"coq/V70_LIST_FILTER_PARTITION_045.glob","2B0ED2AA67AD1090A10C281CDA167E40E1B25D7AAB4DBCB56BA365E5C409EAA6","1146"
"coq/V70_LIST_FILTER_PARTITION_045.v","5D8BC6C522F899E5F7F5CCE6A895F2386EF7961C211CCD407FCB6F884AB89822","477"
"coq/V70_LIST_FILTER_PARTITION_045.vo","47CE215D300595829D968BD44248999ED56EAD326B81BA70938876C8B2867C91","9214"
"coq/V70_LIST_FILTER_PARTITION_045.vok","E3B0C44298FC1C149AFBF4C8996FB92427AE41E4649B934CA495991B7852B855","0"
"coq/V70_LIST_FILTER_PARTITION_045.vos","E3B0C44298FC1C149AFBF4C8996FB92427AE41E4649B934CA495991B7852B855","0"
"coq/V70_LIST_FILTER_PARTITION_046.glob","FCA4DABDE968BC93F14D6A280209B817E9D2F1C3C6E739199356C298B05062C8","1146"
"coq/V70_LIST_FILTER_PARTITION_046.v","86386E034882389A4BAAB1FB013036E5CD0C43B0858DABE06F41A79E7F4DFB0C","477"
"coq/V70_LIST_FILTER_PARTITION_046.vo","71C8E0F93646EF854C6608A2AD6FFA2F115469CA0472FD7CB1577AC5168F8EAF","9214"
"coq/V70_LIST_FILTER_PARTITION_046.vok","E3B0C44298FC1C149AFBF4C8996FB92427AE41E4649B934CA495991B7852B855","0"
"coq/V70_LIST_FILTER_PARTITION_046.vos","E3B0C44298FC1C149AFBF4C8996FB92427AE41E4649B934CA495991B7852B855","0"
"coq/V70_LIST_FILTER_PARTITION_047.glob","D68E706721A70B45DCA55217EC9134C5C10BD60A3771F4C41633788A0825A8B4","1146"
"coq/V70_LIST_FILTER_PARTITION_047.v","D321F238A9D2A45134E8DBD20BAD1A18F7741E01615202B53243164B32DB953C","477"
"coq/V70_LIST_FILTER_PARTITION_047.vo","E22237364E014066ACC49E4396531F1E684D9122557966D5A0248038C9CA4D68","9214"
"coq/V70_LIST_FILTER_PARTITION_047.vok","E3B0C44298FC1C149AFBF4C8996FB92427AE41E4649B934CA495991B7852B855","0"
"coq/V70_LIST_FILTER_PARTITION_047.vos","E3B0C44298FC1C149AFBF4C8996FB92427AE41E4649B934CA495991B7852B855","0"
"coq/V70_LIST_FILTER_PARTITION_048.glob","4573E24A3B5400CE9EB03085C7BC252E194DD6C681BB6D995CA90BB369D267C9","1146"
"coq/V70_LIST_FILTER_PARTITION_048.v","2E324789465CB6975B7B5FFC454AD5A48DF91C6901C9D2A6546FFE01B5410FE8","477"
"coq/V70_LIST_FILTER_PARTITION_048.vo","5213D6339D3BF1DCF260C55287AC4047AC5CAC9EA2DE9D9E9A0B19814F165A2F","9214"
"coq/V70_LIST_FILTER_PARTITION_048.vok","E3B0C44298FC1C149AFBF4C8996FB92427AE41E4649B934CA495991B7852B855","0"
"coq/V70_LIST_FILTER_PARTITION_048.vos","E3B0C44298FC1C149AFBF4C8996FB92427AE41E4649B934CA495991B7852B855","0"
"coq/V70_LIST_FILTER_PARTITION_049.glob","C4DEB9944109299A08E608485E888CB9C49D627F25B64EFC07D892DDA193DE1D","1146"
"coq/V70_LIST_FILTER_PARTITION_049.v","7E52BC2520F2A2C1DDCF9EC87C8C124A63EEBB2D626B549711101F502F4542C5","477"
"coq/V70_LIST_FILTER_PARTITION_049.vo","12D2E86921BE1400833970C9B01F2233F900D0CCD66C14D7A249E1D23736CCF5","9214"
"coq/V70_LIST_FILTER_PARTITION_049.vok","E3B0C44298FC1C149AFBF4C8996FB92427AE41E4649B934CA495991B7852B855","0"
"coq/V70_LIST_FILTER_PARTITION_049.vos","E3B0C44298FC1C149AFBF4C8996FB92427AE41E4649B934CA495991B7852B855","0"
"coq/V70_LIST_FILTER_PARTITION_050.glob","B90907ABF6A542B17F3BEA5E39002DE69FB71D49E53ED75B585FE7D2C832DD53","1146"
"coq/V70_LIST_FILTER_PARTITION_050.v","C775D332F425839D10B0568141D8A1085131AEEA0208C36C3CF6B4319BA7C3BF","477"
"coq/V70_LIST_FILTER_PARTITION_050.vo","41E167F6F370B6BEAAD39300E1180AC8016F3EB48D26FCBFBD67F57C8FA82CC2","9214"
"coq/V70_LIST_FILTER_PARTITION_050.vok","E3B0C44298FC1C149AFBF4C8996FB92427AE41E4649B934CA495991B7852B855","0"
"coq/V70_LIST_FILTER_PARTITION_050.vos","E3B0C44298FC1C149AFBF4C8996FB92427AE41E4649B934CA495991B7852B855","0"
"coq/V70_LIST_FILTER_PARTITION_051.glob","AD8BFDEC2015D856F933A52C7771C45EBE4FE7897EC231472E26A1D76C190E4A","1146"
"coq/V70_LIST_FILTER_PARTITION_051.v","865163EEF8F7AEC09335DB5424B3D410B6AFF202F1DB491C3B384D97F5477629","477"
"coq/V70_LIST_FILTER_PARTITION_051.vo","4855B5B161DB8D2F12E3ECEDF682034BDB2BF60CE9589D8F0656D83FBC7B682A","9214"
"coq/V70_LIST_FILTER_PARTITION_051.vok","E3B0C44298FC1C149AFBF4C8996FB92427AE41E4649B934CA495991B7852B855","0"
"coq/V70_LIST_FILTER_PARTITION_051.vos","E3B0C44298FC1C149AFBF4C8996FB92427AE41E4649B934CA495991B7852B855","0"
"coq/V70_LIST_FILTER_PARTITION_052.glob","4499F5F3C0058EED02CB3328F855DEA96792A724BD7060925AF750F1A4C5213A","1146"
"coq/V70_LIST_FILTER_PARTITION_052.v","9E961918EF67DBC1F7978A446E91E6A8F2B71CFF16A5E67A0197F7509AB6D49A","477"
"coq/V70_LIST_FILTER_PARTITION_052.vo","474426B6932A2F84A98081DF5F330947913DABEAAD868EAE5A1FC12C960E8A5B","9214"
"coq/V70_LIST_FILTER_PARTITION_052.vok","E3B0C44298FC1C149AFBF4C8996FB92427AE41E4649B934CA495991B7852B855","0"
"coq/V70_LIST_FILTER_PARTITION_052.vos","E3B0C44298FC1C149AFBF4C8996FB92427AE41E4649B934CA495991B7852B855","0"
"coq/V70_LIST_FILTER_PARTITION_053.glob","1358F99B70F59701BAC1B2F43A8404C6D32C5E3EB29E041951DF2F955EF2BBD9","1146"
"coq/V70_LIST_FILTER_PARTITION_053.v","3E6D116146DD071F44171FF80E4016258EDAE5F2E2EEDE621825D48F597F344D","477"
"coq/V70_LIST_FILTER_PARTITION_053.vo","618F905DC469F393F0CEBF30177F21C8134FE3BFCB9E0128C0404AC423F9D9D6","9214"
"coq/V70_LIST_FILTER_PARTITION_053.vok","E3B0C44298FC1C149AFBF4C8996FB92427AE41E4649B934CA495991B7852B855","0"
"coq/V70_LIST_FILTER_PARTITION_053.vos","E3B0C44298FC1C149AFBF4C8996FB92427AE41E4649B934CA495991B7852B855","0"
"coq/V70_LIST_FILTER_PARTITION_054.glob","C55370F466C4C8D3B6E010464404FBD3896985BCE25F713CDAF58895A4422301","1146"
"coq/V70_LIST_FILTER_PARTITION_054.v","8818EC8F34CC5344FA809A1EB25C9965C6E15AE33B485FB27B3B3F44EB0A682A","477"
"coq/V70_LIST_FILTER_PARTITION_054.vo","5FD92D1697AC02BE2B22624B522B6F27B41EC0125421F35CC0E4EF62898B4DBA","9214"
"coq/V70_LIST_FILTER_PARTITION_054.vok","E3B0C44298FC1C149AFBF4C8996FB92427AE41E4649B934CA495991B7852B855","0"
"coq/V70_LIST_FILTER_PARTITION_054.vos","E3B0C44298FC1C149AFBF4C8996FB92427AE41E4649B934CA495991B7852B855","0"
"coq/V70_LIST_FILTER_PARTITION_055.glob","F747C601346424A87AC0E3A98C45262FE201074092AE42D81D2FE4A1C144277B","1146"
"coq/V70_LIST_FILTER_PARTITION_055.v","ACAB2197B29C53E43D9045CAEBB20AE313039DA7B8E147A1836FD81C4EE32E10","477"
"coq/V70_LIST_FILTER_PARTITION_055.vo","726E3623C76531FBBA936006FAC945B171B0293BF83BA457337DDC9352F76ED0","9214"
"coq/V70_LIST_FILTER_PARTITION_055.vok","E3B0C44298FC1C149AFBF4C8996FB92427AE41E4649B934CA495991B7852B855","0"
"coq/V70_LIST_FILTER_PARTITION_055.vos","E3B0C44298FC1C149AFBF4C8996FB92427AE41E4649B934CA495991B7852B855","0"
"coq/V70_LIST_FILTER_PARTITION_056.glob","DD38E1BC324D8CC646DA7C9BA5695843C8122B06B9AED8758F2B9FB23D89C37C","1146"
"coq/V70_LIST_FILTER_PARTITION_056.v","74B832B8B71F85F4EA66FB7C91945C9B43409D6FBECC855F7E02AF73B47B570B","477"
"coq/V70_LIST_FILTER_PARTITION_056.vo","9A3717B3BD7DFBEA90DB048108CE2BEEC9ED307C6A2511A41D546C73F4D0F979","9214"
"coq/V70_LIST_FILTER_PARTITION_056.vok","E3B0C44298FC1C149AFBF4C8996FB92427AE41E4649B934CA495991B7852B855","0"
"coq/V70_LIST_FILTER_PARTITION_056.vos","E3B0C44298FC1C149AFBF4C8996FB92427AE41E4649B934CA495991B7852B855","0"
"coq/V70_LIST_FILTER_PARTITION_057.glob","C075CB9EEDC1B329D24F1189366F9971079D3557F35BEC5E0BD4CC61EB512D52","1146"
"coq/V70_LIST_FILTER_PARTITION_057.v","062048276739DE790C250EF3A827195E43C89FA9106A07C44936A1A59F367BD4","477"
"coq/V70_LIST_FILTER_PARTITION_057.vo","A2E31490A9D9355AEF6EA6E2AC9B532A6D22EC9B76935493466C07DDFDF07A8B","9214"
"coq/V70_LIST_FILTER_PARTITION_057.vok","E3B0C44298FC1C149AFBF4C8996FB92427AE41E4649B934CA495991B7852B855","0"
"coq/V70_LIST_FILTER_PARTITION_057.vos","E3B0C44298FC1C149AFBF4C8996FB92427AE41E4649B934CA495991B7852B855","0"
"coq/V70_LIST_FILTER_PARTITION_058.glob","3B083FD79EA88ED4A385E550C84AA7C09A8BBBFADCFEFD9F69F429D4864C81EA","1146"
"coq/V70_LIST_FILTER_PARTITION_058.v","2B9777BA3C443E44188ECDC793D198E2D14ADB8A0DF43B004CC28DEDAD81229E","477"
"coq/V70_LIST_FILTER_PARTITION_058.vo","6EEE2D03ED44FC7F33F511929E7D42CA1349658FA39A6170534CBBABCA5EE6FE","9214"
"coq/V70_LIST_FILTER_PARTITION_058.vok","E3B0C44298FC1C149AFBF4C8996FB92427AE41E4649B934CA495991B7852B855","0"
"coq/V70_LIST_FILTER_PARTITION_058.vos","E3B0C44298FC1C149AFBF4C8996FB92427AE41E4649B934CA495991B7852B855","0"
"coq/V70_LIST_FILTER_PARTITION_059.glob","A3150B59D54FF9B99F996787F2FFD32C27D3995155B332B5B4AC61C347F88C97","1146"
"coq/V70_LIST_FILTER_PARTITION_059.v","A3B44A9E74C716039501E6C23C6AFACC823C92D6C4224ACC67A59955513E446B","477"
"coq/V70_LIST_FILTER_PARTITION_059.vo","AE904B77716B9C35A4C2DBB3D5D1C526F6EEC9868633382815F38C4CB7203A90","9214"
"coq/V70_LIST_FILTER_PARTITION_059.vok","E3B0C44298FC1C149AFBF4C8996FB92427AE41E4649B934CA495991B7852B855","0"
"coq/V70_LIST_FILTER_PARTITION_059.vos","E3B0C44298FC1C149AFBF4C8996FB92427AE41E4649B934CA495991B7852B855","0"
"coq/V70_LIST_FILTER_PARTITION_060.glob","9D319C00743C3D3B229065319BB4A34CD1C0BFB141E45566A34BAB44EB9762EC","1146"
"coq/V70_LIST_FILTER_PARTITION_060.v","783FC73DC0CAFEDB52058BE12DA8C5139AA15BF33D6F2EF38E7A7B8CB6A245E8","477"
"coq/V70_LIST_FILTER_PARTITION_060.vo","3AF64FEF942583E4CCC4330C0C74AA957EDD7DE1663B096E1A4C59104B121692","9214"
"coq/V70_LIST_FILTER_PARTITION_060.vok","E3B0C44298FC1C149AFBF4C8996FB92427AE41E4649B934CA495991B7852B855","0"
"coq/V70_LIST_FILTER_PARTITION_060.vos","E3B0C44298FC1C149AFBF4C8996FB92427AE41E4649B934CA495991B7852B855","0"
"coq/V70_LIST_FILTER_PARTITION_061.glob","FF344089653723B29A2A5837F575FB3F195D8FCDAB3BCD85C309204AF4F171E5","1146"
"coq/V70_LIST_FILTER_PARTITION_061.v","503D5F845BE4F2FDFD1A3C26288537E40CC7732D7CE72306473E1A7901CE3F20","477"
"coq/V70_LIST_FILTER_PARTITION_061.vo","1428765FB130B098E4CD7918E1D29D72985FE91AE54155CC70D7DD35D3A9D8C3","9214"
"coq/V70_LIST_FILTER_PARTITION_061.vok","E3B0C44298FC1C149AFBF4C8996FB92427AE41E4649B934CA495991B7852B855","0"
"coq/V70_LIST_FILTER_PARTITION_061.vos","E3B0C44298FC1C149AFBF4C8996FB92427AE41E4649B934CA495991B7852B855","0"
"coq/V70_LIST_FILTER_PARTITION_062.glob","134C3A04B46FE8C266DAA5838AAD2E58573A5C7525D95E82745B8D3FE6D9EEA4","1146"
"coq/V70_LIST_FILTER_PARTITION_062.v","EB5B6D3B09FF6B247FF864B07C7E8AB78D9ECFA1750DD37B2F8458E57B6E098D","477"
"coq/V70_LIST_FILTER_PARTITION_062.vo","018FBE4A93000F510D8AE080E23B2908B072F50AE17271F57A93AA7AD77A6080","9214"
"coq/V70_LIST_FILTER_PARTITION_062.vok","E3B0C44298FC1C149AFBF4C8996FB92427AE41E4649B934CA495991B7852B855","0"
"coq/V70_LIST_FILTER_PARTITION_062.vos","E3B0C44298FC1C149AFBF4C8996FB92427AE41E4649B934CA495991B7852B855","0"
"coq/V70_LIST_FILTER_PARTITION_063.glob","67E9FCC0B5CA103267046B2F2EB66FBA55A8F4C646038D7D7BD1A4F03D36116F","1146"
"coq/V70_LIST_FILTER_PARTITION_063.v","82666F1591EF88BD2563E37E2B6F67541D123F36008147D27329C6C92B387DB1","477"
"coq/V70_LIST_FILTER_PARTITION_063.vo","D6002A36A3EF77A77E5D521730C767B0230BBEC54848211319C9956E73C82586","9214"
"coq/V70_LIST_FILTER_PARTITION_063.vok","E3B0C44298FC1C149AFBF4C8996FB92427AE41E4649B934CA495991B7852B855","0"
"coq/V70_LIST_FILTER_PARTITION_063.vos","E3B0C44298FC1C149AFBF4C8996FB92427AE41E4649B934CA495991B7852B855","0"
"coq/V70_LIST_FILTER_PARTITION_064.glob","7BC78049DA092FFB9BEFD76A0CF8ABDB35F8FF2A0D5F2BFC47DC55C2CC2B6813","1146"
"coq/V70_LIST_FILTER_PARTITION_064.v","6E11CB7CA2B02BF774AE516F8B98FF71E49E0773BE628135A38D3915CC10E900","477"
"coq/V70_LIST_FILTER_PARTITION_064.vo","208B025FEE44C8A4DF5CB3DE3382EA98A395CD9D46C764D7F9DE52C9BF7F6989","9214"
"coq/V70_LIST_FILTER_PARTITION_064.vok","E3B0C44298FC1C149AFBF4C8996FB92427AE41E4649B934CA495991B7852B855","0"
"coq/V70_LIST_FILTER_PARTITION_064.vos","E3B0C44298FC1C149AFBF4C8996FB92427AE41E4649B934CA495991B7852B855","0"
"coq/V70_LIST_FILTER_PARTITION_065.glob","DE48775A2D4A82403183DF10DA620004C11037F988D29982B25FBD56024B2CE0","1146"
"coq/V70_LIST_FILTER_PARTITION_065.v","3F9F82A09876B80781F49DE5D8708F94D570F76E706C42B52F64EE7BF391C5D5","477"
"coq/V70_LIST_FILTER_PARTITION_065.vo","5082666F8E335123C6433E1E6621344BD462E16CF0693FDDADCAE7DF8201219D","9214"
"coq/V70_LIST_FILTER_PARTITION_065.vok","E3B0C44298FC1C149AFBF4C8996FB92427AE41E4649B934CA495991B7852B855","0"
"coq/V70_LIST_FILTER_PARTITION_065.vos","E3B0C44298FC1C149AFBF4C8996FB92427AE41E4649B934CA495991B7852B855","0"
"coq/V70_LIST_FILTER_PARTITION_066.glob","89134809862FA76EC5763BAE1934DC3A4A465F49F0689A7F0631448233E434E5","1146"
"coq/V70_LIST_FILTER_PARTITION_066.v","03DD9653BE07DAB9211DEE983135C4FA033BAF9C5451489BEAD365B9C4DBF1B0","477"
"coq/V70_LIST_FILTER_PARTITION_066.vo","98AD78512EB1A870FB9D42CB9CFBF5FCBF0DB97250B3B0C1C244D2F2202BA78C","9214"
"coq/V70_LIST_FILTER_PARTITION_066.vok","E3B0C44298FC1C149AFBF4C8996FB92427AE41E4649B934CA495991B7852B855","0"
"coq/V70_LIST_FILTER_PARTITION_066.vos","E3B0C44298FC1C149AFBF4C8996FB92427AE41E4649B934CA495991B7852B855","0"
"coq/V70_LIST_FILTER_PARTITION_067.glob","9A932CE7F985AE3DA07D40E24B79EF6FB31E114829144654C7C332F6EE5F03C7","1146"
"coq/V70_LIST_FILTER_PARTITION_067.v","1E7C664860F4949930B0561A9A1F95AA4C81CC664E920C8C1D67628C8F9512B6","477"
"coq/V70_LIST_FILTER_PARTITION_067.vo","60E000BC5C137DF510295848690105612B1CE47040DCFD8B8BE25EA4F8E09CE9","9214"
"coq/V70_LIST_FILTER_PARTITION_067.vok","E3B0C44298FC1C149AFBF4C8996FB92427AE41E4649B934CA495991B7852B855","0"
"coq/V70_LIST_FILTER_PARTITION_067.vos","E3B0C44298FC1C149AFBF4C8996FB92427AE41E4649B934CA495991B7852B855","0"
"coq/V70_LIST_FILTER_PARTITION_068.glob","1C0FC10B5E4295231828FDF3D228DA81F280F393D86EBBCCE024F59B422D698A","1146"
"coq/V70_LIST_FILTER_PARTITION_068.v","ED1AA6F4E4C9C9DB6C9FAE22C4B9B8ED6CF59A485FEE96EFA4D15550DFA7BBEB","477"
"coq/V70_LIST_FILTER_PARTITION_068.vo","052FB93762F54F232C7966451616B5FB2651B4A8C8A28C6A36076A65F6EDB342","9214"
"coq/V70_LIST_FILTER_PARTITION_068.vok","E3B0C44298FC1C149AFBF4C8996FB92427AE41E4649B934CA495991B7852B855","0"
"coq/V70_LIST_FILTER_PARTITION_068.vos","E3B0C44298FC1C149AFBF4C8996FB92427AE41E4649B934CA495991B7852B855","0"
"coq/V70_LIST_FILTER_PARTITION_069.glob","EBC62306DFA56B7369FC5AEDF2644F78A7C742247C8C50EA605F4E9C7923393C","1146"
"coq/V70_LIST_FILTER_PARTITION_069.v","CB68CFF444160D8F5AB589C04CA1A9AD71B8AEEC96E400E596ABEBBD36E965B5","477"
"coq/V70_LIST_FILTER_PARTITION_069.vo","0F81B5FB0AED764A80CA3A2B6F1F730E5870C7CF2E3185D39406E76E80A2C0D6","9214"
"coq/V70_LIST_FILTER_PARTITION_069.vok","E3B0C44298FC1C149AFBF4C8996FB92427AE41E4649B934CA495991B7852B855","0"
"coq/V70_LIST_FILTER_PARTITION_069.vos","E3B0C44298FC1C149AFBF4C8996FB92427AE41E4649B934CA495991B7852B855","0"
"coq/V70_LIST_FILTER_PARTITION_070.glob","3E8BAF326B7643C1A0793C413A2E04EB78B1F82B09D3B7A3A13375C314B16AAF","1146"
"coq/V70_LIST_FILTER_PARTITION_070.v","648B5B12881519377A64E903628449D8181B4C3F4F6D6EB08364BD4048EA33E0","477"
"coq/V70_LIST_FILTER_PARTITION_070.vo","8F9EAFAD25215258B256C40583526E0B9779DF98734476C7E36C0C4A79AE6779","9214"
"coq/V70_LIST_FILTER_PARTITION_070.vok","E3B0C44298FC1C149AFBF4C8996FB92427AE41E4649B934CA495991B7852B855","0"
"coq/V70_LIST_FILTER_PARTITION_070.vos","E3B0C44298FC1C149AFBF4C8996FB92427AE41E4649B934CA495991B7852B855","0"
"coq/V70_LIST_FILTER_PARTITION_071.glob","A561AECDE19578E384340F94F633B8688822F103FC4E9CCC09248E6B6F93D4FD","1146"
"coq/V70_LIST_FILTER_PARTITION_071.v","96DCA57880A315C9069AC225D508A76BA745EDC69AF7CDE90003341556E858D3","477"
"coq/V70_LIST_FILTER_PARTITION_071.vo","85F2F5CB918CF00578784A95AEF28463801EA27F688B6DD55CAB8C9A478E9147","9214"
"coq/V70_LIST_FILTER_PARTITION_071.vok","E3B0C44298FC1C149AFBF4C8996FB92427AE41E4649B934CA495991B7852B855","0"
"coq/V70_LIST_FILTER_PARTITION_071.vos","E3B0C44298FC1C149AFBF4C8996FB92427AE41E4649B934CA495991B7852B855","0"
"coq/V70_LIST_FILTER_PARTITION_072.glob","011E483FC2AB6FB26089F2E74104CABC6AAC7A6CC304265BDA6CF37323206CE5","1146"
"coq/V70_LIST_FILTER_PARTITION_072.v","5F39AF87D5F3EEB8256747469831F530D0743D3B27866B788418B893D57070BC","477"
"coq/V70_LIST_FILTER_PARTITION_072.vo","620693EEFDF864483CAABD03FBAE0A7244FE7369831866B74A67620E266BBDB5","9214"
"coq/V70_LIST_FILTER_PARTITION_072.vok","E3B0C44298FC1C149AFBF4C8996FB92427AE41E4649B934CA495991B7852B855","0"
"coq/V70_LIST_FILTER_PARTITION_072.vos","E3B0C44298FC1C149AFBF4C8996FB92427AE41E4649B934CA495991B7852B855","0"
"coq/V70_LIST_FILTER_PARTITION_073.glob","0277FD73714AEA757C24D9C2E8405D37D5C9C3DE0579D6C5B82B2CBB328D15BE","1146"
"coq/V70_LIST_FILTER_PARTITION_073.v","B25B742E83A496C96C5C42557EF9F926133C6C4DDA06A93EFEC0A533B9A3AA71","477"
"coq/V70_LIST_FILTER_PARTITION_073.vo","AB81C165C5F83A9FEFBD756883930D8948E1EE2BB89BCF77F3D9E5E72536E34D","9214"
"coq/V70_LIST_FILTER_PARTITION_073.vok","E3B0C44298FC1C149AFBF4C8996FB92427AE41E4649B934CA495991B7852B855","0"
"coq/V70_LIST_FILTER_PARTITION_073.vos","E3B0C44298FC1C149AFBF4C8996FB92427AE41E4649B934CA495991B7852B855","0"
"coq/V70_LIST_FILTER_PARTITION_074.glob","C82C87E93DCE47ECB892C816A8288692F3E8919CF0D8FB415953EF802607CAD3","1146"
"coq/V70_LIST_FILTER_PARTITION_074.v","31339D6CC3AEBA3D044E143FB7E8EC47C4C629020BEFD119CF92749387F1DCA9","477"
"coq/V70_LIST_FILTER_PARTITION_074.vo","E8C0602313D69EA04CF60A987027813EB7E720F8787BAB0D4A16BFDF8F4DB634","9214"
"coq/V70_LIST_FILTER_PARTITION_074.vok","E3B0C44298FC1C149AFBF4C8996FB92427AE41E4649B934CA495991B7852B855","0"
"coq/V70_LIST_FILTER_PARTITION_074.vos","E3B0C44298FC1C149AFBF4C8996FB92427AE41E4649B934CA495991B7852B855","0"
"coq/V70_LIST_FILTER_PARTITION_075.glob","A2E1FC7778CB1525FD8290AAE1BF073BF59961CAF29EBBB6E3681B5C2E65A974","1146"
"coq/V70_LIST_FILTER_PARTITION_075.v","5791EBFBA1B279EC613E6B1A051742ED1A5227966DCC2F9A505CB5C173C773DE","477"
"coq/V70_LIST_FILTER_PARTITION_075.vo","19DEAAC69BFA801BAC826EEF29118F824BF3D2A46F7FB8F87E05C23D18A67BC0","9214"
"coq/V70_LIST_FILTER_PARTITION_075.vok","E3B0C44298FC1C149AFBF4C8996FB92427AE41E4649B934CA495991B7852B855","0"
"coq/V70_LIST_FILTER_PARTITION_075.vos","E3B0C44298FC1C149AFBF4C8996FB92427AE41E4649B934CA495991B7852B855","0"
"coq/V70_LIST_FILTER_PARTITION_076.glob","EDBEF515F8CAD28E31C3550AB28CB64C00B609D3D37A0368D173015341E00179","1146"
"coq/V70_LIST_FILTER_PARTITION_076.v","0C0C7FBC8D75C4E4693DBD69AF9510E37EA538F43C38BCC836F5F05BB1AFFB7A","477"
"coq/V70_LIST_FILTER_PARTITION_076.vo","C1B9E45703A4188746AF0C088D7E9E83984F63A3D4259BBDD091A8B86C0473CE","9214"
"coq/V70_LIST_FILTER_PARTITION_076.vok","E3B0C44298FC1C149AFBF4C8996FB92427AE41E4649B934CA495991B7852B855","0"
"coq/V70_LIST_FILTER_PARTITION_076.vos","E3B0C44298FC1C149AFBF4C8996FB92427AE41E4649B934CA495991B7852B855","0"
"coq/V70_LIST_FILTER_PARTITION_077.glob","9DB0071975CA4322821ED161532D859869195FC903F3456B8EB4659A38E6B365","1146"
"coq/V70_LIST_FILTER_PARTITION_077.v","5123C798A84DDF2EAE867C6E9B16C99CEC90387BEBB081FDB2CF502E8DCFCB00","477"
"coq/V70_LIST_FILTER_PARTITION_077.vo","662DE3D6DC90C11996054D706BA2CC8CD5BE9AC0E6C1D9ADB43633595AF9932E","9214"
"coq/V70_LIST_FILTER_PARTITION_077.vok","E3B0C44298FC1C149AFBF4C8996FB92427AE41E4649B934CA495991B7852B855","0"
"coq/V70_LIST_FILTER_PARTITION_077.vos","E3B0C44298FC1C149AFBF4C8996FB92427AE41E4649B934CA495991B7852B855","0"
"coq/V70_LIST_FILTER_PARTITION_078.glob","0D5E6FB95B353F92C23889D3273F4E5A1F78073876DD6D90A17CFB1A7D0C94AE","1146"
"coq/V70_LIST_FILTER_PARTITION_078.v","9092190099ACA7E691D9122366300C8A9603ADB28EE102360A9C141577605827","477"
"coq/V70_LIST_FILTER_PARTITION_078.vo","BA439408964A58266BA15350AAC320C6B18EBF366784F93CF4016C0157140BCC","9214"
"coq/V70_LIST_FILTER_PARTITION_078.vok","E3B0C44298FC1C149AFBF4C8996FB92427AE41E4649B934CA495991B7852B855","0"
"coq/V70_LIST_FILTER_PARTITION_078.vos","E3B0C44298FC1C149AFBF4C8996FB92427AE41E4649B934CA495991B7852B855","0"
"coq/V70_LIST_FILTER_PARTITION_079.glob","FCD5BB1107BEE22B18F2E2EF88437094F55EA2FD3D8C2F601349389147045855","1146"
"coq/V70_LIST_FILTER_PARTITION_079.v","EC5C8E2B5B66E4A697AEA926EE149FD123ADDAD01E69303AF4DB7E41D4B602DC","477"
"coq/V70_LIST_FILTER_PARTITION_079.vo","2E216B22F4E3C38B2596A67C3DAD3186C6626E436444F7A218D93C442B4DC3D6","9214"
"coq/V70_LIST_FILTER_PARTITION_079.vok","E3B0C44298FC1C149AFBF4C8996FB92427AE41E4649B934CA495991B7852B855","0"
"coq/V70_LIST_FILTER_PARTITION_079.vos","E3B0C44298FC1C149AFBF4C8996FB92427AE41E4649B934CA495991B7852B855","0"
"coq/V70_LIST_FILTER_PARTITION_080.glob","AA7A78DCED75178F10ECA4317165A5F4DEAB55ECEDABE7CF0D927BB2F8D17973","1146"
"coq/V70_LIST_FILTER_PARTITION_080.v","0DF11FA670E916F5AD1BD0D1E2FB82A436B41FBC12C7BF0C692B49EA368E30C1","477"
"coq/V70_LIST_FILTER_PARTITION_080.vo","97846636A4FFE9B21F7E80D099C95A4521AFF411FBE33677406EB4FEBEB10DC0","9214"
"coq/V70_LIST_FILTER_PARTITION_080.vok","E3B0C44298FC1C149AFBF4C8996FB92427AE41E4649B934CA495991B7852B855","0"
"coq/V70_LIST_FILTER_PARTITION_080.vos","E3B0C44298FC1C149AFBF4C8996FB92427AE41E4649B934CA495991B7852B855","0"
"coq/V70_LIST_MAP_APP_001.glob","3E6D0C740E807BC9A244EFF8F2885589E8C8ECB2A3BEF7FB3A2802937F7E0104","1478"
"coq/V70_LIST_MAP_APP_001.v","72FDE63F91429D204FBC09F25F617D506CEAFB6272283D89ACB100BB288A7932","469"
"coq/V70_LIST_MAP_APP_001.vo","4EDDE12A48DC8F7F01C80B22175DC744C5263C45908BA4DDBFA454A0C102A2F0","9520"
"coq/V70_LIST_MAP_APP_001.vok","E3B0C44298FC1C149AFBF4C8996FB92427AE41E4649B934CA495991B7852B855","0"
"coq/V70_LIST_MAP_APP_001.vos","E3B0C44298FC1C149AFBF4C8996FB92427AE41E4649B934CA495991B7852B855","0"
"coq/V70_LIST_MAP_APP_002.glob","8174AA99D51AA26EC78AB065122F279A89D2A9B39174ACCB4ACAAA4F352B7CDF","1478"
"coq/V70_LIST_MAP_APP_002.v","970EF03C57A75262B76E64C1EC5B40346DBAB111503EA6F439DEA0542912B5F9","469"
"coq/V70_LIST_MAP_APP_002.vo","3DB40B73E0218B8EBFCA1900FB928DD766DA3C793507C378D05630DB4E679B26","9520"
"coq/V70_LIST_MAP_APP_002.vok","E3B0C44298FC1C149AFBF4C8996FB92427AE41E4649B934CA495991B7852B855","0"
"coq/V70_LIST_MAP_APP_002.vos","E3B0C44298FC1C149AFBF4C8996FB92427AE41E4649B934CA495991B7852B855","0"
"coq/V70_LIST_MAP_APP_003.glob","C5C33C77AF11229768DD76B9D4FA6DA8272D781306793EC1FB9A320CC9BB4D91","1478"
"coq/V70_LIST_MAP_APP_003.v","D1CB2A42CA589F21AD941C0BF185DC064E9263C514608A7C62BF736B6ED56E72","469"
"coq/V70_LIST_MAP_APP_003.vo","338E72AA0AA977F717FFD394996B61FCCBDD4E4E7F07C429480A53E048BBE436","9520"
"coq/V70_LIST_MAP_APP_003.vok","E3B0C44298FC1C149AFBF4C8996FB92427AE41E4649B934CA495991B7852B855","0"
"coq/V70_LIST_MAP_APP_003.vos","E3B0C44298FC1C149AFBF4C8996FB92427AE41E4649B934CA495991B7852B855","0"
"coq/V70_LIST_MAP_APP_004.glob","3937A3DAF92303E24153B790670D4BC5FB7900A17034261C8CD6DC520BFCD278","1478"
"coq/V70_LIST_MAP_APP_004.v","964F0439F15A8F7A4E721E0E0C012E9D5F7FAA2E1C906D4B6DFB29C17B262FB7","469"
"coq/V70_LIST_MAP_APP_004.vo","123ABC3FB568F67079DC05A0569BB529CAC801AE6805C8BD477EB1FB96B1C519","9520"
"coq/V70_LIST_MAP_APP_004.vok","E3B0C44298FC1C149AFBF4C8996FB92427AE41E4649B934CA495991B7852B855","0"
"coq/V70_LIST_MAP_APP_004.vos","E3B0C44298FC1C149AFBF4C8996FB92427AE41E4649B934CA495991B7852B855","0"
"coq/V70_LIST_MAP_APP_005.glob","AE397EF66220950E4178CB8FB09900DF122C9DD9AB7D4F1B265DB3B2A0841DD3","1478"
"coq/V70_LIST_MAP_APP_005.v","4F89931100689831674D89712A0811EEAF3C9B3FC88F14CD6E68D9E35DF0342F","469"
"coq/V70_LIST_MAP_APP_005.vo","393F552B29CE20C5329432CA44625A2BFC2335779B1460EADAEADD583F8839BD","9520"
"coq/V70_LIST_MAP_APP_005.vok","E3B0C44298FC1C149AFBF4C8996FB92427AE41E4649B934CA495991B7852B855","0"
"coq/V70_LIST_MAP_APP_005.vos","E3B0C44298FC1C149AFBF4C8996FB92427AE41E4649B934CA495991B7852B855","0"
"coq/V70_LIST_MAP_APP_006.glob","2D2F00A785FCCCFCF83130813FAC584BB80AC18F4CBADD930FF570BFAB5C02B6","1478"
"coq/V70_LIST_MAP_APP_006.v","90AAD8BFEB8C06E8A89AA0534481741D1BB98EB4C0598651E6FDC37C32929629","469"
"coq/V70_LIST_MAP_APP_006.vo","EEE02F18E2B6D19F2D2832DBB8A4A3EB6362BF00F6174B5FE09D8A7ECE7C43EF","9520"
"coq/V70_LIST_MAP_APP_006.vok","E3B0C44298FC1C149AFBF4C8996FB92427AE41E4649B934CA495991B7852B855","0"
"coq/V70_LIST_MAP_APP_006.vos","E3B0C44298FC1C149AFBF4C8996FB92427AE41E4649B934CA495991B7852B855","0"
"coq/V70_LIST_MAP_APP_007.glob","12552C2E7494956DE26812758A624C5B1CEEA8D4AB3C280FFBD6DFDC38AB189B","1478"
"coq/V70_LIST_MAP_APP_007.v","0DC4399F176E6C00132EAED60C18CD9CAD8EADE7322319187BB9F577A81FBA4D","469"
"coq/V70_LIST_MAP_APP_007.vo","798317331E2AA58AEAE3F54A1B7D4DD5485EAACDA7A24848EE386304CB309600","9520"
"coq/V70_LIST_MAP_APP_007.vok","E3B0C44298FC1C149AFBF4C8996FB92427AE41E4649B934CA495991B7852B855","0"
"coq/V70_LIST_MAP_APP_007.vos","E3B0C44298FC1C149AFBF4C8996FB92427AE41E4649B934CA495991B7852B855","0"
"coq/V70_LIST_MAP_APP_008.glob","3004496310D24EDDEBAB2EE6683CBC0EC621E39BB797EA4A1E58DE2FFE2F6CF1","1478"
"coq/V70_LIST_MAP_APP_008.v","6F25B5AD9B95B8C993A3453F6FEAC11EDECBE59595A067D73C64152A2BB3BF41","469"
"coq/V70_LIST_MAP_APP_008.vo","3CF767D5B4B651034F5498C06661C1EC3B5165AE81953443A3DEBE85441FA31E","9520"
"coq/V70_LIST_MAP_APP_008.vok","E3B0C44298FC1C149AFBF4C8996FB92427AE41E4649B934CA495991B7852B855","0"
"coq/V70_LIST_MAP_APP_008.vos","E3B0C44298FC1C149AFBF4C8996FB92427AE41E4649B934CA495991B7852B855","0"
"coq/V70_LIST_MAP_APP_009.glob","24C234665017C1485425BFE7D5881EBDF4E6279678EE921981FD2E2C032E9A48","1478"
"coq/V70_LIST_MAP_APP_009.v","8C4CA0759F3A59211FEBAA403E63A1D6A03DFD4128BD130EC0E45CF370E119E6","469"
"coq/V70_LIST_MAP_APP_009.vo","72EC92627BAFA3720D3D795289D0E91645AAE4085A1D9A68485D0ECBBACB6766","9520"
"coq/V70_LIST_MAP_APP_009.vok","E3B0C44298FC1C149AFBF4C8996FB92427AE41E4649B934CA495991B7852B855","0"
"coq/V70_LIST_MAP_APP_009.vos","E3B0C44298FC1C149AFBF4C8996FB92427AE41E4649B934CA495991B7852B855","0"
"coq/V70_LIST_MAP_APP_010.glob","C2DD211D2A2D331DFA2101BDAF60FB0F97626B6856F8456ACB8CD4EBC3145AD0","1480"
"coq/V70_LIST_MAP_APP_010.v","BD9EBF3CBAF23A61F8D4981F5CF58D257909B4A860B53423E0B88B93E1D03B88","471"
"coq/V70_LIST_MAP_APP_010.vo","A2B780D9DB3F88BE4BCD7A148E25E4A3CEF31C6A8C87188FE8892B5DD8DF039A","9522"
"coq/V70_LIST_MAP_APP_010.vok","E3B0C44298FC1C149AFBF4C8996FB92427AE41E4649B934CA495991B7852B855","0"
"coq/V70_LIST_MAP_APP_010.vos","E3B0C44298FC1C149AFBF4C8996FB92427AE41E4649B934CA495991B7852B855","0"
"coq/V70_LIST_MAP_APP_011.glob","4C21AABA7E92FFDED2C316404891B18345323C1AAD5A91484F7A2CFDA45D99EC","1480"
"coq/V70_LIST_MAP_APP_011.v","D8494F0578EE56E930801320B2E4B5F344DEB8F75B85AAA405E2246BE0CA48BB","471"
"coq/V70_LIST_MAP_APP_011.vo","C92FFBB725995728CEBC7DDA7A6D1785B9D12336FCD446CA05B3F3EED81E48B5","9522"
"coq/V70_LIST_MAP_APP_011.vok","E3B0C44298FC1C149AFBF4C8996FB92427AE41E4649B934CA495991B7852B855","0"
"coq/V70_LIST_MAP_APP_011.vos","E3B0C44298FC1C149AFBF4C8996FB92427AE41E4649B934CA495991B7852B855","0"
"coq/V70_LIST_MAP_APP_012.glob","A0C861375AA450E9FB8E0385085839CD788D2A0BC15FA6AAF0C9EB1B92C12B98","1480"
"coq/V70_LIST_MAP_APP_012.v","EC18888BDDAD081117D36E506CCDFB477DFAD8B268BFBB6B4FA6218EDCFBE532","471"
"coq/V70_LIST_MAP_APP_012.vo","BF3F5B285F5102540F94D3CB6D86D2CDB29FF58F53E569A3678B3E65423718BB","9522"
"coq/V70_LIST_MAP_APP_012.vok","E3B0C44298FC1C149AFBF4C8996FB92427AE41E4649B934CA495991B7852B855","0"
"coq/V70_LIST_MAP_APP_012.vos","E3B0C44298FC1C149AFBF4C8996FB92427AE41E4649B934CA495991B7852B855","0"
"coq/V70_LIST_MAP_APP_013.glob","CE9DC075DD02D1048E354E42B64626C31B85DCB88C7CC49E8F4AE02EFAED7836","1480"
"coq/V70_LIST_MAP_APP_013.v","2266635A74880436696385E364C82D5AD933FB5DF2E5536651FE85509699020C","471"
"coq/V70_LIST_MAP_APP_013.vo","6BE8CD5B9C483147A275BF40D99D33B8C4B4571AC17C56C94C639BBE23B482A8","9522"
"coq/V70_LIST_MAP_APP_013.vok","E3B0C44298FC1C149AFBF4C8996FB92427AE41E4649B934CA495991B7852B855","0"
"coq/V70_LIST_MAP_APP_013.vos","E3B0C44298FC1C149AFBF4C8996FB92427AE41E4649B934CA495991B7852B855","0"
"coq/V70_LIST_MAP_APP_014.glob","22019BDF7A75B09052DE162076AF57F879A43FA60E072941B0CDB6A2B082CF8D","1480"
"coq/V70_LIST_MAP_APP_014.v","969388BE62045A64D5804DC9C62C9C3D5F3FCF90D457E81E8FF977278DDCA172","471"
"coq/V70_LIST_MAP_APP_014.vo","EF62C2ED573F811188754A167BC157A96ADA38F27B6F28969E1979A2A42BD63C","9522"
"coq/V70_LIST_MAP_APP_014.vok","E3B0C44298FC1C149AFBF4C8996FB92427AE41E4649B934CA495991B7852B855","0"
"coq/V70_LIST_MAP_APP_014.vos","E3B0C44298FC1C149AFBF4C8996FB92427AE41E4649B934CA495991B7852B855","0"
"coq/V70_LIST_MAP_APP_015.glob","76792CB1147ACD506311D9847930B51574001D6094E73B49DBF0E94C26C03954","1480"
"coq/V70_LIST_MAP_APP_015.v","1F422CE38E94EA5063FC6D1855A9AE791302AEBAD81DACEE92FF4608F7EAE7C1","471"
"coq/V70_LIST_MAP_APP_015.vo","B740489054F446DB4CB9CE185B916D0F9CBEAABAE1469F5DBF693ABD01A52C03","9522"
"coq/V70_LIST_MAP_APP_015.vok","E3B0C44298FC1C149AFBF4C8996FB92427AE41E4649B934CA495991B7852B855","0"
"coq/V70_LIST_MAP_APP_015.vos","E3B0C44298FC1C149AFBF4C8996FB92427AE41E4649B934CA495991B7852B855","0"
"coq/V70_LIST_MAP_APP_016.glob","31955C77DF751D65281AECCCD8A7B520B9BA92DC97C6647C774925F6BB3A220C","1480"
"coq/V70_LIST_MAP_APP_016.v","D64FB0BB667993FA1B970CEF9D9FD215C1AEE3DCCCDAE537B274D439448ED9B1","471"
"coq/V70_LIST_MAP_APP_016.vo","6A9FCCF9B85EA084A6DAEA02A84DB36757EA1D38AA27DCFE0A578E5F254B56E9","9522"
"coq/V70_LIST_MAP_APP_016.vok","E3B0C44298FC1C149AFBF4C8996FB92427AE41E4649B934CA495991B7852B855","0"
"coq/V70_LIST_MAP_APP_016.vos","E3B0C44298FC1C149AFBF4C8996FB92427AE41E4649B934CA495991B7852B855","0"
"coq/V70_LIST_MAP_APP_017.glob","93250EBE7876CD4F1333BA1C78668E6E820F014B3BCC4198B9162BCBBD70D630","1480"
"coq/V70_LIST_MAP_APP_017.v","52E8FBA15D700B00FBC2B5AE6EB5EEF39B0AEDF05FAC0A5F6C6B0B6C6486743A","471"
"coq/V70_LIST_MAP_APP_017.vo","A6D62D1C8C6F685D03EBA0270397FE615732AE732441B3EBA5A070AF737ED276","9522"
"coq/V70_LIST_MAP_APP_017.vok","E3B0C44298FC1C149AFBF4C8996FB92427AE41E4649B934CA495991B7852B855","0"
"coq/V70_LIST_MAP_APP_017.vos","E3B0C44298FC1C149AFBF4C8996FB92427AE41E4649B934CA495991B7852B855","0"
"coq/V70_LIST_MAP_APP_018.glob","9163A3FB5A964D87CA7A8F3AEA37C063F1D41B255234F2C552F44D611E6D00F1","1480"
"coq/V70_LIST_MAP_APP_018.v","6E73F298602E8085FE56FBC5E1C5C808B9D914F5D4CE277E2E32835D9AEB229E","471"
"coq/V70_LIST_MAP_APP_018.vo","14E83748185AE199C8254385FFD3BCA257E7BD4662277E06DDB3558CDA586951","9522"
"coq/V70_LIST_MAP_APP_018.vok","E3B0C44298FC1C149AFBF4C8996FB92427AE41E4649B934CA495991B7852B855","0"
"coq/V70_LIST_MAP_APP_018.vos","E3B0C44298FC1C149AFBF4C8996FB92427AE41E4649B934CA495991B7852B855","0"
"coq/V70_LIST_MAP_APP_019.glob","40149F535FB2EA0BF16E56E07E403512EA50B991A3200F873B8707F4E1DC9835","1480"
"coq/V70_LIST_MAP_APP_019.v","7D1C17B5B897A08C0DC2D357F8CCFF32E6E0B2CE0513157EECE34765F9FCB79C","471"
"coq/V70_LIST_MAP_APP_019.vo","0A688695C12EEBE17051B8DCADC36BF9043B6DD318BA24C1B469FAA1A32695B6","9522"
"coq/V70_LIST_MAP_APP_019.vok","E3B0C44298FC1C149AFBF4C8996FB92427AE41E4649B934CA495991B7852B855","0"
"coq/V70_LIST_MAP_APP_019.vos","E3B0C44298FC1C149AFBF4C8996FB92427AE41E4649B934CA495991B7852B855","0"
"coq/V70_LIST_MAP_APP_020.glob","EF9235D5424767CB0A8CF6E82DC998078399A5C7477A530F25E42A0F7E821E35","1480"
"coq/V70_LIST_MAP_APP_020.v","4D04BDC1C9ED32FA34948952186DAB12B2B50712308C81BBEB58782B45513187","471"
"coq/V70_LIST_MAP_APP_020.vo","CB58E065D3D2ED1F9EA16CBC37BE11ADD1C6D1C0385B75572A8A8C1C8C152B0A","9522"
"coq/V70_LIST_MAP_APP_020.vok","E3B0C44298FC1C149AFBF4C8996FB92427AE41E4649B934CA495991B7852B855","0"
"coq/V70_LIST_MAP_APP_020.vos","E3B0C44298FC1C149AFBF4C8996FB92427AE41E4649B934CA495991B7852B855","0"
"coq/V70_LIST_MAP_APP_021.glob","C913A166F35A0375D886A2B7286DAE1CBAA62ABCFD75E231013584FADC3397BD","1480"
"coq/V70_LIST_MAP_APP_021.v","F8C5F8DD440BE3303D42F5DA4DC9845CDD67BB8D9737C95558CE6BD1F03B9F13","471"
"coq/V70_LIST_MAP_APP_021.vo","AE946594643794AEF504FC2FA863B59889A2CFF265254341F37E3CE391D3BD96","9522"
"coq/V70_LIST_MAP_APP_021.vok","E3B0C44298FC1C149AFBF4C8996FB92427AE41E4649B934CA495991B7852B855","0"
"coq/V70_LIST_MAP_APP_021.vos","E3B0C44298FC1C149AFBF4C8996FB92427AE41E4649B934CA495991B7852B855","0"
"coq/V70_LIST_MAP_APP_022.glob","408B15C276771BA139C5F777DE656C5F12B0CA9F4784954F8D5108E0AF86BE1A","1480"
"coq/V70_LIST_MAP_APP_022.v","C14E1DAE9AB1285633BE1B577E31DCFC672C141E6D6DD3EA20236DC7F8A02C3C","471"
"coq/V70_LIST_MAP_APP_022.vo","4E84E31CD0327F36F3C8A9B6DCA3ADFA21C5E20BB7AF7E517D34AEB9C8029C4C","9522"
"coq/V70_LIST_MAP_APP_022.vok","E3B0C44298FC1C149AFBF4C8996FB92427AE41E4649B934CA495991B7852B855","0"
"coq/V70_LIST_MAP_APP_022.vos","E3B0C44298FC1C149AFBF4C8996FB92427AE41E4649B934CA495991B7852B855","0"
"coq/V70_LIST_MAP_APP_023.glob","63B973D58387551195ABA04296FFEDD27B10BDAD08351F7A2353A12D96DF4969","1480"
"coq/V70_LIST_MAP_APP_023.v","09F98C3859C1B8F7B9D2BCA0CB951E2F3B1379BB7EF4DB37B05D21B8A1CE7F76","471"
"coq/V70_LIST_MAP_APP_023.vo","034AA5E86D50B9BA3356DC3CF3A539D781D8EFF15DF1AC66610EB6DFE8E12AB3","9522"
"coq/V70_LIST_MAP_APP_023.vok","E3B0C44298FC1C149AFBF4C8996FB92427AE41E4649B934CA495991B7852B855","0"
"coq/V70_LIST_MAP_APP_023.vos","E3B0C44298FC1C149AFBF4C8996FB92427AE41E4649B934CA495991B7852B855","0"
"coq/V70_LIST_MAP_APP_024.glob","AC4CD9065F6D7D162202C9522780C288144BF05DFA202BC3DFC4F15859A188F6","1480"
"coq/V70_LIST_MAP_APP_024.v","748A81C902F7BF63D9DF728F4A948D45C716877082059D6244526F4CB5D2E657","471"
"coq/V70_LIST_MAP_APP_024.vo","F52E0AA3FF83ABF24FCAEA175D33464A44B088C775997345981933695C760129","9522"
"coq/V70_LIST_MAP_APP_024.vok","E3B0C44298FC1C149AFBF4C8996FB92427AE41E4649B934CA495991B7852B855","0"
"coq/V70_LIST_MAP_APP_024.vos","E3B0C44298FC1C149AFBF4C8996FB92427AE41E4649B934CA495991B7852B855","0"
"coq/V70_LIST_MAP_APP_025.glob","96B848F1822DB513AC7D3C4DA25A3A0E65823E07BC2EAB8748245B030D0AAA18","1480"
"coq/V70_LIST_MAP_APP_025.v","0DBD9EBD786397ED5DDBC637BFE04B6EAD36C49497882B00724BB7AC61A7E73B","471"
"coq/V70_LIST_MAP_APP_025.vo","51BE20D11747F5E402AE5CE1A3A9BC228452597A5D440388EE36D691E0250C05","9522"
"coq/V70_LIST_MAP_APP_025.vok","E3B0C44298FC1C149AFBF4C8996FB92427AE41E4649B934CA495991B7852B855","0"
"coq/V70_LIST_MAP_APP_025.vos","E3B0C44298FC1C149AFBF4C8996FB92427AE41E4649B934CA495991B7852B855","0"
"coq/V70_LIST_MAP_APP_026.glob","0FACAAD7A5B64D7A8B38304276CA82082B5A4FAB0DE8FAEC83DE56622E35A679","1480"
"coq/V70_LIST_MAP_APP_026.v","AA64EDE929A15B50338509C7622C9B7BC936ABA879B2651294348452033453DE","471"
"coq/V70_LIST_MAP_APP_026.vo","C96DF879319900C94E9073C171C99DD4CD47582E90D3263FEFE5D689A89404D9","9522"
"coq/V70_LIST_MAP_APP_026.vok","E3B0C44298FC1C149AFBF4C8996FB92427AE41E4649B934CA495991B7852B855","0"
"coq/V70_LIST_MAP_APP_026.vos","E3B0C44298FC1C149AFBF4C8996FB92427AE41E4649B934CA495991B7852B855","0"
"coq/V70_LIST_MAP_APP_027.glob","4D0C4E101C9C8D191F5CF563160E6CF76B72B2908837057226D3D25B0B85C60D","1480"
"coq/V70_LIST_MAP_APP_027.v","861475B93AA18C63E41AE351EEC4D1E16BA236D80AA16C564FEA5B3D9E8508BB","471"
"coq/V70_LIST_MAP_APP_027.vo","B0AE1D54E7437A4BD11CC23897BD065E6DA4F4525E0036504F3C280B35129DF9","9522"
"coq/V70_LIST_MAP_APP_027.vok","E3B0C44298FC1C149AFBF4C8996FB92427AE41E4649B934CA495991B7852B855","0"
"coq/V70_LIST_MAP_APP_027.vos","E3B0C44298FC1C149AFBF4C8996FB92427AE41E4649B934CA495991B7852B855","0"
"coq/V70_LIST_MAP_APP_028.glob","D805CB6A34B218692CA3089CD3E91EE2A20FB1A706EB445350438CD8B11F1CB7","1480"
"coq/V70_LIST_MAP_APP_028.v","24EA9977243D2C5325C6BDB8C3380391C03A55D530021774F80970609295B44A","471"
"coq/V70_LIST_MAP_APP_028.vo","C7DA5FCC654AF6C1590702C218AA8FF742FB00A6E0AE55A3BA34B9EAD549E73E","9522"
"coq/V70_LIST_MAP_APP_028.vok","E3B0C44298FC1C149AFBF4C8996FB92427AE41E4649B934CA495991B7852B855","0"
"coq/V70_LIST_MAP_APP_028.vos","E3B0C44298FC1C149AFBF4C8996FB92427AE41E4649B934CA495991B7852B855","0"
"coq/V70_LIST_MAP_APP_029.glob","FDABA4EE642F5E6AA232E35E07B67C228627B18363D9CE90D3AA4F93F48E410E","1480"
"coq/V70_LIST_MAP_APP_029.v","A1FA9C7258528591E7BF319F3A2176C26BD745570BA8F7D1BA2C0790980E9F1D","471"
"coq/V70_LIST_MAP_APP_029.vo","6769B452609F588CB9E4EDB1D5416E0C87D74A245B931AA22DE466AB89CA22E9","9522"
"coq/V70_LIST_MAP_APP_029.vok","E3B0C44298FC1C149AFBF4C8996FB92427AE41E4649B934CA495991B7852B855","0"
"coq/V70_LIST_MAP_APP_029.vos","E3B0C44298FC1C149AFBF4C8996FB92427AE41E4649B934CA495991B7852B855","0"
"coq/V70_LIST_MAP_APP_030.glob","1DCE0CABC9699CAA35E96201CF1CCCAF7565FEE1F54643BA0F1835C99E929427","1480"
"coq/V70_LIST_MAP_APP_030.v","B14CF994BD8ED6FE7E0A2B111838667AFBB6BC929B49E40C79C7C54E01B1E9BE","471"
"coq/V70_LIST_MAP_APP_030.vo","56AC9E82796EB9ADA11702A88B19D47CDABA7840C77E3C47346468C7700B8415","9522"
"coq/V70_LIST_MAP_APP_030.vok","E3B0C44298FC1C149AFBF4C8996FB92427AE41E4649B934CA495991B7852B855","0"
"coq/V70_LIST_MAP_APP_030.vos","E3B0C44298FC1C149AFBF4C8996FB92427AE41E4649B934CA495991B7852B855","0"
"coq/V70_LIST_MAP_APP_031.glob","4278563CBB29DF7D89BC42CF56217C7A6ABC109A41710325CE31113AE39B3A2B","1480"
"coq/V70_LIST_MAP_APP_031.v","CE781FC4CD87AEA4CA6AD8A009B89A308CC8A411326265FECE38967B3770A358","471"
"coq/V70_LIST_MAP_APP_031.vo","08734751706DFF3A00AD79817EC4713996DF5E29FD59437FEC7963253C090FE8","9522"
"coq/V70_LIST_MAP_APP_031.vok","E3B0C44298FC1C149AFBF4C8996FB92427AE41E4649B934CA495991B7852B855","0"
"coq/V70_LIST_MAP_APP_031.vos","E3B0C44298FC1C149AFBF4C8996FB92427AE41E4649B934CA495991B7852B855","0"
"coq/V70_LIST_MAP_APP_032.glob","589330864CA2A57088EDC024ABC38A0EDDC1FD062006429EDD7B7F38EF9A7629","1480"
"coq/V70_LIST_MAP_APP_032.v","7CB6A3550343BC9F3C671E4045444CD94A5FA021E3FFEF15F9E96AEC9DF3D253","471"
"coq/V70_LIST_MAP_APP_032.vo","566D891A27EC0C7EE289B2DEDA2D648653973EE4BBD012E32474A833A9DF2EB5","9522"
"coq/V70_LIST_MAP_APP_032.vok","E3B0C44298FC1C149AFBF4C8996FB92427AE41E4649B934CA495991B7852B855","0"
"coq/V70_LIST_MAP_APP_032.vos","E3B0C44298FC1C149AFBF4C8996FB92427AE41E4649B934CA495991B7852B855","0"
"coq/V70_LIST_MAP_APP_033.glob","C80B9C9540B8B1644F6396B27B0C44B851EE758A2DF1E26539B7E3571A71FDAD","1480"
"coq/V70_LIST_MAP_APP_033.v","B03F7A64EA6AB4E2B8F68271760D24C6E663EE8A00BABE55CE135B585F1148A9","471"
"coq/V70_LIST_MAP_APP_033.vo","206E56F1ADD968F758CEE8F082CE94C8679C45A54E6660F95430BF758FF415BE","9522"
"coq/V70_LIST_MAP_APP_033.vok","E3B0C44298FC1C149AFBF4C8996FB92427AE41E4649B934CA495991B7852B855","0"
"coq/V70_LIST_MAP_APP_033.vos","E3B0C44298FC1C149AFBF4C8996FB92427AE41E4649B934CA495991B7852B855","0"
"coq/V70_LIST_MAP_APP_034.glob","5C18ABF90E2E2F146E8CD2BF952D5D018E09A61E929EC3AA5B8F0CC9809A0451","1480"
"coq/V70_LIST_MAP_APP_034.v","E0C3623B319BF17E79917AF729A9D1E70EF4289AB566630B9D5759DB5BC45E29","471"
"coq/V70_LIST_MAP_APP_034.vo","B357B40B4DDE75425352AE18D4E5C49DC3A21C2FE145B615ECD985E037FD175D","9522"
"coq/V70_LIST_MAP_APP_034.vok","E3B0C44298FC1C149AFBF4C8996FB92427AE41E4649B934CA495991B7852B855","0"
"coq/V70_LIST_MAP_APP_034.vos","E3B0C44298FC1C149AFBF4C8996FB92427AE41E4649B934CA495991B7852B855","0"
"coq/V70_LIST_MAP_APP_035.glob","1A9266502A2814971DE8928344A0807418952C3A8A81BA5010C2FB56395F0C63","1480"
"coq/V70_LIST_MAP_APP_035.v","6706BF32C465B933D741BAADA0D400172C63726C8ED1A0CF9F2E7B43BEA83A6F","471"
"coq/V70_LIST_MAP_APP_035.vo","E882AB03FE5ACB89C998B9EF88E06E7A3C01FD51CDD3CF470906C00D80227E8C","9522"
"coq/V70_LIST_MAP_APP_035.vok","E3B0C44298FC1C149AFBF4C8996FB92427AE41E4649B934CA495991B7852B855","0"
"coq/V70_LIST_MAP_APP_035.vos","E3B0C44298FC1C149AFBF4C8996FB92427AE41E4649B934CA495991B7852B855","0"
"coq/V70_LIST_MAP_APP_036.glob","ED0DAF9C7A283DF0F80091E46156A073D3127D109DEEB5C700A9BE773759B8B5","1480"
"coq/V70_LIST_MAP_APP_036.v","7F70AC8C4571A50982FDCE8E3F3C7809B931F472DE946C77161DB279E6DE2CB7","471"
"coq/V70_LIST_MAP_APP_036.vo","55C891584D31A1A359BCDEA633927D6AB29F032A2DCBF7DEBC3C67FE43FCE5CA","9522"
"coq/V70_LIST_MAP_APP_036.vok","E3B0C44298FC1C149AFBF4C8996FB92427AE41E4649B934CA495991B7852B855","0"
"coq/V70_LIST_MAP_APP_036.vos","E3B0C44298FC1C149AFBF4C8996FB92427AE41E4649B934CA495991B7852B855","0"
"coq/V70_LIST_MAP_APP_037.glob","216E33ECD622143403A88C0DAD8436DB18978327E2EB71701D0F0B2D6D2A01C8","1480"
"coq/V70_LIST_MAP_APP_037.v","30F9D3E5E05C6A52289BA6D0974C73880E407CC7E39AB432CE452282FA2EFFF3","471"
"coq/V70_LIST_MAP_APP_037.vo","2FFA1CA65C1B75379112E7962A108790C178DB97AA7081B59A55F73476F04B9D","9522"
"coq/V70_LIST_MAP_APP_037.vok","E3B0C44298FC1C149AFBF4C8996FB92427AE41E4649B934CA495991B7852B855","0"
"coq/V70_LIST_MAP_APP_037.vos","E3B0C44298FC1C149AFBF4C8996FB92427AE41E4649B934CA495991B7852B855","0"
"coq/V70_LIST_MAP_APP_038.glob","544E6420C3DC745B74C8AB74E2A9C58A29E71FAEF823B668AF75317BBC66D93B","1480"
"coq/V70_LIST_MAP_APP_038.v","D267106CE23D1B2FF058CBE3E488474BA6A955F5B26FECB75AF74CF2A5E0B389","471"
"coq/V70_LIST_MAP_APP_038.vo","14EF894396D4BD40B20BA30E5B8D44F8C6996A949E00979BB7D718388F380732","9522"
"coq/V70_LIST_MAP_APP_038.vok","E3B0C44298FC1C149AFBF4C8996FB92427AE41E4649B934CA495991B7852B855","0"
"coq/V70_LIST_MAP_APP_038.vos","E3B0C44298FC1C149AFBF4C8996FB92427AE41E4649B934CA495991B7852B855","0"
"coq/V70_LIST_MAP_APP_039.glob","307CD61E354FD1E518FE14BA80913287F6687DCBED2C4586BC54A12426C3B08C","1480"
"coq/V70_LIST_MAP_APP_039.v","5E35C00335480B9E445E2E6F5DA241271AD010EB1FDE71BD3062C43D0DBFEBB8","471"
"coq/V70_LIST_MAP_APP_039.vo","DD8F4B5F33B4FCD6C542991C8FC79C4FF20DEC05B238CDB6A5FF1BAE279520DD","9522"
"coq/V70_LIST_MAP_APP_039.vok","E3B0C44298FC1C149AFBF4C8996FB92427AE41E4649B934CA495991B7852B855","0"
"coq/V70_LIST_MAP_APP_039.vos","E3B0C44298FC1C149AFBF4C8996FB92427AE41E4649B934CA495991B7852B855","0"
"coq/V70_LIST_MAP_APP_040.glob","52E239FBCEAA5ACDFF3D688675722CBD1799D6DCC0D15668B9A56A91FEF934FC","1480"
"coq/V70_LIST_MAP_APP_040.v","5D25416E52D2FDB4239EF7269076EA50A971772F33A50A8371E0A0E7DEFBBB5C","471"
"coq/V70_LIST_MAP_APP_040.vo","6E444C90D4A852E9FDBF0F5C1EBC35A4B14F119DEBDEE876531DF26C72E9AD84","9522"
"coq/V70_LIST_MAP_APP_040.vok","E3B0C44298FC1C149AFBF4C8996FB92427AE41E4649B934CA495991B7852B855","0"
"coq/V70_LIST_MAP_APP_040.vos","E3B0C44298FC1C149AFBF4C8996FB92427AE41E4649B934CA495991B7852B855","0"
"coq/V70_LIST_MAP_APP_041.glob","605EE8A6505DC4002DE013C1EA00DF749D5E5E2383599853C045608DB64ACD12","1480"
"coq/V70_LIST_MAP_APP_041.v","759858F4981E19141585CE3E0BA7FD769DA3E9EE28661BEDB17E71C75B2759CE","471"
"coq/V70_LIST_MAP_APP_041.vo","FDB755B1E1B8D610241A0609AE0C9ADAF73F700BD84F19F277D01679F192D336","9522"
"coq/V70_LIST_MAP_APP_041.vok","E3B0C44298FC1C149AFBF4C8996FB92427AE41E4649B934CA495991B7852B855","0"
"coq/V70_LIST_MAP_APP_041.vos","E3B0C44298FC1C149AFBF4C8996FB92427AE41E4649B934CA495991B7852B855","0"
"coq/V70_LIST_MAP_APP_042.glob","DCBC1F5C5CDFCF14DC247560FA75E96CFA3E1BE18822F1AD29C87F271FF20534","1480"
"coq/V70_LIST_MAP_APP_042.v","9DDC27FE58A0C961B629ACC4FBD066778258911A1CEB3525094CFFD518891EE6","471"
"coq/V70_LIST_MAP_APP_042.vo","7FCB2921B527C3F0CADDEBA6F3B10B0A33B5CC0C01497A838792E4D2E7442F17","9522"
"coq/V70_LIST_MAP_APP_042.vok","E3B0C44298FC1C149AFBF4C8996FB92427AE41E4649B934CA495991B7852B855","0"
"coq/V70_LIST_MAP_APP_042.vos","E3B0C44298FC1C149AFBF4C8996FB92427AE41E4649B934CA495991B7852B855","0"
"coq/V70_LIST_MAP_APP_043.glob","FA0AFE6D31D737AEE9012323490C0026A8B6EF0E1165943E539140BC6619E393","1480"
"coq/V70_LIST_MAP_APP_043.v","C9F5DAF9FD6664D861C22DC2655FE1E64CCFA5296E10B049481385218296F0F3","471"
"coq/V70_LIST_MAP_APP_043.vo","41CF4127441FD0A1F0E7EB01DD17F469FD25E1BCF8B177E15DADBCAE0AB7B16F","9522"
"coq/V70_LIST_MAP_APP_043.vok","E3B0C44298FC1C149AFBF4C8996FB92427AE41E4649B934CA495991B7852B855","0"
"coq/V70_LIST_MAP_APP_043.vos","E3B0C44298FC1C149AFBF4C8996FB92427AE41E4649B934CA495991B7852B855","0"
"coq/V70_LIST_MAP_APP_044.glob","5F85B0D2D81AFAB340AF60260B4BA3AF76E0DD8E0D2A17854801C692D09E193B","1480"
"coq/V70_LIST_MAP_APP_044.v","C7A2924BCFCDEA0EC372CDE454E42C40F242A9F7BA60E2628BB6E7CFE27BF532","471"
"coq/V70_LIST_MAP_APP_044.vo","A9B5D13B3B9C341EF2DCEDDAA9620363C02B248CB3D7DCFE1C1364FA791A43EC","9522"
"coq/V70_LIST_MAP_APP_044.vok","E3B0C44298FC1C149AFBF4C8996FB92427AE41E4649B934CA495991B7852B855","0"
"coq/V70_LIST_MAP_APP_044.vos","E3B0C44298FC1C149AFBF4C8996FB92427AE41E4649B934CA495991B7852B855","0"
"coq/V70_LIST_MAP_APP_045.glob","6C8BE15969D937A447FB46B743EE2EEFE817971AF18F6E7C60F1C1B62ED4CD4C","1480"
"coq/V70_LIST_MAP_APP_045.v","00165FA43E4BA976414D03944DB09E2F752973BE2A20C6BD18F208692BA35BB2","471"
"coq/V70_LIST_MAP_APP_045.vo","73E89D7611B3F9B2B49DEBA208387200DF03C973B12F0B00B5E55366C38D68D3","9522"
"coq/V70_LIST_MAP_APP_045.vok","E3B0C44298FC1C149AFBF4C8996FB92427AE41E4649B934CA495991B7852B855","0"
"coq/V70_LIST_MAP_APP_045.vos","E3B0C44298FC1C149AFBF4C8996FB92427AE41E4649B934CA495991B7852B855","0"
"coq/V70_LIST_MAP_APP_046.glob","106D68227C0C5DCB9AC44E5FE6148878908567AFB2B3C94D2EC599DE72B73E2D","1480"
"coq/V70_LIST_MAP_APP_046.v","B4F1B0DBDBE6D9C16AD7BBCA7829CFA683E5DDE0A888CABF3936247F6773FFF6","471"
"coq/V70_LIST_MAP_APP_046.vo","733281FA9B1B5F7FD4502B5B6EAC6BBF3D734FD252CE69AB3653F13C13A7DEE3","9522"
"coq/V70_LIST_MAP_APP_046.vok","E3B0C44298FC1C149AFBF4C8996FB92427AE41E4649B934CA495991B7852B855","0"
"coq/V70_LIST_MAP_APP_046.vos","E3B0C44298FC1C149AFBF4C8996FB92427AE41E4649B934CA495991B7852B855","0"
"coq/V70_LIST_MAP_APP_047.glob","25CEB6F1FCCEFC2E245C60D2A6CE59907399BC29B6569694B5D28155C0CB8EAC","1480"
"coq/V70_LIST_MAP_APP_047.v","B3063F6FC2E60605B8EBC70891CC08451C131D43DB0446F368DDF2D7F7B25001","471"
"coq/V70_LIST_MAP_APP_047.vo","5905CA37D9994FED66F78DB52BAE0A5C67B804880B17DA0B525B5E4DCD085F1F","9522"
"coq/V70_LIST_MAP_APP_047.vok","E3B0C44298FC1C149AFBF4C8996FB92427AE41E4649B934CA495991B7852B855","0"
"coq/V70_LIST_MAP_APP_047.vos","E3B0C44298FC1C149AFBF4C8996FB92427AE41E4649B934CA495991B7852B855","0"
"coq/V70_LIST_MAP_APP_048.glob","4CD658E15B8821355A64C97C7965ACC31C97B2033D9076D2A89E9C271036A918","1480"
"coq/V70_LIST_MAP_APP_048.v","5FAC9AC9A0B1CCF6BA8F48A9A985692893040B14BA051C6000C66EFD888466D7","471"
"coq/V70_LIST_MAP_APP_048.vo","225DED91B32D0CA3DDD4421836E065BCDC401879540B8E4F0B575ADBC7C40C8E","9522"
"coq/V70_LIST_MAP_APP_048.vok","E3B0C44298FC1C149AFBF4C8996FB92427AE41E4649B934CA495991B7852B855","0"
"coq/V70_LIST_MAP_APP_048.vos","E3B0C44298FC1C149AFBF4C8996FB92427AE41E4649B934CA495991B7852B855","0"
"coq/V70_LIST_MAP_APP_049.glob","CEDC609DB181009F39EB3289EEDF0396417613E93C7B94604A11756A93B53493","1480"
"coq/V70_LIST_MAP_APP_049.v","9FE392D1AEF6D25AE55B2A8687882AA048B34153F19A1B2B2E415E3D4F4B1F8C","471"
"coq/V70_LIST_MAP_APP_049.vo","40FAC02B7F8C28E36F8082589A65F1CDC94A31A2EAE4F638D81F13D4552BFA89","9522"
"coq/V70_LIST_MAP_APP_049.vok","E3B0C44298FC1C149AFBF4C8996FB92427AE41E4649B934CA495991B7852B855","0"
"coq/V70_LIST_MAP_APP_049.vos","E3B0C44298FC1C149AFBF4C8996FB92427AE41E4649B934CA495991B7852B855","0"
"coq/V70_LIST_MAP_APP_050.glob","E556951579CF891B9A6D7355F0CC738636852BF8CF5191F060DFF4D61BF7E9B4","1480"
"coq/V70_LIST_MAP_APP_050.v","D5944EE70BEDD4DA884F70C4B722E65F4115DA2ABCBD58CB079049500B671E45","471"
"coq/V70_LIST_MAP_APP_050.vo","DB5039A78B49A3DE696A867E12DCA903DCD2DAB5F6E77106B837E7EDC95D1C90","9522"
"coq/V70_LIST_MAP_APP_050.vok","E3B0C44298FC1C149AFBF4C8996FB92427AE41E4649B934CA495991B7852B855","0"
"coq/V70_LIST_MAP_APP_050.vos","E3B0C44298FC1C149AFBF4C8996FB92427AE41E4649B934CA495991B7852B855","0"
"coq/V70_LIST_MAP_APP_051.glob","802CA121925400C46B96F6982F0EF700736FA9C6A66747323D914115F8F82949","1480"
"coq/V70_LIST_MAP_APP_051.v","4B01BADBA97162DEAB4D5EC665970E88179D0300F03AC37E6668389726425F6D","471"
"coq/V70_LIST_MAP_APP_051.vo","0895C5BB63D0A6C6AF698277DDBDF4ED8D892530B23E6373BF0E63E850148774","9522"
"coq/V70_LIST_MAP_APP_051.vok","E3B0C44298FC1C149AFBF4C8996FB92427AE41E4649B934CA495991B7852B855","0"
"coq/V70_LIST_MAP_APP_051.vos","E3B0C44298FC1C149AFBF4C8996FB92427AE41E4649B934CA495991B7852B855","0"
"coq/V70_LIST_MAP_APP_052.glob","C4F9FB2229468100E57C039A92CEA1C89C25E7CB99356B616CFEDE0C428D0AB5","1480"
"coq/V70_LIST_MAP_APP_052.v","440F3F5A1B3C590C10B028DC52252A62A4FD1860205D69E949A5DCF2B09D2915","471"
"coq/V70_LIST_MAP_APP_052.vo","B56DE671F3FC43649DD7FA681C31094205D1EC926D8940AA32C7C5BCC8FE5BBA","9522"
"coq/V70_LIST_MAP_APP_052.vok","E3B0C44298FC1C149AFBF4C8996FB92427AE41E4649B934CA495991B7852B855","0"
"coq/V70_LIST_MAP_APP_052.vos","E3B0C44298FC1C149AFBF4C8996FB92427AE41E4649B934CA495991B7852B855","0"
"coq/V70_LIST_MAP_APP_053.glob","7AB7C7F1317C740CE21079DEBDB67A03918BCA24368DAF0AF31277485F084643","1480"
"coq/V70_LIST_MAP_APP_053.v","2BBBDA83E642F37A916DD74418FB8EC8ECE80F436AC45E738C663973CF52DE79","471"
"coq/V70_LIST_MAP_APP_053.vo","09506BCAC3613978A5A0B2410C9ED2CDAEDB944C389644393C3A45A1C813258A","9522"
"coq/V70_LIST_MAP_APP_053.vok","E3B0C44298FC1C149AFBF4C8996FB92427AE41E4649B934CA495991B7852B855","0"
"coq/V70_LIST_MAP_APP_053.vos","E3B0C44298FC1C149AFBF4C8996FB92427AE41E4649B934CA495991B7852B855","0"
"coq/V70_LIST_MAP_APP_054.glob","6DC62F0E4E66F98CA08983758593A0B473B85C9DBD6019AF9A1A8794604F767F","1480"
"coq/V70_LIST_MAP_APP_054.v","A8F4E41320C2DB1123C328E7D726930C1E27AF71527927F6C6295F48A4F495FC","471"
"coq/V70_LIST_MAP_APP_054.vo","BEB29F6381878575210CC6CA640115D9F42D83193DD928EB7675994DAA1C72B4","9522"
"coq/V70_LIST_MAP_APP_054.vok","E3B0C44298FC1C149AFBF4C8996FB92427AE41E4649B934CA495991B7852B855","0"
"coq/V70_LIST_MAP_APP_054.vos","E3B0C44298FC1C149AFBF4C8996FB92427AE41E4649B934CA495991B7852B855","0"
"coq/V70_LIST_MAP_APP_055.glob","050CA198DB74CBAEC1A7CF03F284758752E7F4034C9BE76422C9CAE434F10977","1480"
"coq/V70_LIST_MAP_APP_055.v","02AA6B1BD4E0C54B9B6CCEFEBAD61DB29853CAE1F21EE16AC4E4CB7412E6412B","471"
"coq/V70_LIST_MAP_APP_055.vo","F213C8B0FC139B691827463C525E71FBBDE3418F34433EA1B1C2720A33579EDB","9522"
"coq/V70_LIST_MAP_APP_055.vok","E3B0C44298FC1C149AFBF4C8996FB92427AE41E4649B934CA495991B7852B855","0"
"coq/V70_LIST_MAP_APP_055.vos","E3B0C44298FC1C149AFBF4C8996FB92427AE41E4649B934CA495991B7852B855","0"
"coq/V70_LIST_MAP_APP_056.glob","1DD55772E0B763EAF4F4A66C16C943550C9BA7FD510AAF49A0FDC01AA28B0E8D","1480"
"coq/V70_LIST_MAP_APP_056.v","8C829E141A56A82C16D6D2CD5CA9DB48F23B691E69EE7D9F293309EB2E64F2A1","471"
"coq/V70_LIST_MAP_APP_056.vo","28E36BDC0175BA14A3BA845CE14830FC1DA2E59EA15CF30289C9723A7861543C","9522"
"coq/V70_LIST_MAP_APP_056.vok","E3B0C44298FC1C149AFBF4C8996FB92427AE41E4649B934CA495991B7852B855","0"
"coq/V70_LIST_MAP_APP_056.vos","E3B0C44298FC1C149AFBF4C8996FB92427AE41E4649B934CA495991B7852B855","0"
"coq/V70_LIST_MAP_APP_057.glob","70F67BBB2D92A724FF0B8ED2D01DBE5AED266D6DF23C992A4EE5C3501C76341F","1480"
"coq/V70_LIST_MAP_APP_057.v","C3A7593451F4444B4DA534E9F53BB3F5F7679AF3ACD61F1C2C69F6F1419A5B90","471"
"coq/V70_LIST_MAP_APP_057.vo","570114B8691208C6F70C04603EE58790081EA769510ECBF755A6577FF841309E","9522"
"coq/V70_LIST_MAP_APP_057.vok","E3B0C44298FC1C149AFBF4C8996FB92427AE41E4649B934CA495991B7852B855","0"
"coq/V70_LIST_MAP_APP_057.vos","E3B0C44298FC1C149AFBF4C8996FB92427AE41E4649B934CA495991B7852B855","0"
"coq/V70_LIST_MAP_APP_058.glob","7D83623115C4667493DF76725AB369CEDD9E65CACF3B4453B20C42B7D3D90323","1480"
"coq/V70_LIST_MAP_APP_058.v","33DA4A8D770FCC641044FED58DEB2676A6442915912CC103535BFE880BE5DA54","471"
"coq/V70_LIST_MAP_APP_058.vo","D5A5532C47920C89B120ED0806D2850A5D8C8CE1957951A4DD68471E8F7F2EBC","9522"
"coq/V70_LIST_MAP_APP_058.vok","E3B0C44298FC1C149AFBF4C8996FB92427AE41E4649B934CA495991B7852B855","0"
"coq/V70_LIST_MAP_APP_058.vos","E3B0C44298FC1C149AFBF4C8996FB92427AE41E4649B934CA495991B7852B855","0"
"coq/V70_LIST_MAP_APP_059.glob","027BEA90DE03C9327C1D9AD5A0AD9C256B46E392BE62E14C7AE32A2E3643415C","1480"
"coq/V70_LIST_MAP_APP_059.v","81533269D120578DB41C69FA4F4823CB6D3E78CD449CC16EBF089623BC426061","471"
"coq/V70_LIST_MAP_APP_059.vo","9893910460A098FE6F78294B004FC247C966C57F8C3F11CAF2561B2F608199AA","9522"
"coq/V70_LIST_MAP_APP_059.vok","E3B0C44298FC1C149AFBF4C8996FB92427AE41E4649B934CA495991B7852B855","0"
"coq/V70_LIST_MAP_APP_059.vos","E3B0C44298FC1C149AFBF4C8996FB92427AE41E4649B934CA495991B7852B855","0"
"coq/V70_LIST_MAP_APP_060.glob","B6CEFF17CADD463282FA8F4D8B955C481E9C562BDA0409EAC400152E9B6D5EB8","1480"
"coq/V70_LIST_MAP_APP_060.v","96A221D666207EEED03520DD66029E4DC4FB320EE1404E5ABC4F511D6ED044EB","471"
"coq/V70_LIST_MAP_APP_060.vo","A3FC3F7005772D9631FDA3D2762AC5EFDD76597B35330DE6065C0F36EDC14F35","9522"
"coq/V70_LIST_MAP_APP_060.vok","E3B0C44298FC1C149AFBF4C8996FB92427AE41E4649B934CA495991B7852B855","0"
"coq/V70_LIST_MAP_APP_060.vos","E3B0C44298FC1C149AFBF4C8996FB92427AE41E4649B934CA495991B7852B855","0"
"coq/V70_LIST_MAP_APP_061.glob","88FC4C292B54B3D92E5C85E8DC2F15933CFD003354C15DE6FDA7794177A06B25","1480"
"coq/V70_LIST_MAP_APP_061.v","47F0414BCFBBBF5B0A9EB178CD5F843EC089D24F22910333E7E711970F4206C1","471"
"coq/V70_LIST_MAP_APP_061.vo","F4D726E5D06DD130B24A08DE0F18D37F7798FEDA3D786B46FC9F5A019C239851","9522"
"coq/V70_LIST_MAP_APP_061.vok","E3B0C44298FC1C149AFBF4C8996FB92427AE41E4649B934CA495991B7852B855","0"
"coq/V70_LIST_MAP_APP_061.vos","E3B0C44298FC1C149AFBF4C8996FB92427AE41E4649B934CA495991B7852B855","0"
"coq/V70_LIST_MAP_APP_062.glob","B53E0DC33DB3B928CD19FC832A706C32E1D49F50CCE0A4B278882850F2C81CB9","1480"
"coq/V70_LIST_MAP_APP_062.v","0EE5EEB63F3C8530DD1AD5730E4E2FB8C851C157D81AD4C826E34321B73A9BA8","471"
"coq/V70_LIST_MAP_APP_062.vo","642B76D17F5479F26DB9BA3BFA3D46CAA33964E713666D221D283FBB7D09ACF2","9522"
"coq/V70_LIST_MAP_APP_062.vok","E3B0C44298FC1C149AFBF4C8996FB92427AE41E4649B934CA495991B7852B855","0"
"coq/V70_LIST_MAP_APP_062.vos","E3B0C44298FC1C149AFBF4C8996FB92427AE41E4649B934CA495991B7852B855","0"
"coq/V70_LIST_MAP_APP_063.glob","BF3DF6253EA4AFBAB292495E7F32526D0793D79E05F41B65A0CE466AF414DD9D","1480"
"coq/V70_LIST_MAP_APP_063.v","5DDF206E465AC178951D42E7527A159DB6F30A3A53751F33818C355E104F4D3D","471"
"coq/V70_LIST_MAP_APP_063.vo","72DE9E3D01A9CDC7E0030DEA1AAB942A1F845BBEBC4E4A9B99039E17913B8D08","9522"
"coq/V70_LIST_MAP_APP_063.vok","E3B0C44298FC1C149AFBF4C8996FB92427AE41E4649B934CA495991B7852B855","0"
"coq/V70_LIST_MAP_APP_063.vos","E3B0C44298FC1C149AFBF4C8996FB92427AE41E4649B934CA495991B7852B855","0"
"coq/V70_LIST_MAP_APP_064.glob","58006C952E34B8B4B13BA95C242ABD7581DA168077B29C103AB29F145EBAB81B","1480"
"coq/V70_LIST_MAP_APP_064.v","792A5C7F3743A8ECE36E877A2652281794FC4E2500C30CAFDBB2D4B14E1D38EB","471"
"coq/V70_LIST_MAP_APP_064.vo","A38874A615DD024A77209AF6C9E04E38131C291E41ED4BE575260E8E80761B5F","9522"
"coq/V70_LIST_MAP_APP_064.vok","E3B0C44298FC1C149AFBF4C8996FB92427AE41E4649B934CA495991B7852B855","0"
"coq/V70_LIST_MAP_APP_064.vos","E3B0C44298FC1C149AFBF4C8996FB92427AE41E4649B934CA495991B7852B855","0"
"coq/V70_LIST_MAP_APP_065.glob","D6603C8ABB20EF0B4A1FD101A899B8C91A59E10B6420CD3143E9F0A50D08E99F","1480"
"coq/V70_LIST_MAP_APP_065.v","7E5596315DBA18C3FC911BB483713C72BFCF4CD4A99D7BAD947934672FEC4F5A","471"
"coq/V70_LIST_MAP_APP_065.vo","9400A44A8645934983293BDE6AEDE8D6CDDC2A99FA0D13CD6CA4A7A0EA4F6107","9522"
"coq/V70_LIST_MAP_APP_065.vok","E3B0C44298FC1C149AFBF4C8996FB92427AE41E4649B934CA495991B7852B855","0"
"coq/V70_LIST_MAP_APP_065.vos","E3B0C44298FC1C149AFBF4C8996FB92427AE41E4649B934CA495991B7852B855","0"
"coq/V70_LIST_MAP_APP_066.glob","6CCCAB52FA9422E183C72AE28BE49B47A3904C71751F2BB6114F2E0BBB05C1AD","1480"
"coq/V70_LIST_MAP_APP_066.v","9EDBD3402F3EAF5A8563F00B86FC86FA1A78941A0180687C945F0145F11C5EB7","471"
"coq/V70_LIST_MAP_APP_066.vo","E7DB21406DC2236F0719A2CB2671D62A9CD82201639479D3EA6E6F9FAFC0B9B4","9522"
"coq/V70_LIST_MAP_APP_066.vok","E3B0C44298FC1C149AFBF4C8996FB92427AE41E4649B934CA495991B7852B855","0"
"coq/V70_LIST_MAP_APP_066.vos","E3B0C44298FC1C149AFBF4C8996FB92427AE41E4649B934CA495991B7852B855","0"
"coq/V70_LIST_MAP_APP_067.glob","E799DB7A1BF2538FC408440A6B92200CD24D80E66402B11C58F39EBBD4619E2A","1480"
"coq/V70_LIST_MAP_APP_067.v","0E3BD0E076E6F47692C37F9617AD649191503D0FD64E238DCD4EE75531289C4A","471"
"coq/V70_LIST_MAP_APP_067.vo","A135833B2D79A737767432AFDEA7BE222FA4004E2A00B2A472AEB0E46D51F412","9522"
"coq/V70_LIST_MAP_APP_067.vok","E3B0C44298FC1C149AFBF4C8996FB92427AE41E4649B934CA495991B7852B855","0"
"coq/V70_LIST_MAP_APP_067.vos","E3B0C44298FC1C149AFBF4C8996FB92427AE41E4649B934CA495991B7852B855","0"
"coq/V70_LIST_MAP_APP_068.glob","3D371C27F45491545E6A5D559B013FE85CE931B64BA7DAB42468D8AD6BCE1621","1480"
"coq/V70_LIST_MAP_APP_068.v","95AFBFC391F0E49628BD014440F9D4590EEF8E096CA684845BB011AE7DBEE13F","471"
"coq/V70_LIST_MAP_APP_068.vo","4EB045A42541CC5384A8EE96A534CE8B75C75F8A73BFB0C3FFD39E32C534B43E","9522"
"coq/V70_LIST_MAP_APP_068.vok","E3B0C44298FC1C149AFBF4C8996FB92427AE41E4649B934CA495991B7852B855","0"
"coq/V70_LIST_MAP_APP_068.vos","E3B0C44298FC1C149AFBF4C8996FB92427AE41E4649B934CA495991B7852B855","0"
"coq/V70_LIST_MAP_APP_069.glob","0E1CC3613DEA285EEE6871861C6C32973C413B795242883C25246DC264099E79","1480"
"coq/V70_LIST_MAP_APP_069.v","C1902751798A56927E9F5CCB7144FF596CD3E4BACB85443F6E10F9DC46EFD530","471"
"coq/V70_LIST_MAP_APP_069.vo","5D701EFD17CB31ABCEE125314BE851BE49C33CDEFF5A0D491DDDE4A0EACB838E","9522"
"coq/V70_LIST_MAP_APP_069.vok","E3B0C44298FC1C149AFBF4C8996FB92427AE41E4649B934CA495991B7852B855","0"
"coq/V70_LIST_MAP_APP_069.vos","E3B0C44298FC1C149AFBF4C8996FB92427AE41E4649B934CA495991B7852B855","0"
"coq/V70_LIST_MAP_APP_070.glob","757F3A5E76796397B8907A4C410C87E8620288178A8680139456EC886B9494DF","1480"
"coq/V70_LIST_MAP_APP_070.v","620EC0B3599161ED651997EA4E018BC16D6FEE59F1E6394E5EA3C482B82BC0CD","471"
"coq/V70_LIST_MAP_APP_070.vo","A0593DB7D9FF4A5B573136B9EFD8F939131B8FA719F3FDD4B487F810253AA52D","9522"
"coq/V70_LIST_MAP_APP_070.vok","E3B0C44298FC1C149AFBF4C8996FB92427AE41E4649B934CA495991B7852B855","0"
"coq/V70_LIST_MAP_APP_070.vos","E3B0C44298FC1C149AFBF4C8996FB92427AE41E4649B934CA495991B7852B855","0"
"coq/V70_LIST_MAP_APP_071.glob","CA6075709BF7AC19B4D852E1A1B9A8120AD49B1E52A34895FB1FF8D5DA5C1F8B","1480"
"coq/V70_LIST_MAP_APP_071.v","1E54F714C992011ACC08E7F181B0DD52A98A6A0038AA5943B7E6AB485EE1BD7B","471"
"coq/V70_LIST_MAP_APP_071.vo","A0473B87758FB1319FE7CD159A10D88705E96E123127D8FE15384507E199A5ED","9522"
"coq/V70_LIST_MAP_APP_071.vok","E3B0C44298FC1C149AFBF4C8996FB92427AE41E4649B934CA495991B7852B855","0"
"coq/V70_LIST_MAP_APP_071.vos","E3B0C44298FC1C149AFBF4C8996FB92427AE41E4649B934CA495991B7852B855","0"
"coq/V70_LIST_MAP_APP_072.glob","510BA77D75CC72F30C04A0BF590C9CCF56C632D2745090F6A6C9CE41EF54D056","1480"
"coq/V70_LIST_MAP_APP_072.v","873916F04969776794EE116BCDBA0EEAE4C87F39E195398AC214135E08DF0CC4","471"
"coq/V70_LIST_MAP_APP_072.vo","53F063925B5514E54267AD6289017F39B5972E9FF0FF41F8EB20B91E7632FA0B","9522"
"coq/V70_LIST_MAP_APP_072.vok","E3B0C44298FC1C149AFBF4C8996FB92427AE41E4649B934CA495991B7852B855","0"
"coq/V70_LIST_MAP_APP_072.vos","E3B0C44298FC1C149AFBF4C8996FB92427AE41E4649B934CA495991B7852B855","0"
"coq/V70_LIST_MAP_APP_073.glob","F281358E2E683DC3D21DD5859C03F774F5E07EF67A6C0BE74E69AF8BEB6658A7","1480"
"coq/V70_LIST_MAP_APP_073.v","46491D39245830CF7D8006D4A0C052C7EEEA8361E8414AB7A8DADC9DC39FF3F4","471"
"coq/V70_LIST_MAP_APP_073.vo","CEF0FAEBF39F2800BF934FDD6834B0BE83F3B82C67235E829CB7B26B16957E0B","9522"
"coq/V70_LIST_MAP_APP_073.vok","E3B0C44298FC1C149AFBF4C8996FB92427AE41E4649B934CA495991B7852B855","0"
"coq/V70_LIST_MAP_APP_073.vos","E3B0C44298FC1C149AFBF4C8996FB92427AE41E4649B934CA495991B7852B855","0"
"coq/V70_LIST_MAP_APP_074.glob","19820A551CF28AB1EF915384363046F34EE6D732728209AC67882DD01C519C0C","1480"
"coq/V70_LIST_MAP_APP_074.v","82F1F38F6CB98DC328434249148FDFDAD3D367D87312067648C9EB8BEFB8742E","471"
"coq/V70_LIST_MAP_APP_074.vo","A83DEFE3EF23A15614E48A3BBBC27008506D4496430FDFBAB0C77145CA604D58","9522"
"coq/V70_LIST_MAP_APP_074.vok","E3B0C44298FC1C149AFBF4C8996FB92427AE41E4649B934CA495991B7852B855","0"
"coq/V70_LIST_MAP_APP_074.vos","E3B0C44298FC1C149AFBF4C8996FB92427AE41E4649B934CA495991B7852B855","0"
"coq/V70_LIST_MAP_APP_075.glob","7D07185965D3550F8E048AB3A2D1ECAEBCF3CD2B45A4FAFFBB0DD493AC8B08D3","1480"
"coq/V70_LIST_MAP_APP_075.v","9098CAE52EAF302F15DF4E8B83739BCC7D90E29CF06B5E3201337848F2BBB7E8","471"
"coq/V70_LIST_MAP_APP_075.vo","48130455E117E6E8C2C4D78B2B43EE9EC1792ECC4EC2D85A69E59FD136ECCCC7","9522"
"coq/V70_LIST_MAP_APP_075.vok","E3B0C44298FC1C149AFBF4C8996FB92427AE41E4649B934CA495991B7852B855","0"
"coq/V70_LIST_MAP_APP_075.vos","E3B0C44298FC1C149AFBF4C8996FB92427AE41E4649B934CA495991B7852B855","0"
"coq/V70_LIST_MAP_APP_076.glob","8A6B2A5BB354FBAD1C822077D389C33EC36989CCD8BEDBAD6A4DDC33A518893E","1480"
"coq/V70_LIST_MAP_APP_076.v","59F0952A759B8AE4B0A3F202812A4F0907601A3F267827B0F2A01195DCFA3957","471"
"coq/V70_LIST_MAP_APP_076.vo","7E0A1BE690B95AFF10FAA74715BA7A4E4D9260E4F97C42BFC72EBC8CEB1F3F8F","9522"
"coq/V70_LIST_MAP_APP_076.vok","E3B0C44298FC1C149AFBF4C8996FB92427AE41E4649B934CA495991B7852B855","0"
"coq/V70_LIST_MAP_APP_076.vos","E3B0C44298FC1C149AFBF4C8996FB92427AE41E4649B934CA495991B7852B855","0"
"coq/V70_LIST_MAP_APP_077.glob","81201A6681356F0ACB3DA3B4F801F415E810C1E039F555023260656BA9AE002C","1480"
"coq/V70_LIST_MAP_APP_077.v","02985331B31ACAF1994D2180439654979A4789A27E0C2AD375C2EA82E7AEA188","471"
"coq/V70_LIST_MAP_APP_077.vo","FD1A0EC2A7EE266A64490F6043FD28169C83DAB9CE7ED53100DA4CB28E4C22C2","9522"
"coq/V70_LIST_MAP_APP_077.vok","E3B0C44298FC1C149AFBF4C8996FB92427AE41E4649B934CA495991B7852B855","0"
"coq/V70_LIST_MAP_APP_077.vos","E3B0C44298FC1C149AFBF4C8996FB92427AE41E4649B934CA495991B7852B855","0"
"coq/V70_LIST_MAP_APP_078.glob","802E81906CE57F681F72EA68D48B7EB84D38F0645051FEFF49519EC1A65F5E26","1480"
"coq/V70_LIST_MAP_APP_078.v","81247420134CA5162799F654DC51F9B6B1FC3A62A9EAE75AD103ED3A0A326865","471"
"coq/V70_LIST_MAP_APP_078.vo","B5C4942C27D508BC357597B6A78E89B8FEBA6356B0C50C200C6F97BC41ECFE9B","9522"
"coq/V70_LIST_MAP_APP_078.vok","E3B0C44298FC1C149AFBF4C8996FB92427AE41E4649B934CA495991B7852B855","0"
"coq/V70_LIST_MAP_APP_078.vos","E3B0C44298FC1C149AFBF4C8996FB92427AE41E4649B934CA495991B7852B855","0"
"coq/V70_LIST_MAP_APP_079.glob","1DA1C793DB2EC06B139491E23C3F99D70E2DCE05A47E06C8051BE04EE04566F4","1480"
"coq/V70_LIST_MAP_APP_079.v","48CB8FA2F463E29663C1BDFC7DF475E650D634C6DEC3DD9BA0B1C540E7AB9C48","471"
"coq/V70_LIST_MAP_APP_079.vo","2A5A76C83545EC9C1BA7F6EA126F3066D9452336428B75F54833F0755FD93713","9522"
"coq/V70_LIST_MAP_APP_079.vok","E3B0C44298FC1C149AFBF4C8996FB92427AE41E4649B934CA495991B7852B855","0"
"coq/V70_LIST_MAP_APP_079.vos","E3B0C44298FC1C149AFBF4C8996FB92427AE41E4649B934CA495991B7852B855","0"
"coq/V70_LIST_MAP_APP_080.glob","5B60D50F87AE57CC201A555C696A46AAADE41250B34E27ACF925CF5F67072F35","1480"
"coq/V70_LIST_MAP_APP_080.v","1E6EF8C6AC61175445293E605C6389F456FF0700621DF3445B49AF0993A65952","471"
"coq/V70_LIST_MAP_APP_080.vo","3D1D005DBA09D6EC29DAC381F5C2314AC6F03D3DE8973CA0C3FFFB32E76B52DE","9522"
"coq/V70_LIST_MAP_APP_080.vok","E3B0C44298FC1C149AFBF4C8996FB92427AE41E4649B934CA495991B7852B855","0"
"coq/V70_LIST_MAP_APP_080.vos","E3B0C44298FC1C149AFBF4C8996FB92427AE41E4649B934CA495991B7852B855","0"
"coq/V70_NAT_ORDER_001.glob","CE7E7FDBA3C9433473E5EE7A4995210A0334E9F188DD2270E06D9AC800246FDD","1858"
"coq/V70_NAT_ORDER_001.v","D8D4522CFC629F60C4365D48A81277303DCAFAEC12FA2A1D10A28C8230C63CD1","532"
"coq/V70_NAT_ORDER_001.vo","5512E1666A5B28CA43C06D0E89E63929F6C7AB6F7F5536619907416760F40B1C","9302"
"coq/V70_NAT_ORDER_001.vok","E3B0C44298FC1C149AFBF4C8996FB92427AE41E4649B934CA495991B7852B855","0"
"coq/V70_NAT_ORDER_001.vos","E3B0C44298FC1C149AFBF4C8996FB92427AE41E4649B934CA495991B7852B855","0"
"coq/V70_NAT_ORDER_002.glob","94F292E4AF229615F812BA20678C207018AD0F41B4CF30E8E97FDF9EFD609C3C","1858"
"coq/V70_NAT_ORDER_002.v","A71CA06E1443B07654815B41F55CD2DBA0861996005BC98543B6AF69F2C9C09A","532"
"coq/V70_NAT_ORDER_002.vo","1E3844828A983C23C9A0651A9A5E665768BF192650A25FF14982C797F21966CB","9302"
"coq/V70_NAT_ORDER_002.vok","E3B0C44298FC1C149AFBF4C8996FB92427AE41E4649B934CA495991B7852B855","0"
"coq/V70_NAT_ORDER_002.vos","E3B0C44298FC1C149AFBF4C8996FB92427AE41E4649B934CA495991B7852B855","0"
"coq/V70_NAT_ORDER_003.glob","380C73E75CC4D596C8DD76D02931CF20DA34CA013D0C8732B1C8B211A70B79DB","1858"
"coq/V70_NAT_ORDER_003.v","372D4DA3A0ECCB8158380B5A3E4BE25478CC8C0EA32FEA29AEB5CFE17A0438B0","532"
"coq/V70_NAT_ORDER_003.vo","48E19AE0322B99E2683B47BF584A1E9D39DF1A4EC282B365944B7A1D7471A5AB","9302"
"coq/V70_NAT_ORDER_003.vok","E3B0C44298FC1C149AFBF4C8996FB92427AE41E4649B934CA495991B7852B855","0"
"coq/V70_NAT_ORDER_003.vos","E3B0C44298FC1C149AFBF4C8996FB92427AE41E4649B934CA495991B7852B855","0"
"coq/V70_NAT_ORDER_004.glob","56226AB0A3201775574F421F6737ADCD39124E8C5B4347325B9775CEC5F07C47","1858"
"coq/V70_NAT_ORDER_004.v","D21E69DF84B94DB000EA4475A5946C2B26481201A3A48CD2B91EFF9CB3588DE4","532"
"coq/V70_NAT_ORDER_004.vo","8C70A117B3DEBBC16996E56596246EA145AA8E56F373C391CD64520F10F9B35D","9302"
"coq/V70_NAT_ORDER_004.vok","E3B0C44298FC1C149AFBF4C8996FB92427AE41E4649B934CA495991B7852B855","0"
"coq/V70_NAT_ORDER_004.vos","E3B0C44298FC1C149AFBF4C8996FB92427AE41E4649B934CA495991B7852B855","0"
"coq/V70_NAT_ORDER_005.glob","CDD6E53ACE1524DC62F71745BFC513109AB03A962C37BDE57094A662FF90D322","1858"
"coq/V70_NAT_ORDER_005.v","1078AD6C8365C764E097ABF721BB069C3B687114ADE3B9D6BEEAEB633CC4525B","532"
"coq/V70_NAT_ORDER_005.vo","EC57ADB1C956DD08D4A7851E24411BA77B2F6FC9F44976994F69E53E8BEA78E0","9302"
"coq/V70_NAT_ORDER_005.vok","E3B0C44298FC1C149AFBF4C8996FB92427AE41E4649B934CA495991B7852B855","0"
"coq/V70_NAT_ORDER_005.vos","E3B0C44298FC1C149AFBF4C8996FB92427AE41E4649B934CA495991B7852B855","0"
"coq/V70_NAT_ORDER_006.glob","9916FD841AD20A2010E05E9DB6E606B65491AFD87D786EC555A88D0B78A3D885","1858"
"coq/V70_NAT_ORDER_006.v","6D05049062763129A709CCA8B91789B29816DDE5EB2DDD94DDBD07329FF211ED","532"
"coq/V70_NAT_ORDER_006.vo","86B0D5793CF5976AF361866E9B99323324747F44B9762E106C3E795B8BB68230","9302"
"coq/V70_NAT_ORDER_006.vok","E3B0C44298FC1C149AFBF4C8996FB92427AE41E4649B934CA495991B7852B855","0"
"coq/V70_NAT_ORDER_006.vos","E3B0C44298FC1C149AFBF4C8996FB92427AE41E4649B934CA495991B7852B855","0"
"coq/V70_NAT_ORDER_007.glob","36A7969579A6E26F026BBB7D2C87DDCEE11004568EDE2CEC2D505EB5951C36AA","1858"
"coq/V70_NAT_ORDER_007.v","E347CF6251470D8421C0CF05A731D7075EAA2BC09A2A0818CBFAA3D074FD5F07","532"
"coq/V70_NAT_ORDER_007.vo","A4F1104DD91B89C92360233CF648E890AAD1235DB4DEA455D8874D6D5E8EF653","9302"
"coq/V70_NAT_ORDER_007.vok","E3B0C44298FC1C149AFBF4C8996FB92427AE41E4649B934CA495991B7852B855","0"
"coq/V70_NAT_ORDER_007.vos","E3B0C44298FC1C149AFBF4C8996FB92427AE41E4649B934CA495991B7852B855","0"
"coq/V70_NAT_ORDER_008.glob","F56D560D25309D17059FCFB9789E884329D8F4D53A8524389BB73A4E0D2C0E18","1858"
"coq/V70_NAT_ORDER_008.v","DD6B5467D399794FFBFB0FB851693C9E183A3CC75D90B6C237A47E62EA3CC181","532"
"coq/V70_NAT_ORDER_008.vo","0E2FE63B40C8436FB81F98946E0501EC6C8089F556259EAD507FC06CEABB4D56","9302"
"coq/V70_NAT_ORDER_008.vok","E3B0C44298FC1C149AFBF4C8996FB92427AE41E4649B934CA495991B7852B855","0"
"coq/V70_NAT_ORDER_008.vos","E3B0C44298FC1C149AFBF4C8996FB92427AE41E4649B934CA495991B7852B855","0"
"coq/V70_NAT_ORDER_009.glob","7472E1ED0C935A3528C944ACBC5DFFC087A28FFA3E56A6E8AA215CB23CAE0063","1858"
"coq/V70_NAT_ORDER_009.v","B238F8E0C055DA19A1058CB8F06B285AB168C07456AD1A99BB291BE33FDDE385","532"
"coq/V70_NAT_ORDER_009.vo","3C311ECB281A604468EEBC4CE631287672C157FE7CEA6CB2ED0A402978B0AE66","9302"
"coq/V70_NAT_ORDER_009.vok","E3B0C44298FC1C149AFBF4C8996FB92427AE41E4649B934CA495991B7852B855","0"
"coq/V70_NAT_ORDER_009.vos","E3B0C44298FC1C149AFBF4C8996FB92427AE41E4649B934CA495991B7852B855","0"
"coq/V70_NAT_ORDER_010.glob","2412FE33F9CC1772CC7AC0E0E27B1A56E0B603D89B35423E8A1C295190E07870","1866"
"coq/V70_NAT_ORDER_010.v","C3524F84C1BB731FAF9397B858519C9763C8662E7BF06C3FD02EA2146D1417EB","540"
"coq/V70_NAT_ORDER_010.vo","CBC16D08188FCCAB3A4734F8EC24D37ED45B929976EE4DA70DD7B9757D8F4A61","9306"
"coq/V70_NAT_ORDER_010.vok","E3B0C44298FC1C149AFBF4C8996FB92427AE41E4649B934CA495991B7852B855","0"
"coq/V70_NAT_ORDER_010.vos","E3B0C44298FC1C149AFBF4C8996FB92427AE41E4649B934CA495991B7852B855","0"
"coq/V70_NAT_ORDER_011.glob","20BF60656E964743F61D7EB32E5277081C826D417ABFE70C982472715ABC462A","1866"
"coq/V70_NAT_ORDER_011.v","BD1A5BD63C341A3285F80841A04C4496799A1FE5DF3143BA7323F8E4EF9D5F74","540"
"coq/V70_NAT_ORDER_011.vo","2F8BBBF880B9D9307366831B3A622DDFB2961832C174861124F60951B9370353","9306"
"coq/V70_NAT_ORDER_011.vok","E3B0C44298FC1C149AFBF4C8996FB92427AE41E4649B934CA495991B7852B855","0"
"coq/V70_NAT_ORDER_011.vos","E3B0C44298FC1C149AFBF4C8996FB92427AE41E4649B934CA495991B7852B855","0"
"coq/V70_NAT_ORDER_012.glob","369995D9FBD09D16F74DD0F6CDBDDA7AD6772AA1A463AEF4D1EAAD564032FEC9","1866"
"coq/V70_NAT_ORDER_012.v","0FED2EAC7889599112B4F07375BC836488D81294769ED47C809D9521AB972F05","540"
"coq/V70_NAT_ORDER_012.vo","0A022FE4DAE9CE12CF171A4B88F09494A7CB86343E62F20C7EAC996F27D6ACBA","9306"
"coq/V70_NAT_ORDER_012.vok","E3B0C44298FC1C149AFBF4C8996FB92427AE41E4649B934CA495991B7852B855","0"
"coq/V70_NAT_ORDER_012.vos","E3B0C44298FC1C149AFBF4C8996FB92427AE41E4649B934CA495991B7852B855","0"
"coq/V70_NAT_ORDER_013.glob","82C1B1058701D98EE818E5F21EE4CA0C49891EA9DE405B3A7038DBF594F2D180","1866"
"coq/V70_NAT_ORDER_013.v","50017C5B3C7C124D0276689BDEADF98755343A56413E5D4CBC97EF767CD41769","540"
"coq/V70_NAT_ORDER_013.vo","B62B534496165B811B5E4934C9017E7F0C025D788E18BD9EF8C2008930188587","9306"
"coq/V70_NAT_ORDER_013.vok","E3B0C44298FC1C149AFBF4C8996FB92427AE41E4649B934CA495991B7852B855","0"
"coq/V70_NAT_ORDER_013.vos","E3B0C44298FC1C149AFBF4C8996FB92427AE41E4649B934CA495991B7852B855","0"
"coq/V70_NAT_ORDER_014.glob","E1F0A3F5A08EFB31882925895B6F181B2EB823C01530E692BAC6499B8FC3D89E","1866"
"coq/V70_NAT_ORDER_014.v","DACE122F7B3D292AADF5A5DF2AFF2AF62508C2F8D2E726F98CCAC62CB8F907D6","540"
"coq/V70_NAT_ORDER_014.vo","8852586D269B342674F9B90D5ECDDD4590F70A7FB81B2D372A35182F1823546B","9306"
"coq/V70_NAT_ORDER_014.vok","E3B0C44298FC1C149AFBF4C8996FB92427AE41E4649B934CA495991B7852B855","0"
"coq/V70_NAT_ORDER_014.vos","E3B0C44298FC1C149AFBF4C8996FB92427AE41E4649B934CA495991B7852B855","0"
"coq/V70_NAT_ORDER_015.glob","823F6ABE623B5A08A586997478D4A79A99C373B34A932B4E477B0B207D35F55B","1866"
"coq/V70_NAT_ORDER_015.v","748289AD7D3B6C93E52BCF483CB8FA581237B258E1DA7139CAFA69E2E6676D04","540"
"coq/V70_NAT_ORDER_015.vo","31FD04DAD2818B76DC580DC917FF99B51FC212A195EA6B9306BEA271F8AD6B33","9306"
"coq/V70_NAT_ORDER_015.vok","E3B0C44298FC1C149AFBF4C8996FB92427AE41E4649B934CA495991B7852B855","0"
"coq/V70_NAT_ORDER_015.vos","E3B0C44298FC1C149AFBF4C8996FB92427AE41E4649B934CA495991B7852B855","0"
"coq/V70_NAT_ORDER_016.glob","7B22C0DB5D3ED6284BABCF06BEC968F4DC2E71B178389E6D2B93F4A6AF7064C6","1866"
"coq/V70_NAT_ORDER_016.v","FF49A5E954F533B28CC70E4BF5BA915FC3D11293EE3008E493C33E9141C8487B","540"
"coq/V70_NAT_ORDER_016.vo","EE2D22C59B662AEC615273C73FD76EAE8A47B6BCA247FD3B9754D4D762E9FA04","9306"
"coq/V70_NAT_ORDER_016.vok","E3B0C44298FC1C149AFBF4C8996FB92427AE41E4649B934CA495991B7852B855","0"
"coq/V70_NAT_ORDER_016.vos","E3B0C44298FC1C149AFBF4C8996FB92427AE41E4649B934CA495991B7852B855","0"
"coq/V70_NAT_ORDER_017.glob","E00CA7743BB876A8BD64B01750ABE11376BF6F618303234BDADB3ACE3344AB75","1866"
"coq/V70_NAT_ORDER_017.v","AB075F3436DCA6D2207ECD7AA23880D0074604E6DAE21DD19509DB516C58F9C9","540"
"coq/V70_NAT_ORDER_017.vo","10F5565AD2B129233BEEE1AEE171BB183A984385FFC016A59A6E416D942FC36A","9306"
"coq/V70_NAT_ORDER_017.vok","E3B0C44298FC1C149AFBF4C8996FB92427AE41E4649B934CA495991B7852B855","0"
"coq/V70_NAT_ORDER_017.vos","E3B0C44298FC1C149AFBF4C8996FB92427AE41E4649B934CA495991B7852B855","0"
"coq/V70_NAT_ORDER_018.glob","4094F36964DE712E06D2A9276736984F93874E78C52CEB702767A47191F0A479","1866"
"coq/V70_NAT_ORDER_018.v","8E90F3075E8601E9C6BCD6C8F2B2FBB421163091B4D282F0B6E6D472A01D8D90","540"
"coq/V70_NAT_ORDER_018.vo","64C84DA78A65A0DD7D6298AF6283B9DDFE1D41D6614906CE0D94390F8C62B049","9306"
"coq/V70_NAT_ORDER_018.vok","E3B0C44298FC1C149AFBF4C8996FB92427AE41E4649B934CA495991B7852B855","0"
"coq/V70_NAT_ORDER_018.vos","E3B0C44298FC1C149AFBF4C8996FB92427AE41E4649B934CA495991B7852B855","0"
"coq/V70_NAT_ORDER_019.glob","09000979EA9E05F08D1022C72AA5791E906B594DD475933250B36FF5F82B4CC3","1866"
"coq/V70_NAT_ORDER_019.v","73899FB738F6BBF2B6CBD3D525C566DFDFBEF36B77A6747A361D59483E4D9F44","540"
"coq/V70_NAT_ORDER_019.vo","4D57FA340961CD0FB3B736E66FAE984A5DC5AACD247946AD311443219822DDE7","9306"
"coq/V70_NAT_ORDER_019.vok","E3B0C44298FC1C149AFBF4C8996FB92427AE41E4649B934CA495991B7852B855","0"
"coq/V70_NAT_ORDER_019.vos","E3B0C44298FC1C149AFBF4C8996FB92427AE41E4649B934CA495991B7852B855","0"
"coq/V70_NAT_ORDER_020.glob","46DEB389AAD6BEA5B55F849DF6991C15732B5424357BA0F610EBA32C54F047A6","1866"
"coq/V70_NAT_ORDER_020.v","DC9FF5FE6BD61ADDBDE5BB67893A4988690C215D2EE73CE9CE08373A29BBA44C","540"
"coq/V70_NAT_ORDER_020.vo","AD7632FAAB9CE70A570B33787F2A46A406DC8F77B7CC3385A75870AB1BDFF831","9306"
"coq/V70_NAT_ORDER_020.vok","E3B0C44298FC1C149AFBF4C8996FB92427AE41E4649B934CA495991B7852B855","0"
"coq/V70_NAT_ORDER_020.vos","E3B0C44298FC1C149AFBF4C8996FB92427AE41E4649B934CA495991B7852B855","0"
"coq/V70_NAT_ORDER_021.glob","5E296A14D2FFBDD943A1266AC3A2815A00F3A8102EE6C9A30D97C1A13B1979F1","1866"
"coq/V70_NAT_ORDER_021.v","3A1DB40E48FD47A58774BC3924C00F00E902C1DB0489984E5E066AF899F8F3F3","540"
"coq/V70_NAT_ORDER_021.vo","0DD29AF1F4A1CC45818BC412A75827A4EB6D61CC8CD7FE01F35890E0728876FE","9306"
"coq/V70_NAT_ORDER_021.vok","E3B0C44298FC1C149AFBF4C8996FB92427AE41E4649B934CA495991B7852B855","0"
"coq/V70_NAT_ORDER_021.vos","E3B0C44298FC1C149AFBF4C8996FB92427AE41E4649B934CA495991B7852B855","0"
"coq/V70_NAT_ORDER_022.glob","BBBB9E193B2521553C1A26286EDCD5D1BC338805C567231801E547BC205046E3","1866"
"coq/V70_NAT_ORDER_022.v","637E5D9C6FDC39A4602B409F4C0BB9A96E46ED505D1BE1193D59EDCFD9D0B73F","540"
"coq/V70_NAT_ORDER_022.vo","3BF8E2F7FB9A62A807C4F46C51C9C85ED4BB345BB0AC4FB83168B3C6FAEE787E","9306"
"coq/V70_NAT_ORDER_022.vok","E3B0C44298FC1C149AFBF4C8996FB92427AE41E4649B934CA495991B7852B855","0"
"coq/V70_NAT_ORDER_022.vos","E3B0C44298FC1C149AFBF4C8996FB92427AE41E4649B934CA495991B7852B855","0"
"coq/V70_NAT_ORDER_023.glob","FD021FD8F4C108C1E3809D8C0763272FB95A5BAAB946AA1FE4DA9A114E1D0005","1866"
"coq/V70_NAT_ORDER_023.v","6B1B443565A5AE9AC6861BAA4E1C54C9F4C934659C61AC026FCFCF1B05D695DB","540"
"coq/V70_NAT_ORDER_023.vo","9185F73E0F44848E120C77E4DD73F42F64DE176611E42B3C91629C9546E7BAF5","9306"
"coq/V70_NAT_ORDER_023.vok","E3B0C44298FC1C149AFBF4C8996FB92427AE41E4649B934CA495991B7852B855","0"
"coq/V70_NAT_ORDER_023.vos","E3B0C44298FC1C149AFBF4C8996FB92427AE41E4649B934CA495991B7852B855","0"
"coq/V70_NAT_ORDER_024.glob","0346F2C2E613ADEFB191DC5C8ED03E501C5E381B8D4EEA6373AD1753E48ED04F","1866"
"coq/V70_NAT_ORDER_024.v","CB0016F68A3C013D33F7E493CF90F54A7F04EB7C5CB242CDDCF74D839E3FC4D3","540"
"coq/V70_NAT_ORDER_024.vo","DF63EEEE0A9BC91366DB15304E090EDACDEFFAE84DE1491F0BD406B1A6894B07","9306"
"coq/V70_NAT_ORDER_024.vok","E3B0C44298FC1C149AFBF4C8996FB92427AE41E4649B934CA495991B7852B855","0"
"coq/V70_NAT_ORDER_024.vos","E3B0C44298FC1C149AFBF4C8996FB92427AE41E4649B934CA495991B7852B855","0"
"coq/V70_NAT_ORDER_025.glob","4B17A889143BFF42352A0AB5CD8FE6874C6EFA851088761047236958E0435F9B","1866"
"coq/V70_NAT_ORDER_025.v","CE1A9C11991024670E25B11FA93062295ECF9A77B981D6CCE6162604C72A2420","540"
"coq/V70_NAT_ORDER_025.vo","3F438AB5FDC29388B3D5639885F9178C5E65F2DA64FB06D4A3C3408437AA53BF","9306"
"coq/V70_NAT_ORDER_025.vok","E3B0C44298FC1C149AFBF4C8996FB92427AE41E4649B934CA495991B7852B855","0"
"coq/V70_NAT_ORDER_025.vos","E3B0C44298FC1C149AFBF4C8996FB92427AE41E4649B934CA495991B7852B855","0"
"coq/V70_NAT_ORDER_026.glob","7E320AB049344905736E8433E6B5118BA3AC22F2CFFA0677E00A049066A76AB9","1866"
"coq/V70_NAT_ORDER_026.v","FA7342075E35CB32F47ACF1039307851AB34DCEAD98DE6E4F9B9770D36654183","540"
"coq/V70_NAT_ORDER_026.vo","DCF5E40A44522C10C48A0E9E1A834D1FBDD8653B8B3AD803B1371DD56DF7232E","9306"
"coq/V70_NAT_ORDER_026.vok","E3B0C44298FC1C149AFBF4C8996FB92427AE41E4649B934CA495991B7852B855","0"
"coq/V70_NAT_ORDER_026.vos","E3B0C44298FC1C149AFBF4C8996FB92427AE41E4649B934CA495991B7852B855","0"
"coq/V70_NAT_ORDER_027.glob","57486773E7FBEEF5A66D78E46D56AC02A97959FE0F3AB535ACB6821D6E67ECC6","1866"
"coq/V70_NAT_ORDER_027.v","D47571F47A709E781BC7871FC27B74FC6ED5089866A21D73DE7CF8AC57D8D94B","540"
"coq/V70_NAT_ORDER_027.vo","CE90D62EBD156BBBA3890DF8CD4606E5FB5C49A9D3BBCD8554A7530DF279EA55","9306"
"coq/V70_NAT_ORDER_027.vok","E3B0C44298FC1C149AFBF4C8996FB92427AE41E4649B934CA495991B7852B855","0"
"coq/V70_NAT_ORDER_027.vos","E3B0C44298FC1C149AFBF4C8996FB92427AE41E4649B934CA495991B7852B855","0"
"coq/V70_NAT_ORDER_028.glob","8A83A66134726ABA75C9A8172DB4734DADEE9FE0F83A1E0DF91A7213F83D0103","1866"
"coq/V70_NAT_ORDER_028.v","BF21AE1C650521B0A42265881714D1B394CF85526E4E3F44CCC70BE43DAA7B1A","540"
"coq/V70_NAT_ORDER_028.vo","699009ACAE3210F26CA47EB91FCBA47DCBE84648395BF6307BA7DDF097E9A065","9306"
"coq/V70_NAT_ORDER_028.vok","E3B0C44298FC1C149AFBF4C8996FB92427AE41E4649B934CA495991B7852B855","0"
"coq/V70_NAT_ORDER_028.vos","E3B0C44298FC1C149AFBF4C8996FB92427AE41E4649B934CA495991B7852B855","0"
"coq/V70_NAT_ORDER_029.glob","B55E8C3841A60E3907181C8899B4D842D227D25561E85C4D0E15DD06EEDEE9BA","1866"
"coq/V70_NAT_ORDER_029.v","C54181D6699EE10E4A5ACEE14B5D53F5D21972A86ABB4A899546CF5C054FCB00","540"
"coq/V70_NAT_ORDER_029.vo","601F8AB66A75655678BB965626A8E2EBF7A03DC42943A0C0398B10F5F7A5ED3C","9306"
"coq/V70_NAT_ORDER_029.vok","E3B0C44298FC1C149AFBF4C8996FB92427AE41E4649B934CA495991B7852B855","0"
"coq/V70_NAT_ORDER_029.vos","E3B0C44298FC1C149AFBF4C8996FB92427AE41E4649B934CA495991B7852B855","0"
"coq/V70_NAT_ORDER_030.glob","09F2D0C5B7D0E043665D78C66A6F6840DBAEC0DFA8DBFB6559BB14694B1C2FB2","1866"
"coq/V70_NAT_ORDER_030.v","CFE71CB6EC5FC154867CDF864FEC75FFE956B764FBF2025E5F193FB8BF59FF62","540"
"coq/V70_NAT_ORDER_030.vo","DAE9F0816F9C4F6BDFFC5AEDC70E83B99EF0D85600D8FA80C50A3C3AD5FDF6D7","9306"
"coq/V70_NAT_ORDER_030.vok","E3B0C44298FC1C149AFBF4C8996FB92427AE41E4649B934CA495991B7852B855","0"
"coq/V70_NAT_ORDER_030.vos","E3B0C44298FC1C149AFBF4C8996FB92427AE41E4649B934CA495991B7852B855","0"
"coq/V70_NAT_ORDER_031.glob","3A78EDB9B62B5C1BEF7ADC07906320403AEA472575E125909BF313DC0940129C","1866"
"coq/V70_NAT_ORDER_031.v","009170EC9DD6820C0BDB8848523BB83E39DF0F9F9B250DDACB09D48EF9BC3996","540"
"coq/V70_NAT_ORDER_031.vo","DD596102AAA70B41C9BF6AD90C9A12EF08DA08717A62C77A83E919C9C839AB53","9306"
"coq/V70_NAT_ORDER_031.vok","E3B0C44298FC1C149AFBF4C8996FB92427AE41E4649B934CA495991B7852B855","0"
"coq/V70_NAT_ORDER_031.vos","E3B0C44298FC1C149AFBF4C8996FB92427AE41E4649B934CA495991B7852B855","0"
"coq/V70_NAT_ORDER_032.glob","74EC84A6413851FC59CDE6844A3D86B11BFEB6051DEA81CF20D2540BFEE570F6","1866"
"coq/V70_NAT_ORDER_032.v","06B9FC38F3490EAB3457C24C2304E2ADAC44A4C699BF10C8FA4AE412CC24F181","540"
"coq/V70_NAT_ORDER_032.vo","76515D650D3157F210CDB21DF0831931E6EA1CD8C7981F2E2B8BD76E6ECADDB3","9306"
"coq/V70_NAT_ORDER_032.vok","E3B0C44298FC1C149AFBF4C8996FB92427AE41E4649B934CA495991B7852B855","0"
"coq/V70_NAT_ORDER_032.vos","E3B0C44298FC1C149AFBF4C8996FB92427AE41E4649B934CA495991B7852B855","0"
"coq/V70_NAT_ORDER_033.glob","0D54BA9162DE9F52B674BC8E497D1AACE64537D655BF6BAFB2F25FDED415844B","1866"
"coq/V70_NAT_ORDER_033.v","E5A63573F3AF5600B10120FE18EA519D93A1F76BD480FFCB0B3790CD61E04495","540"
"coq/V70_NAT_ORDER_033.vo","0E9FF631F0479FBE83D15E5AE0C9D94CE897E42CB710C6A0C5CC781F61CA41E5","9306"
"coq/V70_NAT_ORDER_033.vok","E3B0C44298FC1C149AFBF4C8996FB92427AE41E4649B934CA495991B7852B855","0"
"coq/V70_NAT_ORDER_033.vos","E3B0C44298FC1C149AFBF4C8996FB92427AE41E4649B934CA495991B7852B855","0"
"coq/V70_NAT_ORDER_034.glob","219255AF3385CAB3B69499B8E45FF4657C83DB5D957E696A11E8DA836B0D8833","1866"
"coq/V70_NAT_ORDER_034.v","127A87E71BA790A2465D3BB469B96952CAD2B0FD733AF4CE5FC9936018EC85B0","540"
"coq/V70_NAT_ORDER_034.vo","5027605212F167219563DDD48B2CD7672037778402D0F8A915BA821E885DD9AA","9306"
"coq/V70_NAT_ORDER_034.vok","E3B0C44298FC1C149AFBF4C8996FB92427AE41E4649B934CA495991B7852B855","0"
"coq/V70_NAT_ORDER_034.vos","E3B0C44298FC1C149AFBF4C8996FB92427AE41E4649B934CA495991B7852B855","0"
"coq/V70_NAT_ORDER_035.glob","1D540C6BC2BA312094B8E0B56CD363673A4E24D23A0A160CC6D3F00BFDCF6F01","1866"
"coq/V70_NAT_ORDER_035.v","365299FAC0214ADC56B2DC9B8E1E0832F9F1A4E256A2D67FBF08416C04ADE771","540"
"coq/V70_NAT_ORDER_035.vo","A2B46EC21C6555A91E4A889799E6AEEC7A4BD9AF83CF8385FC4767F3ED011ED4","9306"
"coq/V70_NAT_ORDER_035.vok","E3B0C44298FC1C149AFBF4C8996FB92427AE41E4649B934CA495991B7852B855","0"
"coq/V70_NAT_ORDER_035.vos","E3B0C44298FC1C149AFBF4C8996FB92427AE41E4649B934CA495991B7852B855","0"
"coq/V70_NAT_ORDER_036.glob","F1F35DEFE24BF04343BF7F8F4BA9713A11E68FF58D1D99B474DBEFD268ECFAD0","1866"
"coq/V70_NAT_ORDER_036.v","B4EA33E16315A120956F3BE3C349C5CA73D8D225806E7A14D5A3523504961F03","540"
"coq/V70_NAT_ORDER_036.vo","0F9576D39F1ED231C3CB92956D52CC7342A64A5DB4A263913171BD27DBC5EA46","9306"
"coq/V70_NAT_ORDER_036.vok","E3B0C44298FC1C149AFBF4C8996FB92427AE41E4649B934CA495991B7852B855","0"
"coq/V70_NAT_ORDER_036.vos","E3B0C44298FC1C149AFBF4C8996FB92427AE41E4649B934CA495991B7852B855","0"
"coq/V70_NAT_ORDER_037.glob","F12B7A20E85F313217A081524B2ACDB443E50CFB256209A76BF80E713145FF09","1866"
"coq/V70_NAT_ORDER_037.v","B7D7C46422821F1863BF1B020CFDBEC4B01581288D229C9A085B4D622D004E35","540"
"coq/V70_NAT_ORDER_037.vo","25B0B732D69DC03BCB7255A0947F92A6578C7DE92E05807E70741D53C8086658","9306"
"coq/V70_NAT_ORDER_037.vok","E3B0C44298FC1C149AFBF4C8996FB92427AE41E4649B934CA495991B7852B855","0"
"coq/V70_NAT_ORDER_037.vos","E3B0C44298FC1C149AFBF4C8996FB92427AE41E4649B934CA495991B7852B855","0"
"coq/V70_NAT_ORDER_038.glob","8349B830363D19CDEF74FE402C22ADF04B3697C4A6813192AF67A0D0D2189B9E","1866"
"coq/V70_NAT_ORDER_038.v","EE09FD0078337FB9AE37486C41700C6E05E2ADA04380FAC4E0B572C4A0B8CBF7","540"
"coq/V70_NAT_ORDER_038.vo","3D800F2D30D47EC7EFCEBBB8F51FCAF4854E9DE20C7DE0B0AF9214AB136B9C5E","9306"
"coq/V70_NAT_ORDER_038.vok","E3B0C44298FC1C149AFBF4C8996FB92427AE41E4649B934CA495991B7852B855","0"
"coq/V70_NAT_ORDER_038.vos","E3B0C44298FC1C149AFBF4C8996FB92427AE41E4649B934CA495991B7852B855","0"
"coq/V70_NAT_ORDER_039.glob","D62EC80D0328877A041ED7F0BCA57DCCAA4DC8FDF2A781C78EF77FF22B2CEFD0","1866"
"coq/V70_NAT_ORDER_039.v","51CFAF20DC3C0AA4B47F44BB0585A27008BE0AFB21E1350823BE95C05F248CB0","540"
"coq/V70_NAT_ORDER_039.vo","E8E58F6AB36DD0AE39E76F3DF6CE1FF15CB9209F35A2F58F67F78AF9510559D1","9306"
"coq/V70_NAT_ORDER_039.vok","E3B0C44298FC1C149AFBF4C8996FB92427AE41E4649B934CA495991B7852B855","0"
"coq/V70_NAT_ORDER_039.vos","E3B0C44298FC1C149AFBF4C8996FB92427AE41E4649B934CA495991B7852B855","0"
"coq/V70_NAT_ORDER_040.glob","A406634DA77ADF05B60E2D9727FD587596534AF564A9BFD43328174E4B3961A7","1866"
"coq/V70_NAT_ORDER_040.v","24F26F4771A7DAB6B180E4A75BB45E1879C110367D4941A7D9BE992C4CCA500F","540"
"coq/V70_NAT_ORDER_040.vo","6FF77ACB5A53647F9A79CE089978D3D1D5C7FC02515550346D2F63D913E1A116","9306"
"coq/V70_NAT_ORDER_040.vok","E3B0C44298FC1C149AFBF4C8996FB92427AE41E4649B934CA495991B7852B855","0"
"coq/V70_NAT_ORDER_040.vos","E3B0C44298FC1C149AFBF4C8996FB92427AE41E4649B934CA495991B7852B855","0"
"coq/V70_NAT_ORDER_041.glob","40D72D2DC1320BF3AD7DED33B3651CF143FA925637DA7AC4954D2B1399156220","1866"
"coq/V70_NAT_ORDER_041.v","A9C10FD5A745617B6D58145281A48E5D72DB9365F38FB459C0887D8D43375E1E","540"
"coq/V70_NAT_ORDER_041.vo","F6F6DB556C43BD672CFB6B14376A7AE6A1876B3D606F64844A369FE237CEF544","9306"
"coq/V70_NAT_ORDER_041.vok","E3B0C44298FC1C149AFBF4C8996FB92427AE41E4649B934CA495991B7852B855","0"
"coq/V70_NAT_ORDER_041.vos","E3B0C44298FC1C149AFBF4C8996FB92427AE41E4649B934CA495991B7852B855","0"
"coq/V70_NAT_ORDER_042.glob","4375AB7DB6900DE51117D22AAAE80D0EAC09B1C824E67124BC00A7D3CC994C33","1866"
"coq/V70_NAT_ORDER_042.v","823D906ABA474B58FD7648E53D9EA3880E90F1FEFD0607C6470E4BF38A6325F4","540"
"coq/V70_NAT_ORDER_042.vo","88E880D25C3ED2DCB24AE36A087513DDB1430590973094B1F26C0B2A46E258DE","9306"
"coq/V70_NAT_ORDER_042.vok","E3B0C44298FC1C149AFBF4C8996FB92427AE41E4649B934CA495991B7852B855","0"
"coq/V70_NAT_ORDER_042.vos","E3B0C44298FC1C149AFBF4C8996FB92427AE41E4649B934CA495991B7852B855","0"
"coq/V70_NAT_ORDER_043.glob","BE5D2465FAC851BF753C45652C87990CD1D8EBABFF9D952CBC5DE22132DB4CD0","1866"
"coq/V70_NAT_ORDER_043.v","F8D25E59EA09C05407699C23480B20CE3941D3F7D819A67D32F974E52B90CC49","540"
"coq/V70_NAT_ORDER_043.vo","8503E411E0E1D1BAA9FF06F8480A439CC2BF0ABB913B0DEA9EACFB5A42899FA5","9306"
"coq/V70_NAT_ORDER_043.vok","E3B0C44298FC1C149AFBF4C8996FB92427AE41E4649B934CA495991B7852B855","0"
"coq/V70_NAT_ORDER_043.vos","E3B0C44298FC1C149AFBF4C8996FB92427AE41E4649B934CA495991B7852B855","0"
"coq/V70_NAT_ORDER_044.glob","52E01B945052286784AB2673B87CE5D42CA8FE269BB433CD6F08E29985C685BB","1866"
"coq/V70_NAT_ORDER_044.v","F1ED7FA61C06F6C83F80CD8C4736E0D3A23C06453D40CFFE096D6DEF180E6324","540"
"coq/V70_NAT_ORDER_044.vo","AA4A1ED97C5A44F377CCA31C07ADA1FB91FFC0FA416F196E1CA748E763316E21","9306"
"coq/V70_NAT_ORDER_044.vok","E3B0C44298FC1C149AFBF4C8996FB92427AE41E4649B934CA495991B7852B855","0"
"coq/V70_NAT_ORDER_044.vos","E3B0C44298FC1C149AFBF4C8996FB92427AE41E4649B934CA495991B7852B855","0"
"coq/V70_NAT_ORDER_045.glob","B7F5A19EC7A619BF678726917442B4852211250D3049B34A75AFDD310B82EED5","1866"
"coq/V70_NAT_ORDER_045.v","8EC54D2C54F860EE9F58E21E2306A8F0205E0A039BDE2EF5A34508EDC1304986","540"
"coq/V70_NAT_ORDER_045.vo","5239BE98AC8A79F86C761FFD2C6B1F440DD27F807E86F2E39751B81B25844A97","9306"
"coq/V70_NAT_ORDER_045.vok","E3B0C44298FC1C149AFBF4C8996FB92427AE41E4649B934CA495991B7852B855","0"
"coq/V70_NAT_ORDER_045.vos","E3B0C44298FC1C149AFBF4C8996FB92427AE41E4649B934CA495991B7852B855","0"
"coq/V70_NAT_ORDER_046.glob","CEA31C648427D4CDCE3509D5D470C61FD8FA581B9C68E7FAC97C25BB61EB3F16","1866"
"coq/V70_NAT_ORDER_046.v","B3DBA8364BB286789D3F7E1C26746416CF218D7D10A30C5C4134C5350B7F10D7","540"
"coq/V70_NAT_ORDER_046.vo","E8EBA6320E418CD22A38DE9935640256FFB8C29C578323FA144A3D3C571D962F","9306"
"coq/V70_NAT_ORDER_046.vok","E3B0C44298FC1C149AFBF4C8996FB92427AE41E4649B934CA495991B7852B855","0"
"coq/V70_NAT_ORDER_046.vos","E3B0C44298FC1C149AFBF4C8996FB92427AE41E4649B934CA495991B7852B855","0"
"coq/V70_NAT_ORDER_047.glob","A0EAF6D02AEF08333D6D42787CA553C950B62F8265FA25CCE99C3B9C46EA343D","1866"
"coq/V70_NAT_ORDER_047.v","D593B72C60F6DB09AE2135C1FE187351272DEBB0E3B8A6C36BC9700D9CFD3810","540"
"coq/V70_NAT_ORDER_047.vo","9E470C1EBAD2F8BFB4935FF0DE864D2017CBDEED50698E44361DB0156893A290","9306"
"coq/V70_NAT_ORDER_047.vok","E3B0C44298FC1C149AFBF4C8996FB92427AE41E4649B934CA495991B7852B855","0"
"coq/V70_NAT_ORDER_047.vos","E3B0C44298FC1C149AFBF4C8996FB92427AE41E4649B934CA495991B7852B855","0"
"coq/V70_NAT_ORDER_048.glob","DFC197FE2C95673CCFAE4021C440CD19D57F525F11561881F2FC67B2259046FC","1866"
"coq/V70_NAT_ORDER_048.v","8F6024389C6FE6FE456D173AF6BEB2E8534BB5809DBF8B631AB30444A5CEF0F8","540"
"coq/V70_NAT_ORDER_048.vo","6BC28BF0035FB59CC0107D5941B03609399A91227500125755989E24573F86D5","9306"
"coq/V70_NAT_ORDER_048.vok","E3B0C44298FC1C149AFBF4C8996FB92427AE41E4649B934CA495991B7852B855","0"
"coq/V70_NAT_ORDER_048.vos","E3B0C44298FC1C149AFBF4C8996FB92427AE41E4649B934CA495991B7852B855","0"
"coq/V70_NAT_ORDER_049.glob","D1195B723D97A0EE50E88DBA85252062C06DE0E2F81866C70C1269B7B203CB68","1866"
"coq/V70_NAT_ORDER_049.v","5AF4187BFA94AC1C1E2BDA62F9C83CD6E9FCED017E135B7319EBE42878A388FF","540"
"coq/V70_NAT_ORDER_049.vo","0956425C595500C9A8D75051C753839ACD17C3B07E740F107AB87EE69D5AB5D7","9306"
"coq/V70_NAT_ORDER_049.vok","E3B0C44298FC1C149AFBF4C8996FB92427AE41E4649B934CA495991B7852B855","0"
"coq/V70_NAT_ORDER_049.vos","E3B0C44298FC1C149AFBF4C8996FB92427AE41E4649B934CA495991B7852B855","0"
"coq/V70_NAT_ORDER_050.glob","85FF0BF64492ECC836105881B1FB8F51CB063D1BA92573012411BAF251773A40","1866"
"coq/V70_NAT_ORDER_050.v","B5EDEA0E92F8985CBBCCB0E95CBABF07F1911E2670189BD55F0C953CA1D9A678","540"
"coq/V70_NAT_ORDER_050.vo","8A8E6EB5DCEF4F7E7F6E36910AC6BFB80414CBE68BE169E3EE1E3F099868D23E","9306"
"coq/V70_NAT_ORDER_050.vok","E3B0C44298FC1C149AFBF4C8996FB92427AE41E4649B934CA495991B7852B855","0"
"coq/V70_NAT_ORDER_050.vos","E3B0C44298FC1C149AFBF4C8996FB92427AE41E4649B934CA495991B7852B855","0"
"coq/V70_NAT_ORDER_051.glob","740B3682BC1CA9D103F16E1CF064D40DA648A014B46CE3D6B35B7125ACC44B2C","1866"
"coq/V70_NAT_ORDER_051.v","240D9F9E2DB5042918A7735093A69B8A22C993540D31CD05C5D252CB7BD1B1B1","540"
"coq/V70_NAT_ORDER_051.vo","CBE9AA912B260D61A4741B49FFCE7B5AD0BC4654430B64C31D92644A61190241","9306"
"coq/V70_NAT_ORDER_051.vok","E3B0C44298FC1C149AFBF4C8996FB92427AE41E4649B934CA495991B7852B855","0"
"coq/V70_NAT_ORDER_051.vos","E3B0C44298FC1C149AFBF4C8996FB92427AE41E4649B934CA495991B7852B855","0"
"coq/V70_NAT_ORDER_052.glob","F5B1392898C44A2334D1058EF6F88534A5A13F35AE5582F59CD39D699C65EACC","1866"
"coq/V70_NAT_ORDER_052.v","B16629AA2306E941F2B62B8DFA6F72974581FAA634C4F3A790B1B19FBC5B1167","540"
"coq/V70_NAT_ORDER_052.vo","4843F8716636BFA576B4E9004FB2BC833A4A34B76C6FD7D57FB3B44939EE2960","9306"
"coq/V70_NAT_ORDER_052.vok","E3B0C44298FC1C149AFBF4C8996FB92427AE41E4649B934CA495991B7852B855","0"
"coq/V70_NAT_ORDER_052.vos","E3B0C44298FC1C149AFBF4C8996FB92427AE41E4649B934CA495991B7852B855","0"
"coq/V70_NAT_ORDER_053.glob","84F89FF32CD790B42190B96E9BF7C236060875FA1C074B4B6A2871E82FDE1B77","1866"
"coq/V70_NAT_ORDER_053.v","43A611EF6675A5A669F0A0D05EA655E6E72727C54B8989222493F1E58807F312","540"
"coq/V70_NAT_ORDER_053.vo","F654DF180AEB8E57D50995BB5CEC38DEEE71AB2E50F425DCAFD3DF50F5BF2E0C","9306"
"coq/V70_NAT_ORDER_053.vok","E3B0C44298FC1C149AFBF4C8996FB92427AE41E4649B934CA495991B7852B855","0"
"coq/V70_NAT_ORDER_053.vos","E3B0C44298FC1C149AFBF4C8996FB92427AE41E4649B934CA495991B7852B855","0"
"coq/V70_NAT_ORDER_054.glob","30F759F65E126C7C238325C17B255EE186A6D95F5EE213E7D38A6AA94240C5B8","1866"
"coq/V70_NAT_ORDER_054.v","2842CC4298E0131523724B771FAA162FD96179B08CFAB423E0503ABD35621E62","540"
"coq/V70_NAT_ORDER_054.vo","122D4FD37428B8F5C7C9C8233C261242C7DE283EE8B45913FA9A6D1900C63F77","9306"
"coq/V70_NAT_ORDER_054.vok","E3B0C44298FC1C149AFBF4C8996FB92427AE41E4649B934CA495991B7852B855","0"
"coq/V70_NAT_ORDER_054.vos","E3B0C44298FC1C149AFBF4C8996FB92427AE41E4649B934CA495991B7852B855","0"
"coq/V70_NAT_ORDER_055.glob","D63EE03B74C3AB9C4736AE609082943BE5868EEFA41F6A161A2B3B427CF7A533","1866"
"coq/V70_NAT_ORDER_055.v","77472B91AD2E4BDD354628A320BD04445AF2C832D71F7DA58DA4EBBDD3B992D3","540"
"coq/V70_NAT_ORDER_055.vo","B473151C1AEFB9372C72197639CC80B09C68E15779FC40E9C665F003BB977B17","9306"
"coq/V70_NAT_ORDER_055.vok","E3B0C44298FC1C149AFBF4C8996FB92427AE41E4649B934CA495991B7852B855","0"
"coq/V70_NAT_ORDER_055.vos","E3B0C44298FC1C149AFBF4C8996FB92427AE41E4649B934CA495991B7852B855","0"
"coq/V70_NAT_ORDER_056.glob","8E1EFD23C910A0462279BB8961BFF45AE614AF6DB64997403B6D49A183B2F541","1866"
"coq/V70_NAT_ORDER_056.v","611E427DEDEFCC1C7489B8B7F879CB8F45E417634F73F6672768EF3990283C3D","540"
"coq/V70_NAT_ORDER_056.vo","841FD4212A232673463B3775CD386A1A9394E83783D7A35338886F2C9E4AE742","9306"
"coq/V70_NAT_ORDER_056.vok","E3B0C44298FC1C149AFBF4C8996FB92427AE41E4649B934CA495991B7852B855","0"
"coq/V70_NAT_ORDER_056.vos","E3B0C44298FC1C149AFBF4C8996FB92427AE41E4649B934CA495991B7852B855","0"
"coq/V70_NAT_ORDER_057.glob","0018DE07FBEBE17D44F46B719C6901A26F07636B1B2C3609D1D2F43A77640AD7","1866"
"coq/V70_NAT_ORDER_057.v","9E51FB71CE8B8F78A86E8BB7A9CA18AE6C1E18C9591733B7687EB0E46BB233FA","540"
"coq/V70_NAT_ORDER_057.vo","BE68427D9FEA1C83F5F2E976759C9E3768F50C93E46CA320997748FCC87861BC","9306"
"coq/V70_NAT_ORDER_057.vok","E3B0C44298FC1C149AFBF4C8996FB92427AE41E4649B934CA495991B7852B855","0"
"coq/V70_NAT_ORDER_057.vos","E3B0C44298FC1C149AFBF4C8996FB92427AE41E4649B934CA495991B7852B855","0"
"coq/V70_NAT_ORDER_058.glob","F19669AAB8FD9057DCAC50EE2ACA6338DB073E2EB8C30BCC5D5DADEE4AC03167","1866"
"coq/V70_NAT_ORDER_058.v","A181F0F126386D9A3F1D5276AC94DFBEDEFBD19C413B4F242F104B6F1C7B0BBE","540"
"coq/V70_NAT_ORDER_058.vo","B0A8134C09E979218DCF294EFAED04466D0C4D9900EA9060E1DE8ECD4F79670E","9306"
"coq/V70_NAT_ORDER_058.vok","E3B0C44298FC1C149AFBF4C8996FB92427AE41E4649B934CA495991B7852B855","0"
"coq/V70_NAT_ORDER_058.vos","E3B0C44298FC1C149AFBF4C8996FB92427AE41E4649B934CA495991B7852B855","0"
"coq/V70_NAT_ORDER_059.glob","0BE8F2809DBCFF6E5E9703CD673F8561AE734A91E62A25314292420B70A80229","1866"
"coq/V70_NAT_ORDER_059.v","C40819786F458D95996BA878AD39D0DB94B2FA876C6AEAE3A008D14914675255","540"
"coq/V70_NAT_ORDER_059.vo","0D334BCE1928969A80D3164A46B09AD6DFEAAAF3A8737441F3B1D6A99F76E5CD","9306"
"coq/V70_NAT_ORDER_059.vok","E3B0C44298FC1C149AFBF4C8996FB92427AE41E4649B934CA495991B7852B855","0"
"coq/V70_NAT_ORDER_059.vos","E3B0C44298FC1C149AFBF4C8996FB92427AE41E4649B934CA495991B7852B855","0"
"coq/V70_NAT_ORDER_060.glob","55AD970DBA32256526BDEE128FE5406434D10A471AC3739E58126B9DD7C786B9","1866"
"coq/V70_NAT_ORDER_060.v","B2B69FDA77A1139075BFD2A14BAFAA9393B669C2A5C5847F346E874C7F899704","540"
"coq/V70_NAT_ORDER_060.vo","C822715F1066560ADC382D395209ECC41427C7829853BC7016187FFB62D17538","9306"
"coq/V70_NAT_ORDER_060.vok","E3B0C44298FC1C149AFBF4C8996FB92427AE41E4649B934CA495991B7852B855","0"
"coq/V70_NAT_ORDER_060.vos","E3B0C44298FC1C149AFBF4C8996FB92427AE41E4649B934CA495991B7852B855","0"
"coq/V70_NAT_ORDER_061.glob","EAEF265DA0F0F7C1355D1E76B98199096B137B004F4BCDD1BE140916FFB74E41","1866"
"coq/V70_NAT_ORDER_061.v","13C966944D70DB831C5CD658574E02FC37213DAE632F9D29CABC22E6D7D1B3E1","540"
"coq/V70_NAT_ORDER_061.vo","89A509B1FE1EBC37F3799A1BEF8B968708A59EA8A95D5666F17CD28AAC4B7924","9306"
"coq/V70_NAT_ORDER_061.vok","E3B0C44298FC1C149AFBF4C8996FB92427AE41E4649B934CA495991B7852B855","0"
"coq/V70_NAT_ORDER_061.vos","E3B0C44298FC1C149AFBF4C8996FB92427AE41E4649B934CA495991B7852B855","0"
"coq/V70_NAT_ORDER_062.glob","C1F59591117AF244DB4ABFA1FF6F6029218C1A473C9918BD4171FF25F11A9D81","1866"
"coq/V70_NAT_ORDER_062.v","765B6FFA6173E776F29F5B551217CA20684D5A3FD80F83DD220234CBC2287BEE","540"
"coq/V70_NAT_ORDER_062.vo","A8809933C74DCE988700E0DA5CC259718B8596B976CEE3EF54471320102CD884","9306"
"coq/V70_NAT_ORDER_062.vok","E3B0C44298FC1C149AFBF4C8996FB92427AE41E4649B934CA495991B7852B855","0"
"coq/V70_NAT_ORDER_062.vos","E3B0C44298FC1C149AFBF4C8996FB92427AE41E4649B934CA495991B7852B855","0"
"coq/V70_NAT_ORDER_063.glob","5F8563CAAD5D2F74AFCAB3A7E33F13895431F6C4C7340A1DDCE285E74B091361","1866"
"coq/V70_NAT_ORDER_063.v","6683287A71A3DE527E4C3E51425C097B763977A050ED7B57BEFC7DBE146A6AE6","540"
"coq/V70_NAT_ORDER_063.vo","09ED71B0E31C06FD08ECB82F4152E405E1058ED0AF37A83C4C970E9A0C6F2AAD","9306"
"coq/V70_NAT_ORDER_063.vok","E3B0C44298FC1C149AFBF4C8996FB92427AE41E4649B934CA495991B7852B855","0"
"coq/V70_NAT_ORDER_063.vos","E3B0C44298FC1C149AFBF4C8996FB92427AE41E4649B934CA495991B7852B855","0"
"coq/V70_NAT_ORDER_064.glob","B8276BAC7DE62A440B322B760E71CE72B64D31A771DD56ABD4B600937A3F1FB3","1866"
"coq/V70_NAT_ORDER_064.v","021B2B837B8A7CCCDE4E160C75C9E2A16950089D74E39B95A144A1FBEA41C221","540"
"coq/V70_NAT_ORDER_064.vo","9B5BD7D389E1F7B727E1EAD1337592D46D0C70F6A44EF7F1AEE50F6EBA386730","9306"
"coq/V70_NAT_ORDER_064.vok","E3B0C44298FC1C149AFBF4C8996FB92427AE41E4649B934CA495991B7852B855","0"
"coq/V70_NAT_ORDER_064.vos","E3B0C44298FC1C149AFBF4C8996FB92427AE41E4649B934CA495991B7852B855","0"
"coq/V70_NAT_ORDER_065.glob","37C5FFB9F80FB64E996392B0B26EBFFE2D593E749FA46505DBDB47C4CF8EAF4C","1866"
"coq/V70_NAT_ORDER_065.v","31DE60BC2AB0392628C718F90994295F770DE998094418AB20B875BE4F29E393","540"
"coq/V70_NAT_ORDER_065.vo","4B1DA113AF99CC5E33CB1EA8C90A7CE1BE49B135621B9C47EC8CB63ADF6CA8AD","9306"
"coq/V70_NAT_ORDER_065.vok","E3B0C44298FC1C149AFBF4C8996FB92427AE41E4649B934CA495991B7852B855","0"
"coq/V70_NAT_ORDER_065.vos","E3B0C44298FC1C149AFBF4C8996FB92427AE41E4649B934CA495991B7852B855","0"
"coq/V70_NAT_ORDER_066.glob","1F1BE43AD50663E3F2FF01A6970272F6D4F4834EDC3285232107DC68E5DA98DF","1866"
"coq/V70_NAT_ORDER_066.v","9111F2D6A8EDDCA689ED44E173CC93B9AC95E20E0BCB573E6A46F95FBFD7589B","540"
"coq/V70_NAT_ORDER_066.vo","A286257A9107B88CF43B4E95473BDDC9E7CBC1F4D1CC8A550B5FB6DA9528720E","9306"
"coq/V70_NAT_ORDER_066.vok","E3B0C44298FC1C149AFBF4C8996FB92427AE41E4649B934CA495991B7852B855","0"
"coq/V70_NAT_ORDER_066.vos","E3B0C44298FC1C149AFBF4C8996FB92427AE41E4649B934CA495991B7852B855","0"
"coq/V70_NAT_ORDER_067.glob","5A9A4A17B872001A4621670884F5881228133EBF40733B3EE0165F5A930AEE40","1866"
"coq/V70_NAT_ORDER_067.v","4F320176E44A9BFB17F9D163558C7A8B13D9152F7E9369B597120656522D869E","540"
"coq/V70_NAT_ORDER_067.vo","F3C8E1835686B2F7042CB113BE5BDB9E123D3C461082B0614D439CDAECBE4770","9306"
"coq/V70_NAT_ORDER_067.vok","E3B0C44298FC1C149AFBF4C8996FB92427AE41E4649B934CA495991B7852B855","0"
"coq/V70_NAT_ORDER_067.vos","E3B0C44298FC1C149AFBF4C8996FB92427AE41E4649B934CA495991B7852B855","0"
"coq/V70_NAT_ORDER_068.glob","6201361C1969D4E1B013B293516D384106F61E1DF412CEA38EAD78EE78E4F007","1866"
"coq/V70_NAT_ORDER_068.v","113E871B5CBF7D481071F010047F18DBA05868D9CB08034F466353BFA156498C","540"
"coq/V70_NAT_ORDER_068.vo","3A709022CAA7810BE084ADBC08F6B37A9B5A3D49A9A298D6D86994507E82E420","9306"
"coq/V70_NAT_ORDER_068.vok","E3B0C44298FC1C149AFBF4C8996FB92427AE41E4649B934CA495991B7852B855","0"
"coq/V70_NAT_ORDER_068.vos","E3B0C44298FC1C149AFBF4C8996FB92427AE41E4649B934CA495991B7852B855","0"
"coq/V70_NAT_ORDER_069.glob","759FC84380FE6ED118A77EE2A0972B1874402F536EADF349553237487E873FEA","1866"
"coq/V70_NAT_ORDER_069.v","08276730406E2DA0ED0AA744364640D8F3C07D4E1B28F06E9E65AADA104924B2","540"
"coq/V70_NAT_ORDER_069.vo","39F13D7706C3E9ED4BB6B805305937DF633F136EDFB4C985CEC221F5114C5222","9306"
"coq/V70_NAT_ORDER_069.vok","E3B0C44298FC1C149AFBF4C8996FB92427AE41E4649B934CA495991B7852B855","0"
"coq/V70_NAT_ORDER_069.vos","E3B0C44298FC1C149AFBF4C8996FB92427AE41E4649B934CA495991B7852B855","0"
"coq/V70_NAT_ORDER_070.glob","F48012C654996902015390EB2D4BC9FF97AB785E6AD9BEF98C2BD116A83D119A","1866"
"coq/V70_NAT_ORDER_070.v","7553CE1616847413482F6768F1D9494B1D8CDFE2EEFCEC237ADD1FAD3CF91DC4","540"
"coq/V70_NAT_ORDER_070.vo","04CDFB9A3ED544FA3103C510074EFCE1A2CAEB8A71A70CD93E33018E1575CC10","9306"
"coq/V70_NAT_ORDER_070.vok","E3B0C44298FC1C149AFBF4C8996FB92427AE41E4649B934CA495991B7852B855","0"
"coq/V70_NAT_ORDER_070.vos","E3B0C44298FC1C149AFBF4C8996FB92427AE41E4649B934CA495991B7852B855","0"
"coq/V70_NAT_ORDER_071.glob","B3F9BF79F4474A2B87E5BBF99FCF3A5A9C86F698DD1DA5411FD1A54EF0288D9A","1866"
"coq/V70_NAT_ORDER_071.v","536814687AABE69710E853E3E8B29B9240DBF150992EFE1FA5AC6C609EE65C56","540"
"coq/V70_NAT_ORDER_071.vo","DEC572C26ABD47D801B23B26CDB0D90EC0C5BD817F5072770480332D685FDCAB","9306"
"coq/V70_NAT_ORDER_071.vok","E3B0C44298FC1C149AFBF4C8996FB92427AE41E4649B934CA495991B7852B855","0"
"coq/V70_NAT_ORDER_071.vos","E3B0C44298FC1C149AFBF4C8996FB92427AE41E4649B934CA495991B7852B855","0"
"coq/V70_NAT_ORDER_072.glob","6537671BB2C2406E2C24CD78E811F9299DD828E04DD561C2AA2F4F13F5A731AE","1866"
"coq/V70_NAT_ORDER_072.v","F97F9E326F1293569900727A0D16C93ACE8295CBBF668DAAFFDCF1E4974F9892","540"
"coq/V70_NAT_ORDER_072.vo","2DC6CAA4F38D4D605B3E8CA3846B8D406752ECDB7B5825B14051DE1BD66CCCE2","9306"
"coq/V70_NAT_ORDER_072.vok","E3B0C44298FC1C149AFBF4C8996FB92427AE41E4649B934CA495991B7852B855","0"
"coq/V70_NAT_ORDER_072.vos","E3B0C44298FC1C149AFBF4C8996FB92427AE41E4649B934CA495991B7852B855","0"
"coq/V70_NAT_ORDER_073.glob","BE0F23983AC0C7BAF2277FA91BF4C410C6DFC21BF85FE4F2CC642EF5A7B7470D","1866"
"coq/V70_NAT_ORDER_073.v","464BB3DC09C08BFDA5F0D3E7160E5671D3CD43938942133DD2140466223FD609","540"
"coq/V70_NAT_ORDER_073.vo","BAC49319BA0AF58ED5054EE3500A8B9E810200144FD91ACB4C11D1A4689FDFF1","9306"
"coq/V70_NAT_ORDER_073.vok","E3B0C44298FC1C149AFBF4C8996FB92427AE41E4649B934CA495991B7852B855","0"
"coq/V70_NAT_ORDER_073.vos","E3B0C44298FC1C149AFBF4C8996FB92427AE41E4649B934CA495991B7852B855","0"
"coq/V70_NAT_ORDER_074.glob","C50CCC3A440C46797AAD88317DA9A17C4AC134240667151EC8C59932612DE28E","1866"
"coq/V70_NAT_ORDER_074.v","10174D33608E576AD88433AF7F6FF69631DE2DD6C90FB023B0BC22E203754E0D","540"
"coq/V70_NAT_ORDER_074.vo","0B5CCA853291311750018735F1620D57F2F26D91AC68668A5F03DE221A1732C6","9306"
"coq/V70_NAT_ORDER_074.vok","E3B0C44298FC1C149AFBF4C8996FB92427AE41E4649B934CA495991B7852B855","0"
"coq/V70_NAT_ORDER_074.vos","E3B0C44298FC1C149AFBF4C8996FB92427AE41E4649B934CA495991B7852B855","0"
"coq/V70_NAT_ORDER_075.glob","C242B70B3477AA0E3D6689B81D930DD1B5ED47CF2C2C27637C8863150623BD1A","1866"
"coq/V70_NAT_ORDER_075.v","F9420F1797A56174495FB3BD9D5E8841F5BE02EFEE3348026DA08A9F9143A3B9","540"
"coq/V70_NAT_ORDER_075.vo","7E635DF1494806FA28786FF31E676F41443D31DC1C92AB7F28538B79E6F15EDB","9306"
"coq/V70_NAT_ORDER_075.vok","E3B0C44298FC1C149AFBF4C8996FB92427AE41E4649B934CA495991B7852B855","0"
"coq/V70_NAT_ORDER_075.vos","E3B0C44298FC1C149AFBF4C8996FB92427AE41E4649B934CA495991B7852B855","0"
"coq/V70_NAT_ORDER_076.glob","C4A0420F294BD27DB8C9CD678E9BDA8D8BAC7A1B03EC6BC25C09579ED80552ED","1866"
"coq/V70_NAT_ORDER_076.v","B00E3CDC5E502660449374BDFB6747C94D1E35CEAD220C568DE4324D7C32AE87","540"
"coq/V70_NAT_ORDER_076.vo","A01B69F84C6D73B774E558DFB854F31A3B5ADBC034F4B7C3A48C7367442C5CC5","9306"
"coq/V70_NAT_ORDER_076.vok","E3B0C44298FC1C149AFBF4C8996FB92427AE41E4649B934CA495991B7852B855","0"
"coq/V70_NAT_ORDER_076.vos","E3B0C44298FC1C149AFBF4C8996FB92427AE41E4649B934CA495991B7852B855","0"
"coq/V70_NAT_ORDER_077.glob","F79D27C5B797D1CBC35B11FA3482CB5DE3F92EB819575488B6C0407C38929541","1866"
"coq/V70_NAT_ORDER_077.v","71054E945B021A2794D23C44BA5168A6978D280837192982A61855E2E5944257","540"
"coq/V70_NAT_ORDER_077.vo","EBEC6F8110B3BF1BD2E270341BAAB35B81E6B94DD53FE38C3E29ED2455EB237E","9306"
"coq/V70_NAT_ORDER_077.vok","E3B0C44298FC1C149AFBF4C8996FB92427AE41E4649B934CA495991B7852B855","0"
"coq/V70_NAT_ORDER_077.vos","E3B0C44298FC1C149AFBF4C8996FB92427AE41E4649B934CA495991B7852B855","0"
"coq/V70_NAT_ORDER_078.glob","5FD60B16EF44E7592C966B7CC3A17A7F6347E88782D13C0A15A2A29F9C54BD4B","1866"
"coq/V70_NAT_ORDER_078.v","B87B41C0E70E1DEEC7F4446E5A5E0320CA783BC3E2033E7FAE0F008DC3475B43","540"
"coq/V70_NAT_ORDER_078.vo","3665D21818E149C9AC875310993952262D42357A152D19F86E05657BD1B8CCE0","9306"
"coq/V70_NAT_ORDER_078.vok","E3B0C44298FC1C149AFBF4C8996FB92427AE41E4649B934CA495991B7852B855","0"
"coq/V70_NAT_ORDER_078.vos","E3B0C44298FC1C149AFBF4C8996FB92427AE41E4649B934CA495991B7852B855","0"
"coq/V70_NAT_ORDER_079.glob","38EF706F3D891FD5A3177927059B5B6ECB4FF43DE82559D1DA16E279A679964D","1866"
"coq/V70_NAT_ORDER_079.v","3B6B8EC0D4162C99ED82EFFBF0F087BBE3DA091BAD30C8CB8786609D0FE3E0C7","540"
"coq/V70_NAT_ORDER_079.vo","3D767922CA22C491367741D0A0DDBA4065C009021F629DC1698A4790C57B0B96","9306"
"coq/V70_NAT_ORDER_079.vok","E3B0C44298FC1C149AFBF4C8996FB92427AE41E4649B934CA495991B7852B855","0"
"coq/V70_NAT_ORDER_079.vos","E3B0C44298FC1C149AFBF4C8996FB92427AE41E4649B934CA495991B7852B855","0"
"coq/V70_NAT_ORDER_080.glob","906086A8B50A91BBF6998EF8E42F7BD79B7EB58CCCB1073B328285B77EB48BC5","1866"
"coq/V70_NAT_ORDER_080.v","7B9841743F0559232E308CB505077BE977DF159F03B9986EACBA7033B41999D8","540"
"coq/V70_NAT_ORDER_080.vo","EF0C4FDFA6B433590B012FC608412254A42567CBBEC3EDBE421D01363BEF17D7","9306"
"coq/V70_NAT_ORDER_080.vok","E3B0C44298FC1C149AFBF4C8996FB92427AE41E4649B934CA495991B7852B855","0"
"coq/V70_NAT_ORDER_080.vos","E3B0C44298FC1C149AFBF4C8996FB92427AE41E4649B934CA495991B7852B855","0"
"coq/V70_OPTION_WRAPPER_001.glob","395504C2E38380FC48A64F1E32FC315259A073347FC49964F55409A99E51B881","1404"
"coq/V70_OPTION_WRAPPER_001.v","5D7E944D55A437E211603E46A6A01A4B395DFB0A069BB908FF208D8D50FAE221","512"
"coq/V70_OPTION_WRAPPER_001.vo","450BB00A5E86C61174DED3F69FE843C20FA7D53DE6C83F9046FBD48C8EBD73D7","9307"
"coq/V70_OPTION_WRAPPER_001.vok","E3B0C44298FC1C149AFBF4C8996FB92427AE41E4649B934CA495991B7852B855","0"
"coq/V70_OPTION_WRAPPER_001.vos","E3B0C44298FC1C149AFBF4C8996FB92427AE41E4649B934CA495991B7852B855","0"
"coq/V70_OPTION_WRAPPER_002.glob","8108154634CE8064AC0DE178A08067D1ECDF2634A590454B3B9432E3280A7613","1404"
"coq/V70_OPTION_WRAPPER_002.v","ED54C2C21FE7EA978CF9E64F488F840AED79EA022E0B6DAE2F9FACBD57D66B91","512"
"coq/V70_OPTION_WRAPPER_002.vo","6CA788D3FD3B74C364DB673A6F20641E9C541EF03AD85AA21A5FC33651F162EA","9307"
"coq/V70_OPTION_WRAPPER_002.vok","E3B0C44298FC1C149AFBF4C8996FB92427AE41E4649B934CA495991B7852B855","0"
"coq/V70_OPTION_WRAPPER_002.vos","E3B0C44298FC1C149AFBF4C8996FB92427AE41E4649B934CA495991B7852B855","0"
"coq/V70_OPTION_WRAPPER_003.glob","F10B1A9080445AF4197CFDA2301B5C62BDE61095A9972495963831FCBF973B4B","1404"
"coq/V70_OPTION_WRAPPER_003.v","A24CFBB696B762B6EC8747514EB6A117D3E27D03ACA71414650B3A1EF380066F","512"
"coq/V70_OPTION_WRAPPER_003.vo","7998C7A8F17FCF327AAE45FA418A45029AD3CF9E5598ABB350A745CB76FE0276","9307"
"coq/V70_OPTION_WRAPPER_003.vok","E3B0C44298FC1C149AFBF4C8996FB92427AE41E4649B934CA495991B7852B855","0"
"coq/V70_OPTION_WRAPPER_003.vos","E3B0C44298FC1C149AFBF4C8996FB92427AE41E4649B934CA495991B7852B855","0"
"coq/V70_OPTION_WRAPPER_004.glob","7B2AC6C9DDA552D87B96404C1B3D363002A0360FD022C73329B8819A626BA83A","1404"
"coq/V70_OPTION_WRAPPER_004.v","BBB7B8F0A327A9B89883A1C027DB267093EF8ED8E7AC6FE9D29F4A4773424E04","512"
"coq/V70_OPTION_WRAPPER_004.vo","ACD30C73164524AA2351766D2C433F3DD5870E42036D348713856AA216AE8CFB","9307"
"coq/V70_OPTION_WRAPPER_004.vok","E3B0C44298FC1C149AFBF4C8996FB92427AE41E4649B934CA495991B7852B855","0"
"coq/V70_OPTION_WRAPPER_004.vos","E3B0C44298FC1C149AFBF4C8996FB92427AE41E4649B934CA495991B7852B855","0"
"coq/V70_OPTION_WRAPPER_005.glob","34E5B8A8DA2293E8E5448385C624BE44A87350B887F69A63C9BEA3F5D2CA31C7","1404"
"coq/V70_OPTION_WRAPPER_005.v","2B4D2D91CCBEF4E617ABFFFD3A22AEFF4F29400A94C1555486BB733694D453C8","512"
"coq/V70_OPTION_WRAPPER_005.vo","7B8E556093F537D592DC7F7F6880B4798DB528DE3F0BCA964B91C28B8EC81043","9307"
"coq/V70_OPTION_WRAPPER_005.vok","E3B0C44298FC1C149AFBF4C8996FB92427AE41E4649B934CA495991B7852B855","0"
"coq/V70_OPTION_WRAPPER_005.vos","E3B0C44298FC1C149AFBF4C8996FB92427AE41E4649B934CA495991B7852B855","0"
"coq/V70_OPTION_WRAPPER_006.glob","B1A0F84331DCCBBA2CAA82F23E349D2111795DED494E34C5385094043732EFAA","1404"
"coq/V70_OPTION_WRAPPER_006.v","F67DD40D7C25B48E47B2D5A774ED2CBF6CAB11E47E4B91368C90DAA316AE0900","512"
"coq/V70_OPTION_WRAPPER_006.vo","40B0231C860B5B8A8DA8F2FAAEE882413BD07950C7EF57730F831687F8060EFE","9307"
"coq/V70_OPTION_WRAPPER_006.vok","E3B0C44298FC1C149AFBF4C8996FB92427AE41E4649B934CA495991B7852B855","0"
"coq/V70_OPTION_WRAPPER_006.vos","E3B0C44298FC1C149AFBF4C8996FB92427AE41E4649B934CA495991B7852B855","0"
"coq/V70_OPTION_WRAPPER_007.glob","549D6A2E89D50883C7B5493F20F043CD0F50A4FEEB71A426DF17FDEA3A6E1272","1404"
"coq/V70_OPTION_WRAPPER_007.v","60BC268707E5ED0E99C3753A37B860DE68ED77CCEF88872A63EE4229981BB978","512"
"coq/V70_OPTION_WRAPPER_007.vo","E4CE64E2693C0E7470DF0B11F0912E312EAB0F0FCF33CEF23E36BEE02DAEAE62","9307"
"coq/V70_OPTION_WRAPPER_007.vok","E3B0C44298FC1C149AFBF4C8996FB92427AE41E4649B934CA495991B7852B855","0"
"coq/V70_OPTION_WRAPPER_007.vos","E3B0C44298FC1C149AFBF4C8996FB92427AE41E4649B934CA495991B7852B855","0"
"coq/V70_OPTION_WRAPPER_008.glob","C5C2E62F4651B72238DB6FF8CD8094D462A056701A1AE95DC522727B9D4AF532","1404"
"coq/V70_OPTION_WRAPPER_008.v","AFC8642E3E3C0F22E58C362B29EE0696377A838E15C23DF8B4F475B8E5C4375F","512"
"coq/V70_OPTION_WRAPPER_008.vo","8FF75B31A726798F2C5D4184163D80D0030B953CB53BF8EF1122D0DF74149BF7","9307"
"coq/V70_OPTION_WRAPPER_008.vok","E3B0C44298FC1C149AFBF4C8996FB92427AE41E4649B934CA495991B7852B855","0"
"coq/V70_OPTION_WRAPPER_008.vos","E3B0C44298FC1C149AFBF4C8996FB92427AE41E4649B934CA495991B7852B855","0"
"coq/V70_OPTION_WRAPPER_009.glob","394925DB32E6CB408F13E1D63C39D470593FFB11184E7814C5E67B8C851EBF14","1404"
"coq/V70_OPTION_WRAPPER_009.v","A79A9D636A33B0206F285353DD2B0685B3C2CB9AE75A6C1F11F9427AE11A4139","512"
"coq/V70_OPTION_WRAPPER_009.vo","1C92F77F2723FE8C21B90C1FD5699F92A8C4CC4A81F6C0C66EBD7DBC1ACF6596","9307"
"coq/V70_OPTION_WRAPPER_009.vok","E3B0C44298FC1C149AFBF4C8996FB92427AE41E4649B934CA495991B7852B855","0"
"coq/V70_OPTION_WRAPPER_009.vos","E3B0C44298FC1C149AFBF4C8996FB92427AE41E4649B934CA495991B7852B855","0"
"coq/V70_OPTION_WRAPPER_010.glob","95B8821CFD7B061E601FF7B866C3311EA81F97F5FA15059E9FB331F892A5F52B","1408"
"coq/V70_OPTION_WRAPPER_010.v","61003458AC226AEA2B316F480DA3FC017F2345384FFD95D58DB8A2449724C096","516"
"coq/V70_OPTION_WRAPPER_010.vo","F21437E94E55DC63DC8EA633E9CEF505FB98D4A67B93231912F35AF41E4C4BF4","9310"
"coq/V70_OPTION_WRAPPER_010.vok","E3B0C44298FC1C149AFBF4C8996FB92427AE41E4649B934CA495991B7852B855","0"
"coq/V70_OPTION_WRAPPER_010.vos","E3B0C44298FC1C149AFBF4C8996FB92427AE41E4649B934CA495991B7852B855","0"
"coq/V70_OPTION_WRAPPER_011.glob","FBC98AC64CF8AFC5EB82BE5C71E3DCC14CEE88EF8888EAC7EDAABEE8C7528EAF","1408"
"coq/V70_OPTION_WRAPPER_011.v","76340B105EB7C7B8EE09A4EDE671C9EB267CA5DAF2821BA6B44D70A9A2740273","516"
"coq/V70_OPTION_WRAPPER_011.vo","DA1DB770850C0247A52CA0BF78A1F158A564336388A3199E1AB9541F303383B0","9310"
"coq/V70_OPTION_WRAPPER_011.vok","E3B0C44298FC1C149AFBF4C8996FB92427AE41E4649B934CA495991B7852B855","0"
"coq/V70_OPTION_WRAPPER_011.vos","E3B0C44298FC1C149AFBF4C8996FB92427AE41E4649B934CA495991B7852B855","0"
"coq/V70_OPTION_WRAPPER_012.glob","2565137A09C7047AD9CC0A0E440C1D2417B7E4072CFD8563C916157E437625B5","1408"
"coq/V70_OPTION_WRAPPER_012.v","C8C5DBD4AA7F52CC95C7C942738BFE76A702C95BEE6666BBD95BB1236FCBC3D3","516"
"coq/V70_OPTION_WRAPPER_012.vo","3E1BFA2B76579BBC6DEE1862E3E2FE09555EF647A84E5F2FB8F235D8A2D52292","9310"
"coq/V70_OPTION_WRAPPER_012.vok","E3B0C44298FC1C149AFBF4C8996FB92427AE41E4649B934CA495991B7852B855","0"
"coq/V70_OPTION_WRAPPER_012.vos","E3B0C44298FC1C149AFBF4C8996FB92427AE41E4649B934CA495991B7852B855","0"
"coq/V70_OPTION_WRAPPER_013.glob","922E6CE1B73726C08FD34431D1958CBFAEA501F00796E704F358931D860E107A","1408"
"coq/V70_OPTION_WRAPPER_013.v","B33BBA013E610B8D57AF3D5CD2C231A9E7C05CD178D18B65D5AEE8374B4926C2","516"
"coq/V70_OPTION_WRAPPER_013.vo","FCD82C02E8A7110223B6DA3391CD86E44CBB1D86DF8A82945D646F7FB2AA1D66","9310"
"coq/V70_OPTION_WRAPPER_013.vok","E3B0C44298FC1C149AFBF4C8996FB92427AE41E4649B934CA495991B7852B855","0"
"coq/V70_OPTION_WRAPPER_013.vos","E3B0C44298FC1C149AFBF4C8996FB92427AE41E4649B934CA495991B7852B855","0"
"coq/V70_OPTION_WRAPPER_014.glob","523E3D72422D199E0850B2D0D60CB39652791C4D1DCAF0B9327B358212EBC43B","1408"
"coq/V70_OPTION_WRAPPER_014.v","4EF1F5220074115D03DBEFA2A28BBB2BEF2159ED5FFD2E7DF092495FAC95C218","516"
"coq/V70_OPTION_WRAPPER_014.vo","7388EA785ACA7FDD964E8792627805DF0031594A6D2721B79BBE8F2F9E8FF4EE","9310"
"coq/V70_OPTION_WRAPPER_014.vok","E3B0C44298FC1C149AFBF4C8996FB92427AE41E4649B934CA495991B7852B855","0"
"coq/V70_OPTION_WRAPPER_014.vos","E3B0C44298FC1C149AFBF4C8996FB92427AE41E4649B934CA495991B7852B855","0"
"coq/V70_OPTION_WRAPPER_015.glob","340F55F0EF02D26BFF5700300562F3DF8E340B1B44EF756D71B7D0B292BB3DD7","1408"
"coq/V70_OPTION_WRAPPER_015.v","A3895D593CC38A398A9C4196D353C82910B892FBAC4FE094080C80EF9B4A5AC1","516"
"coq/V70_OPTION_WRAPPER_015.vo","BBA8DB208FBB222421D2AE9EA0CF18224FAB82CC1FB46EEB5D35E54C6050BA18","9310"
"coq/V70_OPTION_WRAPPER_015.vok","E3B0C44298FC1C149AFBF4C8996FB92427AE41E4649B934CA495991B7852B855","0"
"coq/V70_OPTION_WRAPPER_015.vos","E3B0C44298FC1C149AFBF4C8996FB92427AE41E4649B934CA495991B7852B855","0"
"coq/V70_OPTION_WRAPPER_016.glob","75CE75A184D7A6FED295A6A97A952699B366C2FA0B8465F8EBAE0CBA74603FCD","1408"
"coq/V70_OPTION_WRAPPER_016.v","B056046618642399D67D996BB1E5068F94528E4E0A8E1096D332A6EAA97C69EC","516"
"coq/V70_OPTION_WRAPPER_016.vo","4179AAEB1337E5D027868149A4B81907FB502E00EF5369D68B1DB456886112C8","9310"
"coq/V70_OPTION_WRAPPER_016.vok","E3B0C44298FC1C149AFBF4C8996FB92427AE41E4649B934CA495991B7852B855","0"
"coq/V70_OPTION_WRAPPER_016.vos","E3B0C44298FC1C149AFBF4C8996FB92427AE41E4649B934CA495991B7852B855","0"
"coq/V70_OPTION_WRAPPER_017.glob","06CAE324C43E4F958B1BDD6DE47E3AC325668DA18809267514E381E8A505CF2C","1408"
"coq/V70_OPTION_WRAPPER_017.v","86107B2D8768C64E71D63AFCB83F4EED9DA561F91A10AD158197EFCE128F5093","516"
"coq/V70_OPTION_WRAPPER_017.vo","1D7314A4AD31555CE6273C68AB551B7B2878DC1620AF4C7738086DF432904FB9","9310"
"coq/V70_OPTION_WRAPPER_017.vok","E3B0C44298FC1C149AFBF4C8996FB92427AE41E4649B934CA495991B7852B855","0"
"coq/V70_OPTION_WRAPPER_017.vos","E3B0C44298FC1C149AFBF4C8996FB92427AE41E4649B934CA495991B7852B855","0"
"coq/V70_OPTION_WRAPPER_018.glob","16D7F6578ECA316955092F6972D01F0F9E9EF37B2559B31C00EF61C1E429F574","1408"
"coq/V70_OPTION_WRAPPER_018.v","58253373F36849F2935E2AC194FEF99F064F13B4258B9099BD003617306CE44E","516"
"coq/V70_OPTION_WRAPPER_018.vo","8B5E958EF17E4B01ED858F2C87105A5C2C60FC967657C8B1304548D66A827312","9310"
"coq/V70_OPTION_WRAPPER_018.vok","E3B0C44298FC1C149AFBF4C8996FB92427AE41E4649B934CA495991B7852B855","0"
"coq/V70_OPTION_WRAPPER_018.vos","E3B0C44298FC1C149AFBF4C8996FB92427AE41E4649B934CA495991B7852B855","0"
"coq/V70_OPTION_WRAPPER_019.glob","4DE989F2189349328ADC6E01F2B1F12E8B190B4729DB9C7BE56B1719705B6275","1408"
"coq/V70_OPTION_WRAPPER_019.v","23DB71C3363B5FA69404A5DBEEE9A17D26D856112BBFB2AB5BEA81DEF2A60CEE","516"
"coq/V70_OPTION_WRAPPER_019.vo","AB03B6B162059D134E7C757083F38BECE10B51AEC36307DC5BB047886D1AE1AE","9310"
"coq/V70_OPTION_WRAPPER_019.vok","E3B0C44298FC1C149AFBF4C8996FB92427AE41E4649B934CA495991B7852B855","0"
"coq/V70_OPTION_WRAPPER_019.vos","E3B0C44298FC1C149AFBF4C8996FB92427AE41E4649B934CA495991B7852B855","0"
"coq/V70_OPTION_WRAPPER_020.glob","7C6D7A931C5BF8524F8AFF2C3F2D13A71F32361AF2DB023D7180373C37D3FDF9","1408"
"coq/V70_OPTION_WRAPPER_020.v","E437593A1566709CE754511CCD10B171A02575137F2EA56EC62C7C69B5FF281C","516"
"coq/V70_OPTION_WRAPPER_020.vo","7DF0435D61AC165FE9E40AA59FCDA3D416B494E9439E3305A747280E1957B213","9310"
"coq/V70_OPTION_WRAPPER_020.vok","E3B0C44298FC1C149AFBF4C8996FB92427AE41E4649B934CA495991B7852B855","0"
"coq/V70_OPTION_WRAPPER_020.vos","E3B0C44298FC1C149AFBF4C8996FB92427AE41E4649B934CA495991B7852B855","0"
"coq/V70_OPTION_WRAPPER_021.glob","68C59FF9D46B6C93792B1FE4F5A9087F889336B364A177D776FC11F83D42E6C3","1408"
"coq/V70_OPTION_WRAPPER_021.v","54BA8591BEC2CDE62AC51C5EE30C0637D3DBA43BD5199447A802715B3D85B50F","516"
"coq/V70_OPTION_WRAPPER_021.vo","37A7FF978FDD9065E10909695B7D627AD79ECF61A4275356C8D652D775BBB791","9310"
"coq/V70_OPTION_WRAPPER_021.vok","E3B0C44298FC1C149AFBF4C8996FB92427AE41E4649B934CA495991B7852B855","0"
"coq/V70_OPTION_WRAPPER_021.vos","E3B0C44298FC1C149AFBF4C8996FB92427AE41E4649B934CA495991B7852B855","0"
"coq/V70_OPTION_WRAPPER_022.glob","BD65F38180A4D2CB984DFF0D7204A30AA8A1FB4C2BFEFBD154E47D6C7E7D7BA8","1408"
"coq/V70_OPTION_WRAPPER_022.v","27EE7C7BBA1BA0BCA42503A491674FCB8D51375F37356D64195342847297C369","516"
"coq/V70_OPTION_WRAPPER_022.vo","01597D2EE050EDE74048A5FADB0DAFE2D9DCC016F27AB1DA3F721091497A9CBB","9310"
"coq/V70_OPTION_WRAPPER_022.vok","E3B0C44298FC1C149AFBF4C8996FB92427AE41E4649B934CA495991B7852B855","0"
"coq/V70_OPTION_WRAPPER_022.vos","E3B0C44298FC1C149AFBF4C8996FB92427AE41E4649B934CA495991B7852B855","0"
"coq/V70_OPTION_WRAPPER_023.glob","4B11D9F10986720CCA9461B3974DC231417654BE91E50DB9FD10F77B7269D377","1408"
"coq/V70_OPTION_WRAPPER_023.v","0D06D6A8D160E2B6BBFF74D39E188810FA65578C546B050EC56FF4E5628678DE","516"
"coq/V70_OPTION_WRAPPER_023.vo","A33F9525F0ED2F0B10BE21F0F8DA8F8930269B74707C5BDA91CEE54134984463","9310"
"coq/V70_OPTION_WRAPPER_023.vok","E3B0C44298FC1C149AFBF4C8996FB92427AE41E4649B934CA495991B7852B855","0"
"coq/V70_OPTION_WRAPPER_023.vos","E3B0C44298FC1C149AFBF4C8996FB92427AE41E4649B934CA495991B7852B855","0"
"coq/V70_OPTION_WRAPPER_024.glob","EAB07B2C1ABB3F81E992AD12E81036C5AC17CF4213931B64D0F330D67414DE78","1408"
"coq/V70_OPTION_WRAPPER_024.v","45157DBBEB69A3B65E4B7D552D2B6EEC663AAD898851A2F9AE1AC721D016B6D2","516"
"coq/V70_OPTION_WRAPPER_024.vo","5A831A6D79288AE586D1450D4AE4E03A618D71C88862067874633EAD34748DF2","9310"
"coq/V70_OPTION_WRAPPER_024.vok","E3B0C44298FC1C149AFBF4C8996FB92427AE41E4649B934CA495991B7852B855","0"
"coq/V70_OPTION_WRAPPER_024.vos","E3B0C44298FC1C149AFBF4C8996FB92427AE41E4649B934CA495991B7852B855","0"
"coq/V70_OPTION_WRAPPER_025.glob","E43F0EB6BB0D8C37ACD691591A902690DEBBAFC38403B0C70D2E8BFD58C67540","1408"
"coq/V70_OPTION_WRAPPER_025.v","C7FD02D2A8A5D9D534ACC0F17F0DC3BA035B042D8C14DD4845E13DD32361CFDE","516"
"coq/V70_OPTION_WRAPPER_025.vo","94A23B8FCF6647A13815097F4D02F772797A5DEA90BEC7DBFBF5E1BD07F8A77F","9310"
"coq/V70_OPTION_WRAPPER_025.vok","E3B0C44298FC1C149AFBF4C8996FB92427AE41E4649B934CA495991B7852B855","0"
"coq/V70_OPTION_WRAPPER_025.vos","E3B0C44298FC1C149AFBF4C8996FB92427AE41E4649B934CA495991B7852B855","0"
"coq/V70_OPTION_WRAPPER_026.glob","124A614DA771C25C451D976812AC80DF83A1C7D4E24552B4D19BF3AB62FD5F68","1408"
"coq/V70_OPTION_WRAPPER_026.v","94FE8E45D00DDDE715196424A90AD80B487C132F05338F061B5586C1045A0D56","516"
"coq/V70_OPTION_WRAPPER_026.vo","47BCB35AF681137292E3BB6E86C9263F8D2709E981CF0752C7FB0187FAA2DBFA","9310"
"coq/V70_OPTION_WRAPPER_026.vok","E3B0C44298FC1C149AFBF4C8996FB92427AE41E4649B934CA495991B7852B855","0"
"coq/V70_OPTION_WRAPPER_026.vos","E3B0C44298FC1C149AFBF4C8996FB92427AE41E4649B934CA495991B7852B855","0"
"coq/V70_OPTION_WRAPPER_027.glob","522E19FC8067514FDB29953F0432F71ECEA9A03C8288ADECE04A79E11AEFA77E","1408"
"coq/V70_OPTION_WRAPPER_027.v","9C06BB957B163AD43312431D01B35BAB1619569B0EC55293C3B1F5D2984D321A","516"
"coq/V70_OPTION_WRAPPER_027.vo","7AB082DE3E14CA058CA0E2A1EA89EB505D06D2E94D3A3FDC61E4E8D92871F569","9310"
"coq/V70_OPTION_WRAPPER_027.vok","E3B0C44298FC1C149AFBF4C8996FB92427AE41E4649B934CA495991B7852B855","0"
"coq/V70_OPTION_WRAPPER_027.vos","E3B0C44298FC1C149AFBF4C8996FB92427AE41E4649B934CA495991B7852B855","0"
"coq/V70_OPTION_WRAPPER_028.glob","89B44794979A21092507523D3262CD0B94611E8266EA8F41E63C71900D5383BC","1408"
"coq/V70_OPTION_WRAPPER_028.v","D6E982A3A089A8F68D0BD4DA7ADF3EE80985409D459C5FA9C4CD6CABC791FAE2","516"
"coq/V70_OPTION_WRAPPER_028.vo","2B67D6AC4C6573258E974A94E67F6F22B1F5DE7F88CF0C44393E3929A09B4A07","9310"
"coq/V70_OPTION_WRAPPER_028.vok","E3B0C44298FC1C149AFBF4C8996FB92427AE41E4649B934CA495991B7852B855","0"
"coq/V70_OPTION_WRAPPER_028.vos","E3B0C44298FC1C149AFBF4C8996FB92427AE41E4649B934CA495991B7852B855","0"
"coq/V70_OPTION_WRAPPER_029.glob","29424BD3DD24449130C4EFEE94BFF9BE3819E9E9064B9428CFBEC6CF9935FA35","1408"
"coq/V70_OPTION_WRAPPER_029.v","F428F8F179216EA9D19F373D7B2F6A962CC05ABED32C6C5D8B52E5A59BF57746","516"
"coq/V70_OPTION_WRAPPER_029.vo","5819F69A9036B2C27A26E09AB76EB3294B4CF5C0B5A4250A29D1C04B099FB518","9310"
"coq/V70_OPTION_WRAPPER_029.vok","E3B0C44298FC1C149AFBF4C8996FB92427AE41E4649B934CA495991B7852B855","0"
"coq/V70_OPTION_WRAPPER_029.vos","E3B0C44298FC1C149AFBF4C8996FB92427AE41E4649B934CA495991B7852B855","0"
"coq/V70_OPTION_WRAPPER_030.glob","3C2BF4D5563EDABFD398E2A78AD3B22AC536CB541311471E4BD3574DBBC31E51","1408"
"coq/V70_OPTION_WRAPPER_030.v","BC7021F0E8897983CF7FEAD6052AFCF87CF8BF08DC2CA9A6F26B5639264D0B47","516"
"coq/V70_OPTION_WRAPPER_030.vo","ACAF0819E3DC26C4E75250398711641CB2A3174A764FB6C8588FD9972363CF43","9310"
"coq/V70_OPTION_WRAPPER_030.vok","E3B0C44298FC1C149AFBF4C8996FB92427AE41E4649B934CA495991B7852B855","0"
"coq/V70_OPTION_WRAPPER_030.vos","E3B0C44298FC1C149AFBF4C8996FB92427AE41E4649B934CA495991B7852B855","0"
"coq/V70_OPTION_WRAPPER_031.glob","BF36EFDDFCFD1994B1F9F518382D342388EAD0CDDF60F4CF5CD68FAA2E782842","1408"
"coq/V70_OPTION_WRAPPER_031.v","FD8A0451F9345120A6144F1FC6FFCE29056AB85962CEC94228C0DBA98231FD15","516"
"coq/V70_OPTION_WRAPPER_031.vo","58F8104C90FE530591942C97533A3A7EC5B575D6E2E6027DA166E4CC3699F58E","9310"
"coq/V70_OPTION_WRAPPER_031.vok","E3B0C44298FC1C149AFBF4C8996FB92427AE41E4649B934CA495991B7852B855","0"
"coq/V70_OPTION_WRAPPER_031.vos","E3B0C44298FC1C149AFBF4C8996FB92427AE41E4649B934CA495991B7852B855","0"
"coq/V70_OPTION_WRAPPER_032.glob","45B259FFC95658E89A70A900B6A9BAA11B21FA42130F6FDB830CD7776AF7F4FA","1408"
"coq/V70_OPTION_WRAPPER_032.v","EB902C2861DD9AC42ADB6B1A5B8448758420BFC0CA9BBC6F2619B30A06830713","516"
"coq/V70_OPTION_WRAPPER_032.vo","0E56A5FFE7BF4A790B386C7767F557EA6DE71E8DBAE6AD534C5ACD33EC9A3736","9310"
"coq/V70_OPTION_WRAPPER_032.vok","E3B0C44298FC1C149AFBF4C8996FB92427AE41E4649B934CA495991B7852B855","0"
"coq/V70_OPTION_WRAPPER_032.vos","E3B0C44298FC1C149AFBF4C8996FB92427AE41E4649B934CA495991B7852B855","0"
"coq/V70_OPTION_WRAPPER_033.glob","038B83E502670A429357161F3B9838637E3EE1A0DDE5BBC044215870FC0CD631","1408"
"coq/V70_OPTION_WRAPPER_033.v","F40252E68812CAC143A81743B3893D7BAF37A253CAF5B58DE5B65DDE666FDEC3","516"
"coq/V70_OPTION_WRAPPER_033.vo","3CD63264B95F91524E3D48CEC9EE16A56A59BBD0A4F369534810A200C8BB7D55","9310"
"coq/V70_OPTION_WRAPPER_033.vok","E3B0C44298FC1C149AFBF4C8996FB92427AE41E4649B934CA495991B7852B855","0"
"coq/V70_OPTION_WRAPPER_033.vos","E3B0C44298FC1C149AFBF4C8996FB92427AE41E4649B934CA495991B7852B855","0"
"coq/V70_OPTION_WRAPPER_034.glob","D4A4023419AC9B94F67C4172B02EA761AA4A2A5E5E1866F9B700F1A1A15741A8","1408"
"coq/V70_OPTION_WRAPPER_034.v","4CEFD98D79B259F9B0E4FC2515D263FC4AADA969207BA1AF479866008BBEECA9","516"
"coq/V70_OPTION_WRAPPER_034.vo","AF428807D4F4C335D5CC8BA340FE25975C2A98D5EE18535B58B921A6EFC9B021","9310"
"coq/V70_OPTION_WRAPPER_034.vok","E3B0C44298FC1C149AFBF4C8996FB92427AE41E4649B934CA495991B7852B855","0"
"coq/V70_OPTION_WRAPPER_034.vos","E3B0C44298FC1C149AFBF4C8996FB92427AE41E4649B934CA495991B7852B855","0"
"coq/V70_OPTION_WRAPPER_035.glob","AC90FDA2137B208601C79ED0B6F3B8DE60677412DEBA7AA2DE4CB320E7D0B474","1408"
"coq/V70_OPTION_WRAPPER_035.v","C624BE0226D0D43AA88573B81E9628DEFEC5F7D52A44B375E5E2AD750A50A938","516"
"coq/V70_OPTION_WRAPPER_035.vo","EB10AF62B39C7907510D2B402537D36CDC587D791BF8F88E1443DF89A3E64080","9310"
"coq/V70_OPTION_WRAPPER_035.vok","E3B0C44298FC1C149AFBF4C8996FB92427AE41E4649B934CA495991B7852B855","0"
"coq/V70_OPTION_WRAPPER_035.vos","E3B0C44298FC1C149AFBF4C8996FB92427AE41E4649B934CA495991B7852B855","0"
"coq/V70_OPTION_WRAPPER_036.glob","6433497CD9147315A286017C0D17B3918A3C7D424D2B2715A69C98D9F2DBD1FE","1408"
"coq/V70_OPTION_WRAPPER_036.v","AA42E17C0C7FB65089CA6C08C05BEFB80F0F3243290EC4595AE7C8A2ED23BB62","516"
"coq/V70_OPTION_WRAPPER_036.vo","52F9FAD2ED2C212E11D3641795AAB8435F9C6528E29417589934B20942893F1E","9310"
"coq/V70_OPTION_WRAPPER_036.vok","E3B0C44298FC1C149AFBF4C8996FB92427AE41E4649B934CA495991B7852B855","0"
"coq/V70_OPTION_WRAPPER_036.vos","E3B0C44298FC1C149AFBF4C8996FB92427AE41E4649B934CA495991B7852B855","0"
"coq/V70_OPTION_WRAPPER_037.glob","EA8F7E3999A7146BFB405FC688F28D4492795DAF813923F82839DFFED22EC706","1408"
"coq/V70_OPTION_WRAPPER_037.v","188A6FF69E0893296837314BB2D56957E4736B25575EB011BA65062F982328C7","516"
"coq/V70_OPTION_WRAPPER_037.vo","9AB4528D3204141791B49FEF95795275A0B0DD25BDE9DD274370FDF7BBCE4C29","9310"
"coq/V70_OPTION_WRAPPER_037.vok","E3B0C44298FC1C149AFBF4C8996FB92427AE41E4649B934CA495991B7852B855","0"
"coq/V70_OPTION_WRAPPER_037.vos","E3B0C44298FC1C149AFBF4C8996FB92427AE41E4649B934CA495991B7852B855","0"
"coq/V70_OPTION_WRAPPER_038.glob","C1BDCFA7AAB26E01D7A6CD7901736DF6C842D42EAA087AA571DF95437A654131","1408"
"coq/V70_OPTION_WRAPPER_038.v","316DBCE222EBE2323D0DA3077FF8CBDA35609668863EEDDEF7B283C00CA5414B","516"
"coq/V70_OPTION_WRAPPER_038.vo","9314769FD139F107A267808B13D24C5DA58C6DCEECA9C51B2DCF8711A9EE4453","9310"
"coq/V70_OPTION_WRAPPER_038.vok","E3B0C44298FC1C149AFBF4C8996FB92427AE41E4649B934CA495991B7852B855","0"
"coq/V70_OPTION_WRAPPER_038.vos","E3B0C44298FC1C149AFBF4C8996FB92427AE41E4649B934CA495991B7852B855","0"
"coq/V70_OPTION_WRAPPER_039.glob","5A6663AF0FD267442CD7875A90BE7608740137E84B67A62E984CF36C2EE0B773","1408"
"coq/V70_OPTION_WRAPPER_039.v","39155C368195DE367817BA6383802BD50F64C32FE74D40FC19C83FC4B2AC6522","516"
"coq/V70_OPTION_WRAPPER_039.vo","584F6ACF61A70D3551C7D2618C74B0BFF2D7CAF59ED965C1B7D844C6E0A8D3D7","9310"
"coq/V70_OPTION_WRAPPER_039.vok","E3B0C44298FC1C149AFBF4C8996FB92427AE41E4649B934CA495991B7852B855","0"
"coq/V70_OPTION_WRAPPER_039.vos","E3B0C44298FC1C149AFBF4C8996FB92427AE41E4649B934CA495991B7852B855","0"
"coq/V70_OPTION_WRAPPER_040.glob","360723B57F0CBAA2598CEA7D7BDC11777EF2BAEF93F99DEDACD5A7415470B043","1408"
"coq/V70_OPTION_WRAPPER_040.v","4B056A50273CEA215B68A8E58C03995CAFEF71F5E377A225A599C9BD2EB95D0C","516"
"coq/V70_OPTION_WRAPPER_040.vo","71C70EC7BAF9C75FB9CB40A8035EA222E3A1750ABBFEB4ABA28C60838441A988","9310"
"coq/V70_OPTION_WRAPPER_040.vok","E3B0C44298FC1C149AFBF4C8996FB92427AE41E4649B934CA495991B7852B855","0"
"coq/V70_OPTION_WRAPPER_040.vos","E3B0C44298FC1C149AFBF4C8996FB92427AE41E4649B934CA495991B7852B855","0"
"coq/V70_OPTION_WRAPPER_041.glob","149BB115435BBFAB134F1661FF91079900E089A7DC9D6998AE9174B4CD489484","1408"
"coq/V70_OPTION_WRAPPER_041.v","C4D212A91C345B2FB2D2C0BFDB8D30E8E5EC323B8D08D7B508E2337A98715E39","516"
"coq/V70_OPTION_WRAPPER_041.vo","A94BD83F27F7E7D6CDFCC351CAFA060ADC41BB7822A39927DF340606CF781486","9310"
"coq/V70_OPTION_WRAPPER_041.vok","E3B0C44298FC1C149AFBF4C8996FB92427AE41E4649B934CA495991B7852B855","0"
"coq/V70_OPTION_WRAPPER_041.vos","E3B0C44298FC1C149AFBF4C8996FB92427AE41E4649B934CA495991B7852B855","0"
"coq/V70_OPTION_WRAPPER_042.glob","936976BAD3273EC8C825C97DEDD034770DDFA4B59E6A9B2E5AAC0A3472A5009C","1408"
"coq/V70_OPTION_WRAPPER_042.v","395F036975A9BE6A0D1C5357EE826AD775F0C8DBDE17F0A0B51E5213E77E826D","516"
"coq/V70_OPTION_WRAPPER_042.vo","65D8A8F28A652965236B1A7284F69B53C5EB551D651A00D74B8538F0AA1117DB","9310"
"coq/V70_OPTION_WRAPPER_042.vok","E3B0C44298FC1C149AFBF4C8996FB92427AE41E4649B934CA495991B7852B855","0"
"coq/V70_OPTION_WRAPPER_042.vos","E3B0C44298FC1C149AFBF4C8996FB92427AE41E4649B934CA495991B7852B855","0"
"coq/V70_OPTION_WRAPPER_043.glob","E2CB5AA22E124306AEC76C536CFDE4708CB102A299B9691644035DDAB97C74FA","1408"
"coq/V70_OPTION_WRAPPER_043.v","39F8947E9DC784CD47F8CC6CDAE64FF907181D70A0289A4F061E9A9B2AF799A9","516"
"coq/V70_OPTION_WRAPPER_043.vo","51B5B6AA060CC4FB4EAAB8DFFD172DB2A2CD344C89717F37D597034DB38D5B46","9310"
"coq/V70_OPTION_WRAPPER_043.vok","E3B0C44298FC1C149AFBF4C8996FB92427AE41E4649B934CA495991B7852B855","0"
"coq/V70_OPTION_WRAPPER_043.vos","E3B0C44298FC1C149AFBF4C8996FB92427AE41E4649B934CA495991B7852B855","0"
"coq/V70_OPTION_WRAPPER_044.glob","C06B7F47BC36F9ECFCF8BAE42A53BDD98387AB13D4461B5A1FB829E637BE751B","1408"
"coq/V70_OPTION_WRAPPER_044.v","3570FD25E21CCBFF4703F975B6DECBE290345D33C6BDFC98AB49F8A8C6209987","516"
"coq/V70_OPTION_WRAPPER_044.vo","3611BC5A2A12A3819087E82536F1D49AE31CCA8A7479BC2EF45A602879F4293D","9310"
"coq/V70_OPTION_WRAPPER_044.vok","E3B0C44298FC1C149AFBF4C8996FB92427AE41E4649B934CA495991B7852B855","0"
"coq/V70_OPTION_WRAPPER_044.vos","E3B0C44298FC1C149AFBF4C8996FB92427AE41E4649B934CA495991B7852B855","0"
"coq/V70_OPTION_WRAPPER_045.glob","F9A5B465B80D0C9A59A229114848318140AE02D0AF45C64D65A4016C624E1A4B","1408"
"coq/V70_OPTION_WRAPPER_045.v","D2B0312B0721815A4CD6BE531923337BF7DAA2AE2CC31565C04F056E59140BA8","516"
"coq/V70_OPTION_WRAPPER_045.vo","4689848E10F98D6712C5A3901DDA490D20307499E987F66F9F06A9C4A813014F","9310"
"coq/V70_OPTION_WRAPPER_045.vok","E3B0C44298FC1C149AFBF4C8996FB92427AE41E4649B934CA495991B7852B855","0"
"coq/V70_OPTION_WRAPPER_045.vos","E3B0C44298FC1C149AFBF4C8996FB92427AE41E4649B934CA495991B7852B855","0"
"coq/V70_OPTION_WRAPPER_046.glob","E232EE324D59795085C94F55DB742477F273CC1C905BFC076C5E324C2F253CB9","1408"
"coq/V70_OPTION_WRAPPER_046.v","0759E23F80F8E9104FA450325CA87C685FAB0D6640F72811D1E1A2045B287FDF","516"
"coq/V70_OPTION_WRAPPER_046.vo","06B0663AD6B4443FC8175F84EFBB06B3EC27C1EA1468344C983B1C480B5D7DCF","9310"
"coq/V70_OPTION_WRAPPER_046.vok","E3B0C44298FC1C149AFBF4C8996FB92427AE41E4649B934CA495991B7852B855","0"
"coq/V70_OPTION_WRAPPER_046.vos","E3B0C44298FC1C149AFBF4C8996FB92427AE41E4649B934CA495991B7852B855","0"
"coq/V70_OPTION_WRAPPER_047.glob","2EA8892331341B2C809136EA2C245BE810D65F1F25699BBCF1CF9860D9597792","1408"
"coq/V70_OPTION_WRAPPER_047.v","2740FCB9B9155F4AAAE0C422DCD18AACA692ECD1CD54277C4D0E54C8648C0F0B","516"
"coq/V70_OPTION_WRAPPER_047.vo","15C89DD5E0F18DBD51212B0DD1BA3C5E44E130645151BAB97B2ADCC11466731C","9310"
"coq/V70_OPTION_WRAPPER_047.vok","E3B0C44298FC1C149AFBF4C8996FB92427AE41E4649B934CA495991B7852B855","0"
"coq/V70_OPTION_WRAPPER_047.vos","E3B0C44298FC1C149AFBF4C8996FB92427AE41E4649B934CA495991B7852B855","0"
"coq/V70_OPTION_WRAPPER_048.glob","E65908E079EB2BB7BA6FB8FE42E84EE16C23C3E6E06BD2BABC5E430DD65DAF77","1408"
"coq/V70_OPTION_WRAPPER_048.v","B812EB7800F83F28FDCF853660C84CC40A267ADE7B00AF9B3289FF7299011F32","516"
"coq/V70_OPTION_WRAPPER_048.vo","18ADA399C0FA03219F463C20DBF56BE11237905ECADE18A95291932B5F998B95","9310"
"coq/V70_OPTION_WRAPPER_048.vok","E3B0C44298FC1C149AFBF4C8996FB92427AE41E4649B934CA495991B7852B855","0"
"coq/V70_OPTION_WRAPPER_048.vos","E3B0C44298FC1C149AFBF4C8996FB92427AE41E4649B934CA495991B7852B855","0"
"coq/V70_OPTION_WRAPPER_049.glob","E26C9CE88FB55A90FAB9BF98F3A6B5B8353F437652F80C5A2258C1F9761B5F03","1408"
"coq/V70_OPTION_WRAPPER_049.v","8E763F3215043B251880C4C703593B65651D6C54A0329753E70C1321992061E7","516"
"coq/V70_OPTION_WRAPPER_049.vo","24D90DF8E39C61B5224B16A59FF839DE490305B35552656FA132011E5B956FA1","9310"
"coq/V70_OPTION_WRAPPER_049.vok","E3B0C44298FC1C149AFBF4C8996FB92427AE41E4649B934CA495991B7852B855","0"
"coq/V70_OPTION_WRAPPER_049.vos","E3B0C44298FC1C149AFBF4C8996FB92427AE41E4649B934CA495991B7852B855","0"
"coq/V70_OPTION_WRAPPER_050.glob","6290677D88D966C293EA0B4E13E5CFE8A1FD6CE218833075F6FDC661FEF043D0","1408"
"coq/V70_OPTION_WRAPPER_050.v","90B96FAFB3FD83A1B304A56FDA93D1AB12FC82050CA1955742DD86212BA4D739","516"
"coq/V70_OPTION_WRAPPER_050.vo","E06CE47BFD02375A366AFBAC318EEFE751AE6D2984439E4F3BE5BD6F407DB244","9310"
"coq/V70_OPTION_WRAPPER_050.vok","E3B0C44298FC1C149AFBF4C8996FB92427AE41E4649B934CA495991B7852B855","0"
"coq/V70_OPTION_WRAPPER_050.vos","E3B0C44298FC1C149AFBF4C8996FB92427AE41E4649B934CA495991B7852B855","0"
"coq/V70_OPTION_WRAPPER_051.glob","E577D8DC5A0DDCEE0D27D49F53F8505B313010050A3CDA3C18418F899ACA09EC","1408"
"coq/V70_OPTION_WRAPPER_051.v","72B8FAAFB04FC1C8D84657E60820052ED2556CA2DCA4472FF8B6F77B83AFB7D9","516"
"coq/V70_OPTION_WRAPPER_051.vo","28BB55E0F89FC96A8DDF1E6E2E46048F271E2F9119C72023EFC304BA5BAC192B","9310"
"coq/V70_OPTION_WRAPPER_051.vok","E3B0C44298FC1C149AFBF4C8996FB92427AE41E4649B934CA495991B7852B855","0"
"coq/V70_OPTION_WRAPPER_051.vos","E3B0C44298FC1C149AFBF4C8996FB92427AE41E4649B934CA495991B7852B855","0"
"coq/V70_OPTION_WRAPPER_052.glob","19767251C3EC6ED7AB9F1FD1763D73E0EAAFD6333022B01A5473F2F4353EAD8B","1408"
"coq/V70_OPTION_WRAPPER_052.v","E4AC8456DA2DE6C27DFD4E76246007A1DF9D4B33F4B34D50C035C5F0098926B9","516"
"coq/V70_OPTION_WRAPPER_052.vo","D112B31FF7BCD57616D9CE1282D94C826B538A3700E5589D34285C73742100A6","9310"
"coq/V70_OPTION_WRAPPER_052.vok","E3B0C44298FC1C149AFBF4C8996FB92427AE41E4649B934CA495991B7852B855","0"
"coq/V70_OPTION_WRAPPER_052.vos","E3B0C44298FC1C149AFBF4C8996FB92427AE41E4649B934CA495991B7852B855","0"
"coq/V70_OPTION_WRAPPER_053.glob","8EE69E95D20045C5F91F02B8B473F150C2A560B22A03D8F344114FF8B5A4615B","1408"
"coq/V70_OPTION_WRAPPER_053.v","5A99AE368A4D15958578863DA60B5F51B577615E211FE490EDE4C153B801A5BE","516"
"coq/V70_OPTION_WRAPPER_053.vo","4805E5BE292A475B21378318E3E92243D4300349D306D4206130B5FB2AE79DBB","9310"
"coq/V70_OPTION_WRAPPER_053.vok","E3B0C44298FC1C149AFBF4C8996FB92427AE41E4649B934CA495991B7852B855","0"
"coq/V70_OPTION_WRAPPER_053.vos","E3B0C44298FC1C149AFBF4C8996FB92427AE41E4649B934CA495991B7852B855","0"
"coq/V70_OPTION_WRAPPER_054.glob","99E28ACF3CD78BE6F8CA9A022A40907AB3BA20C092DEB47188EFCD2A08BC8227","1408"
"coq/V70_OPTION_WRAPPER_054.v","D2D62F6A05C14C5CE35E90DF6231218A446D8A1EBF006DC634FA91D780B787CD","516"
"coq/V70_OPTION_WRAPPER_054.vo","768E57B189EC748A6D622816865CF61C645CBE6C07EA11D185C3CB78E9714E72","9310"
"coq/V70_OPTION_WRAPPER_054.vok","E3B0C44298FC1C149AFBF4C8996FB92427AE41E4649B934CA495991B7852B855","0"
"coq/V70_OPTION_WRAPPER_054.vos","E3B0C44298FC1C149AFBF4C8996FB92427AE41E4649B934CA495991B7852B855","0"
"coq/V70_OPTION_WRAPPER_055.glob","3E484624695954941A788B426D6EA53308A6156EFE3FE73A22EE5975203D5292","1408"
"coq/V70_OPTION_WRAPPER_055.v","C20CA37C54BFFE110E41D318393A7B919EE6A963FE68565D83F5CD5C3D824D56","516"
"coq/V70_OPTION_WRAPPER_055.vo","B63B01AF66D1D1DFB2547D2A767659C9CB6C3CBFBDF0929089C7A842CE9EFA47","9310"
"coq/V70_OPTION_WRAPPER_055.vok","E3B0C44298FC1C149AFBF4C8996FB92427AE41E4649B934CA495991B7852B855","0"
"coq/V70_OPTION_WRAPPER_055.vos","E3B0C44298FC1C149AFBF4C8996FB92427AE41E4649B934CA495991B7852B855","0"
"coq/V70_OPTION_WRAPPER_056.glob","ED301C1D08589718299CF82CFB397238C1B6078DE3E40D999F1CB43A99B4B7E4","1408"
"coq/V70_OPTION_WRAPPER_056.v","683B847A2A848962813A9321D0261AC70970303D1E170B7F0E7FC341EFBF430A","516"
"coq/V70_OPTION_WRAPPER_056.vo","3D0D241ECF5CACA43669D460185190BFAF9D1819A0FDCDFBB859AFF253F4E4DB","9310"
"coq/V70_OPTION_WRAPPER_056.vok","E3B0C44298FC1C149AFBF4C8996FB92427AE41E4649B934CA495991B7852B855","0"
"coq/V70_OPTION_WRAPPER_056.vos","E3B0C44298FC1C149AFBF4C8996FB92427AE41E4649B934CA495991B7852B855","0"
"coq/V70_OPTION_WRAPPER_057.glob","03A6CD423799CF1F7842EDF14D2CE2FE419D609E994B56833C2EE3D87F24ED74","1408"
"coq/V70_OPTION_WRAPPER_057.v","4607F9AD4C21A1FB059DF6A21B8C1ADEC3464E8CCE16B133F5F0CEA703AEE51A","516"
"coq/V70_OPTION_WRAPPER_057.vo","5FBEC0BDA5C604933F1E37E5FF3EDE739ADD730E3AFF919109F7B599C029F2E5","9310"
"coq/V70_OPTION_WRAPPER_057.vok","E3B0C44298FC1C149AFBF4C8996FB92427AE41E4649B934CA495991B7852B855","0"
"coq/V70_OPTION_WRAPPER_057.vos","E3B0C44298FC1C149AFBF4C8996FB92427AE41E4649B934CA495991B7852B855","0"
"coq/V70_OPTION_WRAPPER_058.glob","9A5BBEDF1D79361DBBF4145BBEC6EFD3F75A7B0205BDA640AFEFF7D140A52532","1408"
"coq/V70_OPTION_WRAPPER_058.v","51832D05D59390BCD52E3AE2FF1F8B8B3BAD446C757E6E0523E8BA7A45EB3C30","516"
"coq/V70_OPTION_WRAPPER_058.vo","0F84F15036BA81AD9CDB6F44CD8D49A4C3637CEE79F5DB3D098306FDF34FDE0E","9310"
"coq/V70_OPTION_WRAPPER_058.vok","E3B0C44298FC1C149AFBF4C8996FB92427AE41E4649B934CA495991B7852B855","0"
"coq/V70_OPTION_WRAPPER_058.vos","E3B0C44298FC1C149AFBF4C8996FB92427AE41E4649B934CA495991B7852B855","0"
"coq/V70_OPTION_WRAPPER_059.glob","D1FD0FA8B038DB3A2CE5EBF469030F2DCC69350415E6C6BFAE0E4B58E784658E","1408"
"coq/V70_OPTION_WRAPPER_059.v","98D48E5E583F71F665BA71F67731AEBD0E52752A4F6E24E87B1ED268F0E5B650","516"
"coq/V70_OPTION_WRAPPER_059.vo","161A3A5155EFA960F81B6B0094CB71643ABF0097A84631D6C8B07A01ADC9BC33","9310"
"coq/V70_OPTION_WRAPPER_059.vok","E3B0C44298FC1C149AFBF4C8996FB92427AE41E4649B934CA495991B7852B855","0"
"coq/V70_OPTION_WRAPPER_059.vos","E3B0C44298FC1C149AFBF4C8996FB92427AE41E4649B934CA495991B7852B855","0"
"coq/V70_OPTION_WRAPPER_060.glob","FA3A9968D72B3CC8958C34365EABEF7F87EFBCC085873BF6302F059F6ED47499","1408"
"coq/V70_OPTION_WRAPPER_060.v","37EAB54E846DBEB189F37182B42B9FF2F5142936DBCC2FE62748B5AAC35E5336","516"
"coq/V70_OPTION_WRAPPER_060.vo","31028E62F539256043757D81B56FD3E07A1F8FC2D6561E7D7F609E724B7093BA","9310"
"coq/V70_OPTION_WRAPPER_060.vok","E3B0C44298FC1C149AFBF4C8996FB92427AE41E4649B934CA495991B7852B855","0"
"coq/V70_OPTION_WRAPPER_060.vos","E3B0C44298FC1C149AFBF4C8996FB92427AE41E4649B934CA495991B7852B855","0"
"coq/V70_OPTION_WRAPPER_061.glob","05E690146E964CAB0F3DD7E642EFC689285ADC462EE3357E3FE2E1A1A00E4E1A","1408"
"coq/V70_OPTION_WRAPPER_061.v","187A84B9BA99AF50FD82576A677297621722672132BBABD7D42CC9F9016A55D1","516"
"coq/V70_OPTION_WRAPPER_061.vo","A5BE997229B662E344493EFDF394D6008B50636081D7300733B52090ED569EB4","9310"
"coq/V70_OPTION_WRAPPER_061.vok","E3B0C44298FC1C149AFBF4C8996FB92427AE41E4649B934CA495991B7852B855","0"
"coq/V70_OPTION_WRAPPER_061.vos","E3B0C44298FC1C149AFBF4C8996FB92427AE41E4649B934CA495991B7852B855","0"
"coq/V70_OPTION_WRAPPER_062.glob","F320493288E1C7FC7133FAA2E6318156EFA6C2DC62DE9733C40ACC7187DB79CD","1408"
"coq/V70_OPTION_WRAPPER_062.v","B4BF65EEBB02B2AB8F68AC6B35C989A1B277251BBFCB8954D5605F88CD9356ED","516"
"coq/V70_OPTION_WRAPPER_062.vo","0C5A39BBE4FCE8A5F395F4AD775F829D37E4821C3BAE136ADEFFA6913013A66E","9310"
"coq/V70_OPTION_WRAPPER_062.vok","E3B0C44298FC1C149AFBF4C8996FB92427AE41E4649B934CA495991B7852B855","0"
"coq/V70_OPTION_WRAPPER_062.vos","E3B0C44298FC1C149AFBF4C8996FB92427AE41E4649B934CA495991B7852B855","0"
"coq/V70_OPTION_WRAPPER_063.glob","F2A16882D14EE038E638DBB7F863E34CA6BBAD1468C6BCFAE49DC5A6DC585147","1408"
"coq/V70_OPTION_WRAPPER_063.v","F1A9DDF834EFC6FFD6B423DDCF0C1A3CA04E67FA3FBFA0AE257C5C463E03C07A","516"
"coq/V70_OPTION_WRAPPER_063.vo","42E6586F5493B7366719CB11FA8851E9CC84D4FFE4D08A4F9F28EC4ADC4E950F","9310"
"coq/V70_OPTION_WRAPPER_063.vok","E3B0C44298FC1C149AFBF4C8996FB92427AE41E4649B934CA495991B7852B855","0"
"coq/V70_OPTION_WRAPPER_063.vos","E3B0C44298FC1C149AFBF4C8996FB92427AE41E4649B934CA495991B7852B855","0"
"coq/V70_OPTION_WRAPPER_064.glob","979AFDC0B35CE0732FE34821903122D5EBFDC5A9161B492BEDEBC2CEE45379CD","1408"
"coq/V70_OPTION_WRAPPER_064.v","23D5428B981E2012AE1557FB6C2EF1B508CE6638A6F0AAC622284E2B1DDEF323","516"
"coq/V70_OPTION_WRAPPER_064.vo","1204667FCEB50B6581D878DDB48CAF229DDEC4ADB55A1D9603619598B70B86A2","9310"
"coq/V70_OPTION_WRAPPER_064.vok","E3B0C44298FC1C149AFBF4C8996FB92427AE41E4649B934CA495991B7852B855","0"
"coq/V70_OPTION_WRAPPER_064.vos","E3B0C44298FC1C149AFBF4C8996FB92427AE41E4649B934CA495991B7852B855","0"
"coq/V70_OPTION_WRAPPER_065.glob","934C949192775567CD61FE196E2261A29734AD8005194D57DD9D5A9F466B64CB","1408"
"coq/V70_OPTION_WRAPPER_065.v","9D18AEBFBF42B582C4F9F47BAEBFC73465B6616D58816BC6286B9B9E57D6ADAA","516"
"coq/V70_OPTION_WRAPPER_065.vo","79836778CEF7017E2051C712C1F2FE5C55747CC3F327BF08107D1E96B8FFD320","9310"
"coq/V70_OPTION_WRAPPER_065.vok","E3B0C44298FC1C149AFBF4C8996FB92427AE41E4649B934CA495991B7852B855","0"
"coq/V70_OPTION_WRAPPER_065.vos","E3B0C44298FC1C149AFBF4C8996FB92427AE41E4649B934CA495991B7852B855","0"
"coq/V70_OPTION_WRAPPER_066.glob","70EF3C7B2593B10021B6B361443E87597A00CC1F5F1C7D9898467A37030458A2","1408"
"coq/V70_OPTION_WRAPPER_066.v","E7EC2CDB6E6CCA02FC25E97F957DD95BDCD392CE7DFA3D998B3B95E28D9DC924","516"
"coq/V70_OPTION_WRAPPER_066.vo","BE7372F7FE86074F11300C8D2DD7F9675520C5EA72F4DD46B465F42FC3637384","9310"
"coq/V70_OPTION_WRAPPER_066.vok","E3B0C44298FC1C149AFBF4C8996FB92427AE41E4649B934CA495991B7852B855","0"
"coq/V70_OPTION_WRAPPER_066.vos","E3B0C44298FC1C149AFBF4C8996FB92427AE41E4649B934CA495991B7852B855","0"
"coq/V70_OPTION_WRAPPER_067.glob","E927388043CC242ACE00FE6120FCADB3E408FB0E423A01D9193A5EC2F9779FA0","1408"
"coq/V70_OPTION_WRAPPER_067.v","5769BF56C04368CADAB0BF0C946B0C48E3749664C469B1168470234794839426","516"
"coq/V70_OPTION_WRAPPER_067.vo","F92BE8F51739D56A71ED190567AC8AFC89C43C5504211CFDA602A7D95363C97B","9310"
"coq/V70_OPTION_WRAPPER_067.vok","E3B0C44298FC1C149AFBF4C8996FB92427AE41E4649B934CA495991B7852B855","0"
"coq/V70_OPTION_WRAPPER_067.vos","E3B0C44298FC1C149AFBF4C8996FB92427AE41E4649B934CA495991B7852B855","0"
"coq/V70_OPTION_WRAPPER_068.glob","E84DCC9CCA8415FFE97D9A90246501E814C0E45044ED099D2F6544921C75E463","1408"
"coq/V70_OPTION_WRAPPER_068.v","751AFCB4D2722F66451484B5C9B3C6129C513589F18653E4D5FD2C0CBEA92664","516"
"coq/V70_OPTION_WRAPPER_068.vo","ABE407769BA3D380C374586DC0FF96B6D2AE567C708F955D9733F09A15A0D9A7","9310"
"coq/V70_OPTION_WRAPPER_068.vok","E3B0C44298FC1C149AFBF4C8996FB92427AE41E4649B934CA495991B7852B855","0"
"coq/V70_OPTION_WRAPPER_068.vos","E3B0C44298FC1C149AFBF4C8996FB92427AE41E4649B934CA495991B7852B855","0"
"coq/V70_OPTION_WRAPPER_069.glob","ABC13D2716484A78CA4CBB3B5660BE7C19BF82DDDC4C16E5145188B4407BC4DC","1408"
"coq/V70_OPTION_WRAPPER_069.v","4401066818706A3A5CFEC43D06E80B0006360F29E02F92D588AD15A7EFF09716","516"
"coq/V70_OPTION_WRAPPER_069.vo","15238EA37FEB92DF0F83FEDD7B790B4FE3D3F584C3247BF20A8B8A9D918627BF","9310"
"coq/V70_OPTION_WRAPPER_069.vok","E3B0C44298FC1C149AFBF4C8996FB92427AE41E4649B934CA495991B7852B855","0"
"coq/V70_OPTION_WRAPPER_069.vos","E3B0C44298FC1C149AFBF4C8996FB92427AE41E4649B934CA495991B7852B855","0"
"coq/V70_OPTION_WRAPPER_070.glob","30C93C49466FEFFA5A1412E938394AF2234A32B510E647AB62560F976D7D104D","1408"
"coq/V70_OPTION_WRAPPER_070.v","A54BD483181EE97EDC8C0B00BDE0ED47EC11CD06EAA2857984A3B2817D0B4BC4","516"
"coq/V70_OPTION_WRAPPER_070.vo","FE83AD24A2C1DE472AED4996A8E7F66C6D80F374FF51006FBCDA4CEFEE1088D4","9310"
"coq/V70_OPTION_WRAPPER_070.vok","E3B0C44298FC1C149AFBF4C8996FB92427AE41E4649B934CA495991B7852B855","0"
"coq/V70_OPTION_WRAPPER_070.vos","E3B0C44298FC1C149AFBF4C8996FB92427AE41E4649B934CA495991B7852B855","0"
"coq/V70_OPTION_WRAPPER_071.glob","88BD1563D96CEB75F8E3D7AA1D4C719B70F40DCDE30B5F4E34AAD5A2147076D9","1408"
"coq/V70_OPTION_WRAPPER_071.v","867EB35D7AF9A28736BFE9F4104557F19FAC3CB1C3CE90567223C940F7CC716A","516"
"coq/V70_OPTION_WRAPPER_071.vo","F448BB4C50E6F6AFF8E6D895E771D5AB5BDA05F891600E95368614A6CC0D336E","9310"
"coq/V70_OPTION_WRAPPER_071.vok","E3B0C44298FC1C149AFBF4C8996FB92427AE41E4649B934CA495991B7852B855","0"
"coq/V70_OPTION_WRAPPER_071.vos","E3B0C44298FC1C149AFBF4C8996FB92427AE41E4649B934CA495991B7852B855","0"
"coq/V70_OPTION_WRAPPER_072.glob","ABCC3DB033E1FBAE7C571BCAA1D901BEAF6308C6D9A66DB91493594119EF59BA","1408"
"coq/V70_OPTION_WRAPPER_072.v","40FFED0E54DB46C9178812752347382E813B176EB37AC1FBF5911494A3A853BF","516"
"coq/V70_OPTION_WRAPPER_072.vo","F5E8C7F2A3AEE443853A2B2161DA3D156C89185EBCDBA58FDEACB729DCD84483","9310"
"coq/V70_OPTION_WRAPPER_072.vok","E3B0C44298FC1C149AFBF4C8996FB92427AE41E4649B934CA495991B7852B855","0"
"coq/V70_OPTION_WRAPPER_072.vos","E3B0C44298FC1C149AFBF4C8996FB92427AE41E4649B934CA495991B7852B855","0"
"coq/V70_OPTION_WRAPPER_073.glob","7023397F78574DA74C9F3E20B058922F4CC6350BC8B50453CA1B20FEFF55778B","1408"
"coq/V70_OPTION_WRAPPER_073.v","2C82979B1AE9D61C95E28CF0F5B1BD235F62BCB44D316218293CEC6CDBCD7D48","516"
"coq/V70_OPTION_WRAPPER_073.vo","6296E84A924EDADE12B8795066E48554A4B361007AF6E55292859C62AB165937","9310"
"coq/V70_OPTION_WRAPPER_073.vok","E3B0C44298FC1C149AFBF4C8996FB92427AE41E4649B934CA495991B7852B855","0"
"coq/V70_OPTION_WRAPPER_073.vos","E3B0C44298FC1C149AFBF4C8996FB92427AE41E4649B934CA495991B7852B855","0"
"coq/V70_OPTION_WRAPPER_074.glob","79B9E18874757D381AF84F03694FDD55A7B94F077472B9E3CC97D4E2B588265A","1408"
"coq/V70_OPTION_WRAPPER_074.v","056353C5C8AD480AD0FECD79F7221284920C3D57AE70BD70F10B7344AC9A8E69","516"
"coq/V70_OPTION_WRAPPER_074.vo","F438C7C63DA4626ABDA64049B03BF066D944650BF490F884584A92A931CAAD16","9310"
"coq/V70_OPTION_WRAPPER_074.vok","E3B0C44298FC1C149AFBF4C8996FB92427AE41E4649B934CA495991B7852B855","0"
"coq/V70_OPTION_WRAPPER_074.vos","E3B0C44298FC1C149AFBF4C8996FB92427AE41E4649B934CA495991B7852B855","0"
"coq/V70_OPTION_WRAPPER_075.glob","12450E6519EF82CAFECAFEB7572BEC691B6E671C7BB9171B630B19056C2AE797","1408"
"coq/V70_OPTION_WRAPPER_075.v","36F947B9E60B7EFDCE42D24EB1659FD02802A4ED98E2BDAD6D54C813F1D6BA14","516"
"coq/V70_OPTION_WRAPPER_075.vo","6E27B08E5BAD2641AC6DFEC1B1E5DA07DBF070888579648629070EC2661152DE","9310"
"coq/V70_OPTION_WRAPPER_075.vok","E3B0C44298FC1C149AFBF4C8996FB92427AE41E4649B934CA495991B7852B855","0"
"coq/V70_OPTION_WRAPPER_075.vos","E3B0C44298FC1C149AFBF4C8996FB92427AE41E4649B934CA495991B7852B855","0"
"coq/V70_OPTION_WRAPPER_076.glob","E0F27A8B1B4D729AA66D94E2CB739224DF3A79A6B2E3B7441990B48F4BADCC0E","1408"
"coq/V70_OPTION_WRAPPER_076.v","744D17296AA91A3F8FA0767DC04DEA2D539E5AD157CA0D1930E677BD76B1F0F5","516"
"coq/V70_OPTION_WRAPPER_076.vo","CBD18D3B2624A9D57A9043042930A280F80FD7DECC5DC76D40CEC4316BE86640","9310"
"coq/V70_OPTION_WRAPPER_076.vok","E3B0C44298FC1C149AFBF4C8996FB92427AE41E4649B934CA495991B7852B855","0"
"coq/V70_OPTION_WRAPPER_076.vos","E3B0C44298FC1C149AFBF4C8996FB92427AE41E4649B934CA495991B7852B855","0"
"coq/V70_OPTION_WRAPPER_077.glob","2669DDB31E5E7286C4711B838473A80303BF29E1A150D819FB8BDBB1CFBE0672","1408"
"coq/V70_OPTION_WRAPPER_077.v","8F41E37639C9982C6743482A66639C3CE1FCE1B03FBC070B5E68543B88C22D93","516"
"coq/V70_OPTION_WRAPPER_077.vo","618396F4A53AFF7C76564777157344DDE7E7CAB256B4607E21A93502BD146D8D","9310"
"coq/V70_OPTION_WRAPPER_077.vok","E3B0C44298FC1C149AFBF4C8996FB92427AE41E4649B934CA495991B7852B855","0"
"coq/V70_OPTION_WRAPPER_077.vos","E3B0C44298FC1C149AFBF4C8996FB92427AE41E4649B934CA495991B7852B855","0"
"coq/V70_OPTION_WRAPPER_078.glob","C3ADAF5F1C9E505AC06A4502564B5530DD97972E6607DD816FDDCE0D234616B1","1408"
"coq/V70_OPTION_WRAPPER_078.v","F9161CAB6B6F96C3A49B57884A862CE2C4DEE4ACC5065ED6E04FFF6AEE17D680","516"
"coq/V70_OPTION_WRAPPER_078.vo","7027B9F061CB81F9F07D6E65AD19FF46E029295006A57B6B1156164C076DEB58","9310"
"coq/V70_OPTION_WRAPPER_078.vok","E3B0C44298FC1C149AFBF4C8996FB92427AE41E4649B934CA495991B7852B855","0"
"coq/V70_OPTION_WRAPPER_078.vos","E3B0C44298FC1C149AFBF4C8996FB92427AE41E4649B934CA495991B7852B855","0"
"coq/V70_OPTION_WRAPPER_079.glob","F0DDE5891C211FCC594FCA5FD1834FEEB81A63F87CF128ADC980D7D600CA817E","1408"
"coq/V70_OPTION_WRAPPER_079.v","4577256BB70B90C1737472CAB3992E9CAF56328C30E9BA78E4056467EE87F47A","516"
"coq/V70_OPTION_WRAPPER_079.vo","A517747B7A188391774FC881469DC563B2EFD7CEA749F077AC239C22D3A19CEC","9310"
"coq/V70_OPTION_WRAPPER_079.vok","E3B0C44298FC1C149AFBF4C8996FB92427AE41E4649B934CA495991B7852B855","0"
"coq/V70_OPTION_WRAPPER_079.vos","E3B0C44298FC1C149AFBF4C8996FB92427AE41E4649B934CA495991B7852B855","0"
"coq/V70_OPTION_WRAPPER_080.glob","68872505D33557E7953661F5C56819F34075689088C07B4B3F21B6BD102ABA5B","1408"
"coq/V70_OPTION_WRAPPER_080.v","E4B8A0194DFEF2D1A0836F4B386D1CCC66A40180F44BFD50F402E5C6825BCC80","516"
"coq/V70_OPTION_WRAPPER_080.vo","EEC3C2C18E207017A3B9BD6B91CD8793B72C74EF90C679B0521E05EDFB1992D4","9310"
"coq/V70_OPTION_WRAPPER_080.vok","E3B0C44298FC1C149AFBF4C8996FB92427AE41E4649B934CA495991B7852B855","0"
"coq/V70_OPTION_WRAPPER_080.vos","E3B0C44298FC1C149AFBF4C8996FB92427AE41E4649B934CA495991B7852B855","0"
"coq/V70_PAIR_SWAP_001.glob","E0884EF0C860DD46E36E89A75EAF5C2033BE43909327734A4EDA075E31E1690E","2054"
"coq/V70_PAIR_SWAP_001.v","0D6B6EEC3B5DF1505ABA83545F797FFDEC57C73C19B63D3F363E158BCAD94F6B","530"
"coq/V70_PAIR_SWAP_001.vo","B54C666F19F81543E82A21DADC6EBD66823057CDF7B1AB4DFB60342781AEA641","9430"
"coq/V70_PAIR_SWAP_001.vok","E3B0C44298FC1C149AFBF4C8996FB92427AE41E4649B934CA495991B7852B855","0"
"coq/V70_PAIR_SWAP_001.vos","E3B0C44298FC1C149AFBF4C8996FB92427AE41E4649B934CA495991B7852B855","0"
"coq/V70_PAIR_SWAP_002.glob","DFB941900198DAAB1F756C14A268D40925B8A99CF607C16831388E138A32D529","2054"
"coq/V70_PAIR_SWAP_002.v","754B79CA06476BBB014FDFCFA7F38BD0913E900EF020621A3630B824B346065F","530"
"coq/V70_PAIR_SWAP_002.vo","D34307EE0CF2E016AD38C247224A574D3F4865E04DC464AC88B9FC00F924946E","9430"
"coq/V70_PAIR_SWAP_002.vok","E3B0C44298FC1C149AFBF4C8996FB92427AE41E4649B934CA495991B7852B855","0"
"coq/V70_PAIR_SWAP_002.vos","E3B0C44298FC1C149AFBF4C8996FB92427AE41E4649B934CA495991B7852B855","0"
"coq/V70_PAIR_SWAP_003.glob","C3C974E21A339BC5B3AAE3C40454DA1251E867DBAD2F2BCFE97354249E2553B2","2054"
"coq/V70_PAIR_SWAP_003.v","7A21B95F49135BE7D972C1A0D0C1E1DFFDB9CE2365C67724E04759B738ADB450","530"
"coq/V70_PAIR_SWAP_003.vo","FF5A1874EDF58FD18DDD7F38447A2D359D2F65087D6A696D8DFB522A293C0CA3","9430"
"coq/V70_PAIR_SWAP_003.vok","E3B0C44298FC1C149AFBF4C8996FB92427AE41E4649B934CA495991B7852B855","0"
"coq/V70_PAIR_SWAP_003.vos","E3B0C44298FC1C149AFBF4C8996FB92427AE41E4649B934CA495991B7852B855","0"
"coq/V70_PAIR_SWAP_004.glob","8FF4DD82E3A03A60E2CE4B613D5948BF80249069E42B8C7646DEDDC2B2D142E5","2054"
"coq/V70_PAIR_SWAP_004.v","DC853824DD2F31B7D4D77FF12C198D84A64DF38F29B0140AAE7341509B7E7BB0","530"
"coq/V70_PAIR_SWAP_004.vo","EF52F49A559479E221C756249C80A9F393BB95ABE41667417DF63A1A5EEBDD31","9430"
"coq/V70_PAIR_SWAP_004.vok","E3B0C44298FC1C149AFBF4C8996FB92427AE41E4649B934CA495991B7852B855","0"
"coq/V70_PAIR_SWAP_004.vos","E3B0C44298FC1C149AFBF4C8996FB92427AE41E4649B934CA495991B7852B855","0"
"coq/V70_PAIR_SWAP_005.glob","15F99A1D13C03BAFACEEFDCC45D7B6D242634A9F9012249B7AB68B92A365FF8E","2054"
"coq/V70_PAIR_SWAP_005.v","F4C49800C1C9B8A033FF1E258EDCD3B9E3495521C9DB292AB6DA5EAAC2A4B1E6","530"
"coq/V70_PAIR_SWAP_005.vo","CEE52D43E188486149E884E6E785356523AA1C84C6CD16ABFB3A3EE56E403F17","9430"
"coq/V70_PAIR_SWAP_005.vok","E3B0C44298FC1C149AFBF4C8996FB92427AE41E4649B934CA495991B7852B855","0"
"coq/V70_PAIR_SWAP_005.vos","E3B0C44298FC1C149AFBF4C8996FB92427AE41E4649B934CA495991B7852B855","0"
"coq/V70_PAIR_SWAP_006.glob","206B9BCA7DC62CBB306ACE6ED2C5C468FEAF938023E117FF9262763A9CEFB5A9","2054"
"coq/V70_PAIR_SWAP_006.v","3FDF83812C1386C12B4F0598EC6666D6E50D0C14A4AC55DA1AC869DE199E6152","530"
"coq/V70_PAIR_SWAP_006.vo","1F4F0BD77DF9DCC84029D2CFBFBE69462D3A41A17A4834892CC9DC867868FDDB","9430"
"coq/V70_PAIR_SWAP_006.vok","E3B0C44298FC1C149AFBF4C8996FB92427AE41E4649B934CA495991B7852B855","0"
"coq/V70_PAIR_SWAP_006.vos","E3B0C44298FC1C149AFBF4C8996FB92427AE41E4649B934CA495991B7852B855","0"
"coq/V70_PAIR_SWAP_007.glob","4D5E8BED94D3C9757CDFDD78EC13C1F33FC3EBDB785A241279A236A3438637AA","2054"
"coq/V70_PAIR_SWAP_007.v","4BC51E8BFB74DCCE296C4F120DFDE6B51E9BA00CE37B7BBE304793D773C8EAB2","530"
"coq/V70_PAIR_SWAP_007.vo","D0BC9A3BC6DC1336CB882F083253518C5B1EF8D2A1B6555684513DEC955F815A","9430"
"coq/V70_PAIR_SWAP_007.vok","E3B0C44298FC1C149AFBF4C8996FB92427AE41E4649B934CA495991B7852B855","0"
"coq/V70_PAIR_SWAP_007.vos","E3B0C44298FC1C149AFBF4C8996FB92427AE41E4649B934CA495991B7852B855","0"
"coq/V70_PAIR_SWAP_008.glob","9B686C449BAEBB9145E0012867ABFF717E6EE83C772A1EA01DE9EE21C06B014C","2054"
"coq/V70_PAIR_SWAP_008.v","B952659A74AE60C8A408313F8B7993365EF12B20EE98EDE19BCC19DEBF326847","530"
"coq/V70_PAIR_SWAP_008.vo","4B239F989E1964A40F82B141BF0E869454BC25A5F5D9FBD050DD8BABF10BCA5E","9430"
"coq/V70_PAIR_SWAP_008.vok","E3B0C44298FC1C149AFBF4C8996FB92427AE41E4649B934CA495991B7852B855","0"
"coq/V70_PAIR_SWAP_008.vos","E3B0C44298FC1C149AFBF4C8996FB92427AE41E4649B934CA495991B7852B855","0"
"coq/V70_PAIR_SWAP_009.glob","B897420916AF63DE9F2AF4D040ADDD751E2965FCF0ADFEDEBDCC2615B6ACD78D","2054"
"coq/V70_PAIR_SWAP_009.v","3B55ED4E0161D295C19061B91FD893BFF9035544679FD715FF62DEEB6B8659E2","530"
"coq/V70_PAIR_SWAP_009.vo","601E9C58126077784D3CB69CC62C73487D1E01402918A6A733C84D4A68446BF0","9430"
"coq/V70_PAIR_SWAP_009.vok","E3B0C44298FC1C149AFBF4C8996FB92427AE41E4649B934CA495991B7852B855","0"
"coq/V70_PAIR_SWAP_009.vos","E3B0C44298FC1C149AFBF4C8996FB92427AE41E4649B934CA495991B7852B855","0"
"coq/V70_PAIR_SWAP_010.glob","C157EFA2C778C065E396B892F50CF809D569B57647527E1EBF3ED0D83BC84187","2060"
"coq/V70_PAIR_SWAP_010.v","9C09B95CF08AD7096AA9D2E40D66DF4D88B3EFB17CBA60A115E9004CA913BD4C","536"
"coq/V70_PAIR_SWAP_010.vo","ADAF7296B1BA41BF79FDB60EC30FA42B1B37690674DB3B648C067B89B7CAE708","9434"
"coq/V70_PAIR_SWAP_010.vok","E3B0C44298FC1C149AFBF4C8996FB92427AE41E4649B934CA495991B7852B855","0"
"coq/V70_PAIR_SWAP_010.vos","E3B0C44298FC1C149AFBF4C8996FB92427AE41E4649B934CA495991B7852B855","0"
"coq/V70_PAIR_SWAP_011.glob","C0ADDB524045C7D1703F72A67F60B19FBDA1E8EAD0C80694F58CCEE5468AFCE5","2060"
"coq/V70_PAIR_SWAP_011.v","22BE4BF791F581E4EFA42EB4747049D304DF0F307B636F8FB905D0E387A0C87C","536"
"coq/V70_PAIR_SWAP_011.vo","AA92C07603E7B4F8AFAE2824D568BF7E1BDCDFE80EC86897EAB835E072619C02","9434"
"coq/V70_PAIR_SWAP_011.vok","E3B0C44298FC1C149AFBF4C8996FB92427AE41E4649B934CA495991B7852B855","0"
"coq/V70_PAIR_SWAP_011.vos","E3B0C44298FC1C149AFBF4C8996FB92427AE41E4649B934CA495991B7852B855","0"
"coq/V70_PAIR_SWAP_012.glob","2414FF1C5485DD28A58EC8675B52E61EA89EEC139233A1D92E88709C7631C529","2060"
"coq/V70_PAIR_SWAP_012.v","E61B91F9B9F96D7965AD0C20C655A3165A2CBF9DA88BC47A4D44A04032051BAB","536"
"coq/V70_PAIR_SWAP_012.vo","EE1FFF5CF042903E059073C0B30E83C75ED4F6AA9167289830477DC8DB4196BE","9434"
"coq/V70_PAIR_SWAP_012.vok","E3B0C44298FC1C149AFBF4C8996FB92427AE41E4649B934CA495991B7852B855","0"
"coq/V70_PAIR_SWAP_012.vos","E3B0C44298FC1C149AFBF4C8996FB92427AE41E4649B934CA495991B7852B855","0"
"coq/V70_PAIR_SWAP_013.glob","746000F354EDE2F72C5C1C95D71094F34DA27C74AD35D581EDA6E7ACB34E6FCA","2060"
"coq/V70_PAIR_SWAP_013.v","9E83B243FAE0AEC8BF8F3ACD4BBFE313D677B726C4030312C78A7107EA9A9D7D","536"
"coq/V70_PAIR_SWAP_013.vo","1770053BFD382928391F3303D376AB6BD22E7F53E3419B97348B67ED8B9BB36C","9434"
"coq/V70_PAIR_SWAP_013.vok","E3B0C44298FC1C149AFBF4C8996FB92427AE41E4649B934CA495991B7852B855","0"
"coq/V70_PAIR_SWAP_013.vos","E3B0C44298FC1C149AFBF4C8996FB92427AE41E4649B934CA495991B7852B855","0"
"coq/V70_PAIR_SWAP_014.glob","9A227B09B4C7B736C065491E2707EF5EF9BBF38170DE74C3166CFA435D3D60E7","2060"
"coq/V70_PAIR_SWAP_014.v","C3C92AA223C4B51C165123AE0D29489E0141C01EF43C258FB59FD8548EE2D82B","536"
"coq/V70_PAIR_SWAP_014.vo","761DF6C5570175DD86C8E1EAF98F6B9E286B466E5A9F510A49CC984259E2FDC1","9434"
"coq/V70_PAIR_SWAP_014.vok","E3B0C44298FC1C149AFBF4C8996FB92427AE41E4649B934CA495991B7852B855","0"
"coq/V70_PAIR_SWAP_014.vos","E3B0C44298FC1C149AFBF4C8996FB92427AE41E4649B934CA495991B7852B855","0"
"coq/V70_PAIR_SWAP_015.glob","4720AEB79F7B807F4CC03A5F9194369DCD72CE1EA9964F99C27A35C4D7E4A876","2060"
"coq/V70_PAIR_SWAP_015.v","28508EF22324201F57F018D8ED9B3A31D8A23C59C97FA4D42CBB158C14B8B2CA","536"
"coq/V70_PAIR_SWAP_015.vo","3470E4F2B5B6E99E382151A840C12F9CDEEFF54194336C1349FCB6841534D5C7","9434"
"coq/V70_PAIR_SWAP_015.vok","E3B0C44298FC1C149AFBF4C8996FB92427AE41E4649B934CA495991B7852B855","0"
"coq/V70_PAIR_SWAP_015.vos","E3B0C44298FC1C149AFBF4C8996FB92427AE41E4649B934CA495991B7852B855","0"
"coq/V70_PAIR_SWAP_016.glob","8169DCA6BC96338172B8EA5C654A7AD0F10C36E996758BB47B271E472FC00F38","2060"
"coq/V70_PAIR_SWAP_016.v","8BB4691A02493AEB4FFC2E2A55FD6EEB3E30C05A1413F167CF2F743E97311159","536"
"coq/V70_PAIR_SWAP_016.vo","56AC4F4EC8D6DE0602781CB04D34A8C6F3FEA577C9811D33852DCD96540261EB","9434"
"coq/V70_PAIR_SWAP_016.vok","E3B0C44298FC1C149AFBF4C8996FB92427AE41E4649B934CA495991B7852B855","0"
"coq/V70_PAIR_SWAP_016.vos","E3B0C44298FC1C149AFBF4C8996FB92427AE41E4649B934CA495991B7852B855","0"
"coq/V70_PAIR_SWAP_017.glob","BBF1A8536336EEA7F4784FCE72C0C926E606D99F559F20ED2FC94776517A4370","2060"
"coq/V70_PAIR_SWAP_017.v","A4E7DC1FFA7689078D0C8B084A1BFE538B594824C3124DE148E47974EC9BDF26","536"
"coq/V70_PAIR_SWAP_017.vo","CD3FF2D5B5B731BBAEB9B6C13A3528AF691B4D583EEFF90517D8B87F72118E21","9434"
"coq/V70_PAIR_SWAP_017.vok","E3B0C44298FC1C149AFBF4C8996FB92427AE41E4649B934CA495991B7852B855","0"
"coq/V70_PAIR_SWAP_017.vos","E3B0C44298FC1C149AFBF4C8996FB92427AE41E4649B934CA495991B7852B855","0"
"coq/V70_PAIR_SWAP_018.glob","D5914B9E124FCC558F0103B0250D3C6DC64A1C853914CE76420BF5076D17DCD1","2060"
"coq/V70_PAIR_SWAP_018.v","7A6AEE5D76ABC38C0A88DE2DC368B64121DF9ADF66EAC897A0C6A9DD64DFF272","536"
"coq/V70_PAIR_SWAP_018.vo","0BC56CA4823B7C40E05F4F23B4AC0BD8760A2F3711DF28045F1A1F7F98B556AD","9434"
"coq/V70_PAIR_SWAP_018.vok","E3B0C44298FC1C149AFBF4C8996FB92427AE41E4649B934CA495991B7852B855","0"
"coq/V70_PAIR_SWAP_018.vos","E3B0C44298FC1C149AFBF4C8996FB92427AE41E4649B934CA495991B7852B855","0"
"coq/V70_PAIR_SWAP_019.glob","0D101653E5601DED1E9A24CB701CFD2A12CA7DDEB0A5A9B5B663B9294C002D88","2060"
"coq/V70_PAIR_SWAP_019.v","8EE0915B608B77210D8680E5768B46EEC9B784E5CA30F09BBBD8A6FC772F6273","536"
"coq/V70_PAIR_SWAP_019.vo","441B8ECE5057E0B9A941DF8E663823E4F795E5AE66563AD1164B68668B2764EB","9434"
"coq/V70_PAIR_SWAP_019.vok","E3B0C44298FC1C149AFBF4C8996FB92427AE41E4649B934CA495991B7852B855","0"
"coq/V70_PAIR_SWAP_019.vos","E3B0C44298FC1C149AFBF4C8996FB92427AE41E4649B934CA495991B7852B855","0"
"coq/V70_PAIR_SWAP_020.glob","A06C839D1F6077976FA75E20D9E032A2DB28093CDDC5297B9014349B245FEB5C","2060"
"coq/V70_PAIR_SWAP_020.v","452C378AB7A86FCD48CFE92F1ADE7D5DF02583559FB57F6CA0B19D86FE794B8A","536"
"coq/V70_PAIR_SWAP_020.vo","92911021A1738297B6D7AC3A0F79AD9F38CF6597D7A1B32088FF573EDEDC66FE","9434"
"coq/V70_PAIR_SWAP_020.vok","E3B0C44298FC1C149AFBF4C8996FB92427AE41E4649B934CA495991B7852B855","0"
"coq/V70_PAIR_SWAP_020.vos","E3B0C44298FC1C149AFBF4C8996FB92427AE41E4649B934CA495991B7852B855","0"
"coq/V70_PAIR_SWAP_021.glob","84A414C2D59C4AF4AA1BEE8BA8C24C7B43C217DEC8F5506BABC0D494F5A971A1","2060"
"coq/V70_PAIR_SWAP_021.v","318E79449C7489694CB6742486D0A86FC785B1E2EFA6AE669AF81A32A8CD421D","536"
"coq/V70_PAIR_SWAP_021.vo","B93FDA2A9D5B6F3353E7A2267309075D87002937A28FE24CB5A93D23A23C12A9","9434"
"coq/V70_PAIR_SWAP_021.vok","E3B0C44298FC1C149AFBF4C8996FB92427AE41E4649B934CA495991B7852B855","0"
"coq/V70_PAIR_SWAP_021.vos","E3B0C44298FC1C149AFBF4C8996FB92427AE41E4649B934CA495991B7852B855","0"
"coq/V70_PAIR_SWAP_022.glob","BA3A49E3A41F5406FA133127C292B987336E162AAB586D1053C5C8D99FAA77B5","2060"
"coq/V70_PAIR_SWAP_022.v","7CDDAA9CD35349BAF2CE39B28CAF3530A8A9A817EDAC76DBB453922FA54A4EB3","536"
"coq/V70_PAIR_SWAP_022.vo","AAE2779FF4233BC2887C10B5DD499C82A40A883838A1F8E8772CFC1321133EA2","9434"
"coq/V70_PAIR_SWAP_022.vok","E3B0C44298FC1C149AFBF4C8996FB92427AE41E4649B934CA495991B7852B855","0"
"coq/V70_PAIR_SWAP_022.vos","E3B0C44298FC1C149AFBF4C8996FB92427AE41E4649B934CA495991B7852B855","0"
"coq/V70_PAIR_SWAP_023.glob","6928D796DBFBFA13A1D600CAAA9F68A310B06DF94569569541D2C1931964DD7C","2060"
"coq/V70_PAIR_SWAP_023.v","E1557272E19589B58B58F7032A7D1C6209002DF5A680566210EC6E7C8003C8E0","536"
"coq/V70_PAIR_SWAP_023.vo","5B6A7BCF996CA6FB30A4D00D5495C251468C0DA99D5EC9BEB160A7488A62CC13","9434"
"coq/V70_PAIR_SWAP_023.vok","E3B0C44298FC1C149AFBF4C8996FB92427AE41E4649B934CA495991B7852B855","0"
"coq/V70_PAIR_SWAP_023.vos","E3B0C44298FC1C149AFBF4C8996FB92427AE41E4649B934CA495991B7852B855","0"
"coq/V70_PAIR_SWAP_024.glob","B112D4D4655CBA39FE8D7AFE9E44C89EEFEFCF43D2E8011FC41FCF947B635FCC","2060"
"coq/V70_PAIR_SWAP_024.v","6BF838620461FDC70A1557D69EE55A29827D83592A9625D1023A4F3E9844FA34","536"
"coq/V70_PAIR_SWAP_024.vo","D26708492AB9AB79B65C66DA6226471938D7B29FA88D1B064056F06AA71E97A4","9434"
"coq/V70_PAIR_SWAP_024.vok","E3B0C44298FC1C149AFBF4C8996FB92427AE41E4649B934CA495991B7852B855","0"
"coq/V70_PAIR_SWAP_024.vos","E3B0C44298FC1C149AFBF4C8996FB92427AE41E4649B934CA495991B7852B855","0"
"coq/V70_PAIR_SWAP_025.glob","5EFEC0AF0E9EB40F01EB1C82B91798A1D2BD56A37DEA035779B3BCAB06FA7DE0","2060"
"coq/V70_PAIR_SWAP_025.v","194E4E30B04283B4E16AA88DDE80251C292D8FB4BBC9A6C23259764FBBAA1A27","536"
"coq/V70_PAIR_SWAP_025.vo","472EE7DA87714E0DE40ABF38F5CFF25BD4C7078EA498FF36FD88530CB568AF65","9434"
"coq/V70_PAIR_SWAP_025.vok","E3B0C44298FC1C149AFBF4C8996FB92427AE41E4649B934CA495991B7852B855","0"
"coq/V70_PAIR_SWAP_025.vos","E3B0C44298FC1C149AFBF4C8996FB92427AE41E4649B934CA495991B7852B855","0"
"coq/V70_PAIR_SWAP_026.glob","E848006808AE33C632337587E92540BD847766366DFE5863482949397B19B900","2060"
"coq/V70_PAIR_SWAP_026.v","3FF4F45C8E001E37CDB7EB103D433B26421E23052373158E166B56CADE60E124","536"
"coq/V70_PAIR_SWAP_026.vo","5FD91BEF4583B34699BA359EC02D2E8124E8D36A349833D94217E3561D01A3A8","9434"
"coq/V70_PAIR_SWAP_026.vok","E3B0C44298FC1C149AFBF4C8996FB92427AE41E4649B934CA495991B7852B855","0"
"coq/V70_PAIR_SWAP_026.vos","E3B0C44298FC1C149AFBF4C8996FB92427AE41E4649B934CA495991B7852B855","0"
"coq/V70_PAIR_SWAP_027.glob","E170315D70578D1871F0A09C76FFCFF255CBA936C32CFA41EBBE552CB3C2E25A","2060"
"coq/V70_PAIR_SWAP_027.v","55D9CB511E634B29D9DBCC06AE530369A715A4E121DE6D30B400F743092FE7A0","536"
"coq/V70_PAIR_SWAP_027.vo","46CB4C510A262162F3B69E99E2C862B4A1F58F926E52646BBB1F66B036F0925D","9434"
"coq/V70_PAIR_SWAP_027.vok","E3B0C44298FC1C149AFBF4C8996FB92427AE41E4649B934CA495991B7852B855","0"
"coq/V70_PAIR_SWAP_027.vos","E3B0C44298FC1C149AFBF4C8996FB92427AE41E4649B934CA495991B7852B855","0"
"coq/V70_PAIR_SWAP_028.glob","73102F5A5502A9218CFD1323B425CEBA557C0351E307C0BA81009E604A249731","2060"
"coq/V70_PAIR_SWAP_028.v","86C0BDFE3EC890A30F16CA19D962AB7DC8A7CB4D586D04E78D5399B6DF5526A7","536"
"coq/V70_PAIR_SWAP_028.vo","77EA7FF503D0180C1AEB233013DB8A2CFF830095D65E14401260AB4668DF3B9B","9434"
"coq/V70_PAIR_SWAP_028.vok","E3B0C44298FC1C149AFBF4C8996FB92427AE41E4649B934CA495991B7852B855","0"
"coq/V70_PAIR_SWAP_028.vos","E3B0C44298FC1C149AFBF4C8996FB92427AE41E4649B934CA495991B7852B855","0"
"coq/V70_PAIR_SWAP_029.glob","6C425B7CB0939BA405C7C3FC0143AA3D3B037528E86D37DD40636C2CBB18E5AB","2060"
"coq/V70_PAIR_SWAP_029.v","03506A4AC4184A2588A483BA72AEE16049BE545C876DFAFF8FCA13D6710D9CED","536"
"coq/V70_PAIR_SWAP_029.vo","53F3AD9B5EC214170AA6C9EBAFC1E8EDB19C2D696B95B3F2543D768B5DB0A7AB","9434"
"coq/V70_PAIR_SWAP_029.vok","E3B0C44298FC1C149AFBF4C8996FB92427AE41E4649B934CA495991B7852B855","0"
"coq/V70_PAIR_SWAP_029.vos","E3B0C44298FC1C149AFBF4C8996FB92427AE41E4649B934CA495991B7852B855","0"
"coq/V70_PAIR_SWAP_030.glob","94CFE685E3AAF8658404AF1B989AE58C4F1E9684060F6E56A565C7971E59B5E7","2060"
"coq/V70_PAIR_SWAP_030.v","DE6A03754FE1C782CDE885F1D7D1975C96731326EE3B3E0961493C2136E29E1E","536"
"coq/V70_PAIR_SWAP_030.vo","B34F60C313870F3710FA0F624C5F9923E27BD13F20EE4FD8AF434B54A020C8BF","9434"
"coq/V70_PAIR_SWAP_030.vok","E3B0C44298FC1C149AFBF4C8996FB92427AE41E4649B934CA495991B7852B855","0"
"coq/V70_PAIR_SWAP_030.vos","E3B0C44298FC1C149AFBF4C8996FB92427AE41E4649B934CA495991B7852B855","0"
"coq/V70_PAIR_SWAP_031.glob","F4946CDC786142F80AECAB337EE871DA23074B2761436A373DD62DF38CE36B78","2060"
"coq/V70_PAIR_SWAP_031.v","CF1FDCFE34B923EB6643CAA55D9356159FF6E4E15F6A955CF3C26AD40B76F318","536"
"coq/V70_PAIR_SWAP_031.vo","384A53A712F8F5666B3B8727DF958628C7659C0ED2C01EFCDAF0FA995B4FF16D","9434"
"coq/V70_PAIR_SWAP_031.vok","E3B0C44298FC1C149AFBF4C8996FB92427AE41E4649B934CA495991B7852B855","0"
"coq/V70_PAIR_SWAP_031.vos","E3B0C44298FC1C149AFBF4C8996FB92427AE41E4649B934CA495991B7852B855","0"
"coq/V70_PAIR_SWAP_032.glob","BB4DEFF054FD528834BCB70298398749C71EFEADF5C81CC0E3F9C30DF78864E8","2060"
"coq/V70_PAIR_SWAP_032.v","E1D39ECC1E7B684C88705D9DA4AA8E1500EB888FD822326DEB23F29BC35C7A81","536"
"coq/V70_PAIR_SWAP_032.vo","FD113C059D7D56E2358BBFA2529DE8795A0A13B78B9880ACB88F2C059A013F07","9434"
"coq/V70_PAIR_SWAP_032.vok","E3B0C44298FC1C149AFBF4C8996FB92427AE41E4649B934CA495991B7852B855","0"
"coq/V70_PAIR_SWAP_032.vos","E3B0C44298FC1C149AFBF4C8996FB92427AE41E4649B934CA495991B7852B855","0"
"coq/V70_PAIR_SWAP_033.glob","AFB7C1EA3C5A1230B0273CAA9B2C8CA45F6718915620E5287F3BD6734C856319","2060"
"coq/V70_PAIR_SWAP_033.v","C9D44AC0DA01EB38C51B364E76F68141695134DE9F97F240B073331CF73C1D13","536"
"coq/V70_PAIR_SWAP_033.vo","18C7E8CDB96F1681BD4E3C352D79D6CAAFF6E1987F717CA2DB13D906AB1B60E4","9434"
"coq/V70_PAIR_SWAP_033.vok","E3B0C44298FC1C149AFBF4C8996FB92427AE41E4649B934CA495991B7852B855","0"
"coq/V70_PAIR_SWAP_033.vos","E3B0C44298FC1C149AFBF4C8996FB92427AE41E4649B934CA495991B7852B855","0"
"coq/V70_PAIR_SWAP_034.glob","20273E7539F8D0C713B885F03F82B88BABFE42B5A0D0B0BDCB1B59575AF14816","2060"
"coq/V70_PAIR_SWAP_034.v","1902D4E38B9EEEB226D0D50A44AB76D9602E5E303D5B7C32658C544EA76563EA","536"
"coq/V70_PAIR_SWAP_034.vo","849AAB1567E463153C373CC984F3F1899AA97702076D5434ED774E166721EB39","9434"
"coq/V70_PAIR_SWAP_034.vok","E3B0C44298FC1C149AFBF4C8996FB92427AE41E4649B934CA495991B7852B855","0"
"coq/V70_PAIR_SWAP_034.vos","E3B0C44298FC1C149AFBF4C8996FB92427AE41E4649B934CA495991B7852B855","0"
"coq/V70_PAIR_SWAP_035.glob","997BDEF6371D9A3D5C3B99F9E7BD19B929094C988E8951851439CCD6DEB5E6D7","2060"
"coq/V70_PAIR_SWAP_035.v","F9F4E44F782CBB064165905398198587B7BFF48363D696446322090F076A5C45","536"
"coq/V70_PAIR_SWAP_035.vo","F9FF3021BC7A49FB0319F5931FE5D523025D7B760F278B07A0D2B1D1BADF8122","9434"
"coq/V70_PAIR_SWAP_035.vok","E3B0C44298FC1C149AFBF4C8996FB92427AE41E4649B934CA495991B7852B855","0"
"coq/V70_PAIR_SWAP_035.vos","E3B0C44298FC1C149AFBF4C8996FB92427AE41E4649B934CA495991B7852B855","0"
"coq/V70_PAIR_SWAP_036.glob","E4F246796491FE10CBF5FC60A9713709756B954E76BDBA026E67D1F6C5AC09F8","2060"
"coq/V70_PAIR_SWAP_036.v","058B2A1825DCE9BA5878EFBF0CB60FC10DC999F777A3A651AE32A90613C1CE41","536"
"coq/V70_PAIR_SWAP_036.vo","3C24AC05B6B6B8332254CB1B06BA76AD13B9EADD93201D551900BF9E6A2A9191","9434"
"coq/V70_PAIR_SWAP_036.vok","E3B0C44298FC1C149AFBF4C8996FB92427AE41E4649B934CA495991B7852B855","0"
"coq/V70_PAIR_SWAP_036.vos","E3B0C44298FC1C149AFBF4C8996FB92427AE41E4649B934CA495991B7852B855","0"
"coq/V70_PAIR_SWAP_037.glob","6ED27B6A0182716D1117F5A973844142A67B5F512F61C74D8E1D2635D0295535","2060"
"coq/V70_PAIR_SWAP_037.v","E555CE50AF344CA99A12F5FB588BA677F541B4F0475F6552C684A0EC9442A920","536"
"coq/V70_PAIR_SWAP_037.vo","DB0284FEBAE3E864C2A281FBA5FD67F003C901346F91D180E9FA71E96C405E90","9434"
"coq/V70_PAIR_SWAP_037.vok","E3B0C44298FC1C149AFBF4C8996FB92427AE41E4649B934CA495991B7852B855","0"
"coq/V70_PAIR_SWAP_037.vos","E3B0C44298FC1C149AFBF4C8996FB92427AE41E4649B934CA495991B7852B855","0"
"coq/V70_PAIR_SWAP_038.glob","95B234FB1789E320FC5F9C43ED4C22E3410AC63BCEA7B53B35308AE594884E35","2060"
"coq/V70_PAIR_SWAP_038.v","EE51C6E6AD55EF8A104B45F2CC00C6675A2EA975A5F022B40012476B9B8F517D","536"
"coq/V70_PAIR_SWAP_038.vo","77024B7118A34A5B9B802E7F4C4B9033091CCA150924C52EB8FAC586066BBB95","9434"
"coq/V70_PAIR_SWAP_038.vok","E3B0C44298FC1C149AFBF4C8996FB92427AE41E4649B934CA495991B7852B855","0"
"coq/V70_PAIR_SWAP_038.vos","E3B0C44298FC1C149AFBF4C8996FB92427AE41E4649B934CA495991B7852B855","0"
"coq/V70_PAIR_SWAP_039.glob","A395D7B46F843F45FA37A192D530517E87E88CAC6281CAC2A0F8EB8336824C28","2060"
"coq/V70_PAIR_SWAP_039.v","BD769446DC0A2887F50CCD6AAF79CD99ED66043F68B6F36EEC30E67A07717E87","536"
"coq/V70_PAIR_SWAP_039.vo","CC69ACCEFB1A8C5E469AC482E8B6965A0690A478A0A3734215548B0DDA111B40","9434"
"coq/V70_PAIR_SWAP_039.vok","E3B0C44298FC1C149AFBF4C8996FB92427AE41E4649B934CA495991B7852B855","0"
"coq/V70_PAIR_SWAP_039.vos","E3B0C44298FC1C149AFBF4C8996FB92427AE41E4649B934CA495991B7852B855","0"
"coq/V70_PAIR_SWAP_040.glob","DED583E7E8F6C7C9FEAB06C964E6E157F6AB4D8AE741E87ACB3312BBC2A50B4C","2060"
"coq/V70_PAIR_SWAP_040.v","24DA97EF558DAFA779B8337046B38AA291E73493C3C8E32CABB4B89170DB28CA","536"
"coq/V70_PAIR_SWAP_040.vo","58A9DA1611634EF6730DE6F4466E0DC5A7F8DC4C9A0E02983099C4EAF6261046","9434"
"coq/V70_PAIR_SWAP_040.vok","E3B0C44298FC1C149AFBF4C8996FB92427AE41E4649B934CA495991B7852B855","0"
"coq/V70_PAIR_SWAP_040.vos","E3B0C44298FC1C149AFBF4C8996FB92427AE41E4649B934CA495991B7852B855","0"
"coq/V70_PAIR_SWAP_041.glob","296ECE6F50A10D2707FE6CE8D0C1DE0ADD630D9A1A0F4B47411F926A3D751716","2060"
"coq/V70_PAIR_SWAP_041.v","16B9EB600745987E6A1E60A01D58BA3C1C355C8F7558EDA267300DDF4D843019","536"
"coq/V70_PAIR_SWAP_041.vo","A38905257AC4145D53C41F15565F9D8E8E16591879338E388015DA7BA0C062C2","9434"
"coq/V70_PAIR_SWAP_041.vok","E3B0C44298FC1C149AFBF4C8996FB92427AE41E4649B934CA495991B7852B855","0"
"coq/V70_PAIR_SWAP_041.vos","E3B0C44298FC1C149AFBF4C8996FB92427AE41E4649B934CA495991B7852B855","0"
"coq/V70_PAIR_SWAP_042.glob","7A656404A1A0DF41597746A416B9AA525EC97D3BB28D34D7E19A30A4E36CCC1D","2060"
"coq/V70_PAIR_SWAP_042.v","902C8C30AD73D5CCF35B305815B714E864ED11FD80E14FBDDA0C28CFFE453F8B","536"
"coq/V70_PAIR_SWAP_042.vo","BE7394EEAE3611B43CD06E93DA942773CB5C5289E61A4EC7D61C9996682F21BF","9434"
"coq/V70_PAIR_SWAP_042.vok","E3B0C44298FC1C149AFBF4C8996FB92427AE41E4649B934CA495991B7852B855","0"
"coq/V70_PAIR_SWAP_042.vos","E3B0C44298FC1C149AFBF4C8996FB92427AE41E4649B934CA495991B7852B855","0"
"coq/V70_PAIR_SWAP_043.glob","AD8B4B13E3366F745A9B23A4FD98A56C6FD3EEF9270C90CD88F9208C5DA8C03D","2060"
"coq/V70_PAIR_SWAP_043.v","AAC0977E5C5BBF872A93D2A1A1382EB139862A4BE0465696A58BB346CAA99A28","536"
"coq/V70_PAIR_SWAP_043.vo","F273608CE033121BC197373D591F5F6592516A82F9E90151C222B2558187B98A","9434"
"coq/V70_PAIR_SWAP_043.vok","E3B0C44298FC1C149AFBF4C8996FB92427AE41E4649B934CA495991B7852B855","0"
"coq/V70_PAIR_SWAP_043.vos","E3B0C44298FC1C149AFBF4C8996FB92427AE41E4649B934CA495991B7852B855","0"
"coq/V70_PAIR_SWAP_044.glob","C0200301F2D9A444884CC2BDAFDD8BB85DDCDED288C66D4F70AEA3B026FCE85B","2060"
"coq/V70_PAIR_SWAP_044.v","61612E69EE6870A921BB44C9D14218B3E6F52F7FFE5A2433F854ED46FDB84ED9","536"
"coq/V70_PAIR_SWAP_044.vo","BF3C3E4CD11B75F0E4FF4A129AE83762304C86B8051F4AF0024F59CF3F2A1606","9434"
"coq/V70_PAIR_SWAP_044.vok","E3B0C44298FC1C149AFBF4C8996FB92427AE41E4649B934CA495991B7852B855","0"
"coq/V70_PAIR_SWAP_044.vos","E3B0C44298FC1C149AFBF4C8996FB92427AE41E4649B934CA495991B7852B855","0"
"coq/V70_PAIR_SWAP_045.glob","3FE76523759AEE2987CCFEEC23B49B5B014A4094E6879273690CDC9DA908B754","2060"
"coq/V70_PAIR_SWAP_045.v","2E98FBEB79679A28B27AC8FAE08716C1F20752395E2990DEBF302948F8CFB719","536"
"coq/V70_PAIR_SWAP_045.vo","8530A8C1D7BA43963371A3112EF3AF9597C5FF98D2AA5D71DF1690C5DC3FE144","9434"
"coq/V70_PAIR_SWAP_045.vok","E3B0C44298FC1C149AFBF4C8996FB92427AE41E4649B934CA495991B7852B855","0"
"coq/V70_PAIR_SWAP_045.vos","E3B0C44298FC1C149AFBF4C8996FB92427AE41E4649B934CA495991B7852B855","0"
"coq/V70_PAIR_SWAP_046.glob","4D700E0D0911C28E36B0157E9CA5337F8FE7699EE4905C137BD48F74E3DC6037","2060"
"coq/V70_PAIR_SWAP_046.v","391B4DFB9185CC486559394DCD5B360192507CFF7D239C8DEE7DD4FF97F7A8AB","536"
"coq/V70_PAIR_SWAP_046.vo","326AC9AC64DD990C303F75C37071736A6E6707531692BA47D651D63EE2B6B701","9434"
"coq/V70_PAIR_SWAP_046.vok","E3B0C44298FC1C149AFBF4C8996FB92427AE41E4649B934CA495991B7852B855","0"
"coq/V70_PAIR_SWAP_046.vos","E3B0C44298FC1C149AFBF4C8996FB92427AE41E4649B934CA495991B7852B855","0"
"coq/V70_PAIR_SWAP_047.glob","2EFB5DFC74DC3E351E3352EF76F3D2C25CBA8DC0E388AC307ADD0702308C3B30","2060"
"coq/V70_PAIR_SWAP_047.v","2A2794EB437C9CA21B5D1EE27CEDF826004BB19A697E7C6149F4409EDBDBA87B","536"
"coq/V70_PAIR_SWAP_047.vo","D2833C4B2571C56169E32F81C40BAC720E55535018F06C77FF8FD60B5C35C982","9434"
"coq/V70_PAIR_SWAP_047.vok","E3B0C44298FC1C149AFBF4C8996FB92427AE41E4649B934CA495991B7852B855","0"
"coq/V70_PAIR_SWAP_047.vos","E3B0C44298FC1C149AFBF4C8996FB92427AE41E4649B934CA495991B7852B855","0"
"coq/V70_PAIR_SWAP_048.glob","C7EA048CA5C6E68EC7E58FEC16948857B95E86435225C2304632F67846815E5F","2060"
"coq/V70_PAIR_SWAP_048.v","BFBC51084458D8C94FFDEF8A9822FDBBE58FF2417763E63F14CA5FB02BAC82DD","536"
"coq/V70_PAIR_SWAP_048.vo","7183E745B9C645CEB3074B0ABAFC5181DC973542EB14CAC270245B325D65FB95","9434"
"coq/V70_PAIR_SWAP_048.vok","E3B0C44298FC1C149AFBF4C8996FB92427AE41E4649B934CA495991B7852B855","0"
"coq/V70_PAIR_SWAP_048.vos","E3B0C44298FC1C149AFBF4C8996FB92427AE41E4649B934CA495991B7852B855","0"
"coq/V70_PAIR_SWAP_049.glob","F320C466506D01EC38A94D9643BA42EF2C2DA13E0B148F997EC2A8071D2B75F5","2060"
"coq/V70_PAIR_SWAP_049.v","98E2E104E90FDC93EA9FBD7E1992D64879323A41150C0CC14238637BF26E2AEE","536"
"coq/V70_PAIR_SWAP_049.vo","39FA93AE4B426B8FF935438DE261E1772C09E16E13A0D6872A748A703B24A00E","9434"
"coq/V70_PAIR_SWAP_049.vok","E3B0C44298FC1C149AFBF4C8996FB92427AE41E4649B934CA495991B7852B855","0"
"coq/V70_PAIR_SWAP_049.vos","E3B0C44298FC1C149AFBF4C8996FB92427AE41E4649B934CA495991B7852B855","0"
"coq/V70_PAIR_SWAP_050.glob","69595B3C716D3967C74A8ED5939BDC663ACA8CCAA1567D31514CBAAF17AE7073","2060"
"coq/V70_PAIR_SWAP_050.v","A28518C0743AAB506FB48093AEF4D4ABB6F03BD2C745A36BE7C0E5F40553B9AE","536"
"coq/V70_PAIR_SWAP_050.vo","072672A06403900295F172FB8C18CA7DFA27F950BE7A26A3FFFC43993B108B1C","9434"
"coq/V70_PAIR_SWAP_050.vok","E3B0C44298FC1C149AFBF4C8996FB92427AE41E4649B934CA495991B7852B855","0"
"coq/V70_PAIR_SWAP_050.vos","E3B0C44298FC1C149AFBF4C8996FB92427AE41E4649B934CA495991B7852B855","0"
"coq/V70_PAIR_SWAP_051.glob","FEF43CFAD809485A9891384550B4DB8472C355471F271601963C26F5CBBB91E6","2060"
"coq/V70_PAIR_SWAP_051.v","855D024CBC1BCF0B0401AD12454E3E9B482372942D45B729BCCB414B34F667DE","536"
"coq/V70_PAIR_SWAP_051.vo","A02A71685CCB5847F095BCD7568017A24855255A39B75228F43353B7BA490FB6","9434"
"coq/V70_PAIR_SWAP_051.vok","E3B0C44298FC1C149AFBF4C8996FB92427AE41E4649B934CA495991B7852B855","0"
"coq/V70_PAIR_SWAP_051.vos","E3B0C44298FC1C149AFBF4C8996FB92427AE41E4649B934CA495991B7852B855","0"
"coq/V70_PAIR_SWAP_052.glob","091DDEAC16ACC213B200B75DD575F17B6F469D9DE9A76F243333F874A5CDB5DA","2060"
"coq/V70_PAIR_SWAP_052.v","BB130027C6D2DC799303B45DEF3598199D1D6DE24FA56814F8644C6D1161118B","536"
"coq/V70_PAIR_SWAP_052.vo","F3602A2FAE4562B4A73717D8EB426978D2A4A77474E959AE3FBFCBEE4A0CD05A","9434"
"coq/V70_PAIR_SWAP_052.vok","E3B0C44298FC1C149AFBF4C8996FB92427AE41E4649B934CA495991B7852B855","0"
"coq/V70_PAIR_SWAP_052.vos","E3B0C44298FC1C149AFBF4C8996FB92427AE41E4649B934CA495991B7852B855","0"
"coq/V70_PAIR_SWAP_053.glob","5BEABDB65AFC6BADBA29C94ADCF3431DA8552CC0DA4BB4E8B5BF8ED419C15CD4","2060"
"coq/V70_PAIR_SWAP_053.v","73114510EEF54C9DF840C5B92715C1BEC53F5A5C8DC5FAA00E845E54C2446217","536"
"coq/V70_PAIR_SWAP_053.vo","A1A0C980DE2AF694E3389FBA234A1CE219F70BBCFEC5EE95476CFC185CC64785","9434"
"coq/V70_PAIR_SWAP_053.vok","E3B0C44298FC1C149AFBF4C8996FB92427AE41E4649B934CA495991B7852B855","0"
"coq/V70_PAIR_SWAP_053.vos","E3B0C44298FC1C149AFBF4C8996FB92427AE41E4649B934CA495991B7852B855","0"
"coq/V70_PAIR_SWAP_054.glob","265028AA92551E769F8EDA3A4BCA17B0377BBE82B6D3F442152C8A2542482222","2060"
"coq/V70_PAIR_SWAP_054.v","510176CC3E89F1697D69C590DB484A033281856D1B45CC01E18303696CEBDE51","536"
"coq/V70_PAIR_SWAP_054.vo","8919D248B64F9A92F653BD0A65EEE73B07C347EC527C7D14E85DE6B06DC12E8B","9434"
"coq/V70_PAIR_SWAP_054.vok","E3B0C44298FC1C149AFBF4C8996FB92427AE41E4649B934CA495991B7852B855","0"
"coq/V70_PAIR_SWAP_054.vos","E3B0C44298FC1C149AFBF4C8996FB92427AE41E4649B934CA495991B7852B855","0"
"coq/V70_PAIR_SWAP_055.glob","101748820C4A0E9C026E58553C44BCFA9D6E4A75A4AE129ABA3398E961F6BCC9","2060"
"coq/V70_PAIR_SWAP_055.v","7CE6E05F7469551CE0F6EFEB955F312C96C76B196A8689B34BEEC9DCD6A720C9","536"
"coq/V70_PAIR_SWAP_055.vo","81C86F6026EA1901D19910EC3F0EFA001146768C1CC3C394BA82349723B038A0","9434"
"coq/V70_PAIR_SWAP_055.vok","E3B0C44298FC1C149AFBF4C8996FB92427AE41E4649B934CA495991B7852B855","0"
"coq/V70_PAIR_SWAP_055.vos","E3B0C44298FC1C149AFBF4C8996FB92427AE41E4649B934CA495991B7852B855","0"
"coq/V70_PAIR_SWAP_056.glob","74D6DB13D3709FF57DE5EAAE0F01E2D7FE80D1554DEEC7F4274E9AB46172EE8A","2060"
"coq/V70_PAIR_SWAP_056.v","9CF7B40529D21C70D0424ACC37B8770E88D4A088C3B93E8A20B41CB3A6A50B34","536"
"coq/V70_PAIR_SWAP_056.vo","5529333A1A642F949AA2AF21841E16B3E7C364C601A8A09B10306C6132298D54","9434"
"coq/V70_PAIR_SWAP_056.vok","E3B0C44298FC1C149AFBF4C8996FB92427AE41E4649B934CA495991B7852B855","0"
"coq/V70_PAIR_SWAP_056.vos","E3B0C44298FC1C149AFBF4C8996FB92427AE41E4649B934CA495991B7852B855","0"
"coq/V70_PAIR_SWAP_057.glob","D5407BA61A15C340B30210AEB5AE8AA32EE6612BB5503F9BEE9A5B68ADB6ECB4","2060"
"coq/V70_PAIR_SWAP_057.v","19DFDA960648B2CC206AE018907D2D4F29891C82BCD3D3F7C59F8E6E693D00D2","536"
"coq/V70_PAIR_SWAP_057.vo","6097D3B378CBAFC45D294144050B492D3F26FF5A8463EF4F24B14B8C16806F94","9434"
"coq/V70_PAIR_SWAP_057.vok","E3B0C44298FC1C149AFBF4C8996FB92427AE41E4649B934CA495991B7852B855","0"
"coq/V70_PAIR_SWAP_057.vos","E3B0C44298FC1C149AFBF4C8996FB92427AE41E4649B934CA495991B7852B855","0"
"coq/V70_PAIR_SWAP_058.glob","F1F3A277C7C474F377512957E94079A2D90477900268AACC68A4273767F63799","2060"
"coq/V70_PAIR_SWAP_058.v","5C3364DC82A92970B944466D8C9D249673F31E77240F47E1C62BAF37CDE53139","536"
"coq/V70_PAIR_SWAP_058.vo","7E3A4D091E27A8E7455DAB29742CBF0BC21660CB275C3C9D304BC791011EFD01","9434"
"coq/V70_PAIR_SWAP_058.vok","E3B0C44298FC1C149AFBF4C8996FB92427AE41E4649B934CA495991B7852B855","0"
"coq/V70_PAIR_SWAP_058.vos","E3B0C44298FC1C149AFBF4C8996FB92427AE41E4649B934CA495991B7852B855","0"
"coq/V70_PAIR_SWAP_059.glob","D2904E3002C375D04377E91F478AE888C58FEE4D2333CE6722C9573A8E8B0369","2060"
"coq/V70_PAIR_SWAP_059.v","DFA4DDBE18D105EE42BDCDB55485E9FFEEE6DFFFD4EA3A6DDCFD2129698CC4AD","536"
"coq/V70_PAIR_SWAP_059.vo","330D035B9601FAF6957C5018A08B9A7F18A036D40271E25DEA3C24070ABB61D5","9434"
"coq/V70_PAIR_SWAP_059.vok","E3B0C44298FC1C149AFBF4C8996FB92427AE41E4649B934CA495991B7852B855","0"
"coq/V70_PAIR_SWAP_059.vos","E3B0C44298FC1C149AFBF4C8996FB92427AE41E4649B934CA495991B7852B855","0"
"coq/V70_PAIR_SWAP_060.glob","A6A0AB4FC5DC4BD6C4AF8E2CAE8E741BC3861E6895556530BCF895E8E1328DBD","2060"
"coq/V70_PAIR_SWAP_060.v","E43B587DE005E98F159413D8A43F4E32A652DE21C8510D0CBDE3278218550730","536"
"coq/V70_PAIR_SWAP_060.vo","BAF1D6E45123D067075080F9219593ACAA8DB7DBF455BF3C06C3E66CBB6FF196","9434"
"coq/V70_PAIR_SWAP_060.vok","E3B0C44298FC1C149AFBF4C8996FB92427AE41E4649B934CA495991B7852B855","0"
"coq/V70_PAIR_SWAP_060.vos","E3B0C44298FC1C149AFBF4C8996FB92427AE41E4649B934CA495991B7852B855","0"
"coq/V70_PAIR_SWAP_061.glob","31ECB145F56E3A12E9FB7AFA202D276F931603B6E32C906ABEEACFC550068900","2060"
"coq/V70_PAIR_SWAP_061.v","E1C78288673B163E26FEEAF41BFEDB2B44EDB9CE6602F8E69C45E28D92B31C38","536"
"coq/V70_PAIR_SWAP_061.vo","26D6CC9FC203A91750BFC4B2D67127DBF155E64A53D1D84BFA74203B00AAC63A","9434"
"coq/V70_PAIR_SWAP_061.vok","E3B0C44298FC1C149AFBF4C8996FB92427AE41E4649B934CA495991B7852B855","0"
"coq/V70_PAIR_SWAP_061.vos","E3B0C44298FC1C149AFBF4C8996FB92427AE41E4649B934CA495991B7852B855","0"
"coq/V70_PAIR_SWAP_062.glob","0F2917BAADDDB52592381BEB349066F7F2F62594CFD0456F188353A8E420E27D","2060"
"coq/V70_PAIR_SWAP_062.v","2C3392F02AE48080B648435BCBD667787204422058A69EDF54CBEF3496F87969","536"
"coq/V70_PAIR_SWAP_062.vo","6E4CB9C1737A9E547AFFEC6DE18F78EE1007B3B255D497F108D5A1C59A116AF1","9434"
"coq/V70_PAIR_SWAP_062.vok","E3B0C44298FC1C149AFBF4C8996FB92427AE41E4649B934CA495991B7852B855","0"
"coq/V70_PAIR_SWAP_062.vos","E3B0C44298FC1C149AFBF4C8996FB92427AE41E4649B934CA495991B7852B855","0"
"coq/V70_PAIR_SWAP_063.glob","7DF27997FFBF7BC781DE2481BBFC471CD3B993C2218E75962E21EB0EE3544DD8","2060"
"coq/V70_PAIR_SWAP_063.v","D51E66B65E3DAE96F9445AACC72610CA9D5B6C5243809C5F2EA2A6DD49FBAC83","536"
"coq/V70_PAIR_SWAP_063.vo","C55E5C19C7440710BF114145D6FD0075CB15E4286AA52940D38E4DB54C79448F","9434"
"coq/V70_PAIR_SWAP_063.vok","E3B0C44298FC1C149AFBF4C8996FB92427AE41E4649B934CA495991B7852B855","0"
"coq/V70_PAIR_SWAP_063.vos","E3B0C44298FC1C149AFBF4C8996FB92427AE41E4649B934CA495991B7852B855","0"
"coq/V70_PAIR_SWAP_064.glob","5F3E2661B22F9B7F49B96A43247BEDC61A27EC19823EAF0EEEE9C6B3B8EC4C09","2060"
"coq/V70_PAIR_SWAP_064.v","28647898293E260CC83852692457D9C922A1FA8BF2A8CAED91D3072E977A707C","536"
"coq/V70_PAIR_SWAP_064.vo","44CD66FDE3B33CFD6A855716CA2DC709D813B86F0CFA370A3E5AAF788392EBD6","9434"
"coq/V70_PAIR_SWAP_064.vok","E3B0C44298FC1C149AFBF4C8996FB92427AE41E4649B934CA495991B7852B855","0"
"coq/V70_PAIR_SWAP_064.vos","E3B0C44298FC1C149AFBF4C8996FB92427AE41E4649B934CA495991B7852B855","0"
"coq/V70_PAIR_SWAP_065.glob","27DC12F0EED13AFE5848AC2C081DDD80209DA031220E74C9D564278126E8AD71","2060"
"coq/V70_PAIR_SWAP_065.v","2C63694E07BFC0ED0345D67B3C84D104149C39D4860DB61F2537B1CF94C7F880","536"
"coq/V70_PAIR_SWAP_065.vo","76F6F3DCCCB80FECB3DEEC887F4CB9D2FE0FDC3FD731B88D5C5456CDCA595977","9434"
"coq/V70_PAIR_SWAP_065.vok","E3B0C44298FC1C149AFBF4C8996FB92427AE41E4649B934CA495991B7852B855","0"
"coq/V70_PAIR_SWAP_065.vos","E3B0C44298FC1C149AFBF4C8996FB92427AE41E4649B934CA495991B7852B855","0"
"coq/V70_PAIR_SWAP_066.glob","E7D66CBE6FE4C1AA7D4C1D548AE4BE917EFBF164D17308E5E840B1C47674B504","2060"
"coq/V70_PAIR_SWAP_066.v","7397052E5C566D7EC04F42C04AA38DE75AA73D28EBF45A3C5BA2D4E28699307B","536"
"coq/V70_PAIR_SWAP_066.vo","695CD198D86F85469E12FB9EA6DFAE911CEFE8416F1FCFCC34365AD190727337","9434"
"coq/V70_PAIR_SWAP_066.vok","E3B0C44298FC1C149AFBF4C8996FB92427AE41E4649B934CA495991B7852B855","0"
"coq/V70_PAIR_SWAP_066.vos","E3B0C44298FC1C149AFBF4C8996FB92427AE41E4649B934CA495991B7852B855","0"
"coq/V70_PAIR_SWAP_067.glob","78EC40AE2E45899DDD1BD43259CD70D993DDC2B9947F9161700C2FD20108BBE9","2060"
"coq/V70_PAIR_SWAP_067.v","4EF9B3B9917905F0B66B04EA2089941FBF9EA54E4309FBAC7756C6891338B26E","536"
"coq/V70_PAIR_SWAP_067.vo","B25001CA48D5A5CCA5C7D4964B4FF4C43B7E75C405866274B66CDCBEAE62E6B8","9434"
"coq/V70_PAIR_SWAP_067.vok","E3B0C44298FC1C149AFBF4C8996FB92427AE41E4649B934CA495991B7852B855","0"
"coq/V70_PAIR_SWAP_067.vos","E3B0C44298FC1C149AFBF4C8996FB92427AE41E4649B934CA495991B7852B855","0"
"coq/V70_PAIR_SWAP_068.glob","7AFB7F999B1BFEE3BA587F6FA9B2E3B627BF159E8238FF6B669DC59ACEAEB645","2060"
"coq/V70_PAIR_SWAP_068.v","BDFC3A7A4BEAEEADB54BB573571C8B56A46ADB6BEBC36FC0FDF50DCF25EF6876","536"
"coq/V70_PAIR_SWAP_068.vo","54B93A1A72EDB6307A15A962C92CF35C3146C19B7F5E6CBEBF6EA6E25B3FD56C","9434"
"coq/V70_PAIR_SWAP_068.vok","E3B0C44298FC1C149AFBF4C8996FB92427AE41E4649B934CA495991B7852B855","0"
"coq/V70_PAIR_SWAP_068.vos","E3B0C44298FC1C149AFBF4C8996FB92427AE41E4649B934CA495991B7852B855","0"
"coq/V70_PAIR_SWAP_069.glob","C35A9E767A925611D7FFBAE129B19D4766B5F82938042B9FD8709AF682ABDF39","2060"
"coq/V70_PAIR_SWAP_069.v","48610DF52B454AD037213F46FC7984D377EC33D047DE4197D5BAA59D2558982C","536"
"coq/V70_PAIR_SWAP_069.vo","B0A83247D9D7CF0F441AFE70CB909DEC9CC5ECC496028F25CAD754A19AF29087","9434"
"coq/V70_PAIR_SWAP_069.vok","E3B0C44298FC1C149AFBF4C8996FB92427AE41E4649B934CA495991B7852B855","0"
"coq/V70_PAIR_SWAP_069.vos","E3B0C44298FC1C149AFBF4C8996FB92427AE41E4649B934CA495991B7852B855","0"
"coq/V70_PAIR_SWAP_070.glob","38984BAD61A04F62B61BF9F3BD7419BC3CD1C76140AD64329CB7189E502CA1E4","2060"
"coq/V70_PAIR_SWAP_070.v","81E5B1D25CC10F8C9AEFC3DF9674ED2445EE0C16DA08815C6A4D6E53F03A6833","536"
"coq/V70_PAIR_SWAP_070.vo","A17195B5F659AB6934D3937A3696F5667DE9424EF87521C1EDB53EFD93B98BD4","9434"
"coq/V70_PAIR_SWAP_070.vok","E3B0C44298FC1C149AFBF4C8996FB92427AE41E4649B934CA495991B7852B855","0"
"coq/V70_PAIR_SWAP_070.vos","E3B0C44298FC1C149AFBF4C8996FB92427AE41E4649B934CA495991B7852B855","0"
"coq/V70_PAIR_SWAP_071.glob","571E728F80B24B03A4AF5B09891BC55F739B0ABB602275E5A5A16307135958E0","2060"
"coq/V70_PAIR_SWAP_071.v","B921CA185EE7A4399EBA893C0C15B5FF2D6564768F03977BC3A53BFB3111AA1A","536"
"coq/V70_PAIR_SWAP_071.vo","FC09EAB2620A0842A4B9D833D7C88651A2543479927EB7659D82ADFEE7C59CF7","9434"
"coq/V70_PAIR_SWAP_071.vok","E3B0C44298FC1C149AFBF4C8996FB92427AE41E4649B934CA495991B7852B855","0"
"coq/V70_PAIR_SWAP_071.vos","E3B0C44298FC1C149AFBF4C8996FB92427AE41E4649B934CA495991B7852B855","0"
"coq/V70_PAIR_SWAP_072.glob","EF4C81DAABBB6855B0FA1C9EB597016CEDFCE601F6C05BAD6483D85CBCA25B36","2060"
"coq/V70_PAIR_SWAP_072.v","F8DD28DF338F6A881AB6A904E76B3E7557918A00B1521BC4C84BFF36E34722B5","536"
"coq/V70_PAIR_SWAP_072.vo","87AB9631045500E36CA09C574E211A967DDA6565F873D3CA12AF39A1A517A6F8","9434"
"coq/V70_PAIR_SWAP_072.vok","E3B0C44298FC1C149AFBF4C8996FB92427AE41E4649B934CA495991B7852B855","0"
"coq/V70_PAIR_SWAP_072.vos","E3B0C44298FC1C149AFBF4C8996FB92427AE41E4649B934CA495991B7852B855","0"
"coq/V70_PAIR_SWAP_073.glob","24F7A6D4C5EBAD4B58579C80D30257AF1AA3822BD3EDBDEFAC767178207B68B7","2060"
"coq/V70_PAIR_SWAP_073.v","F4FD2608A2C5614EA81E3C24C980AD360C313FA911FBCAAE5B94A4A7AA5D72E8","536"
"coq/V70_PAIR_SWAP_073.vo","3C4331B1A10174AC257B8C265F1D1DBCB27AF315958CAFCE5C599CD1FBE777F7","9434"
"coq/V70_PAIR_SWAP_073.vok","E3B0C44298FC1C149AFBF4C8996FB92427AE41E4649B934CA495991B7852B855","0"
"coq/V70_PAIR_SWAP_073.vos","E3B0C44298FC1C149AFBF4C8996FB92427AE41E4649B934CA495991B7852B855","0"
"coq/V70_PAIR_SWAP_074.glob","5E7E09FC48F4CDAC2BEE0CC2D3AF958A97577F811C336A8CD51E7E595A966DE2","2060"
"coq/V70_PAIR_SWAP_074.v","D14A35D729ED76655227FB515275140B2DAD0680DDA56A6B548AB985E350F518","536"
"coq/V70_PAIR_SWAP_074.vo","77C033FA21A946113EC22534B7BBA72D9EE4B03FE057A6001CEC729E283C6369","9434"
"coq/V70_PAIR_SWAP_074.vok","E3B0C44298FC1C149AFBF4C8996FB92427AE41E4649B934CA495991B7852B855","0"
"coq/V70_PAIR_SWAP_074.vos","E3B0C44298FC1C149AFBF4C8996FB92427AE41E4649B934CA495991B7852B855","0"
"coq/V70_PAIR_SWAP_075.glob","DF8E6EF171A71733FDEAC74C19281138013A2A948B7117F078AD12121184047B","2060"
"coq/V70_PAIR_SWAP_075.v","88EFBBF608BD392B8B9BD20FFF0D2BFE428FE23A540FF21991031DC64815C1F6","536"
"coq/V70_PAIR_SWAP_075.vo","4DEB8E8DEFF6A7221F56CEBD39EF6A2754C1CE6B27F56E32A2DC7C12A948859E","9434"
"coq/V70_PAIR_SWAP_075.vok","E3B0C44298FC1C149AFBF4C8996FB92427AE41E4649B934CA495991B7852B855","0"
"coq/V70_PAIR_SWAP_075.vos","E3B0C44298FC1C149AFBF4C8996FB92427AE41E4649B934CA495991B7852B855","0"
"coq/V70_PAIR_SWAP_076.glob","A08C65F5ED192E151DB04EB8619D07D60BE2792CB901F31E55E7D0A1029C8BD1","2060"
"coq/V70_PAIR_SWAP_076.v","EBAB17191AFBA2699E7BA318F906AB18C256F9D91E1B62D50239AC619D7A87EB","536"
"coq/V70_PAIR_SWAP_076.vo","AABEBEE8D80408FBC66A55D54E9B709F6E4991A50AA29A24707BAD90F827E45C","9434"
"coq/V70_PAIR_SWAP_076.vok","E3B0C44298FC1C149AFBF4C8996FB92427AE41E4649B934CA495991B7852B855","0"
"coq/V70_PAIR_SWAP_076.vos","E3B0C44298FC1C149AFBF4C8996FB92427AE41E4649B934CA495991B7852B855","0"
"coq/V70_PAIR_SWAP_077.glob","F1F92DA3EE49782075EFA603DA44175ABCA0C4EC10384D9CAEEC34994422827E","2060"
"coq/V70_PAIR_SWAP_077.v","DFFA047F8585C7FDD12BAD3787DE1E5E551E461CAF7A6BEF7626A8ACF3B72CE0","536"
"coq/V70_PAIR_SWAP_077.vo","E3D9C4815FDE50D12E729F65B35E7D1DBD2D923C04715AC9F9F5A0E6B0508483","9434"
"coq/V70_PAIR_SWAP_077.vok","E3B0C44298FC1C149AFBF4C8996FB92427AE41E4649B934CA495991B7852B855","0"
"coq/V70_PAIR_SWAP_077.vos","E3B0C44298FC1C149AFBF4C8996FB92427AE41E4649B934CA495991B7852B855","0"
"coq/V70_PAIR_SWAP_078.glob","0CD25756E26D78A94403FEBF8E18DF80A9C8075C7123697F1D1ACF1B823FD9EB","2060"
"coq/V70_PAIR_SWAP_078.v","D0FDF5BC21DBFE6C037C2B0DA5E47B051004ADB4DA1DF04B3933D9E0C0592035","536"
"coq/V70_PAIR_SWAP_078.vo","2C3462049B8C784BC7BF824FECF30C01B7CE4ADAE226ADAE4741ECD5BBE9EEA4","9434"
"coq/V70_PAIR_SWAP_078.vok","E3B0C44298FC1C149AFBF4C8996FB92427AE41E4649B934CA495991B7852B855","0"
"coq/V70_PAIR_SWAP_078.vos","E3B0C44298FC1C149AFBF4C8996FB92427AE41E4649B934CA495991B7852B855","0"
"coq/V70_PAIR_SWAP_079.glob","997190A69BF21715BCBB1700CD150A318F4483D3A12E99CD4E1D01E4787BE716","2060"
"coq/V70_PAIR_SWAP_079.v","08A11B60F1E54D539360660EAC953C8500B7BD1DF703B721931B3ED94911EA9C","536"
"coq/V70_PAIR_SWAP_079.vo","9D79B6611726BDD8CFB54714C2044A46D3A53626B37135F12D72DC82A1780F10","9434"
"coq/V70_PAIR_SWAP_079.vok","E3B0C44298FC1C149AFBF4C8996FB92427AE41E4649B934CA495991B7852B855","0"
"coq/V70_PAIR_SWAP_079.vos","E3B0C44298FC1C149AFBF4C8996FB92427AE41E4649B934CA495991B7852B855","0"
"coq/V70_PAIR_SWAP_080.glob","BA4195362B105082C6AF543F27A8EA6BEBA285975F4A1C837D39E18D178B3169","2060"
"coq/V70_PAIR_SWAP_080.v","6AAB8E27BB634A0A31C347C1A5B1F252742055273E6DF3BFABE52AEFD060F24B","536"
"coq/V70_PAIR_SWAP_080.vo","E20FD2FC5BE887CA7E7E272AD80AF07BCEEF89A0D9F1BAD3D813F00298B8C91B","9434"
"coq/V70_PAIR_SWAP_080.vok","E3B0C44298FC1C149AFBF4C8996FB92427AE41E4649B934CA495991B7852B855","0"
"coq/V70_PAIR_SWAP_080.vos","E3B0C44298FC1C149AFBF4C8996FB92427AE41E4649B934CA495991B7852B855","0"
"coq/V70_RECORD_TUPLE_001.glob","C74B1F85F335D0C65FF612CEE5E31AA5C673AEE51CCB1EE6C0D42D92657E12DA","2915"
"coq/V70_RECORD_TUPLE_001.v","F254182AD590EF0257FE977E970B0B9120EC37A6AC7A9C988B56D29E1B90BB90","715"
"coq/V70_RECORD_TUPLE_001.vo","E1A6C0690B5B984DD000F4679AE6B2314BD63FB021A6923027445DE1D3E01115","10642"
"coq/V70_RECORD_TUPLE_001.vok","E3B0C44298FC1C149AFBF4C8996FB92427AE41E4649B934CA495991B7852B855","0"
"coq/V70_RECORD_TUPLE_001.vos","E3B0C44298FC1C149AFBF4C8996FB92427AE41E4649B934CA495991B7852B855","0"
"coq/V70_RECORD_TUPLE_002.glob","85BEE5524A30C30A7F798D6A3E85424938A9B0BEA0EA39BDEFC35ECD170C75C8","2915"
"coq/V70_RECORD_TUPLE_002.v","972350B3FEB7DC6B65A5D3A147BFF75CF60B482BE989EDD65BA54BE325025F4C","715"
"coq/V70_RECORD_TUPLE_002.vo","76B99A7275262B0C2107659AE057D71559421C3893E3C2EF965B089122FA5BAB","10642"
"coq/V70_RECORD_TUPLE_002.vok","E3B0C44298FC1C149AFBF4C8996FB92427AE41E4649B934CA495991B7852B855","0"
"coq/V70_RECORD_TUPLE_002.vos","E3B0C44298FC1C149AFBF4C8996FB92427AE41E4649B934CA495991B7852B855","0"
"coq/V70_RECORD_TUPLE_003.glob","24A66EDC17E0C0FF44DB22C128AD6E80FBA7C66DC4D0472E7483359EB817A834","2915"
"coq/V70_RECORD_TUPLE_003.v","C789E66046D1951E61271A1B8C6B2089F116824839E495224EC2E9D58C6F4D77","715"
"coq/V70_RECORD_TUPLE_003.vo","E4DB1B0D8C75AAAF90076EC74AD5D5C1BCB378837BDE13CEFDE54665A665EA0A","10642"
"coq/V70_RECORD_TUPLE_003.vok","E3B0C44298FC1C149AFBF4C8996FB92427AE41E4649B934CA495991B7852B855","0"
"coq/V70_RECORD_TUPLE_003.vos","E3B0C44298FC1C149AFBF4C8996FB92427AE41E4649B934CA495991B7852B855","0"
"coq/V70_RECORD_TUPLE_004.glob","E85E66EEF7CF0FE68F07E53EA617D06B26230EE97D89F308483BE4F926F0F419","2915"
"coq/V70_RECORD_TUPLE_004.v","24DD290BC7762947D4148F73711D84765F487858D881ABFEBFD5AA59CECD2CD7","715"
"coq/V70_RECORD_TUPLE_004.vo","B3FF91C913E80CB87D7A41FD4E8D08E32E60DD04190512C86B2EBC19C08DA34E","10642"
"coq/V70_RECORD_TUPLE_004.vok","E3B0C44298FC1C149AFBF4C8996FB92427AE41E4649B934CA495991B7852B855","0"
"coq/V70_RECORD_TUPLE_004.vos","E3B0C44298FC1C149AFBF4C8996FB92427AE41E4649B934CA495991B7852B855","0"
"coq/V70_RECORD_TUPLE_005.glob","2F043989C7E4DA0A3AC91BD41767E833A5F795894E59474631381121400E2097","2915"
"coq/V70_RECORD_TUPLE_005.v","08B72AB2FA1D716A528958A8C814F6FF187A0FA9ECADE004BAEE47C26686B873","715"
"coq/V70_RECORD_TUPLE_005.vo","12201D9E84EEA0344364DA3CB372E9A5DD715D6F4E1E41E19C094CDB50FC6248","10642"
"coq/V70_RECORD_TUPLE_005.vok","E3B0C44298FC1C149AFBF4C8996FB92427AE41E4649B934CA495991B7852B855","0"
"coq/V70_RECORD_TUPLE_005.vos","E3B0C44298FC1C149AFBF4C8996FB92427AE41E4649B934CA495991B7852B855","0"
"coq/V70_RECORD_TUPLE_006.glob","C0F55B014E5612605FFEE7B1DFEA250F957524A0B48DB8E76C6E97AAFEBC8A5D","2915"
"coq/V70_RECORD_TUPLE_006.v","501A9ABF7AACEC2B7361AC0E2C24B2E0BBB523326C98A6EBAD33788827F2A974","715"
"coq/V70_RECORD_TUPLE_006.vo","7338E63BFF4D4F0FB3A9935C610CCC40AEB95A42A13FCC4A7EBC1BC099A1A7F4","10642"
"coq/V70_RECORD_TUPLE_006.vok","E3B0C44298FC1C149AFBF4C8996FB92427AE41E4649B934CA495991B7852B855","0"
"coq/V70_RECORD_TUPLE_006.vos","E3B0C44298FC1C149AFBF4C8996FB92427AE41E4649B934CA495991B7852B855","0"
"coq/V70_RECORD_TUPLE_007.glob","8EFFA1CA1F59E4E20624FEFC79F95A8BD9F6E54529CDA929A321BDFC1888534C","2915"
"coq/V70_RECORD_TUPLE_007.v","D5F94D3BC2EBF5F0105CDAE509F8A8797289CB1FF26642D2A0234098CC54B8C0","715"
"coq/V70_RECORD_TUPLE_007.vo","EFA6CA18A7EE28BACB0EE7EEC5CCB64D2E76C0EEB13A90C261B00061AAA1D1E4","10642"
"coq/V70_RECORD_TUPLE_007.vok","E3B0C44298FC1C149AFBF4C8996FB92427AE41E4649B934CA495991B7852B855","0"
"coq/V70_RECORD_TUPLE_007.vos","E3B0C44298FC1C149AFBF4C8996FB92427AE41E4649B934CA495991B7852B855","0"
"coq/V70_RECORD_TUPLE_008.glob","F13476FFE52F59421CCD577B5B5FD1ACC9751110CF2204DB002BC5F7F4483193","2915"
"coq/V70_RECORD_TUPLE_008.v","754D6B9E9B5BA29280431DAFCACB9B7C3701C8D58097C1A748238C10D9282F70","715"
"coq/V70_RECORD_TUPLE_008.vo","80D4FE787A373DE0FF321B87AE7B6D50F14BF58F8D7E29AA67B423D3FFA2987D","10642"
"coq/V70_RECORD_TUPLE_008.vok","E3B0C44298FC1C149AFBF4C8996FB92427AE41E4649B934CA495991B7852B855","0"
"coq/V70_RECORD_TUPLE_008.vos","E3B0C44298FC1C149AFBF4C8996FB92427AE41E4649B934CA495991B7852B855","0"
"coq/V70_RECORD_TUPLE_009.glob","4BA04CB7858A623A52A86C5E246FCB97921203EBD02BDC8E8706D9F805B844F3","2915"
"coq/V70_RECORD_TUPLE_009.v","D84BB5BD1B0E895F7E1EB8BAB710B4E41D31EC1CB52BAA3CF73BC1C878DFD8A3","715"
"coq/V70_RECORD_TUPLE_009.vo","C96BB35B4AEEC69AAA90FCA67508885865A9B28486FCB9CC6390B6A745141528","10644"
"coq/V70_RECORD_TUPLE_009.vok","E3B0C44298FC1C149AFBF4C8996FB92427AE41E4649B934CA495991B7852B855","0"
"coq/V70_RECORD_TUPLE_009.vos","E3B0C44298FC1C149AFBF4C8996FB92427AE41E4649B934CA495991B7852B855","0"
"coq/V70_RECORD_TUPLE_010.glob","B5014F09E0C693FE23F1FB9061A59123F1DC11FC608471F871C57F03414AF3DB","2936"
"coq/V70_RECORD_TUPLE_010.v","BD0976A018E1AB0E59F4BC8A20A0A9B1F8B2A4250F4ECB0C429ADC4C2FC495B5","733"
"coq/V70_RECORD_TUPLE_010.vo","2D9D26ED8E873A70277385621E869434F950231B0A2BA26DA4B49EC379F801D7","10657"
"coq/V70_RECORD_TUPLE_010.vok","E3B0C44298FC1C149AFBF4C8996FB92427AE41E4649B934CA495991B7852B855","0"
"coq/V70_RECORD_TUPLE_010.vos","E3B0C44298FC1C149AFBF4C8996FB92427AE41E4649B934CA495991B7852B855","0"
"coq/V70_RECORD_TUPLE_011.glob","FD38C96ED62453E29D3CEAB8B928D1EBED331E5393FC91E98458A7E5DA951AFF","2936"
"coq/V70_RECORD_TUPLE_011.v","70E59FEC3E12CC5E9E9A39F8321E23EA457AF3CA7EC55B1024E1C95A380790C9","733"
"coq/V70_RECORD_TUPLE_011.vo","F5446EAD8574B61C8B102A75088AC34CC702B9A3911C9478986FD26549BC0EE5","10657"
"coq/V70_RECORD_TUPLE_011.vok","E3B0C44298FC1C149AFBF4C8996FB92427AE41E4649B934CA495991B7852B855","0"
"coq/V70_RECORD_TUPLE_011.vos","E3B0C44298FC1C149AFBF4C8996FB92427AE41E4649B934CA495991B7852B855","0"
"coq/V70_RECORD_TUPLE_012.glob","FF31CC6FE2F2B1295FFAC9A16E313C6459966BFA165319BCDBED7AD8C4BBD7E5","2936"
"coq/V70_RECORD_TUPLE_012.v","FD0D7D0FD3B56430D37915A31FA9E1AB085E49E7D88BDC282565E7E300633C29","733"
"coq/V70_RECORD_TUPLE_012.vo","201980127CCFFAC1CED73F0F447AC569D5F21B28235E76094370CEBAFEFC373D","10657"
"coq/V70_RECORD_TUPLE_012.vok","E3B0C44298FC1C149AFBF4C8996FB92427AE41E4649B934CA495991B7852B855","0"
"coq/V70_RECORD_TUPLE_012.vos","E3B0C44298FC1C149AFBF4C8996FB92427AE41E4649B934CA495991B7852B855","0"
"coq/V70_RECORD_TUPLE_013.glob","AA4B68A326D830CC1FA4F1BF10D812F9E4300075E8F28D7F50E5524E13C945A5","2936"
"coq/V70_RECORD_TUPLE_013.v","E804379721A2665C8DA53DDEEBC5089E012C62D23723127F554A21FC62362F3F","733"
"coq/V70_RECORD_TUPLE_013.vo","DC88B81EB89966E6ECBF984AC522218930AEADA827657D97AD170451D0D512DF","10657"
"coq/V70_RECORD_TUPLE_013.vok","E3B0C44298FC1C149AFBF4C8996FB92427AE41E4649B934CA495991B7852B855","0"
"coq/V70_RECORD_TUPLE_013.vos","E3B0C44298FC1C149AFBF4C8996FB92427AE41E4649B934CA495991B7852B855","0"
"coq/V70_RECORD_TUPLE_014.glob","529097F16F46502FC9BF2AB64C0C786297993C6F94EECE0952C3F49416FFB5B3","2936"
"coq/V70_RECORD_TUPLE_014.v","48D9C75305663A583996070A6ABA2C4CB90A0F913F1BD63FB4167904CD88EF58","733"
"coq/V70_RECORD_TUPLE_014.vo","72A85CB6340343F13340E25F9FF49BF18FA95FB97135CBE0EE72434C2351865B","10657"
"coq/V70_RECORD_TUPLE_014.vok","E3B0C44298FC1C149AFBF4C8996FB92427AE41E4649B934CA495991B7852B855","0"
"coq/V70_RECORD_TUPLE_014.vos","E3B0C44298FC1C149AFBF4C8996FB92427AE41E4649B934CA495991B7852B855","0"
"coq/V70_RECORD_TUPLE_015.glob","15CA9ED595CD162DD708945A29E62FA45D15A8098B6DC84530B8E1A78F84D27B","2936"
"coq/V70_RECORD_TUPLE_015.v","F40CB6952C337FF13BF7C400CCFC1A5E7DC3D54CA0B6A9C26BF4C4A723809B5E","733"
"coq/V70_RECORD_TUPLE_015.vo","CA1D3340A7E764601C8743A04AE7D3B6C0D1397FB511691BAB26C97CB8BCC26E","10657"
"coq/V70_RECORD_TUPLE_015.vok","E3B0C44298FC1C149AFBF4C8996FB92427AE41E4649B934CA495991B7852B855","0"
"coq/V70_RECORD_TUPLE_015.vos","E3B0C44298FC1C149AFBF4C8996FB92427AE41E4649B934CA495991B7852B855","0"
"coq/V70_RECORD_TUPLE_016.glob","031C96D243792D68286B5C0C36E93A86D666570CBAF2654D844523448A75A0CF","2936"
"coq/V70_RECORD_TUPLE_016.v","42BBAC73E6BFE951F41A7133424D5B4B36BB174C6768DD3D06825B1BA71FD648","733"
"coq/V70_RECORD_TUPLE_016.vo","CD09BFD11DE731F4732575F796C46006654137FA7D504DD8F261C802A3045467","10657"
"coq/V70_RECORD_TUPLE_016.vok","E3B0C44298FC1C149AFBF4C8996FB92427AE41E4649B934CA495991B7852B855","0"
"coq/V70_RECORD_TUPLE_016.vos","E3B0C44298FC1C149AFBF4C8996FB92427AE41E4649B934CA495991B7852B855","0"
"coq/V70_RECORD_TUPLE_017.glob","2E9FFE81393A4C73B82F41C81B83956B642F896AC568567B9B5D089402D9E787","2936"
"coq/V70_RECORD_TUPLE_017.v","B87A33D868B7385E7ED2126AF8982965568584C0BD7093F473FD966317F48DA0","733"
"coq/V70_RECORD_TUPLE_017.vo","3BC68695F0B6AE5AE6EC7A7BA6C3792BBE235B029B6476F641122F37D30605AB","10657"
"coq/V70_RECORD_TUPLE_017.vok","E3B0C44298FC1C149AFBF4C8996FB92427AE41E4649B934CA495991B7852B855","0"
"coq/V70_RECORD_TUPLE_017.vos","E3B0C44298FC1C149AFBF4C8996FB92427AE41E4649B934CA495991B7852B855","0"
"coq/V70_RECORD_TUPLE_018.glob","4AA7211CB28EB8F26EDFFF64AC2723251DB80C44583A32EE65D0F24B601D1273","2936"
"coq/V70_RECORD_TUPLE_018.v","9DAAF9970F7CE469F12F210B507DFC21B4E2F04F7DD19EAB4CDCF1A09C93B6FF","733"
"coq/V70_RECORD_TUPLE_018.vo","ACEC344451C589307E3354D5863870EAFBD8454339E7821C01E410910623FD03","10657"
"coq/V70_RECORD_TUPLE_018.vok","E3B0C44298FC1C149AFBF4C8996FB92427AE41E4649B934CA495991B7852B855","0"
"coq/V70_RECORD_TUPLE_018.vos","E3B0C44298FC1C149AFBF4C8996FB92427AE41E4649B934CA495991B7852B855","0"
"coq/V70_RECORD_TUPLE_019.glob","A51735450D4E98C681B5AA1586D02C1C88A1DFA123F5AA3228FF24F48F88C8ED","2936"
"coq/V70_RECORD_TUPLE_019.v","F3C98E53D48B5F90FBD366F3A81B658CF2619A23F7AFE9534EE92081B061384E","733"
"coq/V70_RECORD_TUPLE_019.vo","EDE4009625B7DD5ABA444DD6871F85A4757D845D9521EE3E4F9E658316EC1DC6","10657"
"coq/V70_RECORD_TUPLE_019.vok","E3B0C44298FC1C149AFBF4C8996FB92427AE41E4649B934CA495991B7852B855","0"
"coq/V70_RECORD_TUPLE_019.vos","E3B0C44298FC1C149AFBF4C8996FB92427AE41E4649B934CA495991B7852B855","0"
"coq/V70_RECORD_TUPLE_020.glob","3B677C2F6B2FFBC63DCC4A2E9602C4287FDA5393B9D3ADB1540005CEF7D037EF","2936"
"coq/V70_RECORD_TUPLE_020.v","3D9AEF28610A0E15CA26F961091AD83552B3D7BD0F2A17E75EED7EE6B677AF11","733"
"coq/V70_RECORD_TUPLE_020.vo","2B881DB7245BFA2707A537D229ADD5E20E3F9BF569B9627A75571D27DC2AFF42","10657"
"coq/V70_RECORD_TUPLE_020.vok","E3B0C44298FC1C149AFBF4C8996FB92427AE41E4649B934CA495991B7852B855","0"
"coq/V70_RECORD_TUPLE_020.vos","E3B0C44298FC1C149AFBF4C8996FB92427AE41E4649B934CA495991B7852B855","0"
"coq/V70_RECORD_TUPLE_021.glob","04702FFB55D7232C940E3439E9B2E8F6E3A26B2EE0C7DE3AAFF66F84CF35ECC3","2936"
"coq/V70_RECORD_TUPLE_021.v","0C788186D8E9057998389233255AF332F8ACEAEBBA892F4442FF6F6461F35DB3","733"
"coq/V70_RECORD_TUPLE_021.vo","4394D0288F22A92F04F2509E90014EDE919719F63E3F1ACCEE1E4838D2E460B9","10657"
"coq/V70_RECORD_TUPLE_021.vok","E3B0C44298FC1C149AFBF4C8996FB92427AE41E4649B934CA495991B7852B855","0"
"coq/V70_RECORD_TUPLE_021.vos","E3B0C44298FC1C149AFBF4C8996FB92427AE41E4649B934CA495991B7852B855","0"
"coq/V70_RECORD_TUPLE_022.glob","BAE4F6674D8800B3CC27C2A04A31FC9015066F5775C7D50475C3E12C04081460","2936"
"coq/V70_RECORD_TUPLE_022.v","0F2909200933F75585A81E8D1A5D4BFCBE38E041E28F467ADD608EA93E0E0686","733"
"coq/V70_RECORD_TUPLE_022.vo","38DD92FFD59AAED7F036C03D5B7720FD36CBAEA7A23F65DE91347BC3CC4B3D60","10657"
"coq/V70_RECORD_TUPLE_022.vok","E3B0C44298FC1C149AFBF4C8996FB92427AE41E4649B934CA495991B7852B855","0"
"coq/V70_RECORD_TUPLE_022.vos","E3B0C44298FC1C149AFBF4C8996FB92427AE41E4649B934CA495991B7852B855","0"
"coq/V70_RECORD_TUPLE_023.glob","856883BD37DB92D741547D4ED4DCD53671E07655DFE18C91BDA75A1A6251FE99","2936"
"coq/V70_RECORD_TUPLE_023.v","718EA2D77A8656F36B9A4799D646CA6F7A1174D81613D487C7FE6A3EB7F5436B","733"
"coq/V70_RECORD_TUPLE_023.vo","4091400FC67082F08CAF836FD012F4F98750E170E3981C900730116F468B7901","10657"
"coq/V70_RECORD_TUPLE_023.vok","E3B0C44298FC1C149AFBF4C8996FB92427AE41E4649B934CA495991B7852B855","0"
"coq/V70_RECORD_TUPLE_023.vos","E3B0C44298FC1C149AFBF4C8996FB92427AE41E4649B934CA495991B7852B855","0"
"coq/V70_RECORD_TUPLE_024.glob","26AD172AC76AED1C7DD5F4E624B7EA240F3A4AE1A681F83C9114486CA943C610","2936"
"coq/V70_RECORD_TUPLE_024.v","40E4837A9FDEECD9657875115BDD79FD64832D772B9B1DD11C72EC3AFE836308","733"
"coq/V70_RECORD_TUPLE_024.vo","2EA451E37E49554F1E321A0C6910901959B432ADB3DFB6D9060C8FD147F89A6E","10657"
"coq/V70_RECORD_TUPLE_024.vok","E3B0C44298FC1C149AFBF4C8996FB92427AE41E4649B934CA495991B7852B855","0"
"coq/V70_RECORD_TUPLE_024.vos","E3B0C44298FC1C149AFBF4C8996FB92427AE41E4649B934CA495991B7852B855","0"
"coq/V70_RECORD_TUPLE_025.glob","C24F298F9419FE9C8E349C8BDE26F54D49F1A33BA472A97810B6560545017AB0","2936"
"coq/V70_RECORD_TUPLE_025.v","1E2C0E71231418D367FABAF2681060412E2BA760398781ABBA2CBF8B6C5D7865","733"
"coq/V70_RECORD_TUPLE_025.vo","F754805AACA24CA95BED534183DC9AC58CF31A4773C8EC3557ABF5F9D342A06D","10657"
"coq/V70_RECORD_TUPLE_025.vok","E3B0C44298FC1C149AFBF4C8996FB92427AE41E4649B934CA495991B7852B855","0"
"coq/V70_RECORD_TUPLE_025.vos","E3B0C44298FC1C149AFBF4C8996FB92427AE41E4649B934CA495991B7852B855","0"
"coq/V70_RECORD_TUPLE_026.glob","32D7DE9EC32A5BABB4722B92934AD1FB899E301DBE57D5E8F4F19887860F31C9","2936"
"coq/V70_RECORD_TUPLE_026.v","26CA4FA9C9C547BCD87A1C966284229C113282AC21A49F6D20E74ECB1EAE2F6A","733"
"coq/V70_RECORD_TUPLE_026.vo","2A33E1B571E9504366AA0CCC7D58736DB1F6934D1534E296A0A67FF0FCBAB9C0","10657"
"coq/V70_RECORD_TUPLE_026.vok","E3B0C44298FC1C149AFBF4C8996FB92427AE41E4649B934CA495991B7852B855","0"
"coq/V70_RECORD_TUPLE_026.vos","E3B0C44298FC1C149AFBF4C8996FB92427AE41E4649B934CA495991B7852B855","0"
"coq/V70_RECORD_TUPLE_027.glob","9F9D780C337C1D337096E8DED142D767FAB043FCF7F85758A3A0B68453864A1D","2936"
"coq/V70_RECORD_TUPLE_027.v","0775C19F3FE5614EE97165D29A95ED41F2DA5E089FF0D6256FC3AF9FF1CCFF35","733"
"coq/V70_RECORD_TUPLE_027.vo","3169B30ABC311060319CA6B0A70683804922C545D2C71315D220E1B6173ADEDC","10657"
"coq/V70_RECORD_TUPLE_027.vok","E3B0C44298FC1C149AFBF4C8996FB92427AE41E4649B934CA495991B7852B855","0"
"coq/V70_RECORD_TUPLE_027.vos","E3B0C44298FC1C149AFBF4C8996FB92427AE41E4649B934CA495991B7852B855","0"
"coq/V70_RECORD_TUPLE_028.glob","2B5940B519A867069889819703D15354FE241951C7A38A5913B7552B35B055E5","2936"
"coq/V70_RECORD_TUPLE_028.v","BC8E1AF5B7AB2C2288B056181FFDAD190BCAC6311DE6CBB87506E081E8427460","733"
"coq/V70_RECORD_TUPLE_028.vo","D8239B441FF7AF09E44EDF4121F455D9A02222F1BACFF36488406D1E760B0FF8","10657"
"coq/V70_RECORD_TUPLE_028.vok","E3B0C44298FC1C149AFBF4C8996FB92427AE41E4649B934CA495991B7852B855","0"
"coq/V70_RECORD_TUPLE_028.vos","E3B0C44298FC1C149AFBF4C8996FB92427AE41E4649B934CA495991B7852B855","0"
"coq/V70_RECORD_TUPLE_029.glob","CF8E87DA9127AA1CFE5B24C2DDE6404841A56FF2B9139BB1EEE700759D502C39","2936"
"coq/V70_RECORD_TUPLE_029.v","C42772C2273ED24C5E0EB0FE9EE23DF55D6C1F01EEEC30B10ED9EE861AB5A4EE","733"
"coq/V70_RECORD_TUPLE_029.vo","DAA15EDD16899E2607282E1D9CDFF8969D285AD961F6657174228BDE4983FE4D","10657"
"coq/V70_RECORD_TUPLE_029.vok","E3B0C44298FC1C149AFBF4C8996FB92427AE41E4649B934CA495991B7852B855","0"
"coq/V70_RECORD_TUPLE_029.vos","E3B0C44298FC1C149AFBF4C8996FB92427AE41E4649B934CA495991B7852B855","0"
"coq/V70_RECORD_TUPLE_030.glob","EBC6929CA02EAC963905F172B7CF28CE29B35745EDD8C66777A9886AFE0DEA99","2936"
"coq/V70_RECORD_TUPLE_030.v","CDE28FC5DE2E9B789F5F75C18A16B1C1FB2CEDFF2A02EA05E58474F08512BF3C","733"
"coq/V70_RECORD_TUPLE_030.vo","96264338B51FAF879B1E97458C3BA2A2ECF10C76EE8B1A249F8A43B87CAAD93D","10657"
"coq/V70_RECORD_TUPLE_030.vok","E3B0C44298FC1C149AFBF4C8996FB92427AE41E4649B934CA495991B7852B855","0"
"coq/V70_RECORD_TUPLE_030.vos","E3B0C44298FC1C149AFBF4C8996FB92427AE41E4649B934CA495991B7852B855","0"
"coq/V70_RECORD_TUPLE_031.glob","2B6381A1675931D5D52A0C1F3423B8D0D486E1BAC6208B9C15A56BBE542694EF","2936"
"coq/V70_RECORD_TUPLE_031.v","9CAD01142652E8E7BB35322340A09D4E872DE20A39C2A7AF85D4233BD6FC8C31","733"
"coq/V70_RECORD_TUPLE_031.vo","D0C6BF1300AC65399439FCEEB5C4DA3F5CFE3B9844505D6DBF0939C75117D9EF","10657"
"coq/V70_RECORD_TUPLE_031.vok","E3B0C44298FC1C149AFBF4C8996FB92427AE41E4649B934CA495991B7852B855","0"
"coq/V70_RECORD_TUPLE_031.vos","E3B0C44298FC1C149AFBF4C8996FB92427AE41E4649B934CA495991B7852B855","0"
"coq/V70_RECORD_TUPLE_032.glob","80AFB72F08FA9A01FB530AB2193B00686F2E97D7B0E628085FBD0E00D2DECF4E","2936"
"coq/V70_RECORD_TUPLE_032.v","EE6FA22E427B9FDFA3A4F9650129922BBF347A4734D8D989C9489406A9DF9E55","733"
"coq/V70_RECORD_TUPLE_032.vo","9A6A4DB3E0ACF8D87CBFCEEC8443143AC953553F38AED45C6A3F582D94EFAC28","10657"
"coq/V70_RECORD_TUPLE_032.vok","E3B0C44298FC1C149AFBF4C8996FB92427AE41E4649B934CA495991B7852B855","0"
"coq/V70_RECORD_TUPLE_032.vos","E3B0C44298FC1C149AFBF4C8996FB92427AE41E4649B934CA495991B7852B855","0"
"coq/V70_RECORD_TUPLE_033.glob","D9B8401C3AA310AAAABEBA11082148F551617BE2679CCA1C6D3342A916C63DE3","2936"
"coq/V70_RECORD_TUPLE_033.v","C5CEF0174762D7446542C687997216E318707941E8E09D38A3A9AD4F4683EA1D","733"
"coq/V70_RECORD_TUPLE_033.vo","698C40959B07CA1DA5F60C5948ECAD23E09B631888AA4ED90595626D3D944190","10657"
"coq/V70_RECORD_TUPLE_033.vok","E3B0C44298FC1C149AFBF4C8996FB92427AE41E4649B934CA495991B7852B855","0"
"coq/V70_RECORD_TUPLE_033.vos","E3B0C44298FC1C149AFBF4C8996FB92427AE41E4649B934CA495991B7852B855","0"
"coq/V70_RECORD_TUPLE_034.glob","977BFD56507BBC3C9A19CD48B00CD03384D9422B2AE1AC209F7B8A894CF48B00","2936"
"coq/V70_RECORD_TUPLE_034.v","9E6CF8494CF1A085BF24241250408CC6928C44420A52349B43008F1CF795DC41","733"
"coq/V70_RECORD_TUPLE_034.vo","ECC100F1E7E6E0C48923C4F5ED55DD66EC09600D7144476D5A622AA9CBB81825","10657"
"coq/V70_RECORD_TUPLE_034.vok","E3B0C44298FC1C149AFBF4C8996FB92427AE41E4649B934CA495991B7852B855","0"
"coq/V70_RECORD_TUPLE_034.vos","E3B0C44298FC1C149AFBF4C8996FB92427AE41E4649B934CA495991B7852B855","0"
"coq/V70_RECORD_TUPLE_035.glob","9852B07F608BCFDF713495478DF68171DF6120841FBC9098EA0F9EE1E3BDB96B","2936"
"coq/V70_RECORD_TUPLE_035.v","EBF65A25DAAF55EA671AF204ABCC9A38EEE157D5345FA91C2050A440AE0574FB","733"
"coq/V70_RECORD_TUPLE_035.vo","71AF7AFA68021F55A466A8C9083DBFDB495741A054F9E1B37F8BA9F685A6B3A4","10657"
"coq/V70_RECORD_TUPLE_035.vok","E3B0C44298FC1C149AFBF4C8996FB92427AE41E4649B934CA495991B7852B855","0"
"coq/V70_RECORD_TUPLE_035.vos","E3B0C44298FC1C149AFBF4C8996FB92427AE41E4649B934CA495991B7852B855","0"
"coq/V70_RECORD_TUPLE_036.glob","73C926538C39C10101DAE7D6AB85CAFCBB3DA6A45FA2636A7C70D01A0E6EB15A","2936"
"coq/V70_RECORD_TUPLE_036.v","E5D24A3A2375BB9D715B19D9DE71BCB3C49CF1577C8B5D0CB54C00DC58D74EAA","733"
"coq/V70_RECORD_TUPLE_036.vo","1FF161A42F8D25EF81E172C50E989382E0657736C9D6B8188FD655D9CDECAC16","10657"
"coq/V70_RECORD_TUPLE_036.vok","E3B0C44298FC1C149AFBF4C8996FB92427AE41E4649B934CA495991B7852B855","0"
"coq/V70_RECORD_TUPLE_036.vos","E3B0C44298FC1C149AFBF4C8996FB92427AE41E4649B934CA495991B7852B855","0"
"coq/V70_RECORD_TUPLE_037.glob","87506CC16329972D03C0336F8E5BDBA1B3ACF4A56EE047FCBCC24B64D6126F8F","2936"
"coq/V70_RECORD_TUPLE_037.v","95975F7CFA9FDC72CF7D69F2910407A96FB71936183A5FFBFEDC73F6D41AC5B4","733"
"coq/V70_RECORD_TUPLE_037.vo","31AE51F7D381F68A2F6927308A1976107BF14E4F4B0F585E6318E2122E4355C4","10657"
"coq/V70_RECORD_TUPLE_037.vok","E3B0C44298FC1C149AFBF4C8996FB92427AE41E4649B934CA495991B7852B855","0"
"coq/V70_RECORD_TUPLE_037.vos","E3B0C44298FC1C149AFBF4C8996FB92427AE41E4649B934CA495991B7852B855","0"
"coq/V70_RECORD_TUPLE_038.glob","5C6B2650C77508091E09266864B6426C3855651E206B35D415C8E404C8B09527","2936"
"coq/V70_RECORD_TUPLE_038.v","DCD9D4908869A45A96E880E2476D7F20696C44D2AB58EDE0F1A86EA593D5BB70","733"
"coq/V70_RECORD_TUPLE_038.vo","0A99301F216F92A191C5BEA77B8E1A87D364A3C8F99587888FBFEEFBC7B2B634","10657"
"coq/V70_RECORD_TUPLE_038.vok","E3B0C44298FC1C149AFBF4C8996FB92427AE41E4649B934CA495991B7852B855","0"
"coq/V70_RECORD_TUPLE_038.vos","E3B0C44298FC1C149AFBF4C8996FB92427AE41E4649B934CA495991B7852B855","0"
"coq/V70_RECORD_TUPLE_039.glob","8D9843620F891934C6A7D29C19CCAD8A35C60657DF045A11CB337A6D836353E7","2936"
"coq/V70_RECORD_TUPLE_039.v","9B25C8BFBC2B6048D9CC23F45066C32A3EE8C44FF62AABB778DF4CDB2B5749DD","733"
"coq/V70_RECORD_TUPLE_039.vo","6C64916B841FC97220E76FDC816F91B2D9D087751AA1969BEC08F3455116D722","10657"
"coq/V70_RECORD_TUPLE_039.vok","E3B0C44298FC1C149AFBF4C8996FB92427AE41E4649B934CA495991B7852B855","0"
"coq/V70_RECORD_TUPLE_039.vos","E3B0C44298FC1C149AFBF4C8996FB92427AE41E4649B934CA495991B7852B855","0"
"coq/V70_RECORD_TUPLE_040.glob","F9889D2F484481A9B1E2A631D82BA68838563A4DD02DC794EE6ECEB7B86B1388","2936"
"coq/V70_RECORD_TUPLE_040.v","6FA2EDFD6C5D733473114B7F7CDCE6445363F4E76DE0A46827AC294C09ABCDDA","733"
"coq/V70_RECORD_TUPLE_040.vo","4FD96AF0AFA4384454D70B95668680C6933D02586F394D320741ADC07113B8A8","10657"
"coq/V70_RECORD_TUPLE_040.vok","E3B0C44298FC1C149AFBF4C8996FB92427AE41E4649B934CA495991B7852B855","0"
"coq/V70_RECORD_TUPLE_040.vos","E3B0C44298FC1C149AFBF4C8996FB92427AE41E4649B934CA495991B7852B855","0"
"coq/V70_RECORD_TUPLE_041.glob","0A710563329A29CB7F32D6989C734AF38E2FA1E38BF1DA04B8A88DFE80398961","2936"
"coq/V70_RECORD_TUPLE_041.v","3CFD7A9DD29D27AA414C4EB70B042B1990DE85CDB476F64E78780C6F11131919","733"
"coq/V70_RECORD_TUPLE_041.vo","CE4E11F9A64EA01BDA8C1D5E33F32C9695A4F8112F0A9DA00A16E7DA7BC6FC6D","10657"
"coq/V70_RECORD_TUPLE_041.vok","E3B0C44298FC1C149AFBF4C8996FB92427AE41E4649B934CA495991B7852B855","0"
"coq/V70_RECORD_TUPLE_041.vos","E3B0C44298FC1C149AFBF4C8996FB92427AE41E4649B934CA495991B7852B855","0"
"coq/V70_RECORD_TUPLE_042.glob","8101671BE3E6FDE8EAA490EAAB67DDE171D4B3604DB6DF713CB044E67F1B1338","2936"
"coq/V70_RECORD_TUPLE_042.v","341A4DE715DC679EEAC3BE0A791BAC5237AA3982093BEC45FFA0F68A022C9C0D","733"
"coq/V70_RECORD_TUPLE_042.vo","C1FB4C5B83564006CE0DD10CA328A28C26FEE1FB386F53728ACDFBE354356CD3","10657"
"coq/V70_RECORD_TUPLE_042.vok","E3B0C44298FC1C149AFBF4C8996FB92427AE41E4649B934CA495991B7852B855","0"
"coq/V70_RECORD_TUPLE_042.vos","E3B0C44298FC1C149AFBF4C8996FB92427AE41E4649B934CA495991B7852B855","0"
"coq/V70_RECORD_TUPLE_043.glob","6CDCEEBCBCB6998D9349FB9408539B87ECF10416C5FBF6916AA0656A50D374C5","2936"
"coq/V70_RECORD_TUPLE_043.v","42A907A57D7E4E93F54A4FF7806BDA3C7CCE2023B9D7D8C09C0CA4BF52E305CB","733"
"coq/V70_RECORD_TUPLE_043.vo","07F22E6F3B8CC556ED10300C689FD1805876DEA5080F45F2EB79293ECC17E890","10657"
"coq/V70_RECORD_TUPLE_043.vok","E3B0C44298FC1C149AFBF4C8996FB92427AE41E4649B934CA495991B7852B855","0"
"coq/V70_RECORD_TUPLE_043.vos","E3B0C44298FC1C149AFBF4C8996FB92427AE41E4649B934CA495991B7852B855","0"
"coq/V70_RECORD_TUPLE_044.glob","B804CE01B0197443410B8FBAA1BEBF0AFD7F42DED2322EB01325EC27C29A67D7","2936"
"coq/V70_RECORD_TUPLE_044.v","53635BECA00B85AFD0837BCCE1CE08E649CEDBA35D0D17FD7D55EB1CE13B12FD","733"
"coq/V70_RECORD_TUPLE_044.vo","8B65625FD171837C9D64D55D05A3B82FDA84AEB31C03361FEF269FAE75E1FB8E","10657"
"coq/V70_RECORD_TUPLE_044.vok","E3B0C44298FC1C149AFBF4C8996FB92427AE41E4649B934CA495991B7852B855","0"
"coq/V70_RECORD_TUPLE_044.vos","E3B0C44298FC1C149AFBF4C8996FB92427AE41E4649B934CA495991B7852B855","0"
"coq/V70_RECORD_TUPLE_045.glob","4FB156F1F8AB42A27206C979472A19E94E61F43FF14EB390D0C0A9C8F7EDD708","2936"
"coq/V70_RECORD_TUPLE_045.v","D1DBCCDB386909A8AAD2422AAED3DB230F27C5B8D313F83DBF65CF0CA475949F","733"
"coq/V70_RECORD_TUPLE_045.vo","E6EE26C6BEDBA8DDE7E5C70243A7481BF3F97E4D1AB804A12E18E0E0F26C9F1B","10657"
"coq/V70_RECORD_TUPLE_045.vok","E3B0C44298FC1C149AFBF4C8996FB92427AE41E4649B934CA495991B7852B855","0"
"coq/V70_RECORD_TUPLE_045.vos","E3B0C44298FC1C149AFBF4C8996FB92427AE41E4649B934CA495991B7852B855","0"
"coq/V70_RECORD_TUPLE_046.glob","2CCA0667839F2B0CD4832156BD52436010DCC5E54FC32A30DCC7283F37B0C22C","2936"
"coq/V70_RECORD_TUPLE_046.v","3C78D6066B1E48EDB60D1ABCE04BA2C93793A2EC67645D86C43DD59B7E31259D","733"
"coq/V70_RECORD_TUPLE_046.vo","8C87C2FAC71A6CB321F576727A5BEF61CAF013F9F1A501C3691F17100FD112B7","10657"
"coq/V70_RECORD_TUPLE_046.vok","E3B0C44298FC1C149AFBF4C8996FB92427AE41E4649B934CA495991B7852B855","0"
"coq/V70_RECORD_TUPLE_046.vos","E3B0C44298FC1C149AFBF4C8996FB92427AE41E4649B934CA495991B7852B855","0"
"coq/V70_RECORD_TUPLE_047.glob","FFFAAD334DC3B8FEED6CD50E8C610BB902DB4F8D7257D4F5B3D3B5146DA69C29","2936"
"coq/V70_RECORD_TUPLE_047.v","F726920DCF9084631F8A98572FEB8DE8396A1992B6F730138E189BB0CDEAD693","733"
"coq/V70_RECORD_TUPLE_047.vo","BFE7D173898476D377D60908D0A888980EBE408BC14703EC4ABFA5AF3D7F9D0F","10657"
"coq/V70_RECORD_TUPLE_047.vok","E3B0C44298FC1C149AFBF4C8996FB92427AE41E4649B934CA495991B7852B855","0"
"coq/V70_RECORD_TUPLE_047.vos","E3B0C44298FC1C149AFBF4C8996FB92427AE41E4649B934CA495991B7852B855","0"
"coq/V70_RECORD_TUPLE_048.glob","D24B583572C5AB32D5A82F87A137F9173E9E2459045CF472910A699BAD42167B","2936"
"coq/V70_RECORD_TUPLE_048.v","09BAADCF0DD541C53875F29F5165C95974EE07ABBB904B390E40686004764D2F","733"
"coq/V70_RECORD_TUPLE_048.vo","F4827578DC136F5378DF95CEEDA5879145FCDB7975F5262A897C264D4D0D8753","10657"
"coq/V70_RECORD_TUPLE_048.vok","E3B0C44298FC1C149AFBF4C8996FB92427AE41E4649B934CA495991B7852B855","0"
"coq/V70_RECORD_TUPLE_048.vos","E3B0C44298FC1C149AFBF4C8996FB92427AE41E4649B934CA495991B7852B855","0"
"coq/V70_RECORD_TUPLE_049.glob","2F2DBF476C3B8F8ECA39EE5AC694D6E54FDC69C97DCC4BF2D71BADCFE7EDF2E6","2936"
"coq/V70_RECORD_TUPLE_049.v","13E3101F20978DA985D5DDF925088AF916EEF307BF4EA1EE7FDB934D8ED83F26","733"
"coq/V70_RECORD_TUPLE_049.vo","5B8B6C855D26C810802F254E16A97DD8501FF838D48F28605C8D37A5350A3857","10657"
"coq/V70_RECORD_TUPLE_049.vok","E3B0C44298FC1C149AFBF4C8996FB92427AE41E4649B934CA495991B7852B855","0"
"coq/V70_RECORD_TUPLE_049.vos","E3B0C44298FC1C149AFBF4C8996FB92427AE41E4649B934CA495991B7852B855","0"
"coq/V70_RECORD_TUPLE_050.glob","BBEB30558B9F48B83DFD459EBD66F3E5C9FDB697E61A18A850E16D9B72966227","2936"
"coq/V70_RECORD_TUPLE_050.v","CB6384DBC0699B382B9646D8D104318C82E2363EDEE94DB98FC212DCE6CBB06F","733"
"coq/V70_RECORD_TUPLE_050.vo","4F18C1073118DF246BF587C7F86102251713621576466169A85F6DF0980584AE","10657"
"coq/V70_RECORD_TUPLE_050.vok","E3B0C44298FC1C149AFBF4C8996FB92427AE41E4649B934CA495991B7852B855","0"
"coq/V70_RECORD_TUPLE_050.vos","E3B0C44298FC1C149AFBF4C8996FB92427AE41E4649B934CA495991B7852B855","0"
"coq/V70_RECORD_TUPLE_051.glob","7CCED9478F0A6981B50375D92224DF475FAD5583B18781381B732A6E05B6FF6E","2936"
"coq/V70_RECORD_TUPLE_051.v","B027737CD017F88F0E189BA90943E536CCB01808FDCEF96FE0A130B9299E2805","733"
"coq/V70_RECORD_TUPLE_051.vo","F729BE99E93255A546CE1F0D9C57A0E0030CE690C13A606291E6B1E6822472C1","10657"
"coq/V70_RECORD_TUPLE_051.vok","E3B0C44298FC1C149AFBF4C8996FB92427AE41E4649B934CA495991B7852B855","0"
"coq/V70_RECORD_TUPLE_051.vos","E3B0C44298FC1C149AFBF4C8996FB92427AE41E4649B934CA495991B7852B855","0"
"coq/V70_RECORD_TUPLE_052.glob","31C5379FEC0A9D289392AD3A594BE2B3030AC538A04D7149E33504BBB9B9F45D","2936"
"coq/V70_RECORD_TUPLE_052.v","14D36A6DA47844C72173E4BAE42B9C3249971B9C66ADB3E2D6B7F35C9D21EF77","733"
"coq/V70_RECORD_TUPLE_052.vo","1F3408FAD8107AAB3B440AF4B5146BDAEE1969808C1A793BFA817A58A993CE08","10657"
"coq/V70_RECORD_TUPLE_052.vok","E3B0C44298FC1C149AFBF4C8996FB92427AE41E4649B934CA495991B7852B855","0"
"coq/V70_RECORD_TUPLE_052.vos","E3B0C44298FC1C149AFBF4C8996FB92427AE41E4649B934CA495991B7852B855","0"
"coq/V70_RECORD_TUPLE_053.glob","928A5820A77FECB7C475298166679A22AE76042EF47B911CB85B8630BD397FA7","2936"
"coq/V70_RECORD_TUPLE_053.v","BF215AC83630E276D610625449DA9465C030F22779961C73E979B8DD9FC75928","733"
"coq/V70_RECORD_TUPLE_053.vo","266993B79EAFD2D4B7A22A5786E54F335E0876978D0017A5D841B49708F1E29A","10657"
"coq/V70_RECORD_TUPLE_053.vok","E3B0C44298FC1C149AFBF4C8996FB92427AE41E4649B934CA495991B7852B855","0"
"coq/V70_RECORD_TUPLE_053.vos","E3B0C44298FC1C149AFBF4C8996FB92427AE41E4649B934CA495991B7852B855","0"
"coq/V70_RECORD_TUPLE_054.glob","ACE49775E690245FD76665FA9CDFF04303E9DF01B0E4C3618AC4AC0109700006","2936"
"coq/V70_RECORD_TUPLE_054.v","EDB43E32CD3C3E47C80E53DC2F0992819D7EBF99474A0462F24E88EB25C814BA","733"
"coq/V70_RECORD_TUPLE_054.vo","AD3AEA1BB1586582BEDA5C935F19A6DF885CFE93BE1BFD363794812D5E52211B","10657"
"coq/V70_RECORD_TUPLE_054.vok","E3B0C44298FC1C149AFBF4C8996FB92427AE41E4649B934CA495991B7852B855","0"
"coq/V70_RECORD_TUPLE_054.vos","E3B0C44298FC1C149AFBF4C8996FB92427AE41E4649B934CA495991B7852B855","0"
"coq/V70_RECORD_TUPLE_055.glob","004DD39F2792823B1C270D244C0E6B855533B5925E8B13169A14246822572842","2936"
"coq/V70_RECORD_TUPLE_055.v","05C8BDD5CB2A1FBB922E6026A67EFB4401BC3E687C4607963720EA9B09B0A065","733"
"coq/V70_RECORD_TUPLE_055.vo","05EE697B2F8BE1F024A22736FFEA29DB7AAAB92721093D598528A1E94618EC11","10657"
"coq/V70_RECORD_TUPLE_055.vok","E3B0C44298FC1C149AFBF4C8996FB92427AE41E4649B934CA495991B7852B855","0"
"coq/V70_RECORD_TUPLE_055.vos","E3B0C44298FC1C149AFBF4C8996FB92427AE41E4649B934CA495991B7852B855","0"
"coq/V70_RECORD_TUPLE_056.glob","C276187B2DF62B4C1082DC2F7370DA85B85B7323D0302382BD6A3FF232EF81BE","2936"
"coq/V70_RECORD_TUPLE_056.v","B8FA8D15059DCF5EE7ACAC92909571FA526BFFF0709613DD9381E1FE8D28E6D7","733"
"coq/V70_RECORD_TUPLE_056.vo","E2A01244F8DB0A822A68472F977981A50949366065A8E648FB10C2F30BB56DF8","10657"
"coq/V70_RECORD_TUPLE_056.vok","E3B0C44298FC1C149AFBF4C8996FB92427AE41E4649B934CA495991B7852B855","0"
"coq/V70_RECORD_TUPLE_056.vos","E3B0C44298FC1C149AFBF4C8996FB92427AE41E4649B934CA495991B7852B855","0"
"coq/V70_RECORD_TUPLE_057.glob","7B7AAD0ABD4B1609B3EBDE8C8BAF5D078853A2980FC7A0970B63E28DFABA88B7","2936"
"coq/V70_RECORD_TUPLE_057.v","630D16320D3EB09918C3098A5094F8BD508323DF946F64FECDB2C0E5ECB55C69","733"
"coq/V70_RECORD_TUPLE_057.vo","FFBBBA47C3175B6F16454F915256E1F8D6DAA308EB066A52178F08730CC9E790","10657"
"coq/V70_RECORD_TUPLE_057.vok","E3B0C44298FC1C149AFBF4C8996FB92427AE41E4649B934CA495991B7852B855","0"
"coq/V70_RECORD_TUPLE_057.vos","E3B0C44298FC1C149AFBF4C8996FB92427AE41E4649B934CA495991B7852B855","0"
"coq/V70_RECORD_TUPLE_058.glob","595F4FD54AD62BEF08CB9D4CA072ADBDAD67A79303B785644446A4C746EEE78A","2936"
"coq/V70_RECORD_TUPLE_058.v","A46BAEA3C18B6D7D3F4DD36AEBF54C61A5E5AE32B6700F795BCC17203ACB8DA8","733"
"coq/V70_RECORD_TUPLE_058.vo","21697ED5AFBCEC14FA6D61D6BC44FF364F7E0226D459287DD76AC3F5F19D00F2","10657"
"coq/V70_RECORD_TUPLE_058.vok","E3B0C44298FC1C149AFBF4C8996FB92427AE41E4649B934CA495991B7852B855","0"
"coq/V70_RECORD_TUPLE_058.vos","E3B0C44298FC1C149AFBF4C8996FB92427AE41E4649B934CA495991B7852B855","0"
"coq/V70_RECORD_TUPLE_059.glob","E0F46908CFC1B7E7F8627E5542AADA5C315044226CF2EB3C703E9E4CB687046A","2936"
"coq/V70_RECORD_TUPLE_059.v","D4EE257F7741B870077CA6B72E2F7A3226981650FB27392AD0D6B352E8357D70","733"
"coq/V70_RECORD_TUPLE_059.vo","53D53153F078B6B609EECE591FB7983D22A012EC3337997F8CB3ECCEBD180145","10657"
"coq/V70_RECORD_TUPLE_059.vok","E3B0C44298FC1C149AFBF4C8996FB92427AE41E4649B934CA495991B7852B855","0"
"coq/V70_RECORD_TUPLE_059.vos","E3B0C44298FC1C149AFBF4C8996FB92427AE41E4649B934CA495991B7852B855","0"
"coq/V70_RECORD_TUPLE_060.glob","CEC481F604F4D56E58583EB9ED8AF159BD50AAAF7B8775DB4A06EF394000D99E","2936"
"coq/V70_RECORD_TUPLE_060.v","DB20A4BA6FAADED0B76708042F8356E0B92BD04981F16FE277228D8334CB5B18","733"
"coq/V70_RECORD_TUPLE_060.vo","0A579342B975DB43B463898885A456A62C7DA573DA12CC89D6269757E6994700","10657"
"coq/V70_RECORD_TUPLE_060.vok","E3B0C44298FC1C149AFBF4C8996FB92427AE41E4649B934CA495991B7852B855","0"
"coq/V70_RECORD_TUPLE_060.vos","E3B0C44298FC1C149AFBF4C8996FB92427AE41E4649B934CA495991B7852B855","0"
"coq/V70_RECORD_TUPLE_061.glob","1438BD8EF8B4953E3867124785ACC131F63E88B8958EA07BB84F15B5E4DB7BCB","2936"
"coq/V70_RECORD_TUPLE_061.v","5CE453336B07F22A223205C9C3EAA11E9063BFED0088B9DEDA08A36D4955DB0D","733"
"coq/V70_RECORD_TUPLE_061.vo","3D757B1CA59B8816E13CE1A0780D8632EDD601B904E520D699DBD7BDC6BF94CD","10657"
"coq/V70_RECORD_TUPLE_061.vok","E3B0C44298FC1C149AFBF4C8996FB92427AE41E4649B934CA495991B7852B855","0"
"coq/V70_RECORD_TUPLE_061.vos","E3B0C44298FC1C149AFBF4C8996FB92427AE41E4649B934CA495991B7852B855","0"
"coq/V70_RECORD_TUPLE_062.glob","493F58D75C3BA81D0AA303CB3A3D6147750B1E553CB1BCEAC79F6C9FE3EA0FE0","2936"
"coq/V70_RECORD_TUPLE_062.v","5B7A2AAA7ABE68B9E8025291DAD44FF01E8407F05D74C62D26DD856450E20DF4","733"
"coq/V70_RECORD_TUPLE_062.vo","DB078AAD43EF17D9374C13FAF04C91FAA734BA8C30C47BEE35BEF1D17D806C21","10657"
"coq/V70_RECORD_TUPLE_062.vok","E3B0C44298FC1C149AFBF4C8996FB92427AE41E4649B934CA495991B7852B855","0"
"coq/V70_RECORD_TUPLE_062.vos","E3B0C44298FC1C149AFBF4C8996FB92427AE41E4649B934CA495991B7852B855","0"
"coq/V70_RECORD_TUPLE_063.glob","27533335CF7A4B380A21AD34D99C056394AEB922611E756F1929A7CD4D6A0E0D","2936"
"coq/V70_RECORD_TUPLE_063.v","BE552A5789E09292D48B83BBF1BD7A5AD5C34DC09747B8E8EF82AC1A3E48C420","733"
"coq/V70_RECORD_TUPLE_063.vo","2A1103C593D333B0C935C22891B80B760771128D4CCFF7919F4C5C793B1343AB","10657"
"coq/V70_RECORD_TUPLE_063.vok","E3B0C44298FC1C149AFBF4C8996FB92427AE41E4649B934CA495991B7852B855","0"
"coq/V70_RECORD_TUPLE_063.vos","E3B0C44298FC1C149AFBF4C8996FB92427AE41E4649B934CA495991B7852B855","0"
"coq/V70_RECORD_TUPLE_064.glob","4A134C564AEF4D19444A1BD1E2163574A808F19D147D09ED469F20F86A8BAAF4","2936"
"coq/V70_RECORD_TUPLE_064.v","C7700CC6BAC81A14884065FA22EB1385E057BB006FDD31FF8AFCB7DE8C4CB2B1","733"
"coq/V70_RECORD_TUPLE_064.vo","31CCBE816770EEE0D42B8610B9443298F4BE0ECF3779726E3DB28AF3B6560988","10657"
"coq/V70_RECORD_TUPLE_064.vok","E3B0C44298FC1C149AFBF4C8996FB92427AE41E4649B934CA495991B7852B855","0"
"coq/V70_RECORD_TUPLE_064.vos","E3B0C44298FC1C149AFBF4C8996FB92427AE41E4649B934CA495991B7852B855","0"
"coq/V70_RECORD_TUPLE_065.glob","878662B91A7205910966B3C8E5C712AA1EB8A656680027D703718E7E894677C5","2936"
"coq/V70_RECORD_TUPLE_065.v","1B6C43FFBF75AA5B4E9737A899CED3372634673B7D89974788115BF6A47B2FC6","733"
"coq/V70_RECORD_TUPLE_065.vo","C2E90E31FFB6A315D1E12AD83AB24EE306D2CDA5CCCAF1C6D2F49BF40441F0F8","10657"
"coq/V70_RECORD_TUPLE_065.vok","E3B0C44298FC1C149AFBF4C8996FB92427AE41E4649B934CA495991B7852B855","0"
"coq/V70_RECORD_TUPLE_065.vos","E3B0C44298FC1C149AFBF4C8996FB92427AE41E4649B934CA495991B7852B855","0"
"coq/V70_RECORD_TUPLE_066.glob","CB3521E181E27DA6EF5CFB74DE6BB98F3A6EBFA25BEFAA6DA2DB86046CC929EA","2936"
"coq/V70_RECORD_TUPLE_066.v","4D9497B68D6699A005EEF2FBE08EAD18A7A61F47A1C8EF90A230D0CF84015E75","733"
"coq/V70_RECORD_TUPLE_066.vo","AC993214DC969FB6EC396535D95A0ECACA78A6DFA536159F1D2C9C9287E02101","10657"
"coq/V70_RECORD_TUPLE_066.vok","E3B0C44298FC1C149AFBF4C8996FB92427AE41E4649B934CA495991B7852B855","0"
"coq/V70_RECORD_TUPLE_066.vos","E3B0C44298FC1C149AFBF4C8996FB92427AE41E4649B934CA495991B7852B855","0"
"coq/V70_RECORD_TUPLE_067.glob","6F861261B77418CCDCF9298868555A7BCA6D36F6379B229DA4871402B463497D","2936"
"coq/V70_RECORD_TUPLE_067.v","183E7F44C4F8F368D2DB62FFDA9128D9FD09D18B1F68DC81A5025207BD11E70E","733"
"coq/V70_RECORD_TUPLE_067.vo","71F72993F0D5D34F31A077D8747A08A67AD15F95672B1119F8CFA67C17BA2468","10657"
"coq/V70_RECORD_TUPLE_067.vok","E3B0C44298FC1C149AFBF4C8996FB92427AE41E4649B934CA495991B7852B855","0"
"coq/V70_RECORD_TUPLE_067.vos","E3B0C44298FC1C149AFBF4C8996FB92427AE41E4649B934CA495991B7852B855","0"
"coq/V70_RECORD_TUPLE_068.glob","7151717A88209A7A85FB7345F91DD5FA655228999BCA6330EADCE66138869504","2936"
"coq/V70_RECORD_TUPLE_068.v","E96DD4845CD3A0DC5868D206AD1A56D5870F44A62B3220F30D3F184538E0DDC4","733"
"coq/V70_RECORD_TUPLE_068.vo","D6964879ED5D2F5C7158CB56936B52C8028D8C1569A9B6E981AD929290D02930","10657"
"coq/V70_RECORD_TUPLE_068.vok","E3B0C44298FC1C149AFBF4C8996FB92427AE41E4649B934CA495991B7852B855","0"
"coq/V70_RECORD_TUPLE_068.vos","E3B0C44298FC1C149AFBF4C8996FB92427AE41E4649B934CA495991B7852B855","0"
"coq/V70_RECORD_TUPLE_069.glob","B9A0B73FB5C2B6E781B28E8C7D9BE39D3B5594F62C2C83B592F374E4960B1AA4","2936"
"coq/V70_RECORD_TUPLE_069.v","ADC39E0E66D74CF8123C4AA047846BBFE5E67525DDA854E8F02C227BD572D047","733"
"coq/V70_RECORD_TUPLE_069.vo","77E31745D5C84F3A65A72C70F29FCA54A85D73B4B56973DEDD53E00FE6DDD334","10657"
"coq/V70_RECORD_TUPLE_069.vok","E3B0C44298FC1C149AFBF4C8996FB92427AE41E4649B934CA495991B7852B855","0"
"coq/V70_RECORD_TUPLE_069.vos","E3B0C44298FC1C149AFBF4C8996FB92427AE41E4649B934CA495991B7852B855","0"
"coq/V70_RECORD_TUPLE_070.glob","CE6061BE75A739907E06850DED94F8D54F23515E15DD78D6A6BE3CCE4A63D755","2936"
"coq/V70_RECORD_TUPLE_070.v","5B3C679ECE63EB698259BD35CFBD16457B9F0CC64BA452C1332492208AF81728","733"
"coq/V70_RECORD_TUPLE_070.vo","A6F52E422195F9EBA1B4C7506A3B5A5F4F33F6FB2EDFB9665B1F08B3ECA37DAD","10657"
"coq/V70_RECORD_TUPLE_070.vok","E3B0C44298FC1C149AFBF4C8996FB92427AE41E4649B934CA495991B7852B855","0"
"coq/V70_RECORD_TUPLE_070.vos","E3B0C44298FC1C149AFBF4C8996FB92427AE41E4649B934CA495991B7852B855","0"
"coq/V70_RECORD_TUPLE_071.glob","43761772637C31A42BE330E75981A2F55748F12D9DE99793395887699E052481","2936"
"coq/V70_RECORD_TUPLE_071.v","0A143E333270BF362D6624E7C65FAD33EE6FEDFF4592F8F79968C4996EB7D688","733"
"coq/V70_RECORD_TUPLE_071.vo","8B67C2909AFA016E74EECF8417494EF7149C44FEA1B5FCBEAC5AFBC17413EB53","10657"
"coq/V70_RECORD_TUPLE_071.vok","E3B0C44298FC1C149AFBF4C8996FB92427AE41E4649B934CA495991B7852B855","0"
"coq/V70_RECORD_TUPLE_071.vos","E3B0C44298FC1C149AFBF4C8996FB92427AE41E4649B934CA495991B7852B855","0"
"coq/V70_RECORD_TUPLE_072.glob","D0DE7E0E93E142017ED56699DEA510128F5001986D9C3568BA244AB2B6394ACA","2936"
"coq/V70_RECORD_TUPLE_072.v","DFEC12392E18F7DA831001570ED8964280BEB41A972B9CB30BB1A8C45E6D9B5E","733"
"coq/V70_RECORD_TUPLE_072.vo","614AE5CF293F1D5ADB64103929E40A586EB167A02703A3A5A7834B65D02C1456","10657"
"coq/V70_RECORD_TUPLE_072.vok","E3B0C44298FC1C149AFBF4C8996FB92427AE41E4649B934CA495991B7852B855","0"
"coq/V70_RECORD_TUPLE_072.vos","E3B0C44298FC1C149AFBF4C8996FB92427AE41E4649B934CA495991B7852B855","0"
"coq/V70_RECORD_TUPLE_073.glob","79A9232800BCCDD9D1842F827148D7A8FD3359D468DD9D806AF7C5F5C8A1BDE4","2936"
"coq/V70_RECORD_TUPLE_073.v","E94FF7F2BB37E82E39B28AB151AD06A08F93510D7E381517825E9D9865713C8A","733"
"coq/V70_RECORD_TUPLE_073.vo","B5A35D4147D1916C510ACA6C430F1646BF24ACEC3D8BDE22716BA411FBBDA68D","10657"
"coq/V70_RECORD_TUPLE_073.vok","E3B0C44298FC1C149AFBF4C8996FB92427AE41E4649B934CA495991B7852B855","0"
"coq/V70_RECORD_TUPLE_073.vos","E3B0C44298FC1C149AFBF4C8996FB92427AE41E4649B934CA495991B7852B855","0"
"coq/V70_RECORD_TUPLE_074.glob","3B290703810B82F011CD317775E97BFE7491C591BE89875DBBDC93BA7A317B44","2936"
"coq/V70_RECORD_TUPLE_074.v","BD492578BD25E8B1044FD799151EA3ED50D8AB8B0946CCD353068B1F3A424793","733"
"coq/V70_RECORD_TUPLE_074.vo","03E28E9EBD91F2F911724C0B40A4719032F403F36763CAA16374CFE82C6CF413","10657"
"coq/V70_RECORD_TUPLE_074.vok","E3B0C44298FC1C149AFBF4C8996FB92427AE41E4649B934CA495991B7852B855","0"
"coq/V70_RECORD_TUPLE_074.vos","E3B0C44298FC1C149AFBF4C8996FB92427AE41E4649B934CA495991B7852B855","0"
"coq/V70_RECORD_TUPLE_075.glob","C6627D5532DCEECCCF4ED42C3D817C24A69F34F00AE19B0DA226E90AB4C3DAB5","2936"
"coq/V70_RECORD_TUPLE_075.v","63EBD042B913A371C6DB5C34FF85E7D7B7F8F11FEA08A0DCE19665B12535F9BB","733"
"coq/V70_RECORD_TUPLE_075.vo","A4B9D7A00C8B1D96FEEE79BE64D43F8B131B61B9392F36B6FBA113D47D59413E","10657"
"coq/V70_RECORD_TUPLE_075.vok","E3B0C44298FC1C149AFBF4C8996FB92427AE41E4649B934CA495991B7852B855","0"
"coq/V70_RECORD_TUPLE_075.vos","E3B0C44298FC1C149AFBF4C8996FB92427AE41E4649B934CA495991B7852B855","0"
"coq/V70_RECORD_TUPLE_076.glob","AF387F5C0CD765A34670AD3022ACAEAC6AF9C4D1AFACE9B346FA558E21F2C0EB","2936"
"coq/V70_RECORD_TUPLE_076.v","A00F0923F32365E6F0E1C289BE9335FBCEC40803165165C012D8A372DE953923","733"
"coq/V70_RECORD_TUPLE_076.vo","4C771286B82377A965C0A73D7CE33481BD8A31EF6CFFE96C305DE94AB043FD57","10657"
"coq/V70_RECORD_TUPLE_076.vok","E3B0C44298FC1C149AFBF4C8996FB92427AE41E4649B934CA495991B7852B855","0"
"coq/V70_RECORD_TUPLE_076.vos","E3B0C44298FC1C149AFBF4C8996FB92427AE41E4649B934CA495991B7852B855","0"
"coq/V70_RECORD_TUPLE_077.glob","6541064EB40259E7819B2A655B29313FC789AD86E73D118E6254124B10E906AC","2936"
"coq/V70_RECORD_TUPLE_077.v","6B90B0245BF3961F89A7DB26D9B3029A454FD2849F2C2CE03BA63886DC89FB53","733"
"coq/V70_RECORD_TUPLE_077.vo","FCB43DB69D5F200060D6AC281E0F17692D90984DAFC4B70BCA9E3ADDDB272B69","10657"
"coq/V70_RECORD_TUPLE_077.vok","E3B0C44298FC1C149AFBF4C8996FB92427AE41E4649B934CA495991B7852B855","0"
"coq/V70_RECORD_TUPLE_077.vos","E3B0C44298FC1C149AFBF4C8996FB92427AE41E4649B934CA495991B7852B855","0"
"coq/V70_RECORD_TUPLE_078.glob","B51834DF09C05E46A79BF2830597D50C9BD20EA9F2B783077FB2DC19D7ED4EF4","2936"
"coq/V70_RECORD_TUPLE_078.v","94BC5CB562F96822033699479610E1217CCA82F83824F25F21C4942DA2023365","733"
"coq/V70_RECORD_TUPLE_078.vo","CBCE817770B52FACCAFD4B8CD7635F6D3E2CC11882D82445A6DF8B21CDAA565E","10657"
"coq/V70_RECORD_TUPLE_078.vok","E3B0C44298FC1C149AFBF4C8996FB92427AE41E4649B934CA495991B7852B855","0"
"coq/V70_RECORD_TUPLE_078.vos","E3B0C44298FC1C149AFBF4C8996FB92427AE41E4649B934CA495991B7852B855","0"
"coq/V70_RECORD_TUPLE_079.glob","BB0CE0960F25AF60A13494E593A8600C98AC31049623B39033B7CAAD59E6D1A9","2936"
"coq/V70_RECORD_TUPLE_079.v","743609804DCF0F42F3B9A2B95C7655EBFDB7C376F6B0F05FDEC83AEA9A0DA71E","733"
"coq/V70_RECORD_TUPLE_079.vo","2D00AEBFAABF3AD3F53BC94EE041A3CDAB73574AF78011F1F9F80EC815C2806A","10657"
"coq/V70_RECORD_TUPLE_079.vok","E3B0C44298FC1C149AFBF4C8996FB92427AE41E4649B934CA495991B7852B855","0"
"coq/V70_RECORD_TUPLE_079.vos","E3B0C44298FC1C149AFBF4C8996FB92427AE41E4649B934CA495991B7852B855","0"
"coq/V70_RECORD_TUPLE_080.glob","4FA420270B642E9CEE60B88B6079FE8C760B5B453A97A1CBB988994E5C84ED5B","2936"
"coq/V70_RECORD_TUPLE_080.v","003D9EE695D94F4C06E233768B9C497C4BD2B6094BEC92AC97F1C756008174A3","733"
"coq/V70_RECORD_TUPLE_080.vo","DA068F8242AA7437572B1437439ADDFC2971DD172FB97C85D3464574597A0CC9","10657"
"coq/V70_RECORD_TUPLE_080.vok","E3B0C44298FC1C149AFBF4C8996FB92427AE41E4649B934CA495991B7852B855","0"
"coq/V70_RECORD_TUPLE_080.vos","E3B0C44298FC1C149AFBF4C8996FB92427AE41E4649B934CA495991B7852B855","0"
"coq/V70_TREE_MIRROR_001.glob","3E592123A396EC9BE833DB3C1164AE5C3FA59EE93296BACF43F1D0DE4E1C30B0","3026"
"coq/V70_TREE_MIRROR_001.v","44A32A387A2FC8373F459083D62BAE4A429D9637B42D99D15E4BD43BFCE581DB","903"
"coq/V70_TREE_MIRROR_001.vo","2FE6E4730CC87587D516CE5C5A3311E6BBBE5FEEE4D5BB247A247F960F1540B7","11975"
"coq/V70_TREE_MIRROR_001.vok","E3B0C44298FC1C149AFBF4C8996FB92427AE41E4649B934CA495991B7852B855","0"
"coq/V70_TREE_MIRROR_001.vos","E3B0C44298FC1C149AFBF4C8996FB92427AE41E4649B934CA495991B7852B855","0"
"coq/V70_TREE_MIRROR_002.glob","7BDBB888DF44D5D8DFCE244EA0B43D7BAF7BD90888161F636977E83944122C10","3026"
"coq/V70_TREE_MIRROR_002.v","22F604A7F173581DAE8CB8291E466731BD3F9630C4D665AA25ADC635D51E923C","903"
"coq/V70_TREE_MIRROR_002.vo","AD57355AFCF05110EA050F6794FBD3F2FEFD023D8F9FDC74764D35E836815834","11975"
"coq/V70_TREE_MIRROR_002.vok","E3B0C44298FC1C149AFBF4C8996FB92427AE41E4649B934CA495991B7852B855","0"
"coq/V70_TREE_MIRROR_002.vos","E3B0C44298FC1C149AFBF4C8996FB92427AE41E4649B934CA495991B7852B855","0"
"coq/V70_TREE_MIRROR_003.glob","10F3C56BB9BFB66E24EAFD8A5FF84918449F1AFAB73E7C6CE5A4FFA758E5235F","3026"
"coq/V70_TREE_MIRROR_003.v","C6AC071FEE76AAA25F6036EBDD24A333E2FF3B7B722A215F83C89874C14EA303","903"
"coq/V70_TREE_MIRROR_003.vo","ED978FD210E9D839E44CE16C38B31167FD872D041D20E03670A6394FE0A07DB0","11975"
"coq/V70_TREE_MIRROR_003.vok","E3B0C44298FC1C149AFBF4C8996FB92427AE41E4649B934CA495991B7852B855","0"
"coq/V70_TREE_MIRROR_003.vos","E3B0C44298FC1C149AFBF4C8996FB92427AE41E4649B934CA495991B7852B855","0"
"coq/V70_TREE_MIRROR_004.glob","46BC9CFAB4282331D1924FB64E78EDF54E4CB1665DF2D272AED04BEEB6019894","3026"
"coq/V70_TREE_MIRROR_004.v","56393CF07A6AA8C047246025F05B854E433F63EA4FE45E869DCDC0CEA5C53A5E","903"
"coq/V70_TREE_MIRROR_004.vo","20552903767605F206BF27F837C4417E93E227C736E858F9BD48DF45D20E3CF1","11975"
"coq/V70_TREE_MIRROR_004.vok","E3B0C44298FC1C149AFBF4C8996FB92427AE41E4649B934CA495991B7852B855","0"
"coq/V70_TREE_MIRROR_004.vos","E3B0C44298FC1C149AFBF4C8996FB92427AE41E4649B934CA495991B7852B855","0"
"coq/V70_TREE_MIRROR_005.glob","89447EADCD8FB287EE8D020A8D7CB0F12DC4704DAEF83366D78525E7A038664C","3026"
"coq/V70_TREE_MIRROR_005.v","B1B968145143C4E86A7D845EE7E95A924194FA2729E726E165BA5C0053B4D630","903"
"coq/V70_TREE_MIRROR_005.vo","CD9A6F0204F12F0C7AA8208D0CD40889860590AA48D8DADC3668F77561E08043","11975"
"coq/V70_TREE_MIRROR_005.vok","E3B0C44298FC1C149AFBF4C8996FB92427AE41E4649B934CA495991B7852B855","0"
"coq/V70_TREE_MIRROR_005.vos","E3B0C44298FC1C149AFBF4C8996FB92427AE41E4649B934CA495991B7852B855","0"
"coq/V70_TREE_MIRROR_006.glob","D1EDA195D6F43DF6AFFB69AEEBA1286FB4EAAC06CE1576B0B226F09891D375F9","3026"
"coq/V70_TREE_MIRROR_006.v","B8EC8BCAF884E84DF17392AAD60CE078A5A602FF4676AD40650669063D11DD62","903"
"coq/V70_TREE_MIRROR_006.vo","48E84D2696131F458ED70EE35055FA445828EE5BBD5BE194FB8D1CE0C1179C07","11975"
"coq/V70_TREE_MIRROR_006.vok","E3B0C44298FC1C149AFBF4C8996FB92427AE41E4649B934CA495991B7852B855","0"
"coq/V70_TREE_MIRROR_006.vos","E3B0C44298FC1C149AFBF4C8996FB92427AE41E4649B934CA495991B7852B855","0"
"coq/V70_TREE_MIRROR_007.glob","BB7D2DD6A3736409459AC5E00112B083C96B5175B4B641B673C75322A2BACFC3","3026"
"coq/V70_TREE_MIRROR_007.v","9FAC6FD36DCF81715DB4645256EEDBBA53B2655F36ADE376B05562CCD1EC4F29","903"
"coq/V70_TREE_MIRROR_007.vo","AB5CA83806B9D90224B8E068AE150F3EC2B70DF45DE4AB11039E91598725D37A","11975"
"coq/V70_TREE_MIRROR_007.vok","E3B0C44298FC1C149AFBF4C8996FB92427AE41E4649B934CA495991B7852B855","0"
"coq/V70_TREE_MIRROR_007.vos","E3B0C44298FC1C149AFBF4C8996FB92427AE41E4649B934CA495991B7852B855","0"
"coq/V70_TREE_MIRROR_008.glob","A1DDC8B4FF2D506DE4DB3B3FB31CB4C9DF569F70769FDD99C70E14DA237BCE23","3026"
"coq/V70_TREE_MIRROR_008.v","D024D58F50573D39D14B7543567E472767BBA59CE174ED70C2167C357FFD9B01","903"
"coq/V70_TREE_MIRROR_008.vo","BBAE71E9C7C32168F38A78341003C2ACFFAC9E6586ECB22517EE984518AD7F57","11975"
"coq/V70_TREE_MIRROR_008.vok","E3B0C44298FC1C149AFBF4C8996FB92427AE41E4649B934CA495991B7852B855","0"
"coq/V70_TREE_MIRROR_008.vos","E3B0C44298FC1C149AFBF4C8996FB92427AE41E4649B934CA495991B7852B855","0"
"coq/V70_TREE_MIRROR_009.glob","D39808EDB54B6639F1AFB71AB0BA528CE4715CE70103AA9567F695724756A14F","3026"
"coq/V70_TREE_MIRROR_009.v","70FB9CDC70248EB4C2DDB59AC738553202E7699C6A166E11087A2A556AD090F3","903"
"coq/V70_TREE_MIRROR_009.vo","8EBE2386F62BEE2730A7298BA35E87C147306D17071220581E6FE21472C3139C","11975"
"coq/V70_TREE_MIRROR_009.vok","E3B0C44298FC1C149AFBF4C8996FB92427AE41E4649B934CA495991B7852B855","0"
"coq/V70_TREE_MIRROR_009.vos","E3B0C44298FC1C149AFBF4C8996FB92427AE41E4649B934CA495991B7852B855","0"
"coq/V70_TREE_MIRROR_010.glob","601B5050C6E1F7A6933F6F4598D64792C9A4AB6987DEB7D2E02C7EADEB87A9AB","3060"
"coq/V70_TREE_MIRROR_010.v","747CD55C001B4C58B976777353B4D0B1AFC17685CA089D8A2BD1897FF3911603","933"
"coq/V70_TREE_MIRROR_010.vo","AFF1CCB7A724F5F68259E60C5D27431703D9A0A766D8A1E5AF06818BBEF575F9","11989"
"coq/V70_TREE_MIRROR_010.vok","E3B0C44298FC1C149AFBF4C8996FB92427AE41E4649B934CA495991B7852B855","0"
"coq/V70_TREE_MIRROR_010.vos","E3B0C44298FC1C149AFBF4C8996FB92427AE41E4649B934CA495991B7852B855","0"
"coq/V70_TREE_MIRROR_011.glob","85E2D4CCD6D71261E40938D7C686E63F52DE13D76B61005B2B611AC4258A2094","3060"
"coq/V70_TREE_MIRROR_011.v","47E1C8079F8C73AC856A59B10CCD6C996B633A91FE2947FE7CFA380BA59356F5","933"
"coq/V70_TREE_MIRROR_011.vo","27B6CB24F18F658761403698A539EFAA7331747D086AF923AA1984FC989E27B1","11989"
"coq/V70_TREE_MIRROR_011.vok","E3B0C44298FC1C149AFBF4C8996FB92427AE41E4649B934CA495991B7852B855","0"
"coq/V70_TREE_MIRROR_011.vos","E3B0C44298FC1C149AFBF4C8996FB92427AE41E4649B934CA495991B7852B855","0"
"coq/V70_TREE_MIRROR_012.glob","39893F9809263C5C8DFB83E748B3EBD40F450386DA3C6DF1581C2ADCFC9A3912","3060"
"coq/V70_TREE_MIRROR_012.v","6F2FEA95109C798246EB4BA3D27DD76736D0946B1AEB33FA3B866A91814F8AC0","933"
"coq/V70_TREE_MIRROR_012.vo","18D067F5EED7E828CC17FF43BD3EA1A759191F5AF9A292437CDFEE72AEF6407C","11989"
"coq/V70_TREE_MIRROR_012.vok","E3B0C44298FC1C149AFBF4C8996FB92427AE41E4649B934CA495991B7852B855","0"
"coq/V70_TREE_MIRROR_012.vos","E3B0C44298FC1C149AFBF4C8996FB92427AE41E4649B934CA495991B7852B855","0"
"coq/V70_TREE_MIRROR_013.glob","D9DE0C0CACF502C645547055C87217398A63CBEBC32D921AB0B9963B99D3FB86","3060"
"coq/V70_TREE_MIRROR_013.v","FCBC9B510252FFD1D52581A84BC24ACFA1822A6D75B42FA210FBF498CC76CB1B","933"
"coq/V70_TREE_MIRROR_013.vo","FB95100BE888BE0D6E20A50918571B39B9ED67074F68A21E9BAB63271A2DE786","11989"
"coq/V70_TREE_MIRROR_013.vok","E3B0C44298FC1C149AFBF4C8996FB92427AE41E4649B934CA495991B7852B855","0"
"coq/V70_TREE_MIRROR_013.vos","E3B0C44298FC1C149AFBF4C8996FB92427AE41E4649B934CA495991B7852B855","0"
"coq/V70_TREE_MIRROR_014.glob","0BD846151A814C49558B14A74767442359A5706143BBC7D595E3D7AD2B8F649E","3060"
"coq/V70_TREE_MIRROR_014.v","C84FD556471A9A45E57B0FF53A7A6A7588773C07903DDF9A911AB20CA2B5DEAE","933"
"coq/V70_TREE_MIRROR_014.vo","491D1C89BD331CB0A03D58066BF89D463C5CFE81D7536B3DA939F47E92F3CE65","11989"
"coq/V70_TREE_MIRROR_014.vok","E3B0C44298FC1C149AFBF4C8996FB92427AE41E4649B934CA495991B7852B855","0"
"coq/V70_TREE_MIRROR_014.vos","E3B0C44298FC1C149AFBF4C8996FB92427AE41E4649B934CA495991B7852B855","0"
"coq/V70_TREE_MIRROR_015.glob","56D29A49FF3EFB8C8F4FA9AC44984BB307D49C06F648F17BCBD9235E1E35945E","3060"
"coq/V70_TREE_MIRROR_015.v","617819E80CFFBB329E58A9663A2974F1F83B870962FE1832E637315EAB06F1D3","933"
"coq/V70_TREE_MIRROR_015.vo","08AC888072C10F8EF213AE4ECF2CB49B525894FD9691AFE89EC8AA377E378137","11989"
"coq/V70_TREE_MIRROR_015.vok","E3B0C44298FC1C149AFBF4C8996FB92427AE41E4649B934CA495991B7852B855","0"
"coq/V70_TREE_MIRROR_015.vos","E3B0C44298FC1C149AFBF4C8996FB92427AE41E4649B934CA495991B7852B855","0"
"coq/V70_TREE_MIRROR_016.glob","80057007D2D4E058842465343EAEDB7049812C9BF98A042A8A1AB31ECB69CE52","3060"
"coq/V70_TREE_MIRROR_016.v","4BD81D9D82ADE9BB9595A16D9645B8956A51AEB3D64FBDC2A9737B9943FD40A5","933"
"coq/V70_TREE_MIRROR_016.vo","36C943F1280A965ECD72A98DC11D0A58AEA4C5B1C1FA2B5432228E6AF4A52EFA","11989"
"coq/V70_TREE_MIRROR_016.vok","E3B0C44298FC1C149AFBF4C8996FB92427AE41E4649B934CA495991B7852B855","0"
"coq/V70_TREE_MIRROR_016.vos","E3B0C44298FC1C149AFBF4C8996FB92427AE41E4649B934CA495991B7852B855","0"
"coq/V70_TREE_MIRROR_017.glob","9DBD3345312EAE498FD146B0BEA51ADB952B3E60650ABCEE31AFA163116DE244","3060"
"coq/V70_TREE_MIRROR_017.v","0801E264152A4BFBDBDEE8E285D9B4477DB4279FFFF44D8CA1A0B707A1F02663","933"
"coq/V70_TREE_MIRROR_017.vo","C5153FCF780E26E73DA0DE6351F02359ACE385508B48E799380DE72B0A68C0F5","11989"
"coq/V70_TREE_MIRROR_017.vok","E3B0C44298FC1C149AFBF4C8996FB92427AE41E4649B934CA495991B7852B855","0"
"coq/V70_TREE_MIRROR_017.vos","E3B0C44298FC1C149AFBF4C8996FB92427AE41E4649B934CA495991B7852B855","0"
"coq/V70_TREE_MIRROR_018.glob","5E42D1F5B55F44EA0B6162C8261C0181C6EE14498D24F4A211BE63E7C3453871","3060"
"coq/V70_TREE_MIRROR_018.v","1676BACDD5D9C1A27B3701F56B0F6F4FCEBDF9ACFBB9FE7A6732DCB935D526F4","933"
"coq/V70_TREE_MIRROR_018.vo","802DE356ABC677387CA13ACC02DC117F15C178BA11E06F3AF0C9F41B12BEF7CE","11989"
"coq/V70_TREE_MIRROR_018.vok","E3B0C44298FC1C149AFBF4C8996FB92427AE41E4649B934CA495991B7852B855","0"
"coq/V70_TREE_MIRROR_018.vos","E3B0C44298FC1C149AFBF4C8996FB92427AE41E4649B934CA495991B7852B855","0"
"coq/V70_TREE_MIRROR_019.glob","6AB99E0A3F59662C8E63CB41536405EBDF86B56BC3F1498B447A29620F88CD32","3060"
"coq/V70_TREE_MIRROR_019.v","C0027F0D173792ADBC909BFB4DC6DB5FCFFF274A415D99FE34967C4B17039DD3","933"
"coq/V70_TREE_MIRROR_019.vo","2BBD1104BECD8C883721CBF6379EC68A3FCC141697B51B3E21019506509AA1D6","11989"
"coq/V70_TREE_MIRROR_019.vok","E3B0C44298FC1C149AFBF4C8996FB92427AE41E4649B934CA495991B7852B855","0"
"coq/V70_TREE_MIRROR_019.vos","E3B0C44298FC1C149AFBF4C8996FB92427AE41E4649B934CA495991B7852B855","0"
"coq/V70_TREE_MIRROR_020.glob","692FC1370995ECBCF79DBFBD6CF01C0D10E9FB7E400EE53A40313CFD5A278FB4","3060"
"coq/V70_TREE_MIRROR_020.v","8DA22D06A2179AF3A43DE6128E1F1963D3F97410BD86344F145305AE3405FCB3","933"
"coq/V70_TREE_MIRROR_020.vo","0A0AFCEFB391A24E384B26D1B3791E5CF67F4C7E1ED1843863C2518EF28D8251","11989"
"coq/V70_TREE_MIRROR_020.vok","E3B0C44298FC1C149AFBF4C8996FB92427AE41E4649B934CA495991B7852B855","0"
"coq/V70_TREE_MIRROR_020.vos","E3B0C44298FC1C149AFBF4C8996FB92427AE41E4649B934CA495991B7852B855","0"
"coq/V70_TREE_MIRROR_021.glob","B99B61BC28B552B2F36E7E1BDD944417E5794950C177909232246DE985AC1646","3060"
"coq/V70_TREE_MIRROR_021.v","1A71BB44C265A02EF65036CBA3FE689C554BE17C3DBB420093BAEC8387C730B4","933"
"coq/V70_TREE_MIRROR_021.vo","6807616B4DF4FB79167C76DD03C7FD42944B02B84124B8EDCB2839444A44A61B","11989"
"coq/V70_TREE_MIRROR_021.vok","E3B0C44298FC1C149AFBF4C8996FB92427AE41E4649B934CA495991B7852B855","0"
"coq/V70_TREE_MIRROR_021.vos","E3B0C44298FC1C149AFBF4C8996FB92427AE41E4649B934CA495991B7852B855","0"
"coq/V70_TREE_MIRROR_022.glob","8D7F99AE64016627538508B2E6F2DAC96751613D0437D90169E699F7084C077B","3060"
"coq/V70_TREE_MIRROR_022.v","20FBB0983E3EA4549C51D1840A1EDC4601140159D84D91BEA514DDB8475B8F6D","933"
"coq/V70_TREE_MIRROR_022.vo","6BD203010F667DE31FC3DB4C0174EC22DCDCE0D4C343032EA897C0E3537FA36A","11989"
"coq/V70_TREE_MIRROR_022.vok","E3B0C44298FC1C149AFBF4C8996FB92427AE41E4649B934CA495991B7852B855","0"
"coq/V70_TREE_MIRROR_022.vos","E3B0C44298FC1C149AFBF4C8996FB92427AE41E4649B934CA495991B7852B855","0"
"coq/V70_TREE_MIRROR_023.glob","3696EA28180DEA68349571C71DECF381E8E32BB67BFF17FE322CA8EA684A7E93","3060"
"coq/V70_TREE_MIRROR_023.v","66724D90C61E17600FA6246410A419BEAC76EA6B6801FE4636A9DA0D312454A9","933"
"coq/V70_TREE_MIRROR_023.vo","D523450FD277413574BC90CA3EDF6EB375AA15934F9E84B13CD04B4C2465737C","11989"
"coq/V70_TREE_MIRROR_023.vok","E3B0C44298FC1C149AFBF4C8996FB92427AE41E4649B934CA495991B7852B855","0"
"coq/V70_TREE_MIRROR_023.vos","E3B0C44298FC1C149AFBF4C8996FB92427AE41E4649B934CA495991B7852B855","0"
"coq/V70_TREE_MIRROR_024.glob","E16B3169FA5F471E80B07DEB71A17AF97510B904B08F18271D84DE70D327345C","3060"
"coq/V70_TREE_MIRROR_024.v","1F08273B48907BD0608702A0E47D81F1C612DBD3BE0731F6018DCB63CC6F40F4","933"
"coq/V70_TREE_MIRROR_024.vo","46B09557A3E2A8E113E98712607ACCC09FD65583CF0BD63B1BBAFF06583B1026","11989"
"coq/V70_TREE_MIRROR_024.vok","E3B0C44298FC1C149AFBF4C8996FB92427AE41E4649B934CA495991B7852B855","0"
"coq/V70_TREE_MIRROR_024.vos","E3B0C44298FC1C149AFBF4C8996FB92427AE41E4649B934CA495991B7852B855","0"
"coq/V70_TREE_MIRROR_025.glob","EBDDFC256FCA6AD89602C9CACDB2C6FB946AF67F51314FBBB7906ADB676196E4","3060"
"coq/V70_TREE_MIRROR_025.v","80DAD858F2478FE57CBCA482F3A42C42ECB250A47337B0569F45B1051FDC043D","933"
"coq/V70_TREE_MIRROR_025.vo","A6CBEF3C2B9962B947C203A080E52956C1C219ACE977212C5D8DFAAB189FD81E","11989"
"coq/V70_TREE_MIRROR_025.vok","E3B0C44298FC1C149AFBF4C8996FB92427AE41E4649B934CA495991B7852B855","0"
"coq/V70_TREE_MIRROR_025.vos","E3B0C44298FC1C149AFBF4C8996FB92427AE41E4649B934CA495991B7852B855","0"
"coq/V70_TREE_MIRROR_026.glob","BC31BB8BE756527AFBDA4C5DA42D1C8ACA141AE61390E57D636810D3F6C8F586","3060"
"coq/V70_TREE_MIRROR_026.v","34B3565E04518C786E4004731E3BBD98680E8E3794A1A0AE3D05DC183CC6A7EB","933"
"coq/V70_TREE_MIRROR_026.vo","C2BBE456BE057670971686174585B62B7DA3D6AB4D003C2C8E468BE79DBF7844","11989"
"coq/V70_TREE_MIRROR_026.vok","E3B0C44298FC1C149AFBF4C8996FB92427AE41E4649B934CA495991B7852B855","0"
"coq/V70_TREE_MIRROR_026.vos","E3B0C44298FC1C149AFBF4C8996FB92427AE41E4649B934CA495991B7852B855","0"
"coq/V70_TREE_MIRROR_027.glob","1012F62BBCEB81F31BB30B067F1DBD6B37CBFC6845684712DC4C0C9146ECCC15","3060"
"coq/V70_TREE_MIRROR_027.v","BE0A0F5830032B2B60BA091358C58658C6ECCE0D83EFA893AD442F64296F17E2","933"
"coq/V70_TREE_MIRROR_027.vo","9D5AADE6E4B208C0336FEFF5D1E96CE1E5911F02921A42A287E2D88D73281902","11989"
"coq/V70_TREE_MIRROR_027.vok","E3B0C44298FC1C149AFBF4C8996FB92427AE41E4649B934CA495991B7852B855","0"
"coq/V70_TREE_MIRROR_027.vos","E3B0C44298FC1C149AFBF4C8996FB92427AE41E4649B934CA495991B7852B855","0"
"coq/V70_TREE_MIRROR_028.glob","ADC21428490D9E7961FB301E43B6C7D776DCEFE85416D22BB3B221EB8FE73E52","3060"
"coq/V70_TREE_MIRROR_028.v","2333F4EAE9B02AEA1CCC8BA88CBA236CA11132DD215EEE54EAB7FD88223AF3C5","933"
"coq/V70_TREE_MIRROR_028.vo","FCAF698C072A7A51F38E1761AF742CB5528327172E0BE989F46DF20621486C7B","11989"
"coq/V70_TREE_MIRROR_028.vok","E3B0C44298FC1C149AFBF4C8996FB92427AE41E4649B934CA495991B7852B855","0"
"coq/V70_TREE_MIRROR_028.vos","E3B0C44298FC1C149AFBF4C8996FB92427AE41E4649B934CA495991B7852B855","0"
"coq/V70_TREE_MIRROR_029.glob","194D08F47122173BD9C67F2E5ACFC67C1A0B13BD6EA74772E73E6A18260DA6C9","3060"
"coq/V70_TREE_MIRROR_029.v","4615A51C9DCC27B9C1E3F1843E0110F364D959AB1FAD9A722D9ACFA65145DD01","933"
"coq/V70_TREE_MIRROR_029.vo","C192E729292493A8744DB03FB3889642E65F6546BD43802C5E4C80D779DF38EA","11989"
"coq/V70_TREE_MIRROR_029.vok","E3B0C44298FC1C149AFBF4C8996FB92427AE41E4649B934CA495991B7852B855","0"
"coq/V70_TREE_MIRROR_029.vos","E3B0C44298FC1C149AFBF4C8996FB92427AE41E4649B934CA495991B7852B855","0"
"coq/V70_TREE_MIRROR_030.glob","8E2CFCC3A6FFDBC69F7DB54D86C2D2BF52FDECD181395B28E693B6D5D8BE4C5E","3060"
"coq/V70_TREE_MIRROR_030.v","90ACFAC76FC1486CBB72CA7B70CE26F096CCA26C2C582A5533C7E7FF9028B281","933"
"coq/V70_TREE_MIRROR_030.vo","715031B9FCC2CACE169A7899AA1906C2E426D7E98355F77A0AB1DD59F1FA85EE","11989"
"coq/V70_TREE_MIRROR_030.vok","E3B0C44298FC1C149AFBF4C8996FB92427AE41E4649B934CA495991B7852B855","0"
"coq/V70_TREE_MIRROR_030.vos","E3B0C44298FC1C149AFBF4C8996FB92427AE41E4649B934CA495991B7852B855","0"
"coq/V70_TREE_MIRROR_031.glob","FE459C927380AECEFAD338F24A09094B86435E9A7B8CD552ABDFD34B5F222B8D","3060"
"coq/V70_TREE_MIRROR_031.v","BD46639250EC0E13C9C43E14618F205F3D60C91FAF98DD79A8C519BE4A1C0606","933"
"coq/V70_TREE_MIRROR_031.vo","A578330670E16D426BE2F297452E74D260DD3B725333859D4D4C60DE2623DB8E","11989"
"coq/V70_TREE_MIRROR_031.vok","E3B0C44298FC1C149AFBF4C8996FB92427AE41E4649B934CA495991B7852B855","0"
"coq/V70_TREE_MIRROR_031.vos","E3B0C44298FC1C149AFBF4C8996FB92427AE41E4649B934CA495991B7852B855","0"
"coq/V70_TREE_MIRROR_032.glob","3FE2752990B51E32EF25C1FAD7E30098752C9B9AE1BE02C017608DC4AB7FB132","3060"
"coq/V70_TREE_MIRROR_032.v","B37D78AE8A40ADE83FE6806FF6D06EC98A64D8E93B4A9602354FAECDAFD2E85E","933"
"coq/V70_TREE_MIRROR_032.vo","2EF4C42DAF855D2FBEFCB577217C9D34AFC1AF3D717D30D4F1FF1538C109C965","11989"
"coq/V70_TREE_MIRROR_032.vok","E3B0C44298FC1C149AFBF4C8996FB92427AE41E4649B934CA495991B7852B855","0"
"coq/V70_TREE_MIRROR_032.vos","E3B0C44298FC1C149AFBF4C8996FB92427AE41E4649B934CA495991B7852B855","0"
"coq/V70_TREE_MIRROR_033.glob","ED3D66507A76C29F4FFB828F40D12FDADC147901C132985F663605288514F85E","3060"
"coq/V70_TREE_MIRROR_033.v","9C1D5ECDF55FDABD6A91BD94DF367B01B914DA280C5D118C09B74192EFFC95E2","933"
"coq/V70_TREE_MIRROR_033.vo","BE5D86A16DBF3C08E282FC24A23BCA883B5042B623D475C1EE935D5EC79DFECD","11989"
"coq/V70_TREE_MIRROR_033.vok","E3B0C44298FC1C149AFBF4C8996FB92427AE41E4649B934CA495991B7852B855","0"
"coq/V70_TREE_MIRROR_033.vos","E3B0C44298FC1C149AFBF4C8996FB92427AE41E4649B934CA495991B7852B855","0"
"coq/V70_TREE_MIRROR_034.glob","0AB0B9162A3E159D513902F545ED5E9B01B95D33BA907538B59ADFC4DCB81EC6","3060"
"coq/V70_TREE_MIRROR_034.v","2DB33FAC73BDF8755DBF3D43D8B0274CE2C70A711BCAFB2350A5575D605BBE5F","933"
"coq/V70_TREE_MIRROR_034.vo","F84B685E660E7D84BE5F138C2969261C884CF02910E51D95D0F62820F730E76C","11989"
"coq/V70_TREE_MIRROR_034.vok","E3B0C44298FC1C149AFBF4C8996FB92427AE41E4649B934CA495991B7852B855","0"
"coq/V70_TREE_MIRROR_034.vos","E3B0C44298FC1C149AFBF4C8996FB92427AE41E4649B934CA495991B7852B855","0"
"coq/V70_TREE_MIRROR_035.glob","92BC1A11A7192E1E44E3427E4BD67BDCA67606D99894C65D9444137E65324387","3060"
"coq/V70_TREE_MIRROR_035.v","1D7528C7BC6E3538E0B50E50634A70FCC6999FCC90AABE4BABFA6BD3C421CC86","933"
"coq/V70_TREE_MIRROR_035.vo","263C61BECAB121782EFB2DFE05A6F34C3AF9D299AA324AF79EE25AFC11A5C40F","11989"
"coq/V70_TREE_MIRROR_035.vok","E3B0C44298FC1C149AFBF4C8996FB92427AE41E4649B934CA495991B7852B855","0"
"coq/V70_TREE_MIRROR_035.vos","E3B0C44298FC1C149AFBF4C8996FB92427AE41E4649B934CA495991B7852B855","0"
"coq/V70_TREE_MIRROR_036.glob","F65101E6D4D1DC6820933757D15067C881C09739A559C899DB97B1FA0CAFE58D","3060"
"coq/V70_TREE_MIRROR_036.v","056D0F1DE9583ED8D27AAE7308C8F5CE30AE4DF468459BED11CAAF4FDFB708DE","933"
"coq/V70_TREE_MIRROR_036.vo","8A2B92A4C0EF39E31B47ED96FC639AA1CA10F41388956353EEB0A459E7B87F8E","11989"
"coq/V70_TREE_MIRROR_036.vok","E3B0C44298FC1C149AFBF4C8996FB92427AE41E4649B934CA495991B7852B855","0"
"coq/V70_TREE_MIRROR_036.vos","E3B0C44298FC1C149AFBF4C8996FB92427AE41E4649B934CA495991B7852B855","0"
"coq/V70_TREE_MIRROR_037.glob","52582F10A3A8B4C925E3F8C3871B8CDA17121CD679E3F9141B55DF5F53B463BB","3060"
"coq/V70_TREE_MIRROR_037.v","A11037CC98534D714FC0E791F40DECD39544D8E00D0211971DEADEBB3DC0C60C","933"
"coq/V70_TREE_MIRROR_037.vo","08CB19D67482B4A53079FEC76589EEF76149FD3C92C88F8F0097BCBDD0E1D5BA","11989"
"coq/V70_TREE_MIRROR_037.vok","E3B0C44298FC1C149AFBF4C8996FB92427AE41E4649B934CA495991B7852B855","0"
"coq/V70_TREE_MIRROR_037.vos","E3B0C44298FC1C149AFBF4C8996FB92427AE41E4649B934CA495991B7852B855","0"
"coq/V70_TREE_MIRROR_038.glob","8A2E854AAC7B77E477386C901D736D5C2C96892B64C22D5E74FE21E30CB6FB04","3060"
"coq/V70_TREE_MIRROR_038.v","3ADDACCDA6D3F154DE1E7EE3B920E12D9A9E59D510A6E99D4A48DE2D7F7F647C","933"
"coq/V70_TREE_MIRROR_038.vo","E35CC7F4B0094B5C13D8479B4246D16D93850C54B79D02BA412E1407EE2BE42A","11989"
"coq/V70_TREE_MIRROR_038.vok","E3B0C44298FC1C149AFBF4C8996FB92427AE41E4649B934CA495991B7852B855","0"
"coq/V70_TREE_MIRROR_038.vos","E3B0C44298FC1C149AFBF4C8996FB92427AE41E4649B934CA495991B7852B855","0"
"coq/V70_TREE_MIRROR_039.glob","AE6B3C9AD2629EE1B911FD37F382025027F88EABC05512DE8351184DFA06BF50","3060"
"coq/V70_TREE_MIRROR_039.v","12BD98E9C7A59BC0AAF7CFE07555B17CDCD68C15A4B80A932764530E6FDE42F6","933"
"coq/V70_TREE_MIRROR_039.vo","5386C0163F86FB05874E881226B113730547F860E9C0223D8B645479BEBE8404","11989"
"coq/V70_TREE_MIRROR_039.vok","E3B0C44298FC1C149AFBF4C8996FB92427AE41E4649B934CA495991B7852B855","0"
"coq/V70_TREE_MIRROR_039.vos","E3B0C44298FC1C149AFBF4C8996FB92427AE41E4649B934CA495991B7852B855","0"
"coq/V70_TREE_MIRROR_040.glob","31D06EC84E4E98A8B8D97F32FF0328611C709DFF610C66496CFA84E3C0588626","3060"
"coq/V70_TREE_MIRROR_040.v","1F236C64FA2F483A7DCF39F3FA7B1D30B6399AFC2A64334990E9F03CC60638FC","933"
"coq/V70_TREE_MIRROR_040.vo","D96DF4C84CC6B235C861FBB7DC539BDFA8A0D316ADA42B6CF685311CC8BE5BA2","11989"
"coq/V70_TREE_MIRROR_040.vok","E3B0C44298FC1C149AFBF4C8996FB92427AE41E4649B934CA495991B7852B855","0"
"coq/V70_TREE_MIRROR_040.vos","E3B0C44298FC1C149AFBF4C8996FB92427AE41E4649B934CA495991B7852B855","0"
"coq/V70_TREE_MIRROR_041.glob","5CD312AF3B7064CA74E9953BC3E09DE18E04AAA5B35905CB174E3CD0A44F4293","3060"
"coq/V70_TREE_MIRROR_041.v","A6055DB80BC73D437B1207AD1054C04EEB34ACDBE826C1C45EBEE45227DD8018","933"
"coq/V70_TREE_MIRROR_041.vo","1FFA92F42D14E77066B80C7F4BDABFA6EB0C936D84BCDD4694CAC2F36BAEAA0A","11989"
"coq/V70_TREE_MIRROR_041.vok","E3B0C44298FC1C149AFBF4C8996FB92427AE41E4649B934CA495991B7852B855","0"
"coq/V70_TREE_MIRROR_041.vos","E3B0C44298FC1C149AFBF4C8996FB92427AE41E4649B934CA495991B7852B855","0"
"coq/V70_TREE_MIRROR_042.glob","5008133D1A71B9716B7B2FE92104E6E658A27095C385F4ABBC560D914DDF3854","3060"
"coq/V70_TREE_MIRROR_042.v","9B259613EDC8298D0E16512D2579914734B18364ECDE950EDD1639B39D38CC11","933"
"coq/V70_TREE_MIRROR_042.vo","5BAFF67D29FD3BBBE524DD6130A3FFB441F080F9FC9C4E91696E02804D697CC6","11989"
"coq/V70_TREE_MIRROR_042.vok","E3B0C44298FC1C149AFBF4C8996FB92427AE41E4649B934CA495991B7852B855","0"
"coq/V70_TREE_MIRROR_042.vos","E3B0C44298FC1C149AFBF4C8996FB92427AE41E4649B934CA495991B7852B855","0"
"coq/V70_TREE_MIRROR_043.glob","24E9A6EF3EA04ECE1AC84422F9CE959314DCFF3D1C77098E421374895FE92481","3060"
"coq/V70_TREE_MIRROR_043.v","A28AC2275FB39A65156B143DAED3ECB77D76A5F3695F9880234AF02AEDFD9972","933"
"coq/V70_TREE_MIRROR_043.vo","04A35FC606B44FFCB5AD728FF39293A1431E6C36593BFAAB3E659A97EBA0E84B","11989"
"coq/V70_TREE_MIRROR_043.vok","E3B0C44298FC1C149AFBF4C8996FB92427AE41E4649B934CA495991B7852B855","0"
"coq/V70_TREE_MIRROR_043.vos","E3B0C44298FC1C149AFBF4C8996FB92427AE41E4649B934CA495991B7852B855","0"
"coq/V70_TREE_MIRROR_044.glob","2D6A51BC5CAAD911E7F8B517539F899544C19414A81167257EE9545EF91708D4","3060"
"coq/V70_TREE_MIRROR_044.v","044EFC4D3721B2A775127CC1155FDB6CA49B5487C911F2F2C6258968EA56BA09","933"
"coq/V70_TREE_MIRROR_044.vo","7EB69AF0E286C12BFCC79BFAB43C03AF57B06167B39FC66A007B9990C16EBF97","11989"
"coq/V70_TREE_MIRROR_044.vok","E3B0C44298FC1C149AFBF4C8996FB92427AE41E4649B934CA495991B7852B855","0"
"coq/V70_TREE_MIRROR_044.vos","E3B0C44298FC1C149AFBF4C8996FB92427AE41E4649B934CA495991B7852B855","0"
"coq/V70_TREE_MIRROR_045.glob","CACE9E6F4EEC716144AEA4A99E42386E5BF26E8F0871BF680AACD73D452C0C3C","3060"
"coq/V70_TREE_MIRROR_045.v","05D38E2F0DB708C4A537D04AC5CFC4669B6AE8085C979C1CDBCEFAE7C9178134","933"
"coq/V70_TREE_MIRROR_045.vo","3D834F1B09FAC618D133069E4ED6DB696C5891D8E25E7E4181731503D811D55B","11989"
"coq/V70_TREE_MIRROR_045.vok","E3B0C44298FC1C149AFBF4C8996FB92427AE41E4649B934CA495991B7852B855","0"
"coq/V70_TREE_MIRROR_045.vos","E3B0C44298FC1C149AFBF4C8996FB92427AE41E4649B934CA495991B7852B855","0"
"coq/V70_TREE_MIRROR_046.glob","88C9883335BF615CEF21E8226183AB18F59093D4CA2037FA6044D6E604D88A4B","3060"
"coq/V70_TREE_MIRROR_046.v","F08C6EBCAC7E1B6C3C0AD79408C915EAFDF084A19F92166561EA21A04E23F422","933"
"coq/V70_TREE_MIRROR_046.vo","106F47208E954A4CB5169B86D37ECC9F1032DDE96767C495695D2A816E873E0D","11989"
"coq/V70_TREE_MIRROR_046.vok","E3B0C44298FC1C149AFBF4C8996FB92427AE41E4649B934CA495991B7852B855","0"
"coq/V70_TREE_MIRROR_046.vos","E3B0C44298FC1C149AFBF4C8996FB92427AE41E4649B934CA495991B7852B855","0"
"coq/V70_TREE_MIRROR_047.glob","6EF39758E2691EFD5E317545DFB90D9D82083CE43A5DDF6525FE597252D7FD94","3060"
"coq/V70_TREE_MIRROR_047.v","19DAAA3056BA39751BA840693EAF056986C05270DE01EDF7902EBCDFCAF28A99","933"
"coq/V70_TREE_MIRROR_047.vo","D902BEB8A37DD2E762D0D5429E4B3C39ACE80BF7E75215DF8D66740A3EF14413","11989"
"coq/V70_TREE_MIRROR_047.vok","E3B0C44298FC1C149AFBF4C8996FB92427AE41E4649B934CA495991B7852B855","0"
"coq/V70_TREE_MIRROR_047.vos","E3B0C44298FC1C149AFBF4C8996FB92427AE41E4649B934CA495991B7852B855","0"
"coq/V70_TREE_MIRROR_048.glob","2345DCDC98E65A4B58B2CB23FE74815FA9FE744FEFA4B8C79D5D0429DEE11AD4","3060"
"coq/V70_TREE_MIRROR_048.v","2FC513BF0EA3282A0E91BE66C805B7023410BD0203D9F1ACA6F26219432848B9","933"
"coq/V70_TREE_MIRROR_048.vo","62D96FD988335D17408C9C326BC74A24C3EE092725A3FC6F83417A9473E1E4FF","11989"
"coq/V70_TREE_MIRROR_048.vok","E3B0C44298FC1C149AFBF4C8996FB92427AE41E4649B934CA495991B7852B855","0"
"coq/V70_TREE_MIRROR_048.vos","E3B0C44298FC1C149AFBF4C8996FB92427AE41E4649B934CA495991B7852B855","0"
"coq/V70_TREE_MIRROR_049.glob","1C804DB491A453CEF59509852B00EC8FB2DA48B490CE3FA0DF7FACB4E85DBC2C","3060"
"coq/V70_TREE_MIRROR_049.v","F00F3365F5335D808DA458A27D2DBC4E9F9F1F936A8A9F610455EB1307EF86E8","933"
"coq/V70_TREE_MIRROR_049.vo","86ACF49246BFC04054EF81C11E10B864BAFDFF42B8DB0D74A2D78D7E1F844B26","11989"
"coq/V70_TREE_MIRROR_049.vok","E3B0C44298FC1C149AFBF4C8996FB92427AE41E4649B934CA495991B7852B855","0"
"coq/V70_TREE_MIRROR_049.vos","E3B0C44298FC1C149AFBF4C8996FB92427AE41E4649B934CA495991B7852B855","0"
"coq/V70_TREE_MIRROR_050.glob","3E171624772996247EAB4E9220027DB5E675F67585E60D516EE952414C05847F","3060"
"coq/V70_TREE_MIRROR_050.v","A7F76EFEF77CF076347BEAAE6A38F5AF20BFB0D14422AE49F184C581E81BF2D9","933"
"coq/V70_TREE_MIRROR_050.vo","2112F67CA507B065778A53F49D3DC1C0A14B7C376C2EB42D00D3CA49A6CEBE80","11989"
"coq/V70_TREE_MIRROR_050.vok","E3B0C44298FC1C149AFBF4C8996FB92427AE41E4649B934CA495991B7852B855","0"
"coq/V70_TREE_MIRROR_050.vos","E3B0C44298FC1C149AFBF4C8996FB92427AE41E4649B934CA495991B7852B855","0"
"coq/V70_TREE_MIRROR_051.glob","028761CBFDD7F66520D5F8944EFD345EE884B639FE27A546DE9A06863E019933","3060"
"coq/V70_TREE_MIRROR_051.v","F3B01BEA2E0CB570F2E22EC42635F5855B5C0687A1E1340253D0D710956DD417","933"
"coq/V70_TREE_MIRROR_051.vo","659E6596E030A00462758A9A20EAD842C80502053AF4DEEEC479E657BC9CE735","11989"
"coq/V70_TREE_MIRROR_051.vok","E3B0C44298FC1C149AFBF4C8996FB92427AE41E4649B934CA495991B7852B855","0"
"coq/V70_TREE_MIRROR_051.vos","E3B0C44298FC1C149AFBF4C8996FB92427AE41E4649B934CA495991B7852B855","0"
"coq/V70_TREE_MIRROR_052.glob","A0EE42DA1B6C28E80C068667DF016813227FB3DF9F677D27F2F12BD87A15ECEB","3060"
"coq/V70_TREE_MIRROR_052.v","E9331E9AF1642B956F1B19FA8B17520C5931222F6E028C6A6B95A6A94904BFF4","933"
"coq/V70_TREE_MIRROR_052.vo","852290150E7BEBCE50DF496A8136693582CBA6E68CFAC7671CA75585EBB02215","11989"
"coq/V70_TREE_MIRROR_052.vok","E3B0C44298FC1C149AFBF4C8996FB92427AE41E4649B934CA495991B7852B855","0"
"coq/V70_TREE_MIRROR_052.vos","E3B0C44298FC1C149AFBF4C8996FB92427AE41E4649B934CA495991B7852B855","0"
"coq/V70_TREE_MIRROR_053.glob","4470F23E2D77C4EF8E4B1EE2A42C15421B37BDFB38B96D6565250474D649B8A9","3060"
"coq/V70_TREE_MIRROR_053.v","37E867239A1E348FA66DB39570E2BD4CCDAEBD49EB60BB40F4D126640EBBC0F0","933"
"coq/V70_TREE_MIRROR_053.vo","CD2C83A98DF234325FF5011C4A803D125CDB11F88AF36AE46CCF6035A8488B3C","11989"
"coq/V70_TREE_MIRROR_053.vok","E3B0C44298FC1C149AFBF4C8996FB92427AE41E4649B934CA495991B7852B855","0"
"coq/V70_TREE_MIRROR_053.vos","E3B0C44298FC1C149AFBF4C8996FB92427AE41E4649B934CA495991B7852B855","0"
"coq/V70_TREE_MIRROR_054.glob","A93E9B77B5686C67D9E5ABCFFC2563724EF9E2DF2411CA0103D8913B251D2B0E","3060"
"coq/V70_TREE_MIRROR_054.v","EE2DFC076128C1245DC1F339D90A70B67DB9A837A4F45217F64805A0BAE0E237","933"
"coq/V70_TREE_MIRROR_054.vo","D4D0B634C7503A1766AD77B9280A448B137884C971B7AA11C2572D8F39E1A448","11989"
"coq/V70_TREE_MIRROR_054.vok","E3B0C44298FC1C149AFBF4C8996FB92427AE41E4649B934CA495991B7852B855","0"
"coq/V70_TREE_MIRROR_054.vos","E3B0C44298FC1C149AFBF4C8996FB92427AE41E4649B934CA495991B7852B855","0"
"coq/V70_TREE_MIRROR_055.glob","6B11540C38526882C3261C74E52795E8EF34DF12F6DABBBD36A408C7675F3B66","3060"
"coq/V70_TREE_MIRROR_055.v","E6609833BD6B7705E727255F7BC6A1455705E5864E5CA97DC375A362EFB94B42","933"
"coq/V70_TREE_MIRROR_055.vo","475EA62520364D73FB1CDDE49BC519C7B4204023710FAB0F648C154B5687D26F","11989"
"coq/V70_TREE_MIRROR_055.vok","E3B0C44298FC1C149AFBF4C8996FB92427AE41E4649B934CA495991B7852B855","0"
"coq/V70_TREE_MIRROR_055.vos","E3B0C44298FC1C149AFBF4C8996FB92427AE41E4649B934CA495991B7852B855","0"
"coq/V70_TREE_MIRROR_056.glob","489B47D6B81DF86DE5A944EA340DC4EC2860E956F4628A32C25C9BC0DB9A1237","3060"
"coq/V70_TREE_MIRROR_056.v","795915B7FC46B3B7531E175388C6EE4010BDBC9A834730D323F82FB408B957F9","933"
"coq/V70_TREE_MIRROR_056.vo","2B5D573E4AD719DCE348850BAA0DFB3BDA59698B98FC9BFA7495DC41EA762863","11989"
"coq/V70_TREE_MIRROR_056.vok","E3B0C44298FC1C149AFBF4C8996FB92427AE41E4649B934CA495991B7852B855","0"
"coq/V70_TREE_MIRROR_056.vos","E3B0C44298FC1C149AFBF4C8996FB92427AE41E4649B934CA495991B7852B855","0"
"coq/V70_TREE_MIRROR_057.glob","B6EA9E5588F153F1087480C4022DEB994CC06489F910E0506FEE819069E75889","3060"
"coq/V70_TREE_MIRROR_057.v","4EA27B0FA5F9A75052748DF4C822A5BC2F02DFF78EA8045420FE91FBB7EB298F","933"
"coq/V70_TREE_MIRROR_057.vo","139E9E92EBBD1FAE0548FE9CF70A36BC9F424E6C62B571A93401804E800CA14C","11989"
"coq/V70_TREE_MIRROR_057.vok","E3B0C44298FC1C149AFBF4C8996FB92427AE41E4649B934CA495991B7852B855","0"
"coq/V70_TREE_MIRROR_057.vos","E3B0C44298FC1C149AFBF4C8996FB92427AE41E4649B934CA495991B7852B855","0"
"coq/V70_TREE_MIRROR_058.glob","759896FC7118BDC71F02EB3B60555AD15AB6288DCB3C5FA25E47C0957B23D59A","3060"
"coq/V70_TREE_MIRROR_058.v","6C8634F1A369E65079D2D3437185249CBC27E88FFDA91594A1F12DDA2D4376C3","933"
"coq/V70_TREE_MIRROR_058.vo","0B9A0F960A9934A57C191887159A6A3819CD444297A009B3F61383BFFBCF6106","11989"
"coq/V70_TREE_MIRROR_058.vok","E3B0C44298FC1C149AFBF4C8996FB92427AE41E4649B934CA495991B7852B855","0"
"coq/V70_TREE_MIRROR_058.vos","E3B0C44298FC1C149AFBF4C8996FB92427AE41E4649B934CA495991B7852B855","0"
"coq/V70_TREE_MIRROR_059.glob","328C253586E4F06F113418C795CD4530F6BE02B44857307FFDB075C7E1AA2CFD","3060"
"coq/V70_TREE_MIRROR_059.v","AC81378426E89B9EEB70CC83C8566D782AF93A46949210759B0996DDF6D2F734","933"
"coq/V70_TREE_MIRROR_059.vo","DAB47DC865E44F295094367B4DA56C810B704581BDFDE49A3DB508FF26A80014","11989"
"coq/V70_TREE_MIRROR_059.vok","E3B0C44298FC1C149AFBF4C8996FB92427AE41E4649B934CA495991B7852B855","0"
"coq/V70_TREE_MIRROR_059.vos","E3B0C44298FC1C149AFBF4C8996FB92427AE41E4649B934CA495991B7852B855","0"
"coq/V70_TREE_MIRROR_060.glob","1D11D52EDC8AC69DB0E679B959633A8993E5A7BA36D01687E9557423216EC5A0","3060"
"coq/V70_TREE_MIRROR_060.v","755B7F77C6C42778DE1129758C56D7728D3277E12036CF600BDA11735BA54FCD","933"
"coq/V70_TREE_MIRROR_060.vo","93E62F8D9B6358C7AE2298BB2B82B858C49A2F554369FD9F5EA5FA6B1E5057E9","11989"
"coq/V70_TREE_MIRROR_060.vok","E3B0C44298FC1C149AFBF4C8996FB92427AE41E4649B934CA495991B7852B855","0"
"coq/V70_TREE_MIRROR_060.vos","E3B0C44298FC1C149AFBF4C8996FB92427AE41E4649B934CA495991B7852B855","0"
"coq/V70_TREE_MIRROR_061.glob","9B263F14889445C911DC047FBA7BF3A59CAFD2A8B653BA1281CF3103DABE3DEB","3060"
"coq/V70_TREE_MIRROR_061.v","347E0A57B0E803E50EA76302B3C8368E576F4D2791F897BCEBCD2F9617D9E3AA","933"
"coq/V70_TREE_MIRROR_061.vo","B201A443A4DE1251312D72BF2F418DC07135F09C977F56B8AC97595C963F1AF3","11989"
"coq/V70_TREE_MIRROR_061.vok","E3B0C44298FC1C149AFBF4C8996FB92427AE41E4649B934CA495991B7852B855","0"
"coq/V70_TREE_MIRROR_061.vos","E3B0C44298FC1C149AFBF4C8996FB92427AE41E4649B934CA495991B7852B855","0"
"coq/V70_TREE_MIRROR_062.glob","9486FD11ACB29DD918F0A8EE9F3903921B63EF99F183427D7CFC04E8BE6E9388","3060"
"coq/V70_TREE_MIRROR_062.v","2983CD5EFD311AF4916E1CE2CA05D8CAA5F1552A097D8959C7980FDD46BCE012","933"
"coq/V70_TREE_MIRROR_062.vo","28EA2C36917351E2B64D9CE64B570C4F6D9DECF9565EDC2B342527B63F44980E","11989"
"coq/V70_TREE_MIRROR_062.vok","E3B0C44298FC1C149AFBF4C8996FB92427AE41E4649B934CA495991B7852B855","0"
"coq/V70_TREE_MIRROR_062.vos","E3B0C44298FC1C149AFBF4C8996FB92427AE41E4649B934CA495991B7852B855","0"
"coq/V70_TREE_MIRROR_063.glob","07AB0F69D262FB47DA1AACE8B05067C96FFB31F2315C662149773D34D8A57B00","3060"
"coq/V70_TREE_MIRROR_063.v","C8ECA10F67BB4D91445E21BB26BAB31AC1B0F25525071B1F783C05952D9B1FE1","933"
"coq/V70_TREE_MIRROR_063.vo","9D7D0AEF63FC20D5F3F210D518825332DBAB59E8F315DF1C0A635780FAA4406F","11989"
"coq/V70_TREE_MIRROR_063.vok","E3B0C44298FC1C149AFBF4C8996FB92427AE41E4649B934CA495991B7852B855","0"
"coq/V70_TREE_MIRROR_063.vos","E3B0C44298FC1C149AFBF4C8996FB92427AE41E4649B934CA495991B7852B855","0"
"coq/V70_TREE_MIRROR_064.glob","57D44A9B7E79DC4607CBE3DF49D0868ED7471EC893A35947FF4F1CC92A3C3029","3060"
"coq/V70_TREE_MIRROR_064.v","952F43166C295799B303700FF5F02FCFCB8FB37A8482F64BDBCBD4D782D425CF","933"
"coq/V70_TREE_MIRROR_064.vo","3284A3940A201F2862447B20756623BF6664B41FD179B384CD4E844A325A3503","11989"
"coq/V70_TREE_MIRROR_064.vok","E3B0C44298FC1C149AFBF4C8996FB92427AE41E4649B934CA495991B7852B855","0"
"coq/V70_TREE_MIRROR_064.vos","E3B0C44298FC1C149AFBF4C8996FB92427AE41E4649B934CA495991B7852B855","0"
"coq/V70_TREE_MIRROR_065.glob","CA693C5DEFE54F7550FBF07557A3D1126B7743C7BB51999076E2FF63E15ECDC3","3060"
"coq/V70_TREE_MIRROR_065.v","BDE080FBA49CBD97CB7DF34EEF02C7768C1DD52982241BD02200D48FDF795C66","933"
"coq/V70_TREE_MIRROR_065.vo","98274121BBF33A48B1D922B85F16F62E6B36817E61500EAEBBCD9A69BE0CDA28","11989"
"coq/V70_TREE_MIRROR_065.vok","E3B0C44298FC1C149AFBF4C8996FB92427AE41E4649B934CA495991B7852B855","0"
"coq/V70_TREE_MIRROR_065.vos","E3B0C44298FC1C149AFBF4C8996FB92427AE41E4649B934CA495991B7852B855","0"
"coq/V70_TREE_MIRROR_066.glob","A511A18875E44E5097486B296A18F1E5D7129E3731291FABEA77178E7C8E4000","3060"
"coq/V70_TREE_MIRROR_066.v","FA2F85EFF026A00474C6BF9ACAA03B977EC893E6D4DA3A77DD2FD00F541B7B16","933"
"coq/V70_TREE_MIRROR_066.vo","9C0537595525D4A9926696F93EC6EDF910D10F494D8CC1CCE9546C305EC5CC3E","11989"
"coq/V70_TREE_MIRROR_066.vok","E3B0C44298FC1C149AFBF4C8996FB92427AE41E4649B934CA495991B7852B855","0"
"coq/V70_TREE_MIRROR_066.vos","E3B0C44298FC1C149AFBF4C8996FB92427AE41E4649B934CA495991B7852B855","0"
"coq/V70_TREE_MIRROR_067.glob","0CB36B707FB125B76D1179A109E458C3C292B0152618BA4BC4F813472AB48C32","3060"
"coq/V70_TREE_MIRROR_067.v","DF44559ED033FF40AAE6D23BEEC54B84EBB3546127EB9B7CB8B5F53BBCCD841F","933"
"coq/V70_TREE_MIRROR_067.vo","EF856FD48FEEF7E748EA639DFA3800F2F50D902FABDC0121AF76E87B7830D000","11989"
"coq/V70_TREE_MIRROR_067.vok","E3B0C44298FC1C149AFBF4C8996FB92427AE41E4649B934CA495991B7852B855","0"
"coq/V70_TREE_MIRROR_067.vos","E3B0C44298FC1C149AFBF4C8996FB92427AE41E4649B934CA495991B7852B855","0"
"coq/V70_TREE_MIRROR_068.glob","81B9D224A141FD74999F4D933622EF8F30A64D007923DD44A72008E4743AF0DA","3060"
"coq/V70_TREE_MIRROR_068.v","17C8801C1C7AE98C93BB875E90BF9A0EFCF453AE28186F624FA1680510992A9C","933"
"coq/V70_TREE_MIRROR_068.vo","BBC7E23A71A15C3BF417C1B370EB4B4FE82BD4F4ACD2DCF51897B423853B3DEF","11989"
"coq/V70_TREE_MIRROR_068.vok","E3B0C44298FC1C149AFBF4C8996FB92427AE41E4649B934CA495991B7852B855","0"
"coq/V70_TREE_MIRROR_068.vos","E3B0C44298FC1C149AFBF4C8996FB92427AE41E4649B934CA495991B7852B855","0"
"coq/V70_TREE_MIRROR_069.glob","1AC2E98D416F9F658DBDF34111BA3C2DFFBC1B3DC8EF40C76230B528F7506737","3060"
"coq/V70_TREE_MIRROR_069.v","16DAC171257E3DC96641CE2310220BC2E6BD89B57A4389DC469521659906716C","933"
"coq/V70_TREE_MIRROR_069.vo","F9FF3624DE6BB62332854D4DA6F43EDB325D2C60E43BF4D0512E91A9A3676662","11989"
"coq/V70_TREE_MIRROR_069.vok","E3B0C44298FC1C149AFBF4C8996FB92427AE41E4649B934CA495991B7852B855","0"
"coq/V70_TREE_MIRROR_069.vos","E3B0C44298FC1C149AFBF4C8996FB92427AE41E4649B934CA495991B7852B855","0"
"coq/V70_TREE_MIRROR_070.glob","D62BAF79F67DEEC750B34D0A07E0A24C2A47E52487A7E488F876CA5A483CEB6D","3060"
"coq/V70_TREE_MIRROR_070.v","6A599004B9E09F6AA6B3258635207FD7851CED105258DC9BFCBB8F8CA1207427","933"
"coq/V70_TREE_MIRROR_070.vo","DC7C7CF515A1621E17B3D62822678E08936C39726C6EE9322BCFF2BA4CD7AF91","11989"
"coq/V70_TREE_MIRROR_070.vok","E3B0C44298FC1C149AFBF4C8996FB92427AE41E4649B934CA495991B7852B855","0"
"coq/V70_TREE_MIRROR_070.vos","E3B0C44298FC1C149AFBF4C8996FB92427AE41E4649B934CA495991B7852B855","0"
"coq/V70_TREE_MIRROR_071.glob","716A9B3EF5DE53AD22D0098A5ADE5FB2230E328B4386023B517AF1E94390EE4E","3060"
"coq/V70_TREE_MIRROR_071.v","0711639957A2BBFF2EA15E441486F0E6D63846CA20F802A6E309079789EAC806","933"
"coq/V70_TREE_MIRROR_071.vo","480D9163C2F7AC1C05D928521DF78F495AC318A1899BA05EDA3FD17B3EEC7DEA","11989"
"coq/V70_TREE_MIRROR_071.vok","E3B0C44298FC1C149AFBF4C8996FB92427AE41E4649B934CA495991B7852B855","0"
"coq/V70_TREE_MIRROR_071.vos","E3B0C44298FC1C149AFBF4C8996FB92427AE41E4649B934CA495991B7852B855","0"
"coq/V70_TREE_MIRROR_072.glob","103697DCDE113F4EE712A5E39519CB46108ED30EA949FB40B26CAE0D1B1D5E31","3060"
"coq/V70_TREE_MIRROR_072.v","31350FA877382D53EE67579991855D42B2F4F376F09F1EE2E670FF566AABEFAB","933"
"coq/V70_TREE_MIRROR_072.vo","D1137AD3F9C3F7ABA61D3E106C9FB1D7716CFFDA2347CEDE6CE690A4DD0103EB","11989"
"coq/V70_TREE_MIRROR_072.vok","E3B0C44298FC1C149AFBF4C8996FB92427AE41E4649B934CA495991B7852B855","0"
"coq/V70_TREE_MIRROR_072.vos","E3B0C44298FC1C149AFBF4C8996FB92427AE41E4649B934CA495991B7852B855","0"
"coq/V70_TREE_MIRROR_073.glob","C292CAE9F422E70A6164D133E16FD5ED94CF1449AE7E7D19DE4537FAA86BF1B8","3060"
"coq/V70_TREE_MIRROR_073.v","C79407AC2074FD977EB424532D7A3483880ECD2CF62674C8B8AC0DC476B5FC11","933"
"coq/V70_TREE_MIRROR_073.vo","7504E9101927B1266E0A0D14232E7EEBDD2D75F7818A4E2803A274199F91D0B3","11989"
"coq/V70_TREE_MIRROR_073.vok","E3B0C44298FC1C149AFBF4C8996FB92427AE41E4649B934CA495991B7852B855","0"
"coq/V70_TREE_MIRROR_073.vos","E3B0C44298FC1C149AFBF4C8996FB92427AE41E4649B934CA495991B7852B855","0"
"coq/V70_TREE_MIRROR_074.glob","14282F1798657746BA2A0A1B144D22B2017EA266F4E6E81AF59DAC28A434BA8B","3060"
"coq/V70_TREE_MIRROR_074.v","DDE70F9B2225BEC545850F59F67649F6BED2450776CEAFE94D14FA281AAD85A2","933"
"coq/V70_TREE_MIRROR_074.vo","54BA2F7BFCE93FFC710E3804B57716A112DD84FC36C9AEE6076BC42D94F59F52","11989"
"coq/V70_TREE_MIRROR_074.vok","E3B0C44298FC1C149AFBF4C8996FB92427AE41E4649B934CA495991B7852B855","0"
"coq/V70_TREE_MIRROR_074.vos","E3B0C44298FC1C149AFBF4C8996FB92427AE41E4649B934CA495991B7852B855","0"
"coq/V70_TREE_MIRROR_075.glob","2D4AAF06EB25D578A8007A61E32467A8FE700591E34C8FCBE3E897BC1EF9B4E7","3060"
"coq/V70_TREE_MIRROR_075.v","D7E8673FD59DA05C79AA2100798FB681EBEA7F5C1985F615EA28F4A54250B467","933"
"coq/V70_TREE_MIRROR_075.vo","298428EDF6E95DB663EFA30A706C752119BD13F1E36F141E449ACBD760AB3B30","11989"
"coq/V70_TREE_MIRROR_075.vok","E3B0C44298FC1C149AFBF4C8996FB92427AE41E4649B934CA495991B7852B855","0"
"coq/V70_TREE_MIRROR_075.vos","E3B0C44298FC1C149AFBF4C8996FB92427AE41E4649B934CA495991B7852B855","0"
"coq/V70_TREE_MIRROR_076.glob","E75E90D1855932242B6AF7357F212DC3294D1114D7656D0CE75469EB2DC32BDD","3060"
"coq/V70_TREE_MIRROR_076.v","12054EC53DF9EDA55CCCBA6C85D83989DA51487C68FC5E6E06B806431586BA8B","933"
"coq/V70_TREE_MIRROR_076.vo","CF8DBECBD2AB71BFF7ABE973AFA5D69A20DA7E67C0F8E15F37C27C05902C8C47","11989"
"coq/V70_TREE_MIRROR_076.vok","E3B0C44298FC1C149AFBF4C8996FB92427AE41E4649B934CA495991B7852B855","0"
"coq/V70_TREE_MIRROR_076.vos","E3B0C44298FC1C149AFBF4C8996FB92427AE41E4649B934CA495991B7852B855","0"
"coq/V70_TREE_MIRROR_077.glob","65B9CBF6A7C3EDB67900BF2F027EFADD79B669B0344428CF85595DC54F5834A7","3060"
"coq/V70_TREE_MIRROR_077.v","4316684CF474034C3B450AF48C12110799C481D375D9E26108D8EF7A229DDB25","933"
"coq/V70_TREE_MIRROR_077.vo","AD2FA3AB9F51BDE992F6E629F06254DD794B758657C8E07318C1F97733C99062","11989"
"coq/V70_TREE_MIRROR_077.vok","E3B0C44298FC1C149AFBF4C8996FB92427AE41E4649B934CA495991B7852B855","0"
"coq/V70_TREE_MIRROR_077.vos","E3B0C44298FC1C149AFBF4C8996FB92427AE41E4649B934CA495991B7852B855","0"
"coq/V70_TREE_MIRROR_078.glob","346A8C22ED784C4EE822D224ACB9C710F7266B6280D86AC4CCC9C0694FC26621","3060"
"coq/V70_TREE_MIRROR_078.v","08666E671FF41E9C915F90EE7D1CCE002EFD71768267A6857F250F2EFC4BB4EF","933"
"coq/V70_TREE_MIRROR_078.vo","0E26DFB7F99A5E3059DF7E2338A11B6EA363AB1FFD37E5A2A7A62E3A865924A5","11989"
"coq/V70_TREE_MIRROR_078.vok","E3B0C44298FC1C149AFBF4C8996FB92427AE41E4649B934CA495991B7852B855","0"
"coq/V70_TREE_MIRROR_078.vos","E3B0C44298FC1C149AFBF4C8996FB92427AE41E4649B934CA495991B7852B855","0"
"coq/V70_TREE_MIRROR_079.glob","376E3227E5C8EEF6B6B96B31035417D0D42F8D81D87E1BDAB8D7BB0246267A15","3060"
"coq/V70_TREE_MIRROR_079.v","083F128A951ACF32AC520C396C0F79BDE84D958B9550C96CA26E0FAB8958362E","933"
"coq/V70_TREE_MIRROR_079.vo","B0C3A363FB3FCECD3B49350CD62A192D3E7EF89941AD83E3F78F42682C9EF9D3","11989"
"coq/V70_TREE_MIRROR_079.vok","E3B0C44298FC1C149AFBF4C8996FB92427AE41E4649B934CA495991B7852B855","0"
"coq/V70_TREE_MIRROR_079.vos","E3B0C44298FC1C149AFBF4C8996FB92427AE41E4649B934CA495991B7852B855","0"
"coq/V70_TREE_MIRROR_080.glob","D221B1500A1BD5B7B56E3FCF4A65ADDFB450DF9497799F4E600711E7BF6BB60D","3060"
"coq/V70_TREE_MIRROR_080.v","E0A25D72014D1067D63940E8E68EC6695FF2E6EEE8D4D70DC26C06305968082F","933"
"coq/V70_TREE_MIRROR_080.vo","BF53BEAD11B989E9BBD70FFEFFB2A85735DD21FDF313E552DC0D18A8C1E539A1","11989"
"coq/V70_TREE_MIRROR_080.vok","E3B0C44298FC1C149AFBF4C8996FB92427AE41E4649B934CA495991B7852B855","0"
"coq/V70_TREE_MIRROR_080.vos","E3B0C44298FC1C149AFBF4C8996FB92427AE41E4649B934CA495991B7852B855","0"
"logs/environment_probe.txt","A0B4F15DF5FB051F99AC4510D6E2F52BF2E6F598701C0E190A2D0B91E2D7BB39","67"
"logs/plot_v70_third_party_idiom_mix.py","C36D6215DADEA747D855008E860EAB973611E2ED76466976E74291DD9DD2AB90","1920"
"logs/third_party_idiom_mix_family_summary.csv","34460D579AF9B27FA089C2FB4FDDC2EF59870F9A8D7DE9D99BBDE4EBB8A66634","477"
"logs/third_party_idiom_mix_results.csv","FC27A656D47DF7DF12F3B00C6D238E758297388CFCD05E4161E6E2CF87320515","108433"
"logs/third_party_idiom_mix_summary.txt","F0DBFDACF7FDD4C1666145E1D283ECF550D703C4493BBB45B4CFEFE72A619437","335"
"logs/V70_ASSOC_LIST_001.coqc.log","E3B0C44298FC1C149AFBF4C8996FB92427AE41E4649B934CA495991B7852B855","0"
"logs/V70_ASSOC_LIST_002.coqc.log","E3B0C44298FC1C149AFBF4C8996FB92427AE41E4649B934CA495991B7852B855","0"
"logs/V70_ASSOC_LIST_003.coqc.log","E3B0C44298FC1C149AFBF4C8996FB92427AE41E4649B934CA495991B7852B855","0"
"logs/V70_ASSOC_LIST_004.coqc.log","E3B0C44298FC1C149AFBF4C8996FB92427AE41E4649B934CA495991B7852B855","0"
"logs/V70_ASSOC_LIST_005.coqc.log","E3B0C44298FC1C149AFBF4C8996FB92427AE41E4649B934CA495991B7852B855","0"
"logs/V70_ASSOC_LIST_006.coqc.log","E3B0C44298FC1C149AFBF4C8996FB92427AE41E4649B934CA495991B7852B855","0"
"logs/V70_ASSOC_LIST_007.coqc.log","E3B0C44298FC1C149AFBF4C8996FB92427AE41E4649B934CA495991B7852B855","0"
"logs/V70_ASSOC_LIST_008.coqc.log","E3B0C44298FC1C149AFBF4C8996FB92427AE41E4649B934CA495991B7852B855","0"
"logs/V70_ASSOC_LIST_009.coqc.log","E3B0C44298FC1C149AFBF4C8996FB92427AE41E4649B934CA495991B7852B855","0"
"logs/V70_ASSOC_LIST_010.coqc.log","E3B0C44298FC1C149AFBF4C8996FB92427AE41E4649B934CA495991B7852B855","0"
"logs/V70_ASSOC_LIST_011.coqc.log","E3B0C44298FC1C149AFBF4C8996FB92427AE41E4649B934CA495991B7852B855","0"
"logs/V70_ASSOC_LIST_012.coqc.log","E3B0C44298FC1C149AFBF4C8996FB92427AE41E4649B934CA495991B7852B855","0"
"logs/V70_ASSOC_LIST_013.coqc.log","E3B0C44298FC1C149AFBF4C8996FB92427AE41E4649B934CA495991B7852B855","0"
"logs/V70_ASSOC_LIST_014.coqc.log","E3B0C44298FC1C149AFBF4C8996FB92427AE41E4649B934CA495991B7852B855","0"
"logs/V70_ASSOC_LIST_015.coqc.log","E3B0C44298FC1C149AFBF4C8996FB92427AE41E4649B934CA495991B7852B855","0"
"logs/V70_ASSOC_LIST_016.coqc.log","E3B0C44298FC1C149AFBF4C8996FB92427AE41E4649B934CA495991B7852B855","0"
"logs/V70_ASSOC_LIST_017.coqc.log","E3B0C44298FC1C149AFBF4C8996FB92427AE41E4649B934CA495991B7852B855","0"
"logs/V70_ASSOC_LIST_018.coqc.log","E3B0C44298FC1C149AFBF4C8996FB92427AE41E4649B934CA495991B7852B855","0"
"logs/V70_ASSOC_LIST_019.coqc.log","E3B0C44298FC1C149AFBF4C8996FB92427AE41E4649B934CA495991B7852B855","0"
"logs/V70_ASSOC_LIST_020.coqc.log","E3B0C44298FC1C149AFBF4C8996FB92427AE41E4649B934CA495991B7852B855","0"
"logs/V70_ASSOC_LIST_021.coqc.log","E3B0C44298FC1C149AFBF4C8996FB92427AE41E4649B934CA495991B7852B855","0"
"logs/V70_ASSOC_LIST_022.coqc.log","E3B0C44298FC1C149AFBF4C8996FB92427AE41E4649B934CA495991B7852B855","0"
"logs/V70_ASSOC_LIST_023.coqc.log","E3B0C44298FC1C149AFBF4C8996FB92427AE41E4649B934CA495991B7852B855","0"
"logs/V70_ASSOC_LIST_024.coqc.log","E3B0C44298FC1C149AFBF4C8996FB92427AE41E4649B934CA495991B7852B855","0"
"logs/V70_ASSOC_LIST_025.coqc.log","E3B0C44298FC1C149AFBF4C8996FB92427AE41E4649B934CA495991B7852B855","0"
"logs/V70_ASSOC_LIST_026.coqc.log","E3B0C44298FC1C149AFBF4C8996FB92427AE41E4649B934CA495991B7852B855","0"
"logs/V70_ASSOC_LIST_027.coqc.log","E3B0C44298FC1C149AFBF4C8996FB92427AE41E4649B934CA495991B7852B855","0"
"logs/V70_ASSOC_LIST_028.coqc.log","E3B0C44298FC1C149AFBF4C8996FB92427AE41E4649B934CA495991B7852B855","0"
"logs/V70_ASSOC_LIST_029.coqc.log","E3B0C44298FC1C149AFBF4C8996FB92427AE41E4649B934CA495991B7852B855","0"
"logs/V70_ASSOC_LIST_030.coqc.log","E3B0C44298FC1C149AFBF4C8996FB92427AE41E4649B934CA495991B7852B855","0"
"logs/V70_ASSOC_LIST_031.coqc.log","E3B0C44298FC1C149AFBF4C8996FB92427AE41E4649B934CA495991B7852B855","0"
"logs/V70_ASSOC_LIST_032.coqc.log","E3B0C44298FC1C149AFBF4C8996FB92427AE41E4649B934CA495991B7852B855","0"
"logs/V70_ASSOC_LIST_033.coqc.log","E3B0C44298FC1C149AFBF4C8996FB92427AE41E4649B934CA495991B7852B855","0"
"logs/V70_ASSOC_LIST_034.coqc.log","E3B0C44298FC1C149AFBF4C8996FB92427AE41E4649B934CA495991B7852B855","0"
"logs/V70_ASSOC_LIST_035.coqc.log","E3B0C44298FC1C149AFBF4C8996FB92427AE41E4649B934CA495991B7852B855","0"
"logs/V70_ASSOC_LIST_036.coqc.log","E3B0C44298FC1C149AFBF4C8996FB92427AE41E4649B934CA495991B7852B855","0"
"logs/V70_ASSOC_LIST_037.coqc.log","E3B0C44298FC1C149AFBF4C8996FB92427AE41E4649B934CA495991B7852B855","0"
"logs/V70_ASSOC_LIST_038.coqc.log","E3B0C44298FC1C149AFBF4C8996FB92427AE41E4649B934CA495991B7852B855","0"
"logs/V70_ASSOC_LIST_039.coqc.log","E3B0C44298FC1C149AFBF4C8996FB92427AE41E4649B934CA495991B7852B855","0"
"logs/V70_ASSOC_LIST_040.coqc.log","E3B0C44298FC1C149AFBF4C8996FB92427AE41E4649B934CA495991B7852B855","0"
"logs/V70_ASSOC_LIST_041.coqc.log","E3B0C44298FC1C149AFBF4C8996FB92427AE41E4649B934CA495991B7852B855","0"
"logs/V70_ASSOC_LIST_042.coqc.log","E3B0C44298FC1C149AFBF4C8996FB92427AE41E4649B934CA495991B7852B855","0"
"logs/V70_ASSOC_LIST_043.coqc.log","E3B0C44298FC1C149AFBF4C8996FB92427AE41E4649B934CA495991B7852B855","0"
"logs/V70_ASSOC_LIST_044.coqc.log","E3B0C44298FC1C149AFBF4C8996FB92427AE41E4649B934CA495991B7852B855","0"
"logs/V70_ASSOC_LIST_045.coqc.log","E3B0C44298FC1C149AFBF4C8996FB92427AE41E4649B934CA495991B7852B855","0"
"logs/V70_ASSOC_LIST_046.coqc.log","E3B0C44298FC1C149AFBF4C8996FB92427AE41E4649B934CA495991B7852B855","0"
"logs/V70_ASSOC_LIST_047.coqc.log","E3B0C44298FC1C149AFBF4C8996FB92427AE41E4649B934CA495991B7852B855","0"
"logs/V70_ASSOC_LIST_048.coqc.log","E3B0C44298FC1C149AFBF4C8996FB92427AE41E4649B934CA495991B7852B855","0"
"logs/V70_ASSOC_LIST_049.coqc.log","E3B0C44298FC1C149AFBF4C8996FB92427AE41E4649B934CA495991B7852B855","0"
"logs/V70_ASSOC_LIST_050.coqc.log","E3B0C44298FC1C149AFBF4C8996FB92427AE41E4649B934CA495991B7852B855","0"
"logs/V70_ASSOC_LIST_051.coqc.log","E3B0C44298FC1C149AFBF4C8996FB92427AE41E4649B934CA495991B7852B855","0"
"logs/V70_ASSOC_LIST_052.coqc.log","E3B0C44298FC1C149AFBF4C8996FB92427AE41E4649B934CA495991B7852B855","0"
"logs/V70_ASSOC_LIST_053.coqc.log","E3B0C44298FC1C149AFBF4C8996FB92427AE41E4649B934CA495991B7852B855","0"
"logs/V70_ASSOC_LIST_054.coqc.log","E3B0C44298FC1C149AFBF4C8996FB92427AE41E4649B934CA495991B7852B855","0"
"logs/V70_ASSOC_LIST_055.coqc.log","E3B0C44298FC1C149AFBF4C8996FB92427AE41E4649B934CA495991B7852B855","0"
"logs/V70_ASSOC_LIST_056.coqc.log","E3B0C44298FC1C149AFBF4C8996FB92427AE41E4649B934CA495991B7852B855","0"
"logs/V70_ASSOC_LIST_057.coqc.log","E3B0C44298FC1C149AFBF4C8996FB92427AE41E4649B934CA495991B7852B855","0"
"logs/V70_ASSOC_LIST_058.coqc.log","E3B0C44298FC1C149AFBF4C8996FB92427AE41E4649B934CA495991B7852B855","0"
"logs/V70_ASSOC_LIST_059.coqc.log","E3B0C44298FC1C149AFBF4C8996FB92427AE41E4649B934CA495991B7852B855","0"
"logs/V70_ASSOC_LIST_060.coqc.log","E3B0C44298FC1C149AFBF4C8996FB92427AE41E4649B934CA495991B7852B855","0"
"logs/V70_ASSOC_LIST_061.coqc.log","E3B0C44298FC1C149AFBF4C8996FB92427AE41E4649B934CA495991B7852B855","0"
"logs/V70_ASSOC_LIST_062.coqc.log","E3B0C44298FC1C149AFBF4C8996FB92427AE41E4649B934CA495991B7852B855","0"
"logs/V70_ASSOC_LIST_063.coqc.log","E3B0C44298FC1C149AFBF4C8996FB92427AE41E4649B934CA495991B7852B855","0"
"logs/V70_ASSOC_LIST_064.coqc.log","E3B0C44298FC1C149AFBF4C8996FB92427AE41E4649B934CA495991B7852B855","0"
"logs/V70_ASSOC_LIST_065.coqc.log","E3B0C44298FC1C149AFBF4C8996FB92427AE41E4649B934CA495991B7852B855","0"
"logs/V70_ASSOC_LIST_066.coqc.log","E3B0C44298FC1C149AFBF4C8996FB92427AE41E4649B934CA495991B7852B855","0"
"logs/V70_ASSOC_LIST_067.coqc.log","E3B0C44298FC1C149AFBF4C8996FB92427AE41E4649B934CA495991B7852B855","0"
"logs/V70_ASSOC_LIST_068.coqc.log","E3B0C44298FC1C149AFBF4C8996FB92427AE41E4649B934CA495991B7852B855","0"
"logs/V70_ASSOC_LIST_069.coqc.log","E3B0C44298FC1C149AFBF4C8996FB92427AE41E4649B934CA495991B7852B855","0"
"logs/V70_ASSOC_LIST_070.coqc.log","E3B0C44298FC1C149AFBF4C8996FB92427AE41E4649B934CA495991B7852B855","0"
"logs/V70_ASSOC_LIST_071.coqc.log","E3B0C44298FC1C149AFBF4C8996FB92427AE41E4649B934CA495991B7852B855","0"
"logs/V70_ASSOC_LIST_072.coqc.log","E3B0C44298FC1C149AFBF4C8996FB92427AE41E4649B934CA495991B7852B855","0"
"logs/V70_ASSOC_LIST_073.coqc.log","E3B0C44298FC1C149AFBF4C8996FB92427AE41E4649B934CA495991B7852B855","0"
"logs/V70_ASSOC_LIST_074.coqc.log","E3B0C44298FC1C149AFBF4C8996FB92427AE41E4649B934CA495991B7852B855","0"
"logs/V70_ASSOC_LIST_075.coqc.log","E3B0C44298FC1C149AFBF4C8996FB92427AE41E4649B934CA495991B7852B855","0"
"logs/V70_ASSOC_LIST_076.coqc.log","E3B0C44298FC1C149AFBF4C8996FB92427AE41E4649B934CA495991B7852B855","0"
"logs/V70_ASSOC_LIST_077.coqc.log","E3B0C44298FC1C149AFBF4C8996FB92427AE41E4649B934CA495991B7852B855","0"
"logs/V70_ASSOC_LIST_078.coqc.log","E3B0C44298FC1C149AFBF4C8996FB92427AE41E4649B934CA495991B7852B855","0"
"logs/V70_ASSOC_LIST_079.coqc.log","E3B0C44298FC1C149AFBF4C8996FB92427AE41E4649B934CA495991B7852B855","0"
"logs/V70_ASSOC_LIST_080.coqc.log","E3B0C44298FC1C149AFBF4C8996FB92427AE41E4649B934CA495991B7852B855","0"
"logs/V70_BATCH.coqchk.log","48AFE8A1AE2ECAFF9E413734DCD144A1C32253D9C5380402BC2A5D0EA4D49393","2072285"
"logs/V70_BOOL_REFLECT_001.coqc.log","E3B0C44298FC1C149AFBF4C8996FB92427AE41E4649B934CA495991B7852B855","0"
"logs/V70_BOOL_REFLECT_002.coqc.log","E3B0C44298FC1C149AFBF4C8996FB92427AE41E4649B934CA495991B7852B855","0"
"logs/V70_BOOL_REFLECT_003.coqc.log","E3B0C44298FC1C149AFBF4C8996FB92427AE41E4649B934CA495991B7852B855","0"
"logs/V70_BOOL_REFLECT_004.coqc.log","E3B0C44298FC1C149AFBF4C8996FB92427AE41E4649B934CA495991B7852B855","0"
"logs/V70_BOOL_REFLECT_005.coqc.log","E3B0C44298FC1C149AFBF4C8996FB92427AE41E4649B934CA495991B7852B855","0"
"logs/V70_BOOL_REFLECT_006.coqc.log","E3B0C44298FC1C149AFBF4C8996FB92427AE41E4649B934CA495991B7852B855","0"
"logs/V70_BOOL_REFLECT_007.coqc.log","E3B0C44298FC1C149AFBF4C8996FB92427AE41E4649B934CA495991B7852B855","0"
"logs/V70_BOOL_REFLECT_008.coqc.log","E3B0C44298FC1C149AFBF4C8996FB92427AE41E4649B934CA495991B7852B855","0"
"logs/V70_BOOL_REFLECT_009.coqc.log","E3B0C44298FC1C149AFBF4C8996FB92427AE41E4649B934CA495991B7852B855","0"
"logs/V70_BOOL_REFLECT_010.coqc.log","E3B0C44298FC1C149AFBF4C8996FB92427AE41E4649B934CA495991B7852B855","0"
"logs/V70_BOOL_REFLECT_011.coqc.log","E3B0C44298FC1C149AFBF4C8996FB92427AE41E4649B934CA495991B7852B855","0"
"logs/V70_BOOL_REFLECT_012.coqc.log","E3B0C44298FC1C149AFBF4C8996FB92427AE41E4649B934CA495991B7852B855","0"
"logs/V70_BOOL_REFLECT_013.coqc.log","E3B0C44298FC1C149AFBF4C8996FB92427AE41E4649B934CA495991B7852B855","0"
"logs/V70_BOOL_REFLECT_014.coqc.log","E3B0C44298FC1C149AFBF4C8996FB92427AE41E4649B934CA495991B7852B855","0"
"logs/V70_BOOL_REFLECT_015.coqc.log","E3B0C44298FC1C149AFBF4C8996FB92427AE41E4649B934CA495991B7852B855","0"
"logs/V70_BOOL_REFLECT_016.coqc.log","E3B0C44298FC1C149AFBF4C8996FB92427AE41E4649B934CA495991B7852B855","0"
"logs/V70_BOOL_REFLECT_017.coqc.log","E3B0C44298FC1C149AFBF4C8996FB92427AE41E4649B934CA495991B7852B855","0"
"logs/V70_BOOL_REFLECT_018.coqc.log","E3B0C44298FC1C149AFBF4C8996FB92427AE41E4649B934CA495991B7852B855","0"
"logs/V70_BOOL_REFLECT_019.coqc.log","E3B0C44298FC1C149AFBF4C8996FB92427AE41E4649B934CA495991B7852B855","0"
"logs/V70_BOOL_REFLECT_020.coqc.log","E3B0C44298FC1C149AFBF4C8996FB92427AE41E4649B934CA495991B7852B855","0"
"logs/V70_BOOL_REFLECT_021.coqc.log","E3B0C44298FC1C149AFBF4C8996FB92427AE41E4649B934CA495991B7852B855","0"
"logs/V70_BOOL_REFLECT_022.coqc.log","E3B0C44298FC1C149AFBF4C8996FB92427AE41E4649B934CA495991B7852B855","0"
"logs/V70_BOOL_REFLECT_023.coqc.log","E3B0C44298FC1C149AFBF4C8996FB92427AE41E4649B934CA495991B7852B855","0"
"logs/V70_BOOL_REFLECT_024.coqc.log","E3B0C44298FC1C149AFBF4C8996FB92427AE41E4649B934CA495991B7852B855","0"
"logs/V70_BOOL_REFLECT_025.coqc.log","E3B0C44298FC1C149AFBF4C8996FB92427AE41E4649B934CA495991B7852B855","0"
"logs/V70_BOOL_REFLECT_026.coqc.log","E3B0C44298FC1C149AFBF4C8996FB92427AE41E4649B934CA495991B7852B855","0"
"logs/V70_BOOL_REFLECT_027.coqc.log","E3B0C44298FC1C149AFBF4C8996FB92427AE41E4649B934CA495991B7852B855","0"
"logs/V70_BOOL_REFLECT_028.coqc.log","E3B0C44298FC1C149AFBF4C8996FB92427AE41E4649B934CA495991B7852B855","0"
"logs/V70_BOOL_REFLECT_029.coqc.log","E3B0C44298FC1C149AFBF4C8996FB92427AE41E4649B934CA495991B7852B855","0"
"logs/V70_BOOL_REFLECT_030.coqc.log","E3B0C44298FC1C149AFBF4C8996FB92427AE41E4649B934CA495991B7852B855","0"
"logs/V70_BOOL_REFLECT_031.coqc.log","E3B0C44298FC1C149AFBF4C8996FB92427AE41E4649B934CA495991B7852B855","0"
"logs/V70_BOOL_REFLECT_032.coqc.log","E3B0C44298FC1C149AFBF4C8996FB92427AE41E4649B934CA495991B7852B855","0"
"logs/V70_BOOL_REFLECT_033.coqc.log","E3B0C44298FC1C149AFBF4C8996FB92427AE41E4649B934CA495991B7852B855","0"
"logs/V70_BOOL_REFLECT_034.coqc.log","E3B0C44298FC1C149AFBF4C8996FB92427AE41E4649B934CA495991B7852B855","0"
"logs/V70_BOOL_REFLECT_035.coqc.log","E3B0C44298FC1C149AFBF4C8996FB92427AE41E4649B934CA495991B7852B855","0"
"logs/V70_BOOL_REFLECT_036.coqc.log","E3B0C44298FC1C149AFBF4C8996FB92427AE41E4649B934CA495991B7852B855","0"
"logs/V70_BOOL_REFLECT_037.coqc.log","E3B0C44298FC1C149AFBF4C8996FB92427AE41E4649B934CA495991B7852B855","0"
"logs/V70_BOOL_REFLECT_038.coqc.log","E3B0C44298FC1C149AFBF4C8996FB92427AE41E4649B934CA495991B7852B855","0"
"logs/V70_BOOL_REFLECT_039.coqc.log","E3B0C44298FC1C149AFBF4C8996FB92427AE41E4649B934CA495991B7852B855","0"
"logs/V70_BOOL_REFLECT_040.coqc.log","E3B0C44298FC1C149AFBF4C8996FB92427AE41E4649B934CA495991B7852B855","0"
"logs/V70_BOOL_REFLECT_041.coqc.log","E3B0C44298FC1C149AFBF4C8996FB92427AE41E4649B934CA495991B7852B855","0"
"logs/V70_BOOL_REFLECT_042.coqc.log","E3B0C44298FC1C149AFBF4C8996FB92427AE41E4649B934CA495991B7852B855","0"
"logs/V70_BOOL_REFLECT_043.coqc.log","E3B0C44298FC1C149AFBF4C8996FB92427AE41E4649B934CA495991B7852B855","0"
"logs/V70_BOOL_REFLECT_044.coqc.log","E3B0C44298FC1C149AFBF4C8996FB92427AE41E4649B934CA495991B7852B855","0"
"logs/V70_BOOL_REFLECT_045.coqc.log","E3B0C44298FC1C149AFBF4C8996FB92427AE41E4649B934CA495991B7852B855","0"
"logs/V70_BOOL_REFLECT_046.coqc.log","E3B0C44298FC1C149AFBF4C8996FB92427AE41E4649B934CA495991B7852B855","0"
"logs/V70_BOOL_REFLECT_047.coqc.log","E3B0C44298FC1C149AFBF4C8996FB92427AE41E4649B934CA495991B7852B855","0"
"logs/V70_BOOL_REFLECT_048.coqc.log","E3B0C44298FC1C149AFBF4C8996FB92427AE41E4649B934CA495991B7852B855","0"
"logs/V70_BOOL_REFLECT_049.coqc.log","E3B0C44298FC1C149AFBF4C8996FB92427AE41E4649B934CA495991B7852B855","0"
"logs/V70_BOOL_REFLECT_050.coqc.log","E3B0C44298FC1C149AFBF4C8996FB92427AE41E4649B934CA495991B7852B855","0"
"logs/V70_BOOL_REFLECT_051.coqc.log","E3B0C44298FC1C149AFBF4C8996FB92427AE41E4649B934CA495991B7852B855","0"
"logs/V70_BOOL_REFLECT_052.coqc.log","E3B0C44298FC1C149AFBF4C8996FB92427AE41E4649B934CA495991B7852B855","0"
"logs/V70_BOOL_REFLECT_053.coqc.log","E3B0C44298FC1C149AFBF4C8996FB92427AE41E4649B934CA495991B7852B855","0"
"logs/V70_BOOL_REFLECT_054.coqc.log","E3B0C44298FC1C149AFBF4C8996FB92427AE41E4649B934CA495991B7852B855","0"
"logs/V70_BOOL_REFLECT_055.coqc.log","E3B0C44298FC1C149AFBF4C8996FB92427AE41E4649B934CA495991B7852B855","0"
"logs/V70_BOOL_REFLECT_056.coqc.log","E3B0C44298FC1C149AFBF4C8996FB92427AE41E4649B934CA495991B7852B855","0"
"logs/V70_BOOL_REFLECT_057.coqc.log","E3B0C44298FC1C149AFBF4C8996FB92427AE41E4649B934CA495991B7852B855","0"
"logs/V70_BOOL_REFLECT_058.coqc.log","E3B0C44298FC1C149AFBF4C8996FB92427AE41E4649B934CA495991B7852B855","0"
"logs/V70_BOOL_REFLECT_059.coqc.log","E3B0C44298FC1C149AFBF4C8996FB92427AE41E4649B934CA495991B7852B855","0"
"logs/V70_BOOL_REFLECT_060.coqc.log","E3B0C44298FC1C149AFBF4C8996FB92427AE41E4649B934CA495991B7852B855","0"
"logs/V70_BOOL_REFLECT_061.coqc.log","E3B0C44298FC1C149AFBF4C8996FB92427AE41E4649B934CA495991B7852B855","0"
"logs/V70_BOOL_REFLECT_062.coqc.log","E3B0C44298FC1C149AFBF4C8996FB92427AE41E4649B934CA495991B7852B855","0"
"logs/V70_BOOL_REFLECT_063.coqc.log","E3B0C44298FC1C149AFBF4C8996FB92427AE41E4649B934CA495991B7852B855","0"
"logs/V70_BOOL_REFLECT_064.coqc.log","E3B0C44298FC1C149AFBF4C8996FB92427AE41E4649B934CA495991B7852B855","0"
"logs/V70_BOOL_REFLECT_065.coqc.log","E3B0C44298FC1C149AFBF4C8996FB92427AE41E4649B934CA495991B7852B855","0"
"logs/V70_BOOL_REFLECT_066.coqc.log","E3B0C44298FC1C149AFBF4C8996FB92427AE41E4649B934CA495991B7852B855","0"
"logs/V70_BOOL_REFLECT_067.coqc.log","E3B0C44298FC1C149AFBF4C8996FB92427AE41E4649B934CA495991B7852B855","0"
"logs/V70_BOOL_REFLECT_068.coqc.log","E3B0C44298FC1C149AFBF4C8996FB92427AE41E4649B934CA495991B7852B855","0"
"logs/V70_BOOL_REFLECT_069.coqc.log","E3B0C44298FC1C149AFBF4C8996FB92427AE41E4649B934CA495991B7852B855","0"
"logs/V70_BOOL_REFLECT_070.coqc.log","E3B0C44298FC1C149AFBF4C8996FB92427AE41E4649B934CA495991B7852B855","0"
"logs/V70_BOOL_REFLECT_071.coqc.log","E3B0C44298FC1C149AFBF4C8996FB92427AE41E4649B934CA495991B7852B855","0"
"logs/V70_BOOL_REFLECT_072.coqc.log","E3B0C44298FC1C149AFBF4C8996FB92427AE41E4649B934CA495991B7852B855","0"
"logs/V70_BOOL_REFLECT_073.coqc.log","E3B0C44298FC1C149AFBF4C8996FB92427AE41E4649B934CA495991B7852B855","0"
"logs/V70_BOOL_REFLECT_074.coqc.log","E3B0C44298FC1C149AFBF4C8996FB92427AE41E4649B934CA495991B7852B855","0"
"logs/V70_BOOL_REFLECT_075.coqc.log","E3B0C44298FC1C149AFBF4C8996FB92427AE41E4649B934CA495991B7852B855","0"
"logs/V70_BOOL_REFLECT_076.coqc.log","E3B0C44298FC1C149AFBF4C8996FB92427AE41E4649B934CA495991B7852B855","0"
"logs/V70_BOOL_REFLECT_077.coqc.log","E3B0C44298FC1C149AFBF4C8996FB92427AE41E4649B934CA495991B7852B855","0"
"logs/V70_BOOL_REFLECT_078.coqc.log","E3B0C44298FC1C149AFBF4C8996FB92427AE41E4649B934CA495991B7852B855","0"
"logs/V70_BOOL_REFLECT_079.coqc.log","E3B0C44298FC1C149AFBF4C8996FB92427AE41E4649B934CA495991B7852B855","0"
"logs/V70_BOOL_REFLECT_080.coqc.log","E3B0C44298FC1C149AFBF4C8996FB92427AE41E4649B934CA495991B7852B855","0"
"logs/V70_LIST_FILTER_PARTITION_001.coqc.log","E3B0C44298FC1C149AFBF4C8996FB92427AE41E4649B934CA495991B7852B855","0"
"logs/V70_LIST_FILTER_PARTITION_002.coqc.log","E3B0C44298FC1C149AFBF4C8996FB92427AE41E4649B934CA495991B7852B855","0"
"logs/V70_LIST_FILTER_PARTITION_003.coqc.log","E3B0C44298FC1C149AFBF4C8996FB92427AE41E4649B934CA495991B7852B855","0"
"logs/V70_LIST_FILTER_PARTITION_004.coqc.log","E3B0C44298FC1C149AFBF4C8996FB92427AE41E4649B934CA495991B7852B855","0"
"logs/V70_LIST_FILTER_PARTITION_005.coqc.log","E3B0C44298FC1C149AFBF4C8996FB92427AE41E4649B934CA495991B7852B855","0"
"logs/V70_LIST_FILTER_PARTITION_006.coqc.log","E3B0C44298FC1C149AFBF4C8996FB92427AE41E4649B934CA495991B7852B855","0"
"logs/V70_LIST_FILTER_PARTITION_007.coqc.log","E3B0C44298FC1C149AFBF4C8996FB92427AE41E4649B934CA495991B7852B855","0"
"logs/V70_LIST_FILTER_PARTITION_008.coqc.log","E3B0C44298FC1C149AFBF4C8996FB92427AE41E4649B934CA495991B7852B855","0"
"logs/V70_LIST_FILTER_PARTITION_009.coqc.log","E3B0C44298FC1C149AFBF4C8996FB92427AE41E4649B934CA495991B7852B855","0"
"logs/V70_LIST_FILTER_PARTITION_010.coqc.log","E3B0C44298FC1C149AFBF4C8996FB92427AE41E4649B934CA495991B7852B855","0"
"logs/V70_LIST_FILTER_PARTITION_011.coqc.log","E3B0C44298FC1C149AFBF4C8996FB92427AE41E4649B934CA495991B7852B855","0"
"logs/V70_LIST_FILTER_PARTITION_012.coqc.log","E3B0C44298FC1C149AFBF4C8996FB92427AE41E4649B934CA495991B7852B855","0"
"logs/V70_LIST_FILTER_PARTITION_013.coqc.log","E3B0C44298FC1C149AFBF4C8996FB92427AE41E4649B934CA495991B7852B855","0"
"logs/V70_LIST_FILTER_PARTITION_014.coqc.log","E3B0C44298FC1C149AFBF4C8996FB92427AE41E4649B934CA495991B7852B855","0"
"logs/V70_LIST_FILTER_PARTITION_015.coqc.log","E3B0C44298FC1C149AFBF4C8996FB92427AE41E4649B934CA495991B7852B855","0"
"logs/V70_LIST_FILTER_PARTITION_016.coqc.log","E3B0C44298FC1C149AFBF4C8996FB92427AE41E4649B934CA495991B7852B855","0"
"logs/V70_LIST_FILTER_PARTITION_017.coqc.log","E3B0C44298FC1C149AFBF4C8996FB92427AE41E4649B934CA495991B7852B855","0"
"logs/V70_LIST_FILTER_PARTITION_018.coqc.log","E3B0C44298FC1C149AFBF4C8996FB92427AE41E4649B934CA495991B7852B855","0"
"logs/V70_LIST_FILTER_PARTITION_019.coqc.log","E3B0C44298FC1C149AFBF4C8996FB92427AE41E4649B934CA495991B7852B855","0"
"logs/V70_LIST_FILTER_PARTITION_020.coqc.log","E3B0C44298FC1C149AFBF4C8996FB92427AE41E4649B934CA495991B7852B855","0"
"logs/V70_LIST_FILTER_PARTITION_021.coqc.log","E3B0C44298FC1C149AFBF4C8996FB92427AE41E4649B934CA495991B7852B855","0"
"logs/V70_LIST_FILTER_PARTITION_022.coqc.log","E3B0C44298FC1C149AFBF4C8996FB92427AE41E4649B934CA495991B7852B855","0"
"logs/V70_LIST_FILTER_PARTITION_023.coqc.log","E3B0C44298FC1C149AFBF4C8996FB92427AE41E4649B934CA495991B7852B855","0"
"logs/V70_LIST_FILTER_PARTITION_024.coqc.log","E3B0C44298FC1C149AFBF4C8996FB92427AE41E4649B934CA495991B7852B855","0"
"logs/V70_LIST_FILTER_PARTITION_025.coqc.log","E3B0C44298FC1C149AFBF4C8996FB92427AE41E4649B934CA495991B7852B855","0"
"logs/V70_LIST_FILTER_PARTITION_026.coqc.log","E3B0C44298FC1C149AFBF4C8996FB92427AE41E4649B934CA495991B7852B855","0"
"logs/V70_LIST_FILTER_PARTITION_027.coqc.log","E3B0C44298FC1C149AFBF4C8996FB92427AE41E4649B934CA495991B7852B855","0"
"logs/V70_LIST_FILTER_PARTITION_028.coqc.log","E3B0C44298FC1C149AFBF4C8996FB92427AE41E4649B934CA495991B7852B855","0"
"logs/V70_LIST_FILTER_PARTITION_029.coqc.log","E3B0C44298FC1C149AFBF4C8996FB92427AE41E4649B934CA495991B7852B855","0"
"logs/V70_LIST_FILTER_PARTITION_030.coqc.log","E3B0C44298FC1C149AFBF4C8996FB92427AE41E4649B934CA495991B7852B855","0"
"logs/V70_LIST_FILTER_PARTITION_031.coqc.log","E3B0C44298FC1C149AFBF4C8996FB92427AE41E4649B934CA495991B7852B855","0"
"logs/V70_LIST_FILTER_PARTITION_032.coqc.log","E3B0C44298FC1C149AFBF4C8996FB92427AE41E4649B934CA495991B7852B855","0"
"logs/V70_LIST_FILTER_PARTITION_033.coqc.log","E3B0C44298FC1C149AFBF4C8996FB92427AE41E4649B934CA495991B7852B855","0"
"logs/V70_LIST_FILTER_PARTITION_034.coqc.log","E3B0C44298FC1C149AFBF4C8996FB92427AE41E4649B934CA495991B7852B855","0"
"logs/V70_LIST_FILTER_PARTITION_035.coqc.log","E3B0C44298FC1C149AFBF4C8996FB92427AE41E4649B934CA495991B7852B855","0"
"logs/V70_LIST_FILTER_PARTITION_036.coqc.log","E3B0C44298FC1C149AFBF4C8996FB92427AE41E4649B934CA495991B7852B855","0"
"logs/V70_LIST_FILTER_PARTITION_037.coqc.log","E3B0C44298FC1C149AFBF4C8996FB92427AE41E4649B934CA495991B7852B855","0"
"logs/V70_LIST_FILTER_PARTITION_038.coqc.log","E3B0C44298FC1C149AFBF4C8996FB92427AE41E4649B934CA495991B7852B855","0"
"logs/V70_LIST_FILTER_PARTITION_039.coqc.log","E3B0C44298FC1C149AFBF4C8996FB92427AE41E4649B934CA495991B7852B855","0"
"logs/V70_LIST_FILTER_PARTITION_040.coqc.log","E3B0C44298FC1C149AFBF4C8996FB92427AE41E4649B934CA495991B7852B855","0"
"logs/V70_LIST_FILTER_PARTITION_041.coqc.log","E3B0C44298FC1C149AFBF4C8996FB92427AE41E4649B934CA495991B7852B855","0"
"logs/V70_LIST_FILTER_PARTITION_042.coqc.log","E3B0C44298FC1C149AFBF4C8996FB92427AE41E4649B934CA495991B7852B855","0"
"logs/V70_LIST_FILTER_PARTITION_043.coqc.log","E3B0C44298FC1C149AFBF4C8996FB92427AE41E4649B934CA495991B7852B855","0"
"logs/V70_LIST_FILTER_PARTITION_044.coqc.log","E3B0C44298FC1C149AFBF4C8996FB92427AE41E4649B934CA495991B7852B855","0"
"logs/V70_LIST_FILTER_PARTITION_045.coqc.log","E3B0C44298FC1C149AFBF4C8996FB92427AE41E4649B934CA495991B7852B855","0"
"logs/V70_LIST_FILTER_PARTITION_046.coqc.log","E3B0C44298FC1C149AFBF4C8996FB92427AE41E4649B934CA495991B7852B855","0"
"logs/V70_LIST_FILTER_PARTITION_047.coqc.log","E3B0C44298FC1C149AFBF4C8996FB92427AE41E4649B934CA495991B7852B855","0"
"logs/V70_LIST_FILTER_PARTITION_048.coqc.log","E3B0C44298FC1C149AFBF4C8996FB92427AE41E4649B934CA495991B7852B855","0"
"logs/V70_LIST_FILTER_PARTITION_049.coqc.log","E3B0C44298FC1C149AFBF4C8996FB92427AE41E4649B934CA495991B7852B855","0"
"logs/V70_LIST_FILTER_PARTITION_050.coqc.log","E3B0C44298FC1C149AFBF4C8996FB92427AE41E4649B934CA495991B7852B855","0"
"logs/V70_LIST_FILTER_PARTITION_051.coqc.log","E3B0C44298FC1C149AFBF4C8996FB92427AE41E4649B934CA495991B7852B855","0"
"logs/V70_LIST_FILTER_PARTITION_052.coqc.log","E3B0C44298FC1C149AFBF4C8996FB92427AE41E4649B934CA495991B7852B855","0"
"logs/V70_LIST_FILTER_PARTITION_053.coqc.log","E3B0C44298FC1C149AFBF4C8996FB92427AE41E4649B934CA495991B7852B855","0"
"logs/V70_LIST_FILTER_PARTITION_054.coqc.log","E3B0C44298FC1C149AFBF4C8996FB92427AE41E4649B934CA495991B7852B855","0"
"logs/V70_LIST_FILTER_PARTITION_055.coqc.log","E3B0C44298FC1C149AFBF4C8996FB92427AE41E4649B934CA495991B7852B855","0"
"logs/V70_LIST_FILTER_PARTITION_056.coqc.log","E3B0C44298FC1C149AFBF4C8996FB92427AE41E4649B934CA495991B7852B855","0"
"logs/V70_LIST_FILTER_PARTITION_057.coqc.log","E3B0C44298FC1C149AFBF4C8996FB92427AE41E4649B934CA495991B7852B855","0"
"logs/V70_LIST_FILTER_PARTITION_058.coqc.log","E3B0C44298FC1C149AFBF4C8996FB92427AE41E4649B934CA495991B7852B855","0"
"logs/V70_LIST_FILTER_PARTITION_059.coqc.log","E3B0C44298FC1C149AFBF4C8996FB92427AE41E4649B934CA495991B7852B855","0"
"logs/V70_LIST_FILTER_PARTITION_060.coqc.log","E3B0C44298FC1C149AFBF4C8996FB92427AE41E4649B934CA495991B7852B855","0"
"logs/V70_LIST_FILTER_PARTITION_061.coqc.log","E3B0C44298FC1C149AFBF4C8996FB92427AE41E4649B934CA495991B7852B855","0"
"logs/V70_LIST_FILTER_PARTITION_062.coqc.log","E3B0C44298FC1C149AFBF4C8996FB92427AE41E4649B934CA495991B7852B855","0"
"logs/V70_LIST_FILTER_PARTITION_063.coqc.log","E3B0C44298FC1C149AFBF4C8996FB92427AE41E4649B934CA495991B7852B855","0"
"logs/V70_LIST_FILTER_PARTITION_064.coqc.log","E3B0C44298FC1C149AFBF4C8996FB92427AE41E4649B934CA495991B7852B855","0"
"logs/V70_LIST_FILTER_PARTITION_065.coqc.log","E3B0C44298FC1C149AFBF4C8996FB92427AE41E4649B934CA495991B7852B855","0"
"logs/V70_LIST_FILTER_PARTITION_066.coqc.log","E3B0C44298FC1C149AFBF4C8996FB92427AE41E4649B934CA495991B7852B855","0"
"logs/V70_LIST_FILTER_PARTITION_067.coqc.log","E3B0C44298FC1C149AFBF4C8996FB92427AE41E4649B934CA495991B7852B855","0"
"logs/V70_LIST_FILTER_PARTITION_068.coqc.log","E3B0C44298FC1C149AFBF4C8996FB92427AE41E4649B934CA495991B7852B855","0"
"logs/V70_LIST_FILTER_PARTITION_069.coqc.log","E3B0C44298FC1C149AFBF4C8996FB92427AE41E4649B934CA495991B7852B855","0"
"logs/V70_LIST_FILTER_PARTITION_070.coqc.log","E3B0C44298FC1C149AFBF4C8996FB92427AE41E4649B934CA495991B7852B855","0"
"logs/V70_LIST_FILTER_PARTITION_071.coqc.log","E3B0C44298FC1C149AFBF4C8996FB92427AE41E4649B934CA495991B7852B855","0"
"logs/V70_LIST_FILTER_PARTITION_072.coqc.log","E3B0C44298FC1C149AFBF4C8996FB92427AE41E4649B934CA495991B7852B855","0"
"logs/V70_LIST_FILTER_PARTITION_073.coqc.log","E3B0C44298FC1C149AFBF4C8996FB92427AE41E4649B934CA495991B7852B855","0"
"logs/V70_LIST_FILTER_PARTITION_074.coqc.log","E3B0C44298FC1C149AFBF4C8996FB92427AE41E4649B934CA495991B7852B855","0"
"logs/V70_LIST_FILTER_PARTITION_075.coqc.log","E3B0C44298FC1C149AFBF4C8996FB92427AE41E4649B934CA495991B7852B855","0"
"logs/V70_LIST_FILTER_PARTITION_076.coqc.log","E3B0C44298FC1C149AFBF4C8996FB92427AE41E4649B934CA495991B7852B855","0"
"logs/V70_LIST_FILTER_PARTITION_077.coqc.log","E3B0C44298FC1C149AFBF4C8996FB92427AE41E4649B934CA495991B7852B855","0"
"logs/V70_LIST_FILTER_PARTITION_078.coqc.log","E3B0C44298FC1C149AFBF4C8996FB92427AE41E4649B934CA495991B7852B855","0"
"logs/V70_LIST_FILTER_PARTITION_079.coqc.log","E3B0C44298FC1C149AFBF4C8996FB92427AE41E4649B934CA495991B7852B855","0"
"logs/V70_LIST_FILTER_PARTITION_080.coqc.log","E3B0C44298FC1C149AFBF4C8996FB92427AE41E4649B934CA495991B7852B855","0"
"logs/V70_LIST_MAP_APP_001.coqc.log","E3B0C44298FC1C149AFBF4C8996FB92427AE41E4649B934CA495991B7852B855","0"
"logs/V70_LIST_MAP_APP_002.coqc.log","E3B0C44298FC1C149AFBF4C8996FB92427AE41E4649B934CA495991B7852B855","0"
"logs/V70_LIST_MAP_APP_003.coqc.log","E3B0C44298FC1C149AFBF4C8996FB92427AE41E4649B934CA495991B7852B855","0"
"logs/V70_LIST_MAP_APP_004.coqc.log","E3B0C44298FC1C149AFBF4C8996FB92427AE41E4649B934CA495991B7852B855","0"
"logs/V70_LIST_MAP_APP_005.coqc.log","E3B0C44298FC1C149AFBF4C8996FB92427AE41E4649B934CA495991B7852B855","0"
"logs/V70_LIST_MAP_APP_006.coqc.log","E3B0C44298FC1C149AFBF4C8996FB92427AE41E4649B934CA495991B7852B855","0"
"logs/V70_LIST_MAP_APP_007.coqc.log","E3B0C44298FC1C149AFBF4C8996FB92427AE41E4649B934CA495991B7852B855","0"
"logs/V70_LIST_MAP_APP_008.coqc.log","E3B0C44298FC1C149AFBF4C8996FB92427AE41E4649B934CA495991B7852B855","0"
"logs/V70_LIST_MAP_APP_009.coqc.log","E3B0C44298FC1C149AFBF4C8996FB92427AE41E4649B934CA495991B7852B855","0"
"logs/V70_LIST_MAP_APP_010.coqc.log","E3B0C44298FC1C149AFBF4C8996FB92427AE41E4649B934CA495991B7852B855","0"
"logs/V70_LIST_MAP_APP_011.coqc.log","E3B0C44298FC1C149AFBF4C8996FB92427AE41E4649B934CA495991B7852B855","0"
"logs/V70_LIST_MAP_APP_012.coqc.log","E3B0C44298FC1C149AFBF4C8996FB92427AE41E4649B934CA495991B7852B855","0"
"logs/V70_LIST_MAP_APP_013.coqc.log","E3B0C44298FC1C149AFBF4C8996FB92427AE41E4649B934CA495991B7852B855","0"
"logs/V70_LIST_MAP_APP_014.coqc.log","E3B0C44298FC1C149AFBF4C8996FB92427AE41E4649B934CA495991B7852B855","0"
"logs/V70_LIST_MAP_APP_015.coqc.log","E3B0C44298FC1C149AFBF4C8996FB92427AE41E4649B934CA495991B7852B855","0"
"logs/V70_LIST_MAP_APP_016.coqc.log","E3B0C44298FC1C149AFBF4C8996FB92427AE41E4649B934CA495991B7852B855","0"
"logs/V70_LIST_MAP_APP_017.coqc.log","E3B0C44298FC1C149AFBF4C8996FB92427AE41E4649B934CA495991B7852B855","0"
"logs/V70_LIST_MAP_APP_018.coqc.log","E3B0C44298FC1C149AFBF4C8996FB92427AE41E4649B934CA495991B7852B855","0"
"logs/V70_LIST_MAP_APP_019.coqc.log","E3B0C44298FC1C149AFBF4C8996FB92427AE41E4649B934CA495991B7852B855","0"
"logs/V70_LIST_MAP_APP_020.coqc.log","E3B0C44298FC1C149AFBF4C8996FB92427AE41E4649B934CA495991B7852B855","0"
"logs/V70_LIST_MAP_APP_021.coqc.log","E3B0C44298FC1C149AFBF4C8996FB92427AE41E4649B934CA495991B7852B855","0"
"logs/V70_LIST_MAP_APP_022.coqc.log","E3B0C44298FC1C149AFBF4C8996FB92427AE41E4649B934CA495991B7852B855","0"
"logs/V70_LIST_MAP_APP_023.coqc.log","E3B0C44298FC1C149AFBF4C8996FB92427AE41E4649B934CA495991B7852B855","0"
"logs/V70_LIST_MAP_APP_024.coqc.log","E3B0C44298FC1C149AFBF4C8996FB92427AE41E4649B934CA495991B7852B855","0"
"logs/V70_LIST_MAP_APP_025.coqc.log","E3B0C44298FC1C149AFBF4C8996FB92427AE41E4649B934CA495991B7852B855","0"
"logs/V70_LIST_MAP_APP_026.coqc.log","E3B0C44298FC1C149AFBF4C8996FB92427AE41E4649B934CA495991B7852B855","0"
"logs/V70_LIST_MAP_APP_027.coqc.log","E3B0C44298FC1C149AFBF4C8996FB92427AE41E4649B934CA495991B7852B855","0"
"logs/V70_LIST_MAP_APP_028.coqc.log","E3B0C44298FC1C149AFBF4C8996FB92427AE41E4649B934CA495991B7852B855","0"
"logs/V70_LIST_MAP_APP_029.coqc.log","E3B0C44298FC1C149AFBF4C8996FB92427AE41E4649B934CA495991B7852B855","0"
"logs/V70_LIST_MAP_APP_030.coqc.log","E3B0C44298FC1C149AFBF4C8996FB92427AE41E4649B934CA495991B7852B855","0"
"logs/V70_LIST_MAP_APP_031.coqc.log","E3B0C44298FC1C149AFBF4C8996FB92427AE41E4649B934CA495991B7852B855","0"
"logs/V70_LIST_MAP_APP_032.coqc.log","E3B0C44298FC1C149AFBF4C8996FB92427AE41E4649B934CA495991B7852B855","0"
"logs/V70_LIST_MAP_APP_033.coqc.log","E3B0C44298FC1C149AFBF4C8996FB92427AE41E4649B934CA495991B7852B855","0"
"logs/V70_LIST_MAP_APP_034.coqc.log","E3B0C44298FC1C149AFBF4C8996FB92427AE41E4649B934CA495991B7852B855","0"
"logs/V70_LIST_MAP_APP_035.coqc.log","E3B0C44298FC1C149AFBF4C8996FB92427AE41E4649B934CA495991B7852B855","0"
"logs/V70_LIST_MAP_APP_036.coqc.log","E3B0C44298FC1C149AFBF4C8996FB92427AE41E4649B934CA495991B7852B855","0"
"logs/V70_LIST_MAP_APP_037.coqc.log","E3B0C44298FC1C149AFBF4C8996FB92427AE41E4649B934CA495991B7852B855","0"
"logs/V70_LIST_MAP_APP_038.coqc.log","E3B0C44298FC1C149AFBF4C8996FB92427AE41E4649B934CA495991B7852B855","0"
"logs/V70_LIST_MAP_APP_039.coqc.log","E3B0C44298FC1C149AFBF4C8996FB92427AE41E4649B934CA495991B7852B855","0"
"logs/V70_LIST_MAP_APP_040.coqc.log","E3B0C44298FC1C149AFBF4C8996FB92427AE41E4649B934CA495991B7852B855","0"
"logs/V70_LIST_MAP_APP_041.coqc.log","E3B0C44298FC1C149AFBF4C8996FB92427AE41E4649B934CA495991B7852B855","0"
"logs/V70_LIST_MAP_APP_042.coqc.log","E3B0C44298FC1C149AFBF4C8996FB92427AE41E4649B934CA495991B7852B855","0"
"logs/V70_LIST_MAP_APP_043.coqc.log","E3B0C44298FC1C149AFBF4C8996FB92427AE41E4649B934CA495991B7852B855","0"
"logs/V70_LIST_MAP_APP_044.coqc.log","E3B0C44298FC1C149AFBF4C8996FB92427AE41E4649B934CA495991B7852B855","0"
"logs/V70_LIST_MAP_APP_045.coqc.log","E3B0C44298FC1C149AFBF4C8996FB92427AE41E4649B934CA495991B7852B855","0"
"logs/V70_LIST_MAP_APP_046.coqc.log","E3B0C44298FC1C149AFBF4C8996FB92427AE41E4649B934CA495991B7852B855","0"
"logs/V70_LIST_MAP_APP_047.coqc.log","E3B0C44298FC1C149AFBF4C8996FB92427AE41E4649B934CA495991B7852B855","0"
"logs/V70_LIST_MAP_APP_048.coqc.log","E3B0C44298FC1C149AFBF4C8996FB92427AE41E4649B934CA495991B7852B855","0"
"logs/V70_LIST_MAP_APP_049.coqc.log","E3B0C44298FC1C149AFBF4C8996FB92427AE41E4649B934CA495991B7852B855","0"
"logs/V70_LIST_MAP_APP_050.coqc.log","E3B0C44298FC1C149AFBF4C8996FB92427AE41E4649B934CA495991B7852B855","0"
"logs/V70_LIST_MAP_APP_051.coqc.log","E3B0C44298FC1C149AFBF4C8996FB92427AE41E4649B934CA495991B7852B855","0"
"logs/V70_LIST_MAP_APP_052.coqc.log","E3B0C44298FC1C149AFBF4C8996FB92427AE41E4649B934CA495991B7852B855","0"
"logs/V70_LIST_MAP_APP_053.coqc.log","E3B0C44298FC1C149AFBF4C8996FB92427AE41E4649B934CA495991B7852B855","0"
"logs/V70_LIST_MAP_APP_054.coqc.log","E3B0C44298FC1C149AFBF4C8996FB92427AE41E4649B934CA495991B7852B855","0"
"logs/V70_LIST_MAP_APP_055.coqc.log","E3B0C44298FC1C149AFBF4C8996FB92427AE41E4649B934CA495991B7852B855","0"
"logs/V70_LIST_MAP_APP_056.coqc.log","E3B0C44298FC1C149AFBF4C8996FB92427AE41E4649B934CA495991B7852B855","0"
"logs/V70_LIST_MAP_APP_057.coqc.log","E3B0C44298FC1C149AFBF4C8996FB92427AE41E4649B934CA495991B7852B855","0"
"logs/V70_LIST_MAP_APP_058.coqc.log","E3B0C44298FC1C149AFBF4C8996FB92427AE41E4649B934CA495991B7852B855","0"
"logs/V70_LIST_MAP_APP_059.coqc.log","E3B0C44298FC1C149AFBF4C8996FB92427AE41E4649B934CA495991B7852B855","0"
"logs/V70_LIST_MAP_APP_060.coqc.log","E3B0C44298FC1C149AFBF4C8996FB92427AE41E4649B934CA495991B7852B855","0"
"logs/V70_LIST_MAP_APP_061.coqc.log","E3B0C44298FC1C149AFBF4C8996FB92427AE41E4649B934CA495991B7852B855","0"
"logs/V70_LIST_MAP_APP_062.coqc.log","E3B0C44298FC1C149AFBF4C8996FB92427AE41E4649B934CA495991B7852B855","0"
"logs/V70_LIST_MAP_APP_063.coqc.log","E3B0C44298FC1C149AFBF4C8996FB92427AE41E4649B934CA495991B7852B855","0"
"logs/V70_LIST_MAP_APP_064.coqc.log","E3B0C44298FC1C149AFBF4C8996FB92427AE41E4649B934CA495991B7852B855","0"
"logs/V70_LIST_MAP_APP_065.coqc.log","E3B0C44298FC1C149AFBF4C8996FB92427AE41E4649B934CA495991B7852B855","0"
"logs/V70_LIST_MAP_APP_066.coqc.log","E3B0C44298FC1C149AFBF4C8996FB92427AE41E4649B934CA495991B7852B855","0"
"logs/V70_LIST_MAP_APP_067.coqc.log","E3B0C44298FC1C149AFBF4C8996FB92427AE41E4649B934CA495991B7852B855","0"
"logs/V70_LIST_MAP_APP_068.coqc.log","E3B0C44298FC1C149AFBF4C8996FB92427AE41E4649B934CA495991B7852B855","0"
"logs/V70_LIST_MAP_APP_069.coqc.log","E3B0C44298FC1C149AFBF4C8996FB92427AE41E4649B934CA495991B7852B855","0"
"logs/V70_LIST_MAP_APP_070.coqc.log","E3B0C44298FC1C149AFBF4C8996FB92427AE41E4649B934CA495991B7852B855","0"
"logs/V70_LIST_MAP_APP_071.coqc.log","E3B0C44298FC1C149AFBF4C8996FB92427AE41E4649B934CA495991B7852B855","0"
"logs/V70_LIST_MAP_APP_072.coqc.log","E3B0C44298FC1C149AFBF4C8996FB92427AE41E4649B934CA495991B7852B855","0"
"logs/V70_LIST_MAP_APP_073.coqc.log","E3B0C44298FC1C149AFBF4C8996FB92427AE41E4649B934CA495991B7852B855","0"
"logs/V70_LIST_MAP_APP_074.coqc.log","E3B0C44298FC1C149AFBF4C8996FB92427AE41E4649B934CA495991B7852B855","0"
"logs/V70_LIST_MAP_APP_075.coqc.log","E3B0C44298FC1C149AFBF4C8996FB92427AE41E4649B934CA495991B7852B855","0"
"logs/V70_LIST_MAP_APP_076.coqc.log","E3B0C44298FC1C149AFBF4C8996FB92427AE41E4649B934CA495991B7852B855","0"
"logs/V70_LIST_MAP_APP_077.coqc.log","E3B0C44298FC1C149AFBF4C8996FB92427AE41E4649B934CA495991B7852B855","0"
"logs/V70_LIST_MAP_APP_078.coqc.log","E3B0C44298FC1C149AFBF4C8996FB92427AE41E4649B934CA495991B7852B855","0"
"logs/V70_LIST_MAP_APP_079.coqc.log","E3B0C44298FC1C149AFBF4C8996FB92427AE41E4649B934CA495991B7852B855","0"
"logs/V70_LIST_MAP_APP_080.coqc.log","E3B0C44298FC1C149AFBF4C8996FB92427AE41E4649B934CA495991B7852B855","0"
"logs/V70_NAT_ORDER_001.coqc.log","E3B0C44298FC1C149AFBF4C8996FB92427AE41E4649B934CA495991B7852B855","0"
"logs/V70_NAT_ORDER_002.coqc.log","E3B0C44298FC1C149AFBF4C8996FB92427AE41E4649B934CA495991B7852B855","0"
"logs/V70_NAT_ORDER_003.coqc.log","E3B0C44298FC1C149AFBF4C8996FB92427AE41E4649B934CA495991B7852B855","0"
"logs/V70_NAT_ORDER_004.coqc.log","E3B0C44298FC1C149AFBF4C8996FB92427AE41E4649B934CA495991B7852B855","0"
"logs/V70_NAT_ORDER_005.coqc.log","E3B0C44298FC1C149AFBF4C8996FB92427AE41E4649B934CA495991B7852B855","0"
"logs/V70_NAT_ORDER_006.coqc.log","E3B0C44298FC1C149AFBF4C8996FB92427AE41E4649B934CA495991B7852B855","0"
"logs/V70_NAT_ORDER_007.coqc.log","E3B0C44298FC1C149AFBF4C8996FB92427AE41E4649B934CA495991B7852B855","0"
"logs/V70_NAT_ORDER_008.coqc.log","E3B0C44298FC1C149AFBF4C8996FB92427AE41E4649B934CA495991B7852B855","0"
"logs/V70_NAT_ORDER_009.coqc.log","E3B0C44298FC1C149AFBF4C8996FB92427AE41E4649B934CA495991B7852B855","0"
"logs/V70_NAT_ORDER_010.coqc.log","E3B0C44298FC1C149AFBF4C8996FB92427AE41E4649B934CA495991B7852B855","0"
"logs/V70_NAT_ORDER_011.coqc.log","E3B0C44298FC1C149AFBF4C8996FB92427AE41E4649B934CA495991B7852B855","0"
"logs/V70_NAT_ORDER_012.coqc.log","E3B0C44298FC1C149AFBF4C8996FB92427AE41E4649B934CA495991B7852B855","0"
"logs/V70_NAT_ORDER_013.coqc.log","E3B0C44298FC1C149AFBF4C8996FB92427AE41E4649B934CA495991B7852B855","0"
"logs/V70_NAT_ORDER_014.coqc.log","E3B0C44298FC1C149AFBF4C8996FB92427AE41E4649B934CA495991B7852B855","0"
"logs/V70_NAT_ORDER_015.coqc.log","E3B0C44298FC1C149AFBF4C8996FB92427AE41E4649B934CA495991B7852B855","0"
"logs/V70_NAT_ORDER_016.coqc.log","E3B0C44298FC1C149AFBF4C8996FB92427AE41E4649B934CA495991B7852B855","0"
"logs/V70_NAT_ORDER_017.coqc.log","E3B0C44298FC1C149AFBF4C8996FB92427AE41E4649B934CA495991B7852B855","0"
"logs/V70_NAT_ORDER_018.coqc.log","E3B0C44298FC1C149AFBF4C8996FB92427AE41E4649B934CA495991B7852B855","0"
"logs/V70_NAT_ORDER_019.coqc.log","E3B0C44298FC1C149AFBF4C8996FB92427AE41E4649B934CA495991B7852B855","0"
"logs/V70_NAT_ORDER_020.coqc.log","E3B0C44298FC1C149AFBF4C8996FB92427AE41E4649B934CA495991B7852B855","0"
"logs/V70_NAT_ORDER_021.coqc.log","E3B0C44298FC1C149AFBF4C8996FB92427AE41E4649B934CA495991B7852B855","0"
"logs/V70_NAT_ORDER_022.coqc.log","E3B0C44298FC1C149AFBF4C8996FB92427AE41E4649B934CA495991B7852B855","0"
"logs/V70_NAT_ORDER_023.coqc.log","E3B0C44298FC1C149AFBF4C8996FB92427AE41E4649B934CA495991B7852B855","0"
"logs/V70_NAT_ORDER_024.coqc.log","E3B0C44298FC1C149AFBF4C8996FB92427AE41E4649B934CA495991B7852B855","0"
"logs/V70_NAT_ORDER_025.coqc.log","E3B0C44298FC1C149AFBF4C8996FB92427AE41E4649B934CA495991B7852B855","0"
"logs/V70_NAT_ORDER_026.coqc.log","E3B0C44298FC1C149AFBF4C8996FB92427AE41E4649B934CA495991B7852B855","0"
"logs/V70_NAT_ORDER_027.coqc.log","E3B0C44298FC1C149AFBF4C8996FB92427AE41E4649B934CA495991B7852B855","0"
"logs/V70_NAT_ORDER_028.coqc.log","E3B0C44298FC1C149AFBF4C8996FB92427AE41E4649B934CA495991B7852B855","0"
"logs/V70_NAT_ORDER_029.coqc.log","E3B0C44298FC1C149AFBF4C8996FB92427AE41E4649B934CA495991B7852B855","0"
"logs/V70_NAT_ORDER_030.coqc.log","E3B0C44298FC1C149AFBF4C8996FB92427AE41E4649B934CA495991B7852B855","0"
"logs/V70_NAT_ORDER_031.coqc.log","E3B0C44298FC1C149AFBF4C8996FB92427AE41E4649B934CA495991B7852B855","0"
"logs/V70_NAT_ORDER_032.coqc.log","E3B0C44298FC1C149AFBF4C8996FB92427AE41E4649B934CA495991B7852B855","0"
"logs/V70_NAT_ORDER_033.coqc.log","E3B0C44298FC1C149AFBF4C8996FB92427AE41E4649B934CA495991B7852B855","0"
"logs/V70_NAT_ORDER_034.coqc.log","E3B0C44298FC1C149AFBF4C8996FB92427AE41E4649B934CA495991B7852B855","0"
"logs/V70_NAT_ORDER_035.coqc.log","E3B0C44298FC1C149AFBF4C8996FB92427AE41E4649B934CA495991B7852B855","0"
"logs/V70_NAT_ORDER_036.coqc.log","E3B0C44298FC1C149AFBF4C8996FB92427AE41E4649B934CA495991B7852B855","0"
"logs/V70_NAT_ORDER_037.coqc.log","E3B0C44298FC1C149AFBF4C8996FB92427AE41E4649B934CA495991B7852B855","0"
"logs/V70_NAT_ORDER_038.coqc.log","E3B0C44298FC1C149AFBF4C8996FB92427AE41E4649B934CA495991B7852B855","0"
"logs/V70_NAT_ORDER_039.coqc.log","E3B0C44298FC1C149AFBF4C8996FB92427AE41E4649B934CA495991B7852B855","0"
"logs/V70_NAT_ORDER_040.coqc.log","E3B0C44298FC1C149AFBF4C8996FB92427AE41E4649B934CA495991B7852B855","0"
"logs/V70_NAT_ORDER_041.coqc.log","E3B0C44298FC1C149AFBF4C8996FB92427AE41E4649B934CA495991B7852B855","0"
"logs/V70_NAT_ORDER_042.coqc.log","E3B0C44298FC1C149AFBF4C8996FB92427AE41E4649B934CA495991B7852B855","0"
"logs/V70_NAT_ORDER_043.coqc.log","E3B0C44298FC1C149AFBF4C8996FB92427AE41E4649B934CA495991B7852B855","0"
"logs/V70_NAT_ORDER_044.coqc.log","E3B0C44298FC1C149AFBF4C8996FB92427AE41E4649B934CA495991B7852B855","0"
"logs/V70_NAT_ORDER_045.coqc.log","E3B0C44298FC1C149AFBF4C8996FB92427AE41E4649B934CA495991B7852B855","0"
"logs/V70_NAT_ORDER_046.coqc.log","E3B0C44298FC1C149AFBF4C8996FB92427AE41E4649B934CA495991B7852B855","0"
"logs/V70_NAT_ORDER_047.coqc.log","E3B0C44298FC1C149AFBF4C8996FB92427AE41E4649B934CA495991B7852B855","0"
"logs/V70_NAT_ORDER_048.coqc.log","E3B0C44298FC1C149AFBF4C8996FB92427AE41E4649B934CA495991B7852B855","0"
"logs/V70_NAT_ORDER_049.coqc.log","E3B0C44298FC1C149AFBF4C8996FB92427AE41E4649B934CA495991B7852B855","0"
"logs/V70_NAT_ORDER_050.coqc.log","E3B0C44298FC1C149AFBF4C8996FB92427AE41E4649B934CA495991B7852B855","0"
"logs/V70_NAT_ORDER_051.coqc.log","E3B0C44298FC1C149AFBF4C8996FB92427AE41E4649B934CA495991B7852B855","0"
"logs/V70_NAT_ORDER_052.coqc.log","E3B0C44298FC1C149AFBF4C8996FB92427AE41E4649B934CA495991B7852B855","0"
"logs/V70_NAT_ORDER_053.coqc.log","E3B0C44298FC1C149AFBF4C8996FB92427AE41E4649B934CA495991B7852B855","0"
"logs/V70_NAT_ORDER_054.coqc.log","E3B0C44298FC1C149AFBF4C8996FB92427AE41E4649B934CA495991B7852B855","0"
"logs/V70_NAT_ORDER_055.coqc.log","E3B0C44298FC1C149AFBF4C8996FB92427AE41E4649B934CA495991B7852B855","0"
"logs/V70_NAT_ORDER_056.coqc.log","E3B0C44298FC1C149AFBF4C8996FB92427AE41E4649B934CA495991B7852B855","0"
"logs/V70_NAT_ORDER_057.coqc.log","E3B0C44298FC1C149AFBF4C8996FB92427AE41E4649B934CA495991B7852B855","0"
"logs/V70_NAT_ORDER_058.coqc.log","E3B0C44298FC1C149AFBF4C8996FB92427AE41E4649B934CA495991B7852B855","0"
"logs/V70_NAT_ORDER_059.coqc.log","E3B0C44298FC1C149AFBF4C8996FB92427AE41E4649B934CA495991B7852B855","0"
"logs/V70_NAT_ORDER_060.coqc.log","E3B0C44298FC1C149AFBF4C8996FB92427AE41E4649B934CA495991B7852B855","0"
"logs/V70_NAT_ORDER_061.coqc.log","E3B0C44298FC1C149AFBF4C8996FB92427AE41E4649B934CA495991B7852B855","0"
"logs/V70_NAT_ORDER_062.coqc.log","E3B0C44298FC1C149AFBF4C8996FB92427AE41E4649B934CA495991B7852B855","0"
"logs/V70_NAT_ORDER_063.coqc.log","E3B0C44298FC1C149AFBF4C8996FB92427AE41E4649B934CA495991B7852B855","0"
"logs/V70_NAT_ORDER_064.coqc.log","E3B0C44298FC1C149AFBF4C8996FB92427AE41E4649B934CA495991B7852B855","0"
"logs/V70_NAT_ORDER_065.coqc.log","E3B0C44298FC1C149AFBF4C8996FB92427AE41E4649B934CA495991B7852B855","0"
"logs/V70_NAT_ORDER_066.coqc.log","E3B0C44298FC1C149AFBF4C8996FB92427AE41E4649B934CA495991B7852B855","0"
"logs/V70_NAT_ORDER_067.coqc.log","E3B0C44298FC1C149AFBF4C8996FB92427AE41E4649B934CA495991B7852B855","0"
"logs/V70_NAT_ORDER_068.coqc.log","E3B0C44298FC1C149AFBF4C8996FB92427AE41E4649B934CA495991B7852B855","0"
"logs/V70_NAT_ORDER_069.coqc.log","E3B0C44298FC1C149AFBF4C8996FB92427AE41E4649B934CA495991B7852B855","0"
"logs/V70_NAT_ORDER_070.coqc.log","E3B0C44298FC1C149AFBF4C8996FB92427AE41E4649B934CA495991B7852B855","0"
"logs/V70_NAT_ORDER_071.coqc.log","E3B0C44298FC1C149AFBF4C8996FB92427AE41E4649B934CA495991B7852B855","0"
"logs/V70_NAT_ORDER_072.coqc.log","E3B0C44298FC1C149AFBF4C8996FB92427AE41E4649B934CA495991B7852B855","0"
"logs/V70_NAT_ORDER_073.coqc.log","E3B0C44298FC1C149AFBF4C8996FB92427AE41E4649B934CA495991B7852B855","0"
"logs/V70_NAT_ORDER_074.coqc.log","E3B0C44298FC1C149AFBF4C8996FB92427AE41E4649B934CA495991B7852B855","0"
"logs/V70_NAT_ORDER_075.coqc.log","E3B0C44298FC1C149AFBF4C8996FB92427AE41E4649B934CA495991B7852B855","0"
"logs/V70_NAT_ORDER_076.coqc.log","E3B0C44298FC1C149AFBF4C8996FB92427AE41E4649B934CA495991B7852B855","0"
"logs/V70_NAT_ORDER_077.coqc.log","E3B0C44298FC1C149AFBF4C8996FB92427AE41E4649B934CA495991B7852B855","0"
"logs/V70_NAT_ORDER_078.coqc.log","E3B0C44298FC1C149AFBF4C8996FB92427AE41E4649B934CA495991B7852B855","0"
"logs/V70_NAT_ORDER_079.coqc.log","E3B0C44298FC1C149AFBF4C8996FB92427AE41E4649B934CA495991B7852B855","0"
"logs/V70_NAT_ORDER_080.coqc.log","E3B0C44298FC1C149AFBF4C8996FB92427AE41E4649B934CA495991B7852B855","0"
"logs/V70_OPTION_WRAPPER_001.coqc.log","E3B0C44298FC1C149AFBF4C8996FB92427AE41E4649B934CA495991B7852B855","0"
"logs/V70_OPTION_WRAPPER_002.coqc.log","E3B0C44298FC1C149AFBF4C8996FB92427AE41E4649B934CA495991B7852B855","0"
"logs/V70_OPTION_WRAPPER_003.coqc.log","E3B0C44298FC1C149AFBF4C8996FB92427AE41E4649B934CA495991B7852B855","0"
"logs/V70_OPTION_WRAPPER_004.coqc.log","E3B0C44298FC1C149AFBF4C8996FB92427AE41E4649B934CA495991B7852B855","0"
"logs/V70_OPTION_WRAPPER_005.coqc.log","E3B0C44298FC1C149AFBF4C8996FB92427AE41E4649B934CA495991B7852B855","0"
"logs/V70_OPTION_WRAPPER_006.coqc.log","E3B0C44298FC1C149AFBF4C8996FB92427AE41E4649B934CA495991B7852B855","0"
"logs/V70_OPTION_WRAPPER_007.coqc.log","E3B0C44298FC1C149AFBF4C8996FB92427AE41E4649B934CA495991B7852B855","0"
"logs/V70_OPTION_WRAPPER_008.coqc.log","E3B0C44298FC1C149AFBF4C8996FB92427AE41E4649B934CA495991B7852B855","0"
"logs/V70_OPTION_WRAPPER_009.coqc.log","E3B0C44298FC1C149AFBF4C8996FB92427AE41E4649B934CA495991B7852B855","0"
"logs/V70_OPTION_WRAPPER_010.coqc.log","E3B0C44298FC1C149AFBF4C8996FB92427AE41E4649B934CA495991B7852B855","0"
"logs/V70_OPTION_WRAPPER_011.coqc.log","E3B0C44298FC1C149AFBF4C8996FB92427AE41E4649B934CA495991B7852B855","0"
"logs/V70_OPTION_WRAPPER_012.coqc.log","E3B0C44298FC1C149AFBF4C8996FB92427AE41E4649B934CA495991B7852B855","0"
"logs/V70_OPTION_WRAPPER_013.coqc.log","E3B0C44298FC1C149AFBF4C8996FB92427AE41E4649B934CA495991B7852B855","0"
"logs/V70_OPTION_WRAPPER_014.coqc.log","E3B0C44298FC1C149AFBF4C8996FB92427AE41E4649B934CA495991B7852B855","0"
"logs/V70_OPTION_WRAPPER_015.coqc.log","E3B0C44298FC1C149AFBF4C8996FB92427AE41E4649B934CA495991B7852B855","0"
"logs/V70_OPTION_WRAPPER_016.coqc.log","E3B0C44298FC1C149AFBF4C8996FB92427AE41E4649B934CA495991B7852B855","0"
"logs/V70_OPTION_WRAPPER_017.coqc.log","E3B0C44298FC1C149AFBF4C8996FB92427AE41E4649B934CA495991B7852B855","0"
"logs/V70_OPTION_WRAPPER_018.coqc.log","E3B0C44298FC1C149AFBF4C8996FB92427AE41E4649B934CA495991B7852B855","0"
"logs/V70_OPTION_WRAPPER_019.coqc.log","E3B0C44298FC1C149AFBF4C8996FB92427AE41E4649B934CA495991B7852B855","0"
"logs/V70_OPTION_WRAPPER_020.coqc.log","E3B0C44298FC1C149AFBF4C8996FB92427AE41E4649B934CA495991B7852B855","0"
"logs/V70_OPTION_WRAPPER_021.coqc.log","E3B0C44298FC1C149AFBF4C8996FB92427AE41E4649B934CA495991B7852B855","0"
"logs/V70_OPTION_WRAPPER_022.coqc.log","E3B0C44298FC1C149AFBF4C8996FB92427AE41E4649B934CA495991B7852B855","0"
"logs/V70_OPTION_WRAPPER_023.coqc.log","E3B0C44298FC1C149AFBF4C8996FB92427AE41E4649B934CA495991B7852B855","0"
"logs/V70_OPTION_WRAPPER_024.coqc.log","E3B0C44298FC1C149AFBF4C8996FB92427AE41E4649B934CA495991B7852B855","0"
"logs/V70_OPTION_WRAPPER_025.coqc.log","E3B0C44298FC1C149AFBF4C8996FB92427AE41E4649B934CA495991B7852B855","0"
"logs/V70_OPTION_WRAPPER_026.coqc.log","E3B0C44298FC1C149AFBF4C8996FB92427AE41E4649B934CA495991B7852B855","0"
"logs/V70_OPTION_WRAPPER_027.coqc.log","E3B0C44298FC1C149AFBF4C8996FB92427AE41E4649B934CA495991B7852B855","0"
"logs/V70_OPTION_WRAPPER_028.coqc.log","E3B0C44298FC1C149AFBF4C8996FB92427AE41E4649B934CA495991B7852B855","0"
"logs/V70_OPTION_WRAPPER_029.coqc.log","E3B0C44298FC1C149AFBF4C8996FB92427AE41E4649B934CA495991B7852B855","0"
"logs/V70_OPTION_WRAPPER_030.coqc.log","E3B0C44298FC1C149AFBF4C8996FB92427AE41E4649B934CA495991B7852B855","0"
"logs/V70_OPTION_WRAPPER_031.coqc.log","E3B0C44298FC1C149AFBF4C8996FB92427AE41E4649B934CA495991B7852B855","0"
"logs/V70_OPTION_WRAPPER_032.coqc.log","E3B0C44298FC1C149AFBF4C8996FB92427AE41E4649B934CA495991B7852B855","0"
"logs/V70_OPTION_WRAPPER_033.coqc.log","E3B0C44298FC1C149AFBF4C8996FB92427AE41E4649B934CA495991B7852B855","0"
"logs/V70_OPTION_WRAPPER_034.coqc.log","E3B0C44298FC1C149AFBF4C8996FB92427AE41E4649B934CA495991B7852B855","0"
"logs/V70_OPTION_WRAPPER_035.coqc.log","E3B0C44298FC1C149AFBF4C8996FB92427AE41E4649B934CA495991B7852B855","0"
"logs/V70_OPTION_WRAPPER_036.coqc.log","E3B0C44298FC1C149AFBF4C8996FB92427AE41E4649B934CA495991B7852B855","0"
"logs/V70_OPTION_WRAPPER_037.coqc.log","E3B0C44298FC1C149AFBF4C8996FB92427AE41E4649B934CA495991B7852B855","0"
"logs/V70_OPTION_WRAPPER_038.coqc.log","E3B0C44298FC1C149AFBF4C8996FB92427AE41E4649B934CA495991B7852B855","0"
"logs/V70_OPTION_WRAPPER_039.coqc.log","E3B0C44298FC1C149AFBF4C8996FB92427AE41E4649B934CA495991B7852B855","0"
"logs/V70_OPTION_WRAPPER_040.coqc.log","E3B0C44298FC1C149AFBF4C8996FB92427AE41E4649B934CA495991B7852B855","0"
"logs/V70_OPTION_WRAPPER_041.coqc.log","E3B0C44298FC1C149AFBF4C8996FB92427AE41E4649B934CA495991B7852B855","0"
"logs/V70_OPTION_WRAPPER_042.coqc.log","E3B0C44298FC1C149AFBF4C8996FB92427AE41E4649B934CA495991B7852B855","0"
"logs/V70_OPTION_WRAPPER_043.coqc.log","E3B0C44298FC1C149AFBF4C8996FB92427AE41E4649B934CA495991B7852B855","0"
"logs/V70_OPTION_WRAPPER_044.coqc.log","E3B0C44298FC1C149AFBF4C8996FB92427AE41E4649B934CA495991B7852B855","0"
"logs/V70_OPTION_WRAPPER_045.coqc.log","E3B0C44298FC1C149AFBF4C8996FB92427AE41E4649B934CA495991B7852B855","0"
"logs/V70_OPTION_WRAPPER_046.coqc.log","E3B0C44298FC1C149AFBF4C8996FB92427AE41E4649B934CA495991B7852B855","0"
"logs/V70_OPTION_WRAPPER_047.coqc.log","E3B0C44298FC1C149AFBF4C8996FB92427AE41E4649B934CA495991B7852B855","0"
"logs/V70_OPTION_WRAPPER_048.coqc.log","E3B0C44298FC1C149AFBF4C8996FB92427AE41E4649B934CA495991B7852B855","0"
"logs/V70_OPTION_WRAPPER_049.coqc.log","E3B0C44298FC1C149AFBF4C8996FB92427AE41E4649B934CA495991B7852B855","0"
"logs/V70_OPTION_WRAPPER_050.coqc.log","E3B0C44298FC1C149AFBF4C8996FB92427AE41E4649B934CA495991B7852B855","0"
"logs/V70_OPTION_WRAPPER_051.coqc.log","E3B0C44298FC1C149AFBF4C8996FB92427AE41E4649B934CA495991B7852B855","0"
"logs/V70_OPTION_WRAPPER_052.coqc.log","E3B0C44298FC1C149AFBF4C8996FB92427AE41E4649B934CA495991B7852B855","0"
"logs/V70_OPTION_WRAPPER_053.coqc.log","E3B0C44298FC1C149AFBF4C8996FB92427AE41E4649B934CA495991B7852B855","0"
"logs/V70_OPTION_WRAPPER_054.coqc.log","E3B0C44298FC1C149AFBF4C8996FB92427AE41E4649B934CA495991B7852B855","0"
"logs/V70_OPTION_WRAPPER_055.coqc.log","E3B0C44298FC1C149AFBF4C8996FB92427AE41E4649B934CA495991B7852B855","0"
"logs/V70_OPTION_WRAPPER_056.coqc.log","E3B0C44298FC1C149AFBF4C8996FB92427AE41E4649B934CA495991B7852B855","0"
"logs/V70_OPTION_WRAPPER_057.coqc.log","E3B0C44298FC1C149AFBF4C8996FB92427AE41E4649B934CA495991B7852B855","0"
"logs/V70_OPTION_WRAPPER_058.coqc.log","E3B0C44298FC1C149AFBF4C8996FB92427AE41E4649B934CA495991B7852B855","0"
"logs/V70_OPTION_WRAPPER_059.coqc.log","E3B0C44298FC1C149AFBF4C8996FB92427AE41E4649B934CA495991B7852B855","0"
"logs/V70_OPTION_WRAPPER_060.coqc.log","E3B0C44298FC1C149AFBF4C8996FB92427AE41E4649B934CA495991B7852B855","0"
"logs/V70_OPTION_WRAPPER_061.coqc.log","E3B0C44298FC1C149AFBF4C8996FB92427AE41E4649B934CA495991B7852B855","0"
"logs/V70_OPTION_WRAPPER_062.coqc.log","E3B0C44298FC1C149AFBF4C8996FB92427AE41E4649B934CA495991B7852B855","0"
"logs/V70_OPTION_WRAPPER_063.coqc.log","E3B0C44298FC1C149AFBF4C8996FB92427AE41E4649B934CA495991B7852B855","0"
"logs/V70_OPTION_WRAPPER_064.coqc.log","E3B0C44298FC1C149AFBF4C8996FB92427AE41E4649B934CA495991B7852B855","0"
"logs/V70_OPTION_WRAPPER_065.coqc.log","E3B0C44298FC1C149AFBF4C8996FB92427AE41E4649B934CA495991B7852B855","0"
"logs/V70_OPTION_WRAPPER_066.coqc.log","E3B0C44298FC1C149AFBF4C8996FB92427AE41E4649B934CA495991B7852B855","0"
"logs/V70_OPTION_WRAPPER_067.coqc.log","E3B0C44298FC1C149AFBF4C8996FB92427AE41E4649B934CA495991B7852B855","0"
"logs/V70_OPTION_WRAPPER_068.coqc.log","E3B0C44298FC1C149AFBF4C8996FB92427AE41E4649B934CA495991B7852B855","0"
"logs/V70_OPTION_WRAPPER_069.coqc.log","E3B0C44298FC1C149AFBF4C8996FB92427AE41E4649B934CA495991B7852B855","0"
"logs/V70_OPTION_WRAPPER_070.coqc.log","E3B0C44298FC1C149AFBF4C8996FB92427AE41E4649B934CA495991B7852B855","0"
"logs/V70_OPTION_WRAPPER_071.coqc.log","E3B0C44298FC1C149AFBF4C8996FB92427AE41E4649B934CA495991B7852B855","0"
"logs/V70_OPTION_WRAPPER_072.coqc.log","E3B0C44298FC1C149AFBF4C8996FB92427AE41E4649B934CA495991B7852B855","0"
"logs/V70_OPTION_WRAPPER_073.coqc.log","E3B0C44298FC1C149AFBF4C8996FB92427AE41E4649B934CA495991B7852B855","0"
"logs/V70_OPTION_WRAPPER_074.coqc.log","E3B0C44298FC1C149AFBF4C8996FB92427AE41E4649B934CA495991B7852B855","0"
"logs/V70_OPTION_WRAPPER_075.coqc.log","E3B0C44298FC1C149AFBF4C8996FB92427AE41E4649B934CA495991B7852B855","0"
"logs/V70_OPTION_WRAPPER_076.coqc.log","E3B0C44298FC1C149AFBF4C8996FB92427AE41E4649B934CA495991B7852B855","0"
"logs/V70_OPTION_WRAPPER_077.coqc.log","E3B0C44298FC1C149AFBF4C8996FB92427AE41E4649B934CA495991B7852B855","0"
"logs/V70_OPTION_WRAPPER_078.coqc.log","E3B0C44298FC1C149AFBF4C8996FB92427AE41E4649B934CA495991B7852B855","0"
"logs/V70_OPTION_WRAPPER_079.coqc.log","E3B0C44298FC1C149AFBF4C8996FB92427AE41E4649B934CA495991B7852B855","0"
"logs/V70_OPTION_WRAPPER_080.coqc.log","E3B0C44298FC1C149AFBF4C8996FB92427AE41E4649B934CA495991B7852B855","0"
"logs/V70_PAIR_SWAP_001.coqc.log","E3B0C44298FC1C149AFBF4C8996FB92427AE41E4649B934CA495991B7852B855","0"
"logs/V70_PAIR_SWAP_002.coqc.log","E3B0C44298FC1C149AFBF4C8996FB92427AE41E4649B934CA495991B7852B855","0"
"logs/V70_PAIR_SWAP_003.coqc.log","E3B0C44298FC1C149AFBF4C8996FB92427AE41E4649B934CA495991B7852B855","0"
"logs/V70_PAIR_SWAP_004.coqc.log","E3B0C44298FC1C149AFBF4C8996FB92427AE41E4649B934CA495991B7852B855","0"
"logs/V70_PAIR_SWAP_005.coqc.log","E3B0C44298FC1C149AFBF4C8996FB92427AE41E4649B934CA495991B7852B855","0"
"logs/V70_PAIR_SWAP_006.coqc.log","E3B0C44298FC1C149AFBF4C8996FB92427AE41E4649B934CA495991B7852B855","0"
"logs/V70_PAIR_SWAP_007.coqc.log","E3B0C44298FC1C149AFBF4C8996FB92427AE41E4649B934CA495991B7852B855","0"
"logs/V70_PAIR_SWAP_008.coqc.log","E3B0C44298FC1C149AFBF4C8996FB92427AE41E4649B934CA495991B7852B855","0"
"logs/V70_PAIR_SWAP_009.coqc.log","E3B0C44298FC1C149AFBF4C8996FB92427AE41E4649B934CA495991B7852B855","0"
"logs/V70_PAIR_SWAP_010.coqc.log","E3B0C44298FC1C149AFBF4C8996FB92427AE41E4649B934CA495991B7852B855","0"
"logs/V70_PAIR_SWAP_011.coqc.log","E3B0C44298FC1C149AFBF4C8996FB92427AE41E4649B934CA495991B7852B855","0"
"logs/V70_PAIR_SWAP_012.coqc.log","E3B0C44298FC1C149AFBF4C8996FB92427AE41E4649B934CA495991B7852B855","0"
"logs/V70_PAIR_SWAP_013.coqc.log","E3B0C44298FC1C149AFBF4C8996FB92427AE41E4649B934CA495991B7852B855","0"
"logs/V70_PAIR_SWAP_014.coqc.log","E3B0C44298FC1C149AFBF4C8996FB92427AE41E4649B934CA495991B7852B855","0"
"logs/V70_PAIR_SWAP_015.coqc.log","E3B0C44298FC1C149AFBF4C8996FB92427AE41E4649B934CA495991B7852B855","0"
"logs/V70_PAIR_SWAP_016.coqc.log","E3B0C44298FC1C149AFBF4C8996FB92427AE41E4649B934CA495991B7852B855","0"
"logs/V70_PAIR_SWAP_017.coqc.log","E3B0C44298FC1C149AFBF4C8996FB92427AE41E4649B934CA495991B7852B855","0"
"logs/V70_PAIR_SWAP_018.coqc.log","E3B0C44298FC1C149AFBF4C8996FB92427AE41E4649B934CA495991B7852B855","0"
"logs/V70_PAIR_SWAP_019.coqc.log","E3B0C44298FC1C149AFBF4C8996FB92427AE41E4649B934CA495991B7852B855","0"
"logs/V70_PAIR_SWAP_020.coqc.log","E3B0C44298FC1C149AFBF4C8996FB92427AE41E4649B934CA495991B7852B855","0"
"logs/V70_PAIR_SWAP_021.coqc.log","E3B0C44298FC1C149AFBF4C8996FB92427AE41E4649B934CA495991B7852B855","0"
"logs/V70_PAIR_SWAP_022.coqc.log","E3B0C44298FC1C149AFBF4C8996FB92427AE41E4649B934CA495991B7852B855","0"
"logs/V70_PAIR_SWAP_023.coqc.log","E3B0C44298FC1C149AFBF4C8996FB92427AE41E4649B934CA495991B7852B855","0"
"logs/V70_PAIR_SWAP_024.coqc.log","E3B0C44298FC1C149AFBF4C8996FB92427AE41E4649B934CA495991B7852B855","0"
"logs/V70_PAIR_SWAP_025.coqc.log","E3B0C44298FC1C149AFBF4C8996FB92427AE41E4649B934CA495991B7852B855","0"
"logs/V70_PAIR_SWAP_026.coqc.log","E3B0C44298FC1C149AFBF4C8996FB92427AE41E4649B934CA495991B7852B855","0"
"logs/V70_PAIR_SWAP_027.coqc.log","E3B0C44298FC1C149AFBF4C8996FB92427AE41E4649B934CA495991B7852B855","0"
"logs/V70_PAIR_SWAP_028.coqc.log","E3B0C44298FC1C149AFBF4C8996FB92427AE41E4649B934CA495991B7852B855","0"
"logs/V70_PAIR_SWAP_029.coqc.log","E3B0C44298FC1C149AFBF4C8996FB92427AE41E4649B934CA495991B7852B855","0"
"logs/V70_PAIR_SWAP_030.coqc.log","E3B0C44298FC1C149AFBF4C8996FB92427AE41E4649B934CA495991B7852B855","0"
"logs/V70_PAIR_SWAP_031.coqc.log","E3B0C44298FC1C149AFBF4C8996FB92427AE41E4649B934CA495991B7852B855","0"
"logs/V70_PAIR_SWAP_032.coqc.log","E3B0C44298FC1C149AFBF4C8996FB92427AE41E4649B934CA495991B7852B855","0"
"logs/V70_PAIR_SWAP_033.coqc.log","E3B0C44298FC1C149AFBF4C8996FB92427AE41E4649B934CA495991B7852B855","0"
"logs/V70_PAIR_SWAP_034.coqc.log","E3B0C44298FC1C149AFBF4C8996FB92427AE41E4649B934CA495991B7852B855","0"
"logs/V70_PAIR_SWAP_035.coqc.log","E3B0C44298FC1C149AFBF4C8996FB92427AE41E4649B934CA495991B7852B855","0"
"logs/V70_PAIR_SWAP_036.coqc.log","E3B0C44298FC1C149AFBF4C8996FB92427AE41E4649B934CA495991B7852B855","0"
"logs/V70_PAIR_SWAP_037.coqc.log","E3B0C44298FC1C149AFBF4C8996FB92427AE41E4649B934CA495991B7852B855","0"
"logs/V70_PAIR_SWAP_038.coqc.log","E3B0C44298FC1C149AFBF4C8996FB92427AE41E4649B934CA495991B7852B855","0"
"logs/V70_PAIR_SWAP_039.coqc.log","E3B0C44298FC1C149AFBF4C8996FB92427AE41E4649B934CA495991B7852B855","0"
"logs/V70_PAIR_SWAP_040.coqc.log","E3B0C44298FC1C149AFBF4C8996FB92427AE41E4649B934CA495991B7852B855","0"
"logs/V70_PAIR_SWAP_041.coqc.log","E3B0C44298FC1C149AFBF4C8996FB92427AE41E4649B934CA495991B7852B855","0"
"logs/V70_PAIR_SWAP_042.coqc.log","E3B0C44298FC1C149AFBF4C8996FB92427AE41E4649B934CA495991B7852B855","0"
"logs/V70_PAIR_SWAP_043.coqc.log","E3B0C44298FC1C149AFBF4C8996FB92427AE41E4649B934CA495991B7852B855","0"
"logs/V70_PAIR_SWAP_044.coqc.log","E3B0C44298FC1C149AFBF4C8996FB92427AE41E4649B934CA495991B7852B855","0"
"logs/V70_PAIR_SWAP_045.coqc.log","E3B0C44298FC1C149AFBF4C8996FB92427AE41E4649B934CA495991B7852B855","0"
"logs/V70_PAIR_SWAP_046.coqc.log","E3B0C44298FC1C149AFBF4C8996FB92427AE41E4649B934CA495991B7852B855","0"
"logs/V70_PAIR_SWAP_047.coqc.log","E3B0C44298FC1C149AFBF4C8996FB92427AE41E4649B934CA495991B7852B855","0"
"logs/V70_PAIR_SWAP_048.coqc.log","E3B0C44298FC1C149AFBF4C8996FB92427AE41E4649B934CA495991B7852B855","0"
"logs/V70_PAIR_SWAP_049.coqc.log","E3B0C44298FC1C149AFBF4C8996FB92427AE41E4649B934CA495991B7852B855","0"
"logs/V70_PAIR_SWAP_050.coqc.log","E3B0C44298FC1C149AFBF4C8996FB92427AE41E4649B934CA495991B7852B855","0"
"logs/V70_PAIR_SWAP_051.coqc.log","E3B0C44298FC1C149AFBF4C8996FB92427AE41E4649B934CA495991B7852B855","0"
"logs/V70_PAIR_SWAP_052.coqc.log","E3B0C44298FC1C149AFBF4C8996FB92427AE41E4649B934CA495991B7852B855","0"
"logs/V70_PAIR_SWAP_053.coqc.log","E3B0C44298FC1C149AFBF4C8996FB92427AE41E4649B934CA495991B7852B855","0"
"logs/V70_PAIR_SWAP_054.coqc.log","E3B0C44298FC1C149AFBF4C8996FB92427AE41E4649B934CA495991B7852B855","0"
"logs/V70_PAIR_SWAP_055.coqc.log","E3B0C44298FC1C149AFBF4C8996FB92427AE41E4649B934CA495991B7852B855","0"
"logs/V70_PAIR_SWAP_056.coqc.log","E3B0C44298FC1C149AFBF4C8996FB92427AE41E4649B934CA495991B7852B855","0"
"logs/V70_PAIR_SWAP_057.coqc.log","E3B0C44298FC1C149AFBF4C8996FB92427AE41E4649B934CA495991B7852B855","0"
"logs/V70_PAIR_SWAP_058.coqc.log","E3B0C44298FC1C149AFBF4C8996FB92427AE41E4649B934CA495991B7852B855","0"
"logs/V70_PAIR_SWAP_059.coqc.log","E3B0C44298FC1C149AFBF4C8996FB92427AE41E4649B934CA495991B7852B855","0"
"logs/V70_PAIR_SWAP_060.coqc.log","E3B0C44298FC1C149AFBF4C8996FB92427AE41E4649B934CA495991B7852B855","0"
"logs/V70_PAIR_SWAP_061.coqc.log","E3B0C44298FC1C149AFBF4C8996FB92427AE41E4649B934CA495991B7852B855","0"
"logs/V70_PAIR_SWAP_062.coqc.log","E3B0C44298FC1C149AFBF4C8996FB92427AE41E4649B934CA495991B7852B855","0"
"logs/V70_PAIR_SWAP_063.coqc.log","E3B0C44298FC1C149AFBF4C8996FB92427AE41E4649B934CA495991B7852B855","0"
"logs/V70_PAIR_SWAP_064.coqc.log","E3B0C44298FC1C149AFBF4C8996FB92427AE41E4649B934CA495991B7852B855","0"
"logs/V70_PAIR_SWAP_065.coqc.log","E3B0C44298FC1C149AFBF4C8996FB92427AE41E4649B934CA495991B7852B855","0"
"logs/V70_PAIR_SWAP_066.coqc.log","E3B0C44298FC1C149AFBF4C8996FB92427AE41E4649B934CA495991B7852B855","0"
"logs/V70_PAIR_SWAP_067.coqc.log","E3B0C44298FC1C149AFBF4C8996FB92427AE41E4649B934CA495991B7852B855","0"
"logs/V70_PAIR_SWAP_068.coqc.log","E3B0C44298FC1C149AFBF4C8996FB92427AE41E4649B934CA495991B7852B855","0"
"logs/V70_PAIR_SWAP_069.coqc.log","E3B0C44298FC1C149AFBF4C8996FB92427AE41E4649B934CA495991B7852B855","0"
"logs/V70_PAIR_SWAP_070.coqc.log","E3B0C44298FC1C149AFBF4C8996FB92427AE41E4649B934CA495991B7852B855","0"
"logs/V70_PAIR_SWAP_071.coqc.log","E3B0C44298FC1C149AFBF4C8996FB92427AE41E4649B934CA495991B7852B855","0"
"logs/V70_PAIR_SWAP_072.coqc.log","E3B0C44298FC1C149AFBF4C8996FB92427AE41E4649B934CA495991B7852B855","0"
"logs/V70_PAIR_SWAP_073.coqc.log","E3B0C44298FC1C149AFBF4C8996FB92427AE41E4649B934CA495991B7852B855","0"
"logs/V70_PAIR_SWAP_074.coqc.log","E3B0C44298FC1C149AFBF4C8996FB92427AE41E4649B934CA495991B7852B855","0"
"logs/V70_PAIR_SWAP_075.coqc.log","E3B0C44298FC1C149AFBF4C8996FB92427AE41E4649B934CA495991B7852B855","0"
"logs/V70_PAIR_SWAP_076.coqc.log","E3B0C44298FC1C149AFBF4C8996FB92427AE41E4649B934CA495991B7852B855","0"
"logs/V70_PAIR_SWAP_077.coqc.log","E3B0C44298FC1C149AFBF4C8996FB92427AE41E4649B934CA495991B7852B855","0"
"logs/V70_PAIR_SWAP_078.coqc.log","E3B0C44298FC1C149AFBF4C8996FB92427AE41E4649B934CA495991B7852B855","0"
"logs/V70_PAIR_SWAP_079.coqc.log","E3B0C44298FC1C149AFBF4C8996FB92427AE41E4649B934CA495991B7852B855","0"
"logs/V70_PAIR_SWAP_080.coqc.log","E3B0C44298FC1C149AFBF4C8996FB92427AE41E4649B934CA495991B7852B855","0"
"logs/V70_RECORD_TUPLE_001.coqc.log","E3B0C44298FC1C149AFBF4C8996FB92427AE41E4649B934CA495991B7852B855","0"
"logs/V70_RECORD_TUPLE_002.coqc.log","E3B0C44298FC1C149AFBF4C8996FB92427AE41E4649B934CA495991B7852B855","0"
"logs/V70_RECORD_TUPLE_003.coqc.log","E3B0C44298FC1C149AFBF4C8996FB92427AE41E4649B934CA495991B7852B855","0"
"logs/V70_RECORD_TUPLE_004.coqc.log","E3B0C44298FC1C149AFBF4C8996FB92427AE41E4649B934CA495991B7852B855","0"
"logs/V70_RECORD_TUPLE_005.coqc.log","E3B0C44298FC1C149AFBF4C8996FB92427AE41E4649B934CA495991B7852B855","0"
"logs/V70_RECORD_TUPLE_006.coqc.log","E3B0C44298FC1C149AFBF4C8996FB92427AE41E4649B934CA495991B7852B855","0"
"logs/V70_RECORD_TUPLE_007.coqc.log","E3B0C44298FC1C149AFBF4C8996FB92427AE41E4649B934CA495991B7852B855","0"
"logs/V70_RECORD_TUPLE_008.coqc.log","E3B0C44298FC1C149AFBF4C8996FB92427AE41E4649B934CA495991B7852B855","0"
"logs/V70_RECORD_TUPLE_009.coqc.log","E3B0C44298FC1C149AFBF4C8996FB92427AE41E4649B934CA495991B7852B855","0"
"logs/V70_RECORD_TUPLE_010.coqc.log","E3B0C44298FC1C149AFBF4C8996FB92427AE41E4649B934CA495991B7852B855","0"
"logs/V70_RECORD_TUPLE_011.coqc.log","E3B0C44298FC1C149AFBF4C8996FB92427AE41E4649B934CA495991B7852B855","0"
"logs/V70_RECORD_TUPLE_012.coqc.log","E3B0C44298FC1C149AFBF4C8996FB92427AE41E4649B934CA495991B7852B855","0"
"logs/V70_RECORD_TUPLE_013.coqc.log","E3B0C44298FC1C149AFBF4C8996FB92427AE41E4649B934CA495991B7852B855","0"
"logs/V70_RECORD_TUPLE_014.coqc.log","E3B0C44298FC1C149AFBF4C8996FB92427AE41E4649B934CA495991B7852B855","0"
"logs/V70_RECORD_TUPLE_015.coqc.log","E3B0C44298FC1C149AFBF4C8996FB92427AE41E4649B934CA495991B7852B855","0"
"logs/V70_RECORD_TUPLE_016.coqc.log","E3B0C44298FC1C149AFBF4C8996FB92427AE41E4649B934CA495991B7852B855","0"
"logs/V70_RECORD_TUPLE_017.coqc.log","E3B0C44298FC1C149AFBF4C8996FB92427AE41E4649B934CA495991B7852B855","0"
"logs/V70_RECORD_TUPLE_018.coqc.log","E3B0C44298FC1C149AFBF4C8996FB92427AE41E4649B934CA495991B7852B855","0"
"logs/V70_RECORD_TUPLE_019.coqc.log","E3B0C44298FC1C149AFBF4C8996FB92427AE41E4649B934CA495991B7852B855","0"
"logs/V70_RECORD_TUPLE_020.coqc.log","E3B0C44298FC1C149AFBF4C8996FB92427AE41E4649B934CA495991B7852B855","0"
"logs/V70_RECORD_TUPLE_021.coqc.log","E3B0C44298FC1C149AFBF4C8996FB92427AE41E4649B934CA495991B7852B855","0"
"logs/V70_RECORD_TUPLE_022.coqc.log","E3B0C44298FC1C149AFBF4C8996FB92427AE41E4649B934CA495991B7852B855","0"
"logs/V70_RECORD_TUPLE_023.coqc.log","E3B0C44298FC1C149AFBF4C8996FB92427AE41E4649B934CA495991B7852B855","0"
"logs/V70_RECORD_TUPLE_024.coqc.log","E3B0C44298FC1C149AFBF4C8996FB92427AE41E4649B934CA495991B7852B855","0"
"logs/V70_RECORD_TUPLE_025.coqc.log","E3B0C44298FC1C149AFBF4C8996FB92427AE41E4649B934CA495991B7852B855","0"
"logs/V70_RECORD_TUPLE_026.coqc.log","E3B0C44298FC1C149AFBF4C8996FB92427AE41E4649B934CA495991B7852B855","0"
"logs/V70_RECORD_TUPLE_027.coqc.log","E3B0C44298FC1C149AFBF4C8996FB92427AE41E4649B934CA495991B7852B855","0"
"logs/V70_RECORD_TUPLE_028.coqc.log","E3B0C44298FC1C149AFBF4C8996FB92427AE41E4649B934CA495991B7852B855","0"
"logs/V70_RECORD_TUPLE_029.coqc.log","E3B0C44298FC1C149AFBF4C8996FB92427AE41E4649B934CA495991B7852B855","0"
"logs/V70_RECORD_TUPLE_030.coqc.log","E3B0C44298FC1C149AFBF4C8996FB92427AE41E4649B934CA495991B7852B855","0"
"logs/V70_RECORD_TUPLE_031.coqc.log","E3B0C44298FC1C149AFBF4C8996FB92427AE41E4649B934CA495991B7852B855","0"
"logs/V70_RECORD_TUPLE_032.coqc.log","E3B0C44298FC1C149AFBF4C8996FB92427AE41E4649B934CA495991B7852B855","0"
"logs/V70_RECORD_TUPLE_033.coqc.log","E3B0C44298FC1C149AFBF4C8996FB92427AE41E4649B934CA495991B7852B855","0"
"logs/V70_RECORD_TUPLE_034.coqc.log","E3B0C44298FC1C149AFBF4C8996FB92427AE41E4649B934CA495991B7852B855","0"
"logs/V70_RECORD_TUPLE_035.coqc.log","E3B0C44298FC1C149AFBF4C8996FB92427AE41E4649B934CA495991B7852B855","0"
"logs/V70_RECORD_TUPLE_036.coqc.log","E3B0C44298FC1C149AFBF4C8996FB92427AE41E4649B934CA495991B7852B855","0"
"logs/V70_RECORD_TUPLE_037.coqc.log","E3B0C44298FC1C149AFBF4C8996FB92427AE41E4649B934CA495991B7852B855","0"
"logs/V70_RECORD_TUPLE_038.coqc.log","E3B0C44298FC1C149AFBF4C8996FB92427AE41E4649B934CA495991B7852B855","0"
"logs/V70_RECORD_TUPLE_039.coqc.log","E3B0C44298FC1C149AFBF4C8996FB92427AE41E4649B934CA495991B7852B855","0"
"logs/V70_RECORD_TUPLE_040.coqc.log","E3B0C44298FC1C149AFBF4C8996FB92427AE41E4649B934CA495991B7852B855","0"
"logs/V70_RECORD_TUPLE_041.coqc.log","E3B0C44298FC1C149AFBF4C8996FB92427AE41E4649B934CA495991B7852B855","0"
"logs/V70_RECORD_TUPLE_042.coqc.log","E3B0C44298FC1C149AFBF4C8996FB92427AE41E4649B934CA495991B7852B855","0"
"logs/V70_RECORD_TUPLE_043.coqc.log","E3B0C44298FC1C149AFBF4C8996FB92427AE41E4649B934CA495991B7852B855","0"
"logs/V70_RECORD_TUPLE_044.coqc.log","E3B0C44298FC1C149AFBF4C8996FB92427AE41E4649B934CA495991B7852B855","0"
"logs/V70_RECORD_TUPLE_045.coqc.log","E3B0C44298FC1C149AFBF4C8996FB92427AE41E4649B934CA495991B7852B855","0"
"logs/V70_RECORD_TUPLE_046.coqc.log","E3B0C44298FC1C149AFBF4C8996FB92427AE41E4649B934CA495991B7852B855","0"
"logs/V70_RECORD_TUPLE_047.coqc.log","E3B0C44298FC1C149AFBF4C8996FB92427AE41E4649B934CA495991B7852B855","0"
"logs/V70_RECORD_TUPLE_048.coqc.log","E3B0C44298FC1C149AFBF4C8996FB92427AE41E4649B934CA495991B7852B855","0"
"logs/V70_RECORD_TUPLE_049.coqc.log","E3B0C44298FC1C149AFBF4C8996FB92427AE41E4649B934CA495991B7852B855","0"
"logs/V70_RECORD_TUPLE_050.coqc.log","E3B0C44298FC1C149AFBF4C8996FB92427AE41E4649B934CA495991B7852B855","0"
"logs/V70_RECORD_TUPLE_051.coqc.log","E3B0C44298FC1C149AFBF4C8996FB92427AE41E4649B934CA495991B7852B855","0"
"logs/V70_RECORD_TUPLE_052.coqc.log","E3B0C44298FC1C149AFBF4C8996FB92427AE41E4649B934CA495991B7852B855","0"
"logs/V70_RECORD_TUPLE_053.coqc.log","E3B0C44298FC1C149AFBF4C8996FB92427AE41E4649B934CA495991B7852B855","0"
"logs/V70_RECORD_TUPLE_054.coqc.log","E3B0C44298FC1C149AFBF4C8996FB92427AE41E4649B934CA495991B7852B855","0"
"logs/V70_RECORD_TUPLE_055.coqc.log","E3B0C44298FC1C149AFBF4C8996FB92427AE41E4649B934CA495991B7852B855","0"
"logs/V70_RECORD_TUPLE_056.coqc.log","E3B0C44298FC1C149AFBF4C8996FB92427AE41E4649B934CA495991B7852B855","0"
"logs/V70_RECORD_TUPLE_057.coqc.log","E3B0C44298FC1C149AFBF4C8996FB92427AE41E4649B934CA495991B7852B855","0"
"logs/V70_RECORD_TUPLE_058.coqc.log","E3B0C44298FC1C149AFBF4C8996FB92427AE41E4649B934CA495991B7852B855","0"
"logs/V70_RECORD_TUPLE_059.coqc.log","E3B0C44298FC1C149AFBF4C8996FB92427AE41E4649B934CA495991B7852B855","0"
"logs/V70_RECORD_TUPLE_060.coqc.log","E3B0C44298FC1C149AFBF4C8996FB92427AE41E4649B934CA495991B7852B855","0"
"logs/V70_RECORD_TUPLE_061.coqc.log","E3B0C44298FC1C149AFBF4C8996FB92427AE41E4649B934CA495991B7852B855","0"
"logs/V70_RECORD_TUPLE_062.coqc.log","E3B0C44298FC1C149AFBF4C8996FB92427AE41E4649B934CA495991B7852B855","0"
"logs/V70_RECORD_TUPLE_063.coqc.log","E3B0C44298FC1C149AFBF4C8996FB92427AE41E4649B934CA495991B7852B855","0"
"logs/V70_RECORD_TUPLE_064.coqc.log","E3B0C44298FC1C149AFBF4C8996FB92427AE41E4649B934CA495991B7852B855","0"
"logs/V70_RECORD_TUPLE_065.coqc.log","E3B0C44298FC1C149AFBF4C8996FB92427AE41E4649B934CA495991B7852B855","0"
"logs/V70_RECORD_TUPLE_066.coqc.log","E3B0C44298FC1C149AFBF4C8996FB92427AE41E4649B934CA495991B7852B855","0"
"logs/V70_RECORD_TUPLE_067.coqc.log","E3B0C44298FC1C149AFBF4C8996FB92427AE41E4649B934CA495991B7852B855","0"
"logs/V70_RECORD_TUPLE_068.coqc.log","E3B0C44298FC1C149AFBF4C8996FB92427AE41E4649B934CA495991B7852B855","0"
"logs/V70_RECORD_TUPLE_069.coqc.log","E3B0C44298FC1C149AFBF4C8996FB92427AE41E4649B934CA495991B7852B855","0"
"logs/V70_RECORD_TUPLE_070.coqc.log","E3B0C44298FC1C149AFBF4C8996FB92427AE41E4649B934CA495991B7852B855","0"
"logs/V70_RECORD_TUPLE_071.coqc.log","E3B0C44298FC1C149AFBF4C8996FB92427AE41E4649B934CA495991B7852B855","0"
"logs/V70_RECORD_TUPLE_072.coqc.log","E3B0C44298FC1C149AFBF4C8996FB92427AE41E4649B934CA495991B7852B855","0"
"logs/V70_RECORD_TUPLE_073.coqc.log","E3B0C44298FC1C149AFBF4C8996FB92427AE41E4649B934CA495991B7852B855","0"
"logs/V70_RECORD_TUPLE_074.coqc.log","E3B0C44298FC1C149AFBF4C8996FB92427AE41E4649B934CA495991B7852B855","0"
"logs/V70_RECORD_TUPLE_075.coqc.log","E3B0C44298FC1C149AFBF4C8996FB92427AE41E4649B934CA495991B7852B855","0"
"logs/V70_RECORD_TUPLE_076.coqc.log","E3B0C44298FC1C149AFBF4C8996FB92427AE41E4649B934CA495991B7852B855","0"
"logs/V70_RECORD_TUPLE_077.coqc.log","E3B0C44298FC1C149AFBF4C8996FB92427AE41E4649B934CA495991B7852B855","0"
"logs/V70_RECORD_TUPLE_078.coqc.log","E3B0C44298FC1C149AFBF4C8996FB92427AE41E4649B934CA495991B7852B855","0"
"logs/V70_RECORD_TUPLE_079.coqc.log","E3B0C44298FC1C149AFBF4C8996FB92427AE41E4649B934CA495991B7852B855","0"
"logs/V70_RECORD_TUPLE_080.coqc.log","E3B0C44298FC1C149AFBF4C8996FB92427AE41E4649B934CA495991B7852B855","0"
"logs/V70_TREE_MIRROR_001.coqc.log","E3B0C44298FC1C149AFBF4C8996FB92427AE41E4649B934CA495991B7852B855","0"
"logs/V70_TREE_MIRROR_002.coqc.log","E3B0C44298FC1C149AFBF4C8996FB92427AE41E4649B934CA495991B7852B855","0"
"logs/V70_TREE_MIRROR_003.coqc.log","E3B0C44298FC1C149AFBF4C8996FB92427AE41E4649B934CA495991B7852B855","0"
"logs/V70_TREE_MIRROR_004.coqc.log","E3B0C44298FC1C149AFBF4C8996FB92427AE41E4649B934CA495991B7852B855","0"
"logs/V70_TREE_MIRROR_005.coqc.log","E3B0C44298FC1C149AFBF4C8996FB92427AE41E4649B934CA495991B7852B855","0"
"logs/V70_TREE_MIRROR_006.coqc.log","E3B0C44298FC1C149AFBF4C8996FB92427AE41E4649B934CA495991B7852B855","0"
"logs/V70_TREE_MIRROR_007.coqc.log","E3B0C44298FC1C149AFBF4C8996FB92427AE41E4649B934CA495991B7852B855","0"
"logs/V70_TREE_MIRROR_008.coqc.log","E3B0C44298FC1C149AFBF4C8996FB92427AE41E4649B934CA495991B7852B855","0"
"logs/V70_TREE_MIRROR_009.coqc.log","E3B0C44298FC1C149AFBF4C8996FB92427AE41E4649B934CA495991B7852B855","0"
"logs/V70_TREE_MIRROR_010.coqc.log","E3B0C44298FC1C149AFBF4C8996FB92427AE41E4649B934CA495991B7852B855","0"
"logs/V70_TREE_MIRROR_011.coqc.log","E3B0C44298FC1C149AFBF4C8996FB92427AE41E4649B934CA495991B7852B855","0"
"logs/V70_TREE_MIRROR_012.coqc.log","E3B0C44298FC1C149AFBF4C8996FB92427AE41E4649B934CA495991B7852B855","0"
"logs/V70_TREE_MIRROR_013.coqc.log","E3B0C44298FC1C149AFBF4C8996FB92427AE41E4649B934CA495991B7852B855","0"
"logs/V70_TREE_MIRROR_014.coqc.log","E3B0C44298FC1C149AFBF4C8996FB92427AE41E4649B934CA495991B7852B855","0"
"logs/V70_TREE_MIRROR_015.coqc.log","E3B0C44298FC1C149AFBF4C8996FB92427AE41E4649B934CA495991B7852B855","0"
"logs/V70_TREE_MIRROR_016.coqc.log","E3B0C44298FC1C149AFBF4C8996FB92427AE41E4649B934CA495991B7852B855","0"
"logs/V70_TREE_MIRROR_017.coqc.log","E3B0C44298FC1C149AFBF4C8996FB92427AE41E4649B934CA495991B7852B855","0"
"logs/V70_TREE_MIRROR_018.coqc.log","E3B0C44298FC1C149AFBF4C8996FB92427AE41E4649B934CA495991B7852B855","0"
"logs/V70_TREE_MIRROR_019.coqc.log","E3B0C44298FC1C149AFBF4C8996FB92427AE41E4649B934CA495991B7852B855","0"
"logs/V70_TREE_MIRROR_020.coqc.log","E3B0C44298FC1C149AFBF4C8996FB92427AE41E4649B934CA495991B7852B855","0"
"logs/V70_TREE_MIRROR_021.coqc.log","E3B0C44298FC1C149AFBF4C8996FB92427AE41E4649B934CA495991B7852B855","0"
"logs/V70_TREE_MIRROR_022.coqc.log","E3B0C44298FC1C149AFBF4C8996FB92427AE41E4649B934CA495991B7852B855","0"
"logs/V70_TREE_MIRROR_023.coqc.log","E3B0C44298FC1C149AFBF4C8996FB92427AE41E4649B934CA495991B7852B855","0"
"logs/V70_TREE_MIRROR_024.coqc.log","E3B0C44298FC1C149AFBF4C8996FB92427AE41E4649B934CA495991B7852B855","0"
"logs/V70_TREE_MIRROR_025.coqc.log","E3B0C44298FC1C149AFBF4C8996FB92427AE41E4649B934CA495991B7852B855","0"
"logs/V70_TREE_MIRROR_026.coqc.log","E3B0C44298FC1C149AFBF4C8996FB92427AE41E4649B934CA495991B7852B855","0"
"logs/V70_TREE_MIRROR_027.coqc.log","E3B0C44298FC1C149AFBF4C8996FB92427AE41E4649B934CA495991B7852B855","0"
"logs/V70_TREE_MIRROR_028.coqc.log","E3B0C44298FC1C149AFBF4C8996FB92427AE41E4649B934CA495991B7852B855","0"
"logs/V70_TREE_MIRROR_029.coqc.log","E3B0C44298FC1C149AFBF4C8996FB92427AE41E4649B934CA495991B7852B855","0"
"logs/V70_TREE_MIRROR_030.coqc.log","E3B0C44298FC1C149AFBF4C8996FB92427AE41E4649B934CA495991B7852B855","0"
"logs/V70_TREE_MIRROR_031.coqc.log","E3B0C44298FC1C149AFBF4C8996FB92427AE41E4649B934CA495991B7852B855","0"
"logs/V70_TREE_MIRROR_032.coqc.log","E3B0C44298FC1C149AFBF4C8996FB92427AE41E4649B934CA495991B7852B855","0"
"logs/V70_TREE_MIRROR_033.coqc.log","E3B0C44298FC1C149AFBF4C8996FB92427AE41E4649B934CA495991B7852B855","0"
"logs/V70_TREE_MIRROR_034.coqc.log","E3B0C44298FC1C149AFBF4C8996FB92427AE41E4649B934CA495991B7852B855","0"
"logs/V70_TREE_MIRROR_035.coqc.log","E3B0C44298FC1C149AFBF4C8996FB92427AE41E4649B934CA495991B7852B855","0"
"logs/V70_TREE_MIRROR_036.coqc.log","E3B0C44298FC1C149AFBF4C8996FB92427AE41E4649B934CA495991B7852B855","0"
"logs/V70_TREE_MIRROR_037.coqc.log","E3B0C44298FC1C149AFBF4C8996FB92427AE41E4649B934CA495991B7852B855","0"
"logs/V70_TREE_MIRROR_038.coqc.log","E3B0C44298FC1C149AFBF4C8996FB92427AE41E4649B934CA495991B7852B855","0"
"logs/V70_TREE_MIRROR_039.coqc.log","E3B0C44298FC1C149AFBF4C8996FB92427AE41E4649B934CA495991B7852B855","0"
"logs/V70_TREE_MIRROR_040.coqc.log","E3B0C44298FC1C149AFBF4C8996FB92427AE41E4649B934CA495991B7852B855","0"
"logs/V70_TREE_MIRROR_041.coqc.log","E3B0C44298FC1C149AFBF4C8996FB92427AE41E4649B934CA495991B7852B855","0"
"logs/V70_TREE_MIRROR_042.coqc.log","E3B0C44298FC1C149AFBF4C8996FB92427AE41E4649B934CA495991B7852B855","0"
"logs/V70_TREE_MIRROR_043.coqc.log","E3B0C44298FC1C149AFBF4C8996FB92427AE41E4649B934CA495991B7852B855","0"
"logs/V70_TREE_MIRROR_044.coqc.log","E3B0C44298FC1C149AFBF4C8996FB92427AE41E4649B934CA495991B7852B855","0"
"logs/V70_TREE_MIRROR_045.coqc.log","E3B0C44298FC1C149AFBF4C8996FB92427AE41E4649B934CA495991B7852B855","0"
"logs/V70_TREE_MIRROR_046.coqc.log","E3B0C44298FC1C149AFBF4C8996FB92427AE41E4649B934CA495991B7852B855","0"
"logs/V70_TREE_MIRROR_047.coqc.log","E3B0C44298FC1C149AFBF4C8996FB92427AE41E4649B934CA495991B7852B855","0"
"logs/V70_TREE_MIRROR_048.coqc.log","E3B0C44298FC1C149AFBF4C8996FB92427AE41E4649B934CA495991B7852B855","0"
"logs/V70_TREE_MIRROR_049.coqc.log","E3B0C44298FC1C149AFBF4C8996FB92427AE41E4649B934CA495991B7852B855","0"
"logs/V70_TREE_MIRROR_050.coqc.log","E3B0C44298FC1C149AFBF4C8996FB92427AE41E4649B934CA495991B7852B855","0"
"logs/V70_TREE_MIRROR_051.coqc.log","E3B0C44298FC1C149AFBF4C8996FB92427AE41E4649B934CA495991B7852B855","0"
"logs/V70_TREE_MIRROR_052.coqc.log","E3B0C44298FC1C149AFBF4C8996FB92427AE41E4649B934CA495991B7852B855","0"
"logs/V70_TREE_MIRROR_053.coqc.log","E3B0C44298FC1C149AFBF4C8996FB92427AE41E4649B934CA495991B7852B855","0"
"logs/V70_TREE_MIRROR_054.coqc.log","E3B0C44298FC1C149AFBF4C8996FB92427AE41E4649B934CA495991B7852B855","0"
"logs/V70_TREE_MIRROR_055.coqc.log","E3B0C44298FC1C149AFBF4C8996FB92427AE41E4649B934CA495991B7852B855","0"
"logs/V70_TREE_MIRROR_056.coqc.log","E3B0C44298FC1C149AFBF4C8996FB92427AE41E4649B934CA495991B7852B855","0"
"logs/V70_TREE_MIRROR_057.coqc.log","E3B0C44298FC1C149AFBF4C8996FB92427AE41E4649B934CA495991B7852B855","0"
"logs/V70_TREE_MIRROR_058.coqc.log","E3B0C44298FC1C149AFBF4C8996FB92427AE41E4649B934CA495991B7852B855","0"
"logs/V70_TREE_MIRROR_059.coqc.log","E3B0C44298FC1C149AFBF4C8996FB92427AE41E4649B934CA495991B7852B855","0"
"logs/V70_TREE_MIRROR_060.coqc.log","E3B0C44298FC1C149AFBF4C8996FB92427AE41E4649B934CA495991B7852B855","0"
"logs/V70_TREE_MIRROR_061.coqc.log","E3B0C44298FC1C149AFBF4C8996FB92427AE41E4649B934CA495991B7852B855","0"
"logs/V70_TREE_MIRROR_062.coqc.log","E3B0C44298FC1C149AFBF4C8996FB92427AE41E4649B934CA495991B7852B855","0"
"logs/V70_TREE_MIRROR_063.coqc.log","E3B0C44298FC1C149AFBF4C8996FB92427AE41E4649B934CA495991B7852B855","0"
"logs/V70_TREE_MIRROR_064.coqc.log","E3B0C44298FC1C149AFBF4C8996FB92427AE41E4649B934CA495991B7852B855","0"
"logs/V70_TREE_MIRROR_065.coqc.log","E3B0C44298FC1C149AFBF4C8996FB92427AE41E4649B934CA495991B7852B855","0"
"logs/V70_TREE_MIRROR_066.coqc.log","E3B0C44298FC1C149AFBF4C8996FB92427AE41E4649B934CA495991B7852B855","0"
"logs/V70_TREE_MIRROR_067.coqc.log","E3B0C44298FC1C149AFBF4C8996FB92427AE41E4649B934CA495991B7852B855","0"
"logs/V70_TREE_MIRROR_068.coqc.log","E3B0C44298FC1C149AFBF4C8996FB92427AE41E4649B934CA495991B7852B855","0"
"logs/V70_TREE_MIRROR_069.coqc.log","E3B0C44298FC1C149AFBF4C8996FB92427AE41E4649B934CA495991B7852B855","0"
"logs/V70_TREE_MIRROR_070.coqc.log","E3B0C44298FC1C149AFBF4C8996FB92427AE41E4649B934CA495991B7852B855","0"
"logs/V70_TREE_MIRROR_071.coqc.log","E3B0C44298FC1C149AFBF4C8996FB92427AE41E4649B934CA495991B7852B855","0"
"logs/V70_TREE_MIRROR_072.coqc.log","E3B0C44298FC1C149AFBF4C8996FB92427AE41E4649B934CA495991B7852B855","0"
"logs/V70_TREE_MIRROR_073.coqc.log","E3B0C44298FC1C149AFBF4C8996FB92427AE41E4649B934CA495991B7852B855","0"
"logs/V70_TREE_MIRROR_074.coqc.log","E3B0C44298FC1C149AFBF4C8996FB92427AE41E4649B934CA495991B7852B855","0"
"logs/V70_TREE_MIRROR_075.coqc.log","E3B0C44298FC1C149AFBF4C8996FB92427AE41E4649B934CA495991B7852B855","0"
"logs/V70_TREE_MIRROR_076.coqc.log","E3B0C44298FC1C149AFBF4C8996FB92427AE41E4649B934CA495991B7852B855","0"
"logs/V70_TREE_MIRROR_077.coqc.log","E3B0C44298FC1C149AFBF4C8996FB92427AE41E4649B934CA495991B7852B855","0"
"logs/V70_TREE_MIRROR_078.coqc.log","E3B0C44298FC1C149AFBF4C8996FB92427AE41E4649B934CA495991B7852B855","0"
"logs/V70_TREE_MIRROR_079.coqc.log","E3B0C44298FC1C149AFBF4C8996FB92427AE41E4649B934CA495991B7852B855","0"
"logs/V70_TREE_MIRROR_080.coqc.log","E3B0C44298FC1C149AFBF4C8996FB92427AE41E4649B934CA495991B7852B855","0"
"run_third_party_idiom_mix.ps1","D9B5668EF18A904AF2587609DF5B3FEECD82FAA9575047E8AE7208168215B7CD","13329"
