"module","family","obligations","coqc_status","coqc_ms","coqc_log","coqchk_status","coqchk_log"
"V70_LIST_MAP_APP_001","list-map-app","2","kernel_success","757.7","logs/V70_LIST_MAP_APP_001.coqc.log","coqchk_success","logs/V70_BATCH.coqchk.log"
"V70_LIST_MAP_APP_002","list-map-app","2","kernel_success","541.6","logs/V70_LIST_MAP_APP_002.coqc.log","coqchk_success","logs/V70_BATCH.coqchk.log"
"V70_LIST_MAP_APP_003","list-map-app","2","kernel_success","521","logs/V70_LIST_MAP_APP_003.coqc.log","coqchk_success","logs/V70_BATCH.coqchk.log"
"V70_LIST_MAP_APP_004","list-map-app","2","kernel_success","521.6","logs/V70_LIST_MAP_APP_004.coqc.log","coqchk_success","logs/V70_BATCH.coqchk.log"
"V70_LIST_MAP_APP_005","list-map-app","2","kernel_success","610.5","logs/V70_LIST_MAP_APP_005.coqc.log","coqchk_success","logs/V70_BATCH.coqchk.log"
"V70_LIST_MAP_APP_006","list-map-app","2","kernel_success","594.4","logs/V70_LIST_MAP_APP_006.coqc.log","coqchk_success","logs/V70_BATCH.coqchk.log"
"V70_LIST_MAP_APP_007","list-map-app","2","kernel_success","571.9","logs/V70_LIST_MAP_APP_007.coqc.log","coqchk_success","logs/V70_BATCH.coqchk.log"
"V70_LIST_MAP_APP_008","list-map-app","2","kernel_success","602.6","logs/V70_LIST_MAP_APP_008.coqc.log","coqchk_success","logs/V70_BATCH.coqchk.log"
"V70_LIST_MAP_APP_009","list-map-app","2","kernel_success","454.9","logs/V70_LIST_MAP_APP_009.coqc.log","coqchk_success","logs/V70_BATCH.coqchk.log"
"V70_LIST_MAP_APP_010","list-map-app","2","kernel_success","559.2","logs/V70_LIST_MAP_APP_010.coqc.log","coqchk_success","logs/V70_BATCH.coqchk.log"
"V70_LIST_MAP_APP_011","list-map-app","2","kernel_success","488.4","logs/V70_LIST_MAP_APP_011.coqc.log","coqchk_success","logs/V70_BATCH.coqchk.log"
"V70_LIST_MAP_APP_012","list-map-app","2","kernel_success","458.7","logs/V70_LIST_MAP_APP_012.coqc.log","coqchk_success","logs/V70_BATCH.coqchk.log"
"V70_LIST_MAP_APP_013","list-map-app","2","kernel_success","588.1","logs/V70_LIST_MAP_APP_013.coqc.log","coqchk_success","logs/V70_BATCH.coqchk.log"
"V70_LIST_MAP_APP_014","list-map-app","2","kernel_success","481.8","logs/V70_LIST_MAP_APP_014.coqc.log","coqchk_success","logs/V70_BATCH.coqchk.log"
"V70_LIST_MAP_APP_015","list-map-app","2","kernel_success","431.1","logs/V70_LIST_MAP_APP_015.coqc.log","coqchk_success","logs/V70_BATCH.coqchk.log"
"V70_LIST_MAP_APP_016","list-map-app","2","kernel_success","451.8","logs/V70_LIST_MAP_APP_016.coqc.log","coqchk_success","logs/V70_BATCH.coqchk.log"
"V70_LIST_MAP_APP_017","list-map-app","2","kernel_success","450.9","logs/V70_LIST_MAP_APP_017.coqc.log","coqchk_success","logs/V70_BATCH.coqchk.log"
"V70_LIST_MAP_APP_018","list-map-app","2","kernel_success","482.9","logs/V70_LIST_MAP_APP_018.coqc.log","coqchk_success","logs/V70_BATCH.coqchk.log"
"V70_LIST_MAP_APP_019","list-map-app","2","kernel_success","485","logs/V70_LIST_MAP_APP_019.coqc.log","coqchk_success","logs/V70_BATCH.coqchk.log"
"V70_LIST_MAP_APP_020","list-map-app","2","kernel_success","481.7","logs/V70_LIST_MAP_APP_020.coqc.log","coqchk_success","logs/V70_BATCH.coqchk.log"
"V70_LIST_MAP_APP_021","list-map-app","2","kernel_success","513.3","logs/V70_LIST_MAP_APP_021.coqc.log","coqchk_success","logs/V70_BATCH.coqchk.log"
"V70_LIST_MAP_APP_022","list-map-app","2","kernel_success","483.5","logs/V70_LIST_MAP_APP_022.coqc.log","coqchk_success","logs/V70_BATCH.coqchk.log"
"V70_LIST_MAP_APP_023","list-map-app","2","kernel_success","538","logs/V70_LIST_MAP_APP_023.coqc.log","coqchk_success","logs/V70_BATCH.coqchk.log"
"V70_LIST_MAP_APP_024","list-map-app","2","kernel_success","462.5","logs/V70_LIST_MAP_APP_024.coqc.log","coqchk_success","logs/V70_BATCH.coqchk.log"
"V70_LIST_MAP_APP_025","list-map-app","2","kernel_success","437.5","logs/V70_LIST_MAP_APP_025.coqc.log","coqchk_success","logs/V70_BATCH.coqchk.log"
"V70_LIST_MAP_APP_026","list-map-app","2","kernel_success","516.5","logs/V70_LIST_MAP_APP_026.coqc.log","coqchk_success","logs/V70_BATCH.coqchk.log"
"V70_LIST_MAP_APP_027","list-map-app","2","kernel_success","466.1","logs/V70_LIST_MAP_APP_027.coqc.log","coqchk_success","logs/V70_BATCH.coqchk.log"
"V70_LIST_MAP_APP_028","list-map-app","2","kernel_success","471.3","logs/V70_LIST_MAP_APP_028.coqc.log","coqchk_success","logs/V70_BATCH.coqchk.log"
"V70_LIST_MAP_APP_029","list-map-app","2","kernel_success","526.2","logs/V70_LIST_MAP_APP_029.coqc.log","coqchk_success","logs/V70_BATCH.coqchk.log"
"V70_LIST_MAP_APP_030","list-map-app","2","kernel_success","583.1","logs/V70_LIST_MAP_APP_030.coqc.log","coqchk_success","logs/V70_BATCH.coqchk.log"
"V70_LIST_MAP_APP_031","list-map-app","2","kernel_success","512.9","logs/V70_LIST_MAP_APP_031.coqc.log","coqchk_success","logs/V70_BATCH.coqchk.log"
"V70_LIST_MAP_APP_032","list-map-app","2","kernel_success","497.5","logs/V70_LIST_MAP_APP_032.coqc.log","coqchk_success","logs/V70_BATCH.coqchk.log"
"V70_LIST_MAP_APP_033","list-map-app","2","kernel_success","466.5","logs/V70_LIST_MAP_APP_033.coqc.log","coqchk_success","logs/V70_BATCH.coqchk.log"
"V70_LIST_MAP_APP_034","list-map-app","2","kernel_success","423.2","logs/V70_LIST_MAP_APP_034.coqc.log","coqchk_success","logs/V70_BATCH.coqchk.log"
"V70_LIST_MAP_APP_035","list-map-app","2","kernel_success","424.3","logs/V70_LIST_MAP_APP_035.coqc.log","coqchk_success","logs/V70_BATCH.coqchk.log"
"V70_LIST_MAP_APP_036","list-map-app","2","kernel_success","407.4","logs/V70_LIST_MAP_APP_036.coqc.log","coqchk_success","logs/V70_BATCH.coqchk.log"
"V70_LIST_MAP_APP_037","list-map-app","2","kernel_success","431.7","logs/V70_LIST_MAP_APP_037.coqc.log","coqchk_success","logs/V70_BATCH.coqchk.log"
"V70_LIST_MAP_APP_038","list-map-app","2","kernel_success","503.9","logs/V70_LIST_MAP_APP_038.coqc.log","coqchk_success","logs/V70_BATCH.coqchk.log"
"V70_LIST_MAP_APP_039","list-map-app","2","kernel_success","489","logs/V70_LIST_MAP_APP_039.coqc.log","coqchk_success","logs/V70_BATCH.coqchk.log"
"V70_LIST_MAP_APP_040","list-map-app","2","kernel_success","536.8","logs/V70_LIST_MAP_APP_040.coqc.log","coqchk_success","logs/V70_BATCH.coqchk.log"
"V70_LIST_MAP_APP_041","list-map-app","2","kernel_success","546.6","logs/V70_LIST_MAP_APP_041.coqc.log","coqchk_success","logs/V70_BATCH.coqchk.log"
"V70_LIST_MAP_APP_042","list-map-app","2","kernel_success","545.4","logs/V70_LIST_MAP_APP_042.coqc.log","coqchk_success","logs/V70_BATCH.coqchk.log"
"V70_LIST_MAP_APP_043","list-map-app","2","kernel_success","503.3","logs/V70_LIST_MAP_APP_043.coqc.log","coqchk_success","logs/V70_BATCH.coqchk.log"
"V70_LIST_MAP_APP_044","list-map-app","2","kernel_success","438","logs/V70_LIST_MAP_APP_044.coqc.log","coqchk_success","logs/V70_BATCH.coqchk.log"
"V70_LIST_MAP_APP_045","list-map-app","2","kernel_success","504","logs/V70_LIST_MAP_APP_045.coqc.log","coqchk_success","logs/V70_BATCH.coqchk.log"
"V70_LIST_MAP_APP_046","list-map-app","2","kernel_success","530.8","logs/V70_LIST_MAP_APP_046.coqc.log","coqchk_success","logs/V70_BATCH.coqchk.log"
"V70_LIST_MAP_APP_047","list-map-app","2","kernel_success","444.4","logs/V70_LIST_MAP_APP_047.coqc.log","coqchk_success","logs/V70_BATCH.coqchk.log"
"V70_LIST_MAP_APP_048","list-map-app","2","kernel_success","484.3","logs/V70_LIST_MAP_APP_048.coqc.log","coqchk_success","logs/V70_BATCH.coqchk.log"
"V70_LIST_MAP_APP_049","list-map-app","2","kernel_success","491.5","logs/V70_LIST_MAP_APP_049.coqc.log","coqchk_success","logs/V70_BATCH.coqchk.log"
"V70_LIST_MAP_APP_050","list-map-app","2","kernel_success","468.6","logs/V70_LIST_MAP_APP_050.coqc.log","coqchk_success","logs/V70_BATCH.coqchk.log"
"V70_LIST_MAP_APP_051","list-map-app","2","kernel_success","545.2","logs/V70_LIST_MAP_APP_051.coqc.log","coqchk_success","logs/V70_BATCH.coqchk.log"
"V70_LIST_MAP_APP_052","list-map-app","2","kernel_success","484.4","logs/V70_LIST_MAP_APP_052.coqc.log","coqchk_success","logs/V70_BATCH.coqchk.log"
"V70_LIST_MAP_APP_053","list-map-app","2","kernel_success","532.6","logs/V70_LIST_MAP_APP_053.coqc.log","coqchk_success","logs/V70_BATCH.coqchk.log"
"V70_LIST_MAP_APP_054","list-map-app","2","kernel_success","473.9","logs/V70_LIST_MAP_APP_054.coqc.log","coqchk_success","logs/V70_BATCH.coqchk.log"
"V70_LIST_MAP_APP_055","list-map-app","2","kernel_success","420.3","logs/V70_LIST_MAP_APP_055.coqc.log","coqchk_success","logs/V70_BATCH.coqchk.log"
"V70_LIST_MAP_APP_056","list-map-app","2","kernel_success","483","logs/V70_LIST_MAP_APP_056.coqc.log","coqchk_success","logs/V70_BATCH.coqchk.log"
"V70_LIST_MAP_APP_057","list-map-app","2","kernel_success","471.3","logs/V70_LIST_MAP_APP_057.coqc.log","coqchk_success","logs/V70_BATCH.coqchk.log"
"V70_LIST_MAP_APP_058","list-map-app","2","kernel_success","481","logs/V70_LIST_MAP_APP_058.coqc.log","coqchk_success","logs/V70_BATCH.coqchk.log"
"V70_LIST_MAP_APP_059","list-map-app","2","kernel_success","497.4","logs/V70_LIST_MAP_APP_059.coqc.log","coqchk_success","logs/V70_BATCH.coqchk.log"
"V70_LIST_MAP_APP_060","list-map-app","2","kernel_success","465.3","logs/V70_LIST_MAP_APP_060.coqc.log","coqchk_success","logs/V70_BATCH.coqchk.log"
"V70_LIST_MAP_APP_061","list-map-app","2","kernel_success","525.8","logs/V70_LIST_MAP_APP_061.coqc.log","coqchk_success","logs/V70_BATCH.coqchk.log"
"V70_LIST_MAP_APP_062","list-map-app","2","kernel_success","522.4","logs/V70_LIST_MAP_APP_062.coqc.log","coqchk_success","logs/V70_BATCH.coqchk.log"
"V70_LIST_MAP_APP_063","list-map-app","2","kernel_success","527.8","logs/V70_LIST_MAP_APP_063.coqc.log","coqchk_success","logs/V70_BATCH.coqchk.log"
"V70_LIST_MAP_APP_064","list-map-app","2","kernel_success","503.2","logs/V70_LIST_MAP_APP_064.coqc.log","coqchk_success","logs/V70_BATCH.coqchk.log"
"V70_LIST_MAP_APP_065","list-map-app","2","kernel_success","534.5","logs/V70_LIST_MAP_APP_065.coqc.log","coqchk_success","logs/V70_BATCH.coqchk.log"
"V70_LIST_MAP_APP_066","list-map-app","2","kernel_success","508.5","logs/V70_LIST_MAP_APP_066.coqc.log","coqchk_success","logs/V70_BATCH.coqchk.log"
"V70_LIST_MAP_APP_067","list-map-app","2","kernel_success","513.2","logs/V70_LIST_MAP_APP_067.coqc.log","coqchk_success","logs/V70_BATCH.coqchk.log"
"V70_LIST_MAP_APP_068","list-map-app","2","kernel_success","417.8","logs/V70_LIST_MAP_APP_068.coqc.log","coqchk_success","logs/V70_BATCH.coqchk.log"
"V70_LIST_MAP_APP_069","list-map-app","2","kernel_success","435.3","logs/V70_LIST_MAP_APP_069.coqc.log","coqchk_success","logs/V70_BATCH.coqchk.log"
"V70_LIST_MAP_APP_070","list-map-app","2","kernel_success","451.7","logs/V70_LIST_MAP_APP_070.coqc.log","coqchk_success","logs/V70_BATCH.coqchk.log"
"V70_LIST_MAP_APP_071","list-map-app","2","kernel_success","455.2","logs/V70_LIST_MAP_APP_071.coqc.log","coqchk_success","logs/V70_BATCH.coqchk.log"
"V70_LIST_MAP_APP_072","list-map-app","2","kernel_success","509.9","logs/V70_LIST_MAP_APP_072.coqc.log","coqchk_success","logs/V70_BATCH.coqchk.log"
"V70_LIST_MAP_APP_073","list-map-app","2","kernel_success","560.8","logs/V70_LIST_MAP_APP_073.coqc.log","coqchk_success","logs/V70_BATCH.coqchk.log"
"V70_LIST_MAP_APP_074","list-map-app","2","kernel_success","531.5","logs/V70_LIST_MAP_APP_074.coqc.log","coqchk_success","logs/V70_BATCH.coqchk.log"
"V70_LIST_MAP_APP_075","list-map-app","2","kernel_success","567.4","logs/V70_LIST_MAP_APP_075.coqc.log","coqchk_success","logs/V70_BATCH.coqchk.log"
"V70_LIST_MAP_APP_076","list-map-app","2","kernel_success","538.2","logs/V70_LIST_MAP_APP_076.coqc.log","coqchk_success","logs/V70_BATCH.coqchk.log"
"V70_LIST_MAP_APP_077","list-map-app","2","kernel_success","493","logs/V70_LIST_MAP_APP_077.coqc.log","coqchk_success","logs/V70_BATCH.coqchk.log"
"V70_LIST_MAP_APP_078","list-map-app","2","kernel_success","469","logs/V70_LIST_MAP_APP_078.coqc.log","coqchk_success","logs/V70_BATCH.coqchk.log"
"V70_LIST_MAP_APP_079","list-map-app","2","kernel_success","430.7","logs/V70_LIST_MAP_APP_079.coqc.log","coqchk_success","logs/V70_BATCH.coqchk.log"
"V70_LIST_MAP_APP_080","list-map-app","2","kernel_success","406","logs/V70_LIST_MAP_APP_080.coqc.log","coqchk_success","logs/V70_BATCH.coqchk.log"
"V70_LIST_FILTER_PARTITION_001","list-filter-partition","2","kernel_success","457.1","logs/V70_LIST_FILTER_PARTITION_001.coqc.log","coqchk_success","logs/V70_BATCH.coqchk.log"
"V70_LIST_FILTER_PARTITION_002","list-filter-partition","2","kernel_success","460.2","logs/V70_LIST_FILTER_PARTITION_002.coqc.log","coqchk_success","logs/V70_BATCH.coqchk.log"
"V70_LIST_FILTER_PARTITION_003","list-filter-partition","2","kernel_success","517.5","logs/V70_LIST_FILTER_PARTITION_003.coqc.log","coqchk_success","logs/V70_BATCH.coqchk.log"
"V70_LIST_FILTER_PARTITION_004","list-filter-partition","2","kernel_success","542.9","logs/V70_LIST_FILTER_PARTITION_004.coqc.log","coqchk_success","logs/V70_BATCH.coqchk.log"
"V70_LIST_FILTER_PARTITION_005","list-filter-partition","2","kernel_success","573.3","logs/V70_LIST_FILTER_PARTITION_005.coqc.log","coqchk_success","logs/V70_BATCH.coqchk.log"
"V70_LIST_FILTER_PARTITION_006","list-filter-partition","2","kernel_success","574.7","logs/V70_LIST_FILTER_PARTITION_006.coqc.log","coqchk_success","logs/V70_BATCH.coqchk.log"
"V70_LIST_FILTER_PARTITION_007","list-filter-partition","2","kernel_success","499.1","logs/V70_LIST_FILTER_PARTITION_007.coqc.log","coqchk_success","logs/V70_BATCH.coqchk.log"
"V70_LIST_FILTER_PARTITION_008","list-filter-partition","2","kernel_success","489.2","logs/V70_LIST_FILTER_PARTITION_008.coqc.log","coqchk_success","logs/V70_BATCH.coqchk.log"
"V70_LIST_FILTER_PARTITION_009","list-filter-partition","2","kernel_success","585.9","logs/V70_LIST_FILTER_PARTITION_009.coqc.log","coqchk_success","logs/V70_BATCH.coqchk.log"
"V70_LIST_FILTER_PARTITION_010","list-filter-partition","2","kernel_success","381.4","logs/V70_LIST_FILTER_PARTITION_010.coqc.log","coqchk_success","logs/V70_BATCH.coqchk.log"
"V70_LIST_FILTER_PARTITION_011","list-filter-partition","2","kernel_success","444.1","logs/V70_LIST_FILTER_PARTITION_011.coqc.log","coqchk_success","logs/V70_BATCH.coqchk.log"
"V70_LIST_FILTER_PARTITION_012","list-filter-partition","2","kernel_success","500.5","logs/V70_LIST_FILTER_PARTITION_012.coqc.log","coqchk_success","logs/V70_BATCH.coqchk.log"
"V70_LIST_FILTER_PARTITION_013","list-filter-partition","2","kernel_success","493.4","logs/V70_LIST_FILTER_PARTITION_013.coqc.log","coqchk_success","logs/V70_BATCH.coqchk.log"
"V70_LIST_FILTER_PARTITION_014","list-filter-partition","2","kernel_success","566.3","logs/V70_LIST_FILTER_PARTITION_014.coqc.log","coqchk_success","logs/V70_BATCH.coqchk.log"
"V70_LIST_FILTER_PARTITION_015","list-filter-partition","2","kernel_success","503.2","logs/V70_LIST_FILTER_PARTITION_015.coqc.log","coqchk_success","logs/V70_BATCH.coqchk.log"
"V70_LIST_FILTER_PARTITION_016","list-filter-partition","2","kernel_success","497.8","logs/V70_LIST_FILTER_PARTITION_016.coqc.log","coqchk_success","logs/V70_BATCH.coqchk.log"
"V70_LIST_FILTER_PARTITION_017","list-filter-partition","2","kernel_success","432.4","logs/V70_LIST_FILTER_PARTITION_017.coqc.log","coqchk_success","logs/V70_BATCH.coqchk.log"
"V70_LIST_FILTER_PARTITION_018","list-filter-partition","2","kernel_success","437.7","logs/V70_LIST_FILTER_PARTITION_018.coqc.log","coqchk_success","logs/V70_BATCH.coqchk.log"
"V70_LIST_FILTER_PARTITION_019","list-filter-partition","2","kernel_success","448.9","logs/V70_LIST_FILTER_PARTITION_019.coqc.log","coqchk_success","logs/V70_BATCH.coqchk.log"
"V70_LIST_FILTER_PARTITION_020","list-filter-partition","2","kernel_success","413.1","logs/V70_LIST_FILTER_PARTITION_020.coqc.log","coqchk_success","logs/V70_BATCH.coqchk.log"
"V70_LIST_FILTER_PARTITION_021","list-filter-partition","2","kernel_success","464.9","logs/V70_LIST_FILTER_PARTITION_021.coqc.log","coqchk_success","logs/V70_BATCH.coqchk.log"
"V70_LIST_FILTER_PARTITION_022","list-filter-partition","2","kernel_success","524.6","logs/V70_LIST_FILTER_PARTITION_022.coqc.log","coqchk_success","logs/V70_BATCH.coqchk.log"
"V70_LIST_FILTER_PARTITION_023","list-filter-partition","2","kernel_success","472.1","logs/V70_LIST_FILTER_PARTITION_023.coqc.log","coqchk_success","logs/V70_BATCH.coqchk.log"
"V70_LIST_FILTER_PARTITION_024","list-filter-partition","2","kernel_success","524.1","logs/V70_LIST_FILTER_PARTITION_024.coqc.log","coqchk_success","logs/V70_BATCH.coqchk.log"
"V70_LIST_FILTER_PARTITION_025","list-filter-partition","2","kernel_success","527.8","logs/V70_LIST_FILTER_PARTITION_025.coqc.log","coqchk_success","logs/V70_BATCH.coqchk.log"
"V70_LIST_FILTER_PARTITION_026","list-filter-partition","2","kernel_success","466.7","logs/V70_LIST_FILTER_PARTITION_026.coqc.log","coqchk_success","logs/V70_BATCH.coqchk.log"
"V70_LIST_FILTER_PARTITION_027","list-filter-partition","2","kernel_success","475.9","logs/V70_LIST_FILTER_PARTITION_027.coqc.log","coqchk_success","logs/V70_BATCH.coqchk.log"
"V70_LIST_FILTER_PARTITION_028","list-filter-partition","2","kernel_success","487.8","logs/V70_LIST_FILTER_PARTITION_028.coqc.log","coqchk_success","logs/V70_BATCH.coqchk.log"
"V70_LIST_FILTER_PARTITION_029","list-filter-partition","2","kernel_success","459.3","logs/V70_LIST_FILTER_PARTITION_029.coqc.log","coqchk_success","logs/V70_BATCH.coqchk.log"
"V70_LIST_FILTER_PARTITION_030","list-filter-partition","2","kernel_success","501.9","logs/V70_LIST_FILTER_PARTITION_030.coqc.log","coqchk_success","logs/V70_BATCH.coqchk.log"
"V70_LIST_FILTER_PARTITION_031","list-filter-partition","2","kernel_success","418.9","logs/V70_LIST_FILTER_PARTITION_031.coqc.log","coqchk_success","logs/V70_BATCH.coqchk.log"
"V70_LIST_FILTER_PARTITION_032","list-filter-partition","2","kernel_success","439.1","logs/V70_LIST_FILTER_PARTITION_032.coqc.log","coqchk_success","logs/V70_BATCH.coqchk.log"
"V70_LIST_FILTER_PARTITION_033","list-filter-partition","2","kernel_success","436.4","logs/V70_LIST_FILTER_PARTITION_033.coqc.log","coqchk_success","logs/V70_BATCH.coqchk.log"
"V70_LIST_FILTER_PARTITION_034","list-filter-partition","2","kernel_success","451.6","logs/V70_LIST_FILTER_PARTITION_034.coqc.log","coqchk_success","logs/V70_BATCH.coqchk.log"
"V70_LIST_FILTER_PARTITION_035","list-filter-partition","2","kernel_success","471.5","logs/V70_LIST_FILTER_PARTITION_035.coqc.log","coqchk_success","logs/V70_BATCH.coqchk.log"
"V70_LIST_FILTER_PARTITION_036","list-filter-partition","2","kernel_success","439.1","logs/V70_LIST_FILTER_PARTITION_036.coqc.log","coqchk_success","logs/V70_BATCH.coqchk.log"
"V70_LIST_FILTER_PARTITION_037","list-filter-partition","2","kernel_success","491.5","logs/V70_LIST_FILTER_PARTITION_037.coqc.log","coqchk_success","logs/V70_BATCH.coqchk.log"
"V70_LIST_FILTER_PARTITION_038","list-filter-partition","2","kernel_success","493.6","logs/V70_LIST_FILTER_PARTITION_038.coqc.log","coqchk_success","logs/V70_BATCH.coqchk.log"
"V70_LIST_FILTER_PARTITION_039","list-filter-partition","2","kernel_success","513.8","logs/V70_LIST_FILTER_PARTITION_039.coqc.log","coqchk_success","logs/V70_BATCH.coqchk.log"
"V70_LIST_FILTER_PARTITION_040","list-filter-partition","2","kernel_success","503.3","logs/V70_LIST_FILTER_PARTITION_040.coqc.log","coqchk_success","logs/V70_BATCH.coqchk.log"
"V70_LIST_FILTER_PARTITION_041","list-filter-partition","2","kernel_success","561.7","logs/V70_LIST_FILTER_PARTITION_041.coqc.log","coqchk_success","logs/V70_BATCH.coqchk.log"
"V70_LIST_FILTER_PARTITION_042","list-filter-partition","2","kernel_success","437.4","logs/V70_LIST_FILTER_PARTITION_042.coqc.log","coqchk_success","logs/V70_BATCH.coqchk.log"
"V70_LIST_FILTER_PARTITION_043","list-filter-partition","2","kernel_success","451.8","logs/V70_LIST_FILTER_PARTITION_043.coqc.log","coqchk_success","logs/V70_BATCH.coqchk.log"
"V70_LIST_FILTER_PARTITION_044","list-filter-partition","2","kernel_success","465.5","logs/V70_LIST_FILTER_PARTITION_044.coqc.log","coqchk_success","logs/V70_BATCH.coqchk.log"
"V70_LIST_FILTER_PARTITION_045","list-filter-partition","2","kernel_success","477.6","logs/V70_LIST_FILTER_PARTITION_045.coqc.log","coqchk_success","logs/V70_BATCH.coqchk.log"
"V70_LIST_FILTER_PARTITION_046","list-filter-partition","2","kernel_success","549.3","logs/V70_LIST_FILTER_PARTITION_046.coqc.log","coqchk_success","logs/V70_BATCH.coqchk.log"
"V70_LIST_FILTER_PARTITION_047","list-filter-partition","2","kernel_success","565","logs/V70_LIST_FILTER_PARTITION_047.coqc.log","coqchk_success","logs/V70_BATCH.coqchk.log"
"V70_LIST_FILTER_PARTITION_048","list-filter-partition","2","kernel_success","568.7","logs/V70_LIST_FILTER_PARTITION_048.coqc.log","coqchk_success","logs/V70_BATCH.coqchk.log"
"V70_LIST_FILTER_PARTITION_049","list-filter-partition","2","kernel_success","517.2","logs/V70_LIST_FILTER_PARTITION_049.coqc.log","coqchk_success","logs/V70_BATCH.coqchk.log"
"V70_LIST_FILTER_PARTITION_050","list-filter-partition","2","kernel_success","460.8","logs/V70_LIST_FILTER_PARTITION_050.coqc.log","coqchk_success","logs/V70_BATCH.coqchk.log"
"V70_LIST_FILTER_PARTITION_051","list-filter-partition","2","kernel_success","429.9","logs/V70_LIST_FILTER_PARTITION_051.coqc.log","coqchk_success","logs/V70_BATCH.coqchk.log"
"V70_LIST_FILTER_PARTITION_052","list-filter-partition","2","kernel_success","434.5","logs/V70_LIST_FILTER_PARTITION_052.coqc.log","coqchk_success","logs/V70_BATCH.coqchk.log"
"V70_LIST_FILTER_PARTITION_053","list-filter-partition","2","kernel_success","397.9","logs/V70_LIST_FILTER_PARTITION_053.coqc.log","coqchk_success","logs/V70_BATCH.coqchk.log"
"V70_LIST_FILTER_PARTITION_054","list-filter-partition","2","kernel_success","437.2","logs/V70_LIST_FILTER_PARTITION_054.coqc.log","coqchk_success","logs/V70_BATCH.coqchk.log"
"V70_LIST_FILTER_PARTITION_055","list-filter-partition","2","kernel_success","445.3","logs/V70_LIST_FILTER_PARTITION_055.coqc.log","coqchk_success","logs/V70_BATCH.coqchk.log"
"V70_LIST_FILTER_PARTITION_056","list-filter-partition","2","kernel_success","444.1","logs/V70_LIST_FILTER_PARTITION_056.coqc.log","coqchk_success","logs/V70_BATCH.coqchk.log"
"V70_LIST_FILTER_PARTITION_057","list-filter-partition","2","kernel_success","550.7","logs/V70_LIST_FILTER_PARTITION_057.coqc.log","coqchk_success","logs/V70_BATCH.coqchk.log"
"V70_LIST_FILTER_PARTITION_058","list-filter-partition","2","kernel_success","553.3","logs/V70_LIST_FILTER_PARTITION_058.coqc.log","coqchk_success","logs/V70_BATCH.coqchk.log"
"V70_LIST_FILTER_PARTITION_059","list-filter-partition","2","kernel_success","557.5","logs/V70_LIST_FILTER_PARTITION_059.coqc.log","coqchk_success","logs/V70_BATCH.coqchk.log"
"V70_LIST_FILTER_PARTITION_060","list-filter-partition","2","kernel_success","525.7","logs/V70_LIST_FILTER_PARTITION_060.coqc.log","coqchk_success","logs/V70_BATCH.coqchk.log"
"V70_LIST_FILTER_PARTITION_061","list-filter-partition","2","kernel_success","508.4","logs/V70_LIST_FILTER_PARTITION_061.coqc.log","coqchk_success","logs/V70_BATCH.coqchk.log"
"V70_LIST_FILTER_PARTITION_062","list-filter-partition","2","kernel_success","486.6","logs/V70_LIST_FILTER_PARTITION_062.coqc.log","coqchk_success","logs/V70_BATCH.coqchk.log"
"V70_LIST_FILTER_PARTITION_063","list-filter-partition","2","kernel_success","451","logs/V70_LIST_FILTER_PARTITION_063.coqc.log","coqchk_success","logs/V70_BATCH.coqchk.log"
"V70_LIST_FILTER_PARTITION_064","list-filter-partition","2","kernel_success","418.7","logs/V70_LIST_FILTER_PARTITION_064.coqc.log","coqchk_success","logs/V70_BATCH.coqchk.log"
"V70_LIST_FILTER_PARTITION_065","list-filter-partition","2","kernel_success","435.9","logs/V70_LIST_FILTER_PARTITION_065.coqc.log","coqchk_success","logs/V70_BATCH.coqchk.log"
"V70_LIST_FILTER_PARTITION_066","list-filter-partition","2","kernel_success","465","logs/V70_LIST_FILTER_PARTITION_066.coqc.log","coqchk_success","logs/V70_BATCH.coqchk.log"
"V70_LIST_FILTER_PARTITION_067","list-filter-partition","2","kernel_success","488.4","logs/V70_LIST_FILTER_PARTITION_067.coqc.log","coqchk_success","logs/V70_BATCH.coqchk.log"
"V70_LIST_FILTER_PARTITION_068","list-filter-partition","2","kernel_success","490.7","logs/V70_LIST_FILTER_PARTITION_068.coqc.log","coqchk_success","logs/V70_BATCH.coqchk.log"
"V70_LIST_FILTER_PARTITION_069","list-filter-partition","2","kernel_success","486.3","logs/V70_LIST_FILTER_PARTITION_069.coqc.log","coqchk_success","logs/V70_BATCH.coqchk.log"
"V70_LIST_FILTER_PARTITION_070","list-filter-partition","2","kernel_success","501","logs/V70_LIST_FILTER_PARTITION_070.coqc.log","coqchk_success","logs/V70_BATCH.coqchk.log"
"V70_LIST_FILTER_PARTITION_071","list-filter-partition","2","kernel_success","447.2","logs/V70_LIST_FILTER_PARTITION_071.coqc.log","coqchk_success","logs/V70_BATCH.coqchk.log"
"V70_LIST_FILTER_PARTITION_072","list-filter-partition","2","kernel_success","422","logs/V70_LIST_FILTER_PARTITION_072.coqc.log","coqchk_success","logs/V70_BATCH.coqchk.log"
"V70_LIST_FILTER_PARTITION_073","list-filter-partition","2","kernel_success","411.7","logs/V70_LIST_FILTER_PARTITION_073.coqc.log","coqchk_success","logs/V70_BATCH.coqchk.log"
"V70_LIST_FILTER_PARTITION_074","list-filter-partition","2","kernel_success","465.5","logs/V70_LIST_FILTER_PARTITION_074.coqc.log","coqchk_success","logs/V70_BATCH.coqchk.log"
"V70_LIST_FILTER_PARTITION_075","list-filter-partition","2","kernel_success","452.9","logs/V70_LIST_FILTER_PARTITION_075.coqc.log","coqchk_success","logs/V70_BATCH.coqchk.log"
"V70_LIST_FILTER_PARTITION_076","list-filter-partition","2","kernel_success","486.2","logs/V70_LIST_FILTER_PARTITION_076.coqc.log","coqchk_success","logs/V70_BATCH.coqchk.log"
"V70_LIST_FILTER_PARTITION_077","list-filter-partition","2","kernel_success","491.5","logs/V70_LIST_FILTER_PARTITION_077.coqc.log","coqchk_success","logs/V70_BATCH.coqchk.log"
"V70_LIST_FILTER_PARTITION_078","list-filter-partition","2","kernel_success","487.4","logs/V70_LIST_FILTER_PARTITION_078.coqc.log","coqchk_success","logs/V70_BATCH.coqchk.log"
"V70_LIST_FILTER_PARTITION_079","list-filter-partition","2","kernel_success","549.9","logs/V70_LIST_FILTER_PARTITION_079.coqc.log","coqchk_success","logs/V70_BATCH.coqchk.log"
"V70_LIST_FILTER_PARTITION_080","list-filter-partition","2","kernel_success","465.6","logs/V70_LIST_FILTER_PARTITION_080.coqc.log","coqchk_success","logs/V70_BATCH.coqchk.log"
"V70_OPTION_WRAPPER_001","option-wrapper","2","kernel_success","489.1","logs/V70_OPTION_WRAPPER_001.coqc.log","coqchk_success","logs/V70_BATCH.coqchk.log"
"V70_OPTION_WRAPPER_002","option-wrapper","2","kernel_success","481.7","logs/V70_OPTION_WRAPPER_002.coqc.log","coqchk_success","logs/V70_BATCH.coqchk.log"
"V70_OPTION_WRAPPER_003","option-wrapper","2","kernel_success","480.3","logs/V70_OPTION_WRAPPER_003.coqc.log","coqchk_success","logs/V70_BATCH.coqchk.log"
"V70_OPTION_WRAPPER_004","option-wrapper","2","kernel_success","483.2","logs/V70_OPTION_WRAPPER_004.coqc.log","coqchk_success","logs/V70_BATCH.coqchk.log"
"V70_OPTION_WRAPPER_005","option-wrapper","2","kernel_success","500.3","logs/V70_OPTION_WRAPPER_005.coqc.log","coqchk_success","logs/V70_BATCH.coqchk.log"
"V70_OPTION_WRAPPER_006","option-wrapper","2","kernel_success","473.8","logs/V70_OPTION_WRAPPER_006.coqc.log","coqchk_success","logs/V70_BATCH.coqchk.log"
"V70_OPTION_WRAPPER_007","option-wrapper","2","kernel_success","466.7","logs/V70_OPTION_WRAPPER_007.coqc.log","coqchk_success","logs/V70_BATCH.coqchk.log"
"V70_OPTION_WRAPPER_008","option-wrapper","2","kernel_success","470.9","logs/V70_OPTION_WRAPPER_008.coqc.log","coqchk_success","logs/V70_BATCH.coqchk.log"
"V70_OPTION_WRAPPER_009","option-wrapper","2","kernel_success","458.1","logs/V70_OPTION_WRAPPER_009.coqc.log","coqchk_success","logs/V70_BATCH.coqchk.log"
"V70_OPTION_WRAPPER_010","option-wrapper","2","kernel_success","556.9","logs/V70_OPTION_WRAPPER_010.coqc.log","coqchk_success","logs/V70_BATCH.coqchk.log"
"V70_OPTION_WRAPPER_011","option-wrapper","2","kernel_success","546.3","logs/V70_OPTION_WRAPPER_011.coqc.log","coqchk_success","logs/V70_BATCH.coqchk.log"
"V70_OPTION_WRAPPER_012","option-wrapper","2","kernel_success","511.5","logs/V70_OPTION_WRAPPER_012.coqc.log","coqchk_success","logs/V70_BATCH.coqchk.log"
"V70_OPTION_WRAPPER_013","option-wrapper","2","kernel_success","558.4","logs/V70_OPTION_WRAPPER_013.coqc.log","coqchk_success","logs/V70_BATCH.coqchk.log"
"V70_OPTION_WRAPPER_014","option-wrapper","2","kernel_success","460.7","logs/V70_OPTION_WRAPPER_014.coqc.log","coqchk_success","logs/V70_BATCH.coqchk.log"
"V70_OPTION_WRAPPER_015","option-wrapper","2","kernel_success","474.1","logs/V70_OPTION_WRAPPER_015.coqc.log","coqchk_success","logs/V70_BATCH.coqchk.log"
"V70_OPTION_WRAPPER_016","option-wrapper","2","kernel_success","417","logs/V70_OPTION_WRAPPER_016.coqc.log","coqchk_success","logs/V70_BATCH.coqchk.log"
"V70_OPTION_WRAPPER_017","option-wrapper","2","kernel_success","343.3","logs/V70_OPTION_WRAPPER_017.coqc.log","coqchk_success","logs/V70_BATCH.coqchk.log"
"V70_OPTION_WRAPPER_018","option-wrapper","2","kernel_success","390.6","logs/V70_OPTION_WRAPPER_018.coqc.log","coqchk_success","logs/V70_BATCH.coqchk.log"
"V70_OPTION_WRAPPER_019","option-wrapper","2","kernel_success","400.1","logs/V70_OPTION_WRAPPER_019.coqc.log","coqchk_success","logs/V70_BATCH.coqchk.log"
"V70_OPTION_WRAPPER_020","option-wrapper","2","kernel_success","474","logs/V70_OPTION_WRAPPER_020.coqc.log","coqchk_success","logs/V70_BATCH.coqchk.log"
"V70_OPTION_WRAPPER_021","option-wrapper","2","kernel_success","533.7","logs/V70_OPTION_WRAPPER_021.coqc.log","coqchk_success","logs/V70_BATCH.coqchk.log"
"V70_OPTION_WRAPPER_022","option-wrapper","2","kernel_success","541.1","logs/V70_OPTION_WRAPPER_022.coqc.log","coqchk_success","logs/V70_BATCH.coqchk.log"
"V70_OPTION_WRAPPER_023","option-wrapper","2","kernel_success","582.5","logs/V70_OPTION_WRAPPER_023.coqc.log","coqchk_success","logs/V70_BATCH.coqchk.log"
"V70_OPTION_WRAPPER_024","option-wrapper","2","kernel_success","534.4","logs/V70_OPTION_WRAPPER_024.coqc.log","coqchk_success","logs/V70_BATCH.coqchk.log"
"V70_OPTION_WRAPPER_025","option-wrapper","2","kernel_success","493.7","logs/V70_OPTION_WRAPPER_025.coqc.log","coqchk_success","logs/V70_BATCH.coqchk.log"
"V70_OPTION_WRAPPER_026","option-wrapper","2","kernel_success","456.5","logs/V70_OPTION_WRAPPER_026.coqc.log","coqchk_success","logs/V70_BATCH.coqchk.log"
"V70_OPTION_WRAPPER_027","option-wrapper","2","kernel_success","464.5","logs/V70_OPTION_WRAPPER_027.coqc.log","coqchk_success","logs/V70_BATCH.coqchk.log"
"V70_OPTION_WRAPPER_028","option-wrapper","2","kernel_success","498.7","logs/V70_OPTION_WRAPPER_028.coqc.log","coqchk_success","logs/V70_BATCH.coqchk.log"
"V70_OPTION_WRAPPER_029","option-wrapper","2","kernel_success","447.8","logs/V70_OPTION_WRAPPER_029.coqc.log","coqchk_success","logs/V70_BATCH.coqchk.log"
"V70_OPTION_WRAPPER_030","option-wrapper","2","kernel_success","521.6","logs/V70_OPTION_WRAPPER_030.coqc.log","coqchk_success","logs/V70_BATCH.coqchk.log"
"V70_OPTION_WRAPPER_031","option-wrapper","2","kernel_success","501.3","logs/V70_OPTION_WRAPPER_031.coqc.log","coqchk_success","logs/V70_BATCH.coqchk.log"
"V70_OPTION_WRAPPER_032","option-wrapper","2","kernel_success","595.7","logs/V70_OPTION_WRAPPER_032.coqc.log","coqchk_success","logs/V70_BATCH.coqchk.log"
"V70_OPTION_WRAPPER_033","option-wrapper","2","kernel_success","504","logs/V70_OPTION_WRAPPER_033.coqc.log","coqchk_success","logs/V70_BATCH.coqchk.log"
"V70_OPTION_WRAPPER_034","option-wrapper","2","kernel_success","496.7","logs/V70_OPTION_WRAPPER_034.coqc.log","coqchk_success","logs/V70_BATCH.coqchk.log"
"V70_OPTION_WRAPPER_035","option-wrapper","2","kernel_success","467","logs/V70_OPTION_WRAPPER_035.coqc.log","coqchk_success","logs/V70_BATCH.coqchk.log"
"V70_OPTION_WRAPPER_036","option-wrapper","2","kernel_success","423.3","logs/V70_OPTION_WRAPPER_036.coqc.log","coqchk_success","logs/V70_BATCH.coqchk.log"
"V70_OPTION_WRAPPER_037","option-wrapper","2","kernel_success","450.3","logs/V70_OPTION_WRAPPER_037.coqc.log","coqchk_success","logs/V70_BATCH.coqchk.log"
"V70_OPTION_WRAPPER_038","option-wrapper","2","kernel_success","422.8","logs/V70_OPTION_WRAPPER_038.coqc.log","coqchk_success","logs/V70_BATCH.coqchk.log"
"V70_OPTION_WRAPPER_039","option-wrapper","2","kernel_success","480.5","logs/V70_OPTION_WRAPPER_039.coqc.log","coqchk_success","logs/V70_BATCH.coqchk.log"
"V70_OPTION_WRAPPER_040","option-wrapper","2","kernel_success","490.3","logs/V70_OPTION_WRAPPER_040.coqc.log","coqchk_success","logs/V70_BATCH.coqchk.log"
"V70_OPTION_WRAPPER_041","option-wrapper","2","kernel_success","565.9","logs/V70_OPTION_WRAPPER_041.coqc.log","coqchk_success","logs/V70_BATCH.coqchk.log"
"V70_OPTION_WRAPPER_042","option-wrapper","2","kernel_success","511.7","logs/V70_OPTION_WRAPPER_042.coqc.log","coqchk_success","logs/V70_BATCH.coqchk.log"
"V70_OPTION_WRAPPER_043","option-wrapper","2","kernel_success","553.3","logs/V70_OPTION_WRAPPER_043.coqc.log","coqchk_success","logs/V70_BATCH.coqchk.log"
"V70_OPTION_WRAPPER_044","option-wrapper","2","kernel_success","487.9","logs/V70_OPTION_WRAPPER_044.coqc.log","coqchk_success","logs/V70_BATCH.coqchk.log"
"V70_OPTION_WRAPPER_045","option-wrapper","2","kernel_success","487.3","logs/V70_OPTION_WRAPPER_045.coqc.log","coqchk_success","logs/V70_BATCH.coqchk.log"
"V70_OPTION_WRAPPER_046","option-wrapper","2","kernel_success","492.6","logs/V70_OPTION_WRAPPER_046.coqc.log","coqchk_success","logs/V70_BATCH.coqchk.log"
"V70_OPTION_WRAPPER_047","option-wrapper","2","kernel_success","509.5","logs/V70_OPTION_WRAPPER_047.coqc.log","coqchk_success","logs/V70_BATCH.coqchk.log"
"V70_OPTION_WRAPPER_048","option-wrapper","2","kernel_success","534.1","logs/V70_OPTION_WRAPPER_048.coqc.log","coqchk_success","logs/V70_BATCH.coqchk.log"
"V70_OPTION_WRAPPER_049","option-wrapper","2","kernel_success","471.6","logs/V70_OPTION_WRAPPER_049.coqc.log","coqchk_success","logs/V70_BATCH.coqchk.log"
"V70_OPTION_WRAPPER_050","option-wrapper","2","kernel_success","465.3","logs/V70_OPTION_WRAPPER_050.coqc.log","coqchk_success","logs/V70_BATCH.coqchk.log"
"V70_OPTION_WRAPPER_051","option-wrapper","2","kernel_success","475.3","logs/V70_OPTION_WRAPPER_051.coqc.log","coqchk_success","logs/V70_BATCH.coqchk.log"
"V70_OPTION_WRAPPER_052","option-wrapper","2","kernel_success","456.6","logs/V70_OPTION_WRAPPER_052.coqc.log","coqchk_success","logs/V70_BATCH.coqchk.log"
"V70_OPTION_WRAPPER_053","option-wrapper","2","kernel_success","482.5","logs/V70_OPTION_WRAPPER_053.coqc.log","coqchk_success","logs/V70_BATCH.coqchk.log"
"V70_OPTION_WRAPPER_054","option-wrapper","2","kernel_success","501.5","logs/V70_OPTION_WRAPPER_054.coqc.log","coqchk_success","logs/V70_BATCH.coqchk.log"
"V70_OPTION_WRAPPER_055","option-wrapper","2","kernel_success","483.3","logs/V70_OPTION_WRAPPER_055.coqc.log","coqchk_success","logs/V70_BATCH.coqchk.log"
"V70_OPTION_WRAPPER_056","option-wrapper","2","kernel_success","445.1","logs/V70_OPTION_WRAPPER_056.coqc.log","coqchk_success","logs/V70_BATCH.coqchk.log"
"V70_OPTION_WRAPPER_057","option-wrapper","2","kernel_success","458.5","logs/V70_OPTION_WRAPPER_057.coqc.log","coqchk_success","logs/V70_BATCH.coqchk.log"
"V70_OPTION_WRAPPER_058","option-wrapper","2","kernel_success","517.9","logs/V70_OPTION_WRAPPER_058.coqc.log","coqchk_success","logs/V70_BATCH.coqchk.log"
"V70_OPTION_WRAPPER_059","option-wrapper","2","kernel_success","480.8","logs/V70_OPTION_WRAPPER_059.coqc.log","coqchk_success","logs/V70_BATCH.coqchk.log"
"V70_OPTION_WRAPPER_060","option-wrapper","2","kernel_success","480.7","logs/V70_OPTION_WRAPPER_060.coqc.log","coqchk_success","logs/V70_BATCH.coqchk.log"
"V70_OPTION_WRAPPER_061","option-wrapper","2","kernel_success","491.9","logs/V70_OPTION_WRAPPER_061.coqc.log","coqchk_success","logs/V70_BATCH.coqchk.log"
"V70_OPTION_WRAPPER_062","option-wrapper","2","kernel_success","505.5","logs/V70_OPTION_WRAPPER_062.coqc.log","coqchk_success","logs/V70_BATCH.coqchk.log"
"V70_OPTION_WRAPPER_063","option-wrapper","2","kernel_success","484.6","logs/V70_OPTION_WRAPPER_063.coqc.log","coqchk_success","logs/V70_BATCH.coqchk.log"
"V70_OPTION_WRAPPER_064","option-wrapper","2","kernel_success","480.6","logs/V70_OPTION_WRAPPER_064.coqc.log","coqchk_success","logs/V70_BATCH.coqchk.log"
"V70_OPTION_WRAPPER_065","option-wrapper","2","kernel_success","525.2","logs/V70_OPTION_WRAPPER_065.coqc.log","coqchk_success","logs/V70_BATCH.coqchk.log"
"V70_OPTION_WRAPPER_066","option-wrapper","2","kernel_success","536.8","logs/V70_OPTION_WRAPPER_066.coqc.log","coqchk_success","logs/V70_BATCH.coqchk.log"
"V70_OPTION_WRAPPER_067","option-wrapper","2","kernel_success","557.3","logs/V70_OPTION_WRAPPER_067.coqc.log","coqchk_success","logs/V70_BATCH.coqchk.log"
"V70_OPTION_WRAPPER_068","option-wrapper","2","kernel_success","517.4","logs/V70_OPTION_WRAPPER_068.coqc.log","coqchk_success","logs/V70_BATCH.coqchk.log"
"V70_OPTION_WRAPPER_069","option-wrapper","2","kernel_success","478.6","logs/V70_OPTION_WRAPPER_069.coqc.log","coqchk_success","logs/V70_BATCH.coqchk.log"
"V70_OPTION_WRAPPER_070","option-wrapper","2","kernel_success","473.9","logs/V70_OPTION_WRAPPER_070.coqc.log","coqchk_success","logs/V70_BATCH.coqchk.log"
"V70_OPTION_WRAPPER_071","option-wrapper","2","kernel_success","419.9","logs/V70_OPTION_WRAPPER_071.coqc.log","coqchk_success","logs/V70_BATCH.coqchk.log"
"V70_OPTION_WRAPPER_072","option-wrapper","2","kernel_success","406.1","logs/V70_OPTION_WRAPPER_072.coqc.log","coqchk_success","logs/V70_BATCH.coqchk.log"
"V70_OPTION_WRAPPER_073","option-wrapper","2","kernel_success","453.3","logs/V70_OPTION_WRAPPER_073.coqc.log","coqchk_success","logs/V70_BATCH.coqchk.log"
"V70_OPTION_WRAPPER_074","option-wrapper","2","kernel_success","451.3","logs/V70_OPTION_WRAPPER_074.coqc.log","coqchk_success","logs/V70_BATCH.coqchk.log"
"V70_OPTION_WRAPPER_075","option-wrapper","2","kernel_success","520.8","logs/V70_OPTION_WRAPPER_075.coqc.log","coqchk_success","logs/V70_BATCH.coqchk.log"
"V70_OPTION_WRAPPER_076","option-wrapper","2","kernel_success","544.7","logs/V70_OPTION_WRAPPER_076.coqc.log","coqchk_success","logs/V70_BATCH.coqchk.log"
"V70_OPTION_WRAPPER_077","option-wrapper","2","kernel_success","549.6","logs/V70_OPTION_WRAPPER_077.coqc.log","coqchk_success","logs/V70_BATCH.coqchk.log"
"V70_OPTION_WRAPPER_078","option-wrapper","2","kernel_success","546.6","logs/V70_OPTION_WRAPPER_078.coqc.log","coqchk_success","logs/V70_BATCH.coqchk.log"
"V70_OPTION_WRAPPER_079","option-wrapper","2","kernel_success","491.6","logs/V70_OPTION_WRAPPER_079.coqc.log","coqchk_success","logs/V70_BATCH.coqchk.log"
"V70_OPTION_WRAPPER_080","option-wrapper","2","kernel_success","474.4","logs/V70_OPTION_WRAPPER_080.coqc.log","coqchk_success","logs/V70_BATCH.coqchk.log"
"V70_NAT_ORDER_001","nat-order","2","kernel_success","434.6","logs/V70_NAT_ORDER_001.coqc.log","coqchk_success","logs/V70_BATCH.coqchk.log"
"V70_NAT_ORDER_002","nat-order","2","kernel_success","409.6","logs/V70_NAT_ORDER_002.coqc.log","coqchk_success","logs/V70_BATCH.coqchk.log"
"V70_NAT_ORDER_003","nat-order","2","kernel_success","433.5","logs/V70_NAT_ORDER_003.coqc.log","coqchk_success","logs/V70_BATCH.coqchk.log"
"V70_NAT_ORDER_004","nat-order","2","kernel_success","451.3","logs/V70_NAT_ORDER_004.coqc.log","coqchk_success","logs/V70_BATCH.coqchk.log"
"V70_NAT_ORDER_005","nat-order","2","kernel_success","449.5","logs/V70_NAT_ORDER_005.coqc.log","coqchk_success","logs/V70_BATCH.coqchk.log"
"V70_NAT_ORDER_006","nat-order","2","kernel_success","489","logs/V70_NAT_ORDER_006.coqc.log","coqchk_success","logs/V70_BATCH.coqchk.log"
"V70_NAT_ORDER_007","nat-order","2","kernel_success","572.4","logs/V70_NAT_ORDER_007.coqc.log","coqchk_success","logs/V70_BATCH.coqchk.log"
"V70_NAT_ORDER_008","nat-order","2","kernel_success","498.6","logs/V70_NAT_ORDER_008.coqc.log","coqchk_success","logs/V70_BATCH.coqchk.log"
"V70_NAT_ORDER_009","nat-order","2","kernel_success","504.5","logs/V70_NAT_ORDER_009.coqc.log","coqchk_success","logs/V70_BATCH.coqchk.log"
"V70_NAT_ORDER_010","nat-order","2","kernel_success","455","logs/V70_NAT_ORDER_010.coqc.log","coqchk_success","logs/V70_BATCH.coqchk.log"
"V70_NAT_ORDER_011","nat-order","2","kernel_success","450.1","logs/V70_NAT_ORDER_011.coqc.log","coqchk_success","logs/V70_BATCH.coqchk.log"
"V70_NAT_ORDER_012","nat-order","2","kernel_success","448.1","logs/V70_NAT_ORDER_012.coqc.log","coqchk_success","logs/V70_BATCH.coqchk.log"
"V70_NAT_ORDER_013","nat-order","2","kernel_success","455.3","logs/V70_NAT_ORDER_013.coqc.log","coqchk_success","logs/V70_BATCH.coqchk.log"
"V70_NAT_ORDER_014","nat-order","2","kernel_success","477.5","logs/V70_NAT_ORDER_014.coqc.log","coqchk_success","logs/V70_BATCH.coqchk.log"
"V70_NAT_ORDER_015","nat-order","2","kernel_success","525.1","logs/V70_NAT_ORDER_015.coqc.log","coqchk_success","logs/V70_BATCH.coqchk.log"
"V70_NAT_ORDER_016","nat-order","2","kernel_success","505.8","logs/V70_NAT_ORDER_016.coqc.log","coqchk_success","logs/V70_BATCH.coqchk.log"
"V70_NAT_ORDER_017","nat-order","2","kernel_success","504.1","logs/V70_NAT_ORDER_017.coqc.log","coqchk_success","logs/V70_BATCH.coqchk.log"
"V70_NAT_ORDER_018","nat-order","2","kernel_success","487.8","logs/V70_NAT_ORDER_018.coqc.log","coqchk_success","logs/V70_BATCH.coqchk.log"
"V70_NAT_ORDER_019","nat-order","2","kernel_success","487.7","logs/V70_NAT_ORDER_019.coqc.log","coqchk_success","logs/V70_BATCH.coqchk.log"
"V70_NAT_ORDER_020","nat-order","2","kernel_success","507.7","logs/V70_NAT_ORDER_020.coqc.log","coqchk_success","logs/V70_BATCH.coqchk.log"
"V70_NAT_ORDER_021","nat-order","2","kernel_success","466.1","logs/V70_NAT_ORDER_021.coqc.log","coqchk_success","logs/V70_BATCH.coqchk.log"
"V70_NAT_ORDER_022","nat-order","2","kernel_success","525.1","logs/V70_NAT_ORDER_022.coqc.log","coqchk_success","logs/V70_BATCH.coqchk.log"
"V70_NAT_ORDER_023","nat-order","2","kernel_success","518.3","logs/V70_NAT_ORDER_023.coqc.log","coqchk_success","logs/V70_BATCH.coqchk.log"
"V70_NAT_ORDER_024","nat-order","2","kernel_success","494.3","logs/V70_NAT_ORDER_024.coqc.log","coqchk_success","logs/V70_BATCH.coqchk.log"
"V70_NAT_ORDER_025","nat-order","2","kernel_success","467.7","logs/V70_NAT_ORDER_025.coqc.log","coqchk_success","logs/V70_BATCH.coqchk.log"
"V70_NAT_ORDER_026","nat-order","2","kernel_success","470.1","logs/V70_NAT_ORDER_026.coqc.log","coqchk_success","logs/V70_BATCH.coqchk.log"
"V70_NAT_ORDER_027","nat-order","2","kernel_success","458.4","logs/V70_NAT_ORDER_027.coqc.log","coqchk_success","logs/V70_BATCH.coqchk.log"
"V70_NAT_ORDER_028","nat-order","2","kernel_success","505.3","logs/V70_NAT_ORDER_028.coqc.log","coqchk_success","logs/V70_BATCH.coqchk.log"
"V70_NAT_ORDER_029","nat-order","2","kernel_success","540.7","logs/V70_NAT_ORDER_029.coqc.log","coqchk_success","logs/V70_BATCH.coqchk.log"
"V70_NAT_ORDER_030","nat-order","2","kernel_success","525.5","logs/V70_NAT_ORDER_030.coqc.log","coqchk_success","logs/V70_BATCH.coqchk.log"
"V70_NAT_ORDER_031","nat-order","2","kernel_success","534.9","logs/V70_NAT_ORDER_031.coqc.log","coqchk_success","logs/V70_BATCH.coqchk.log"
"V70_NAT_ORDER_032","nat-order","2","kernel_success","486.5","logs/V70_NAT_ORDER_032.coqc.log","coqchk_success","logs/V70_BATCH.coqchk.log"
"V70_NAT_ORDER_033","nat-order","2","kernel_success","461.5","logs/V70_NAT_ORDER_033.coqc.log","coqchk_success","logs/V70_BATCH.coqchk.log"
"V70_NAT_ORDER_034","nat-order","2","kernel_success","436","logs/V70_NAT_ORDER_034.coqc.log","coqchk_success","logs/V70_BATCH.coqchk.log"
"V70_NAT_ORDER_035","nat-order","2","kernel_success","348","logs/V70_NAT_ORDER_035.coqc.log","coqchk_success","logs/V70_BATCH.coqchk.log"
"V70_NAT_ORDER_036","nat-order","2","kernel_success","433.6","logs/V70_NAT_ORDER_036.coqc.log","coqchk_success","logs/V70_BATCH.coqchk.log"
"V70_NAT_ORDER_037","nat-order","2","kernel_success","417","logs/V70_NAT_ORDER_037.coqc.log","coqchk_success","logs/V70_BATCH.coqchk.log"
"V70_NAT_ORDER_038","nat-order","2","kernel_success","440.8","logs/V70_NAT_ORDER_038.coqc.log","coqchk_success","logs/V70_BATCH.coqchk.log"
"V70_NAT_ORDER_039","nat-order","2","kernel_success","501.9","logs/V70_NAT_ORDER_039.coqc.log","coqchk_success","logs/V70_BATCH.coqchk.log"
"V70_NAT_ORDER_040","nat-order","2","kernel_success","531.9","logs/V70_NAT_ORDER_040.coqc.log","coqchk_success","logs/V70_BATCH.coqchk.log"
"V70_NAT_ORDER_041","nat-order","2","kernel_success","576.3","logs/V70_NAT_ORDER_041.coqc.log","coqchk_success","logs/V70_BATCH.coqchk.log"
"V70_NAT_ORDER_042","nat-order","2","kernel_success","539.7","logs/V70_NAT_ORDER_042.coqc.log","coqchk_success","logs/V70_BATCH.coqchk.log"
"V70_NAT_ORDER_043","nat-order","2","kernel_success","508.1","logs/V70_NAT_ORDER_043.coqc.log","coqchk_success","logs/V70_BATCH.coqchk.log"
"V70_NAT_ORDER_044","nat-order","2","kernel_success","471.3","logs/V70_NAT_ORDER_044.coqc.log","coqchk_success","logs/V70_BATCH.coqchk.log"
"V70_NAT_ORDER_045","nat-order","2","kernel_success","436.1","logs/V70_NAT_ORDER_045.coqc.log","coqchk_success","logs/V70_BATCH.coqchk.log"
"V70_NAT_ORDER_046","nat-order","2","kernel_success","431.3","logs/V70_NAT_ORDER_046.coqc.log","coqchk_success","logs/V70_BATCH.coqchk.log"
"V70_NAT_ORDER_047","nat-order","2","kernel_success","451.8","logs/V70_NAT_ORDER_047.coqc.log","coqchk_success","logs/V70_BATCH.coqchk.log"
"V70_NAT_ORDER_048","nat-order","2","kernel_success","465.4","logs/V70_NAT_ORDER_048.coqc.log","coqchk_success","logs/V70_BATCH.coqchk.log"
"V70_NAT_ORDER_049","nat-order","2","kernel_success","512.3","logs/V70_NAT_ORDER_049.coqc.log","coqchk_success","logs/V70_BATCH.coqchk.log"
"V70_NAT_ORDER_050","nat-order","2","kernel_success","523.6","logs/V70_NAT_ORDER_050.coqc.log","coqchk_success","logs/V70_BATCH.coqchk.log"
"V70_NAT_ORDER_051","nat-order","2","kernel_success","509.7","logs/V70_NAT_ORDER_051.coqc.log","coqchk_success","logs/V70_BATCH.coqchk.log"
"V70_NAT_ORDER_052","nat-order","2","kernel_success","498.6","logs/V70_NAT_ORDER_052.coqc.log","coqchk_success","logs/V70_BATCH.coqchk.log"
"V70_NAT_ORDER_053","nat-order","2","kernel_success","482.7","logs/V70_NAT_ORDER_053.coqc.log","coqchk_success","logs/V70_BATCH.coqchk.log"
"V70_NAT_ORDER_054","nat-order","2","kernel_success","449","logs/V70_NAT_ORDER_054.coqc.log","coqchk_success","logs/V70_BATCH.coqchk.log"
"V70_NAT_ORDER_055","nat-order","2","kernel_success","434.5","logs/V70_NAT_ORDER_055.coqc.log","coqchk_success","logs/V70_BATCH.coqchk.log"
"V70_NAT_ORDER_056","nat-order","2","kernel_success","448","logs/V70_NAT_ORDER_056.coqc.log","coqchk_success","logs/V70_BATCH.coqchk.log"
"V70_NAT_ORDER_057","nat-order","2","kernel_success","390","logs/V70_NAT_ORDER_057.coqc.log","coqchk_success","logs/V70_BATCH.coqchk.log"
"V70_NAT_ORDER_058","nat-order","2","kernel_success","465.4","logs/V70_NAT_ORDER_058.coqc.log","coqchk_success","logs/V70_BATCH.coqchk.log"
"V70_NAT_ORDER_059","nat-order","2","kernel_success","492.1","logs/V70_NAT_ORDER_059.coqc.log","coqchk_success","logs/V70_BATCH.coqchk.log"
"V70_NAT_ORDER_060","nat-order","2","kernel_success","513.6","logs/V70_NAT_ORDER_060.coqc.log","coqchk_success","logs/V70_BATCH.coqchk.log"
"V70_NAT_ORDER_061","nat-order","2","kernel_success","497.9","logs/V70_NAT_ORDER_061.coqc.log","coqchk_success","logs/V70_BATCH.coqchk.log"
"V70_NAT_ORDER_062","nat-order","2","kernel_success","499.8","logs/V70_NAT_ORDER_062.coqc.log","coqchk_success","logs/V70_BATCH.coqchk.log"
"V70_NAT_ORDER_063","nat-order","2","kernel_success","478.9","logs/V70_NAT_ORDER_063.coqc.log","coqchk_success","logs/V70_BATCH.coqchk.log"
"V70_NAT_ORDER_064","nat-order","2","kernel_success","481.8","logs/V70_NAT_ORDER_064.coqc.log","coqchk_success","logs/V70_BATCH.coqchk.log"
"V70_NAT_ORDER_065","nat-order","2","kernel_success","495.3","logs/V70_NAT_ORDER_065.coqc.log","coqchk_success","logs/V70_BATCH.coqchk.log"
"V70_NAT_ORDER_066","nat-order","2","kernel_success","503.9","logs/V70_NAT_ORDER_066.coqc.log","coqchk_success","logs/V70_BATCH.coqchk.log"
"V70_NAT_ORDER_067","nat-order","2","kernel_success","527.6","logs/V70_NAT_ORDER_067.coqc.log","coqchk_success","logs/V70_BATCH.coqchk.log"
"V70_NAT_ORDER_068","nat-order","2","kernel_success","493.6","logs/V70_NAT_ORDER_068.coqc.log","coqchk_success","logs/V70_BATCH.coqchk.log"
"V70_NAT_ORDER_069","nat-order","2","kernel_success","501.5","logs/V70_NAT_ORDER_069.coqc.log","coqchk_success","logs/V70_BATCH.coqchk.log"
"V70_NAT_ORDER_070","nat-order","2","kernel_success","463.3","logs/V70_NAT_ORDER_070.coqc.log","coqchk_success","logs/V70_BATCH.coqchk.log"
"V70_NAT_ORDER_071","nat-order","2","kernel_success","450.8","logs/V70_NAT_ORDER_071.coqc.log","coqchk_success","logs/V70_BATCH.coqchk.log"
"V70_NAT_ORDER_072","nat-order","2","kernel_success","439.1","logs/V70_NAT_ORDER_072.coqc.log","coqchk_success","logs/V70_BATCH.coqchk.log"
"V70_NAT_ORDER_073","nat-order","2","kernel_success","447.5","logs/V70_NAT_ORDER_073.coqc.log","coqchk_success","logs/V70_BATCH.coqchk.log"
"V70_NAT_ORDER_074","nat-order","2","kernel_success","469.8","logs/V70_NAT_ORDER_074.coqc.log","coqchk_success","logs/V70_BATCH.coqchk.log"
"V70_NAT_ORDER_075","nat-order","2","kernel_success","531.2","logs/V70_NAT_ORDER_075.coqc.log","coqchk_success","logs/V70_BATCH.coqchk.log"
"V70_NAT_ORDER_076","nat-order","2","kernel_success","456","logs/V70_NAT_ORDER_076.coqc.log","coqchk_success","logs/V70_BATCH.coqchk.log"
"V70_NAT_ORDER_077","nat-order","2","kernel_success","493.3","logs/V70_NAT_ORDER_077.coqc.log","coqchk_success","logs/V70_BATCH.coqchk.log"
"V70_NAT_ORDER_078","nat-order","2","kernel_success","461.5","logs/V70_NAT_ORDER_078.coqc.log","coqchk_success","logs/V70_BATCH.coqchk.log"
"V70_NAT_ORDER_079","nat-order","2","kernel_success","421.3","logs/V70_NAT_ORDER_079.coqc.log","coqchk_success","logs/V70_BATCH.coqchk.log"
"V70_NAT_ORDER_080","nat-order","2","kernel_success","466.1","logs/V70_NAT_ORDER_080.coqc.log","coqchk_success","logs/V70_BATCH.coqchk.log"
"V70_BOOL_REFLECT_001","bool-reflect","2","kernel_success","480.2","logs/V70_BOOL_REFLECT_001.coqc.log","coqchk_success","logs/V70_BATCH.coqchk.log"
"V70_BOOL_REFLECT_002","bool-reflect","2","kernel_success","454","logs/V70_BOOL_REFLECT_002.coqc.log","coqchk_success","logs/V70_BATCH.coqchk.log"
"V70_BOOL_REFLECT_003","bool-reflect","2","kernel_success","475.2","logs/V70_BOOL_REFLECT_003.coqc.log","coqchk_success","logs/V70_BATCH.coqchk.log"
"V70_BOOL_REFLECT_004","bool-reflect","2","kernel_success","538.9","logs/V70_BOOL_REFLECT_004.coqc.log","coqchk_success","logs/V70_BATCH.coqchk.log"
"V70_BOOL_REFLECT_005","bool-reflect","2","kernel_success","569.5","logs/V70_BOOL_REFLECT_005.coqc.log","coqchk_success","logs/V70_BATCH.coqchk.log"
"V70_BOOL_REFLECT_006","bool-reflect","2","kernel_success","586.1","logs/V70_BOOL_REFLECT_006.coqc.log","coqchk_success","logs/V70_BATCH.coqchk.log"
"V70_BOOL_REFLECT_007","bool-reflect","2","kernel_success","487.5","logs/V70_BOOL_REFLECT_007.coqc.log","coqchk_success","logs/V70_BATCH.coqchk.log"
"V70_BOOL_REFLECT_008","bool-reflect","2","kernel_success","477.6","logs/V70_BOOL_REFLECT_008.coqc.log","coqchk_success","logs/V70_BATCH.coqchk.log"
"V70_BOOL_REFLECT_009","bool-reflect","2","kernel_success","466.5","logs/V70_BOOL_REFLECT_009.coqc.log","coqchk_success","logs/V70_BATCH.coqchk.log"
"V70_BOOL_REFLECT_010","bool-reflect","2","kernel_success","495","logs/V70_BOOL_REFLECT_010.coqc.log","coqchk_success","logs/V70_BATCH.coqchk.log"
"V70_BOOL_REFLECT_011","bool-reflect","2","kernel_success","424.1","logs/V70_BOOL_REFLECT_011.coqc.log","coqchk_success","logs/V70_BATCH.coqchk.log"
"V70_BOOL_REFLECT_012","bool-reflect","2","kernel_success","487.2","logs/V70_BOOL_REFLECT_012.coqc.log","coqchk_success","logs/V70_BATCH.coqchk.log"
"V70_BOOL_REFLECT_013","bool-reflect","2","kernel_success","464.6","logs/V70_BOOL_REFLECT_013.coqc.log","coqchk_success","logs/V70_BATCH.coqchk.log"
"V70_BOOL_REFLECT_014","bool-reflect","2","kernel_success","539.5","logs/V70_BOOL_REFLECT_014.coqc.log","coqchk_success","logs/V70_BATCH.coqchk.log"
"V70_BOOL_REFLECT_015","bool-reflect","2","kernel_success","535.7","logs/V70_BOOL_REFLECT_015.coqc.log","coqchk_success","logs/V70_BATCH.coqchk.log"
"V70_BOOL_REFLECT_016","bool-reflect","2","kernel_success","541.8","logs/V70_BOOL_REFLECT_016.coqc.log","coqchk_success","logs/V70_BATCH.coqchk.log"
"V70_BOOL_REFLECT_017","bool-reflect","2","kernel_success","432","logs/V70_BOOL_REFLECT_017.coqc.log","coqchk_success","logs/V70_BATCH.coqchk.log"
"V70_BOOL_REFLECT_018","bool-reflect","2","kernel_success","396","logs/V70_BOOL_REFLECT_018.coqc.log","coqchk_success","logs/V70_BATCH.coqchk.log"
"V70_BOOL_REFLECT_019","bool-reflect","2","kernel_success","408.8","logs/V70_BOOL_REFLECT_019.coqc.log","coqchk_success","logs/V70_BATCH.coqchk.log"
"V70_BOOL_REFLECT_020","bool-reflect","2","kernel_success","351.9","logs/V70_BOOL_REFLECT_020.coqc.log","coqchk_success","logs/V70_BATCH.coqchk.log"
"V70_BOOL_REFLECT_021","bool-reflect","2","kernel_success","436.7","logs/V70_BOOL_REFLECT_021.coqc.log","coqchk_success","logs/V70_BATCH.coqchk.log"
"V70_BOOL_REFLECT_022","bool-reflect","2","kernel_success","503.7","logs/V70_BOOL_REFLECT_022.coqc.log","coqchk_success","logs/V70_BATCH.coqchk.log"
"V70_BOOL_REFLECT_023","bool-reflect","2","kernel_success","467.9","logs/V70_BOOL_REFLECT_023.coqc.log","coqchk_success","logs/V70_BATCH.coqchk.log"
"V70_BOOL_REFLECT_024","bool-reflect","2","kernel_success","566.5","logs/V70_BOOL_REFLECT_024.coqc.log","coqchk_success","logs/V70_BATCH.coqchk.log"
"V70_BOOL_REFLECT_025","bool-reflect","2","kernel_success","543","logs/V70_BOOL_REFLECT_025.coqc.log","coqchk_success","logs/V70_BATCH.coqchk.log"
"V70_BOOL_REFLECT_026","bool-reflect","2","kernel_success","519.8","logs/V70_BOOL_REFLECT_026.coqc.log","coqchk_success","logs/V70_BATCH.coqchk.log"
"V70_BOOL_REFLECT_027","bool-reflect","2","kernel_success","476","logs/V70_BOOL_REFLECT_027.coqc.log","coqchk_success","logs/V70_BATCH.coqchk.log"
"V70_BOOL_REFLECT_028","bool-reflect","2","kernel_success","461.8","logs/V70_BOOL_REFLECT_028.coqc.log","coqchk_success","logs/V70_BATCH.coqchk.log"
"V70_BOOL_REFLECT_029","bool-reflect","2","kernel_success","506.7","logs/V70_BOOL_REFLECT_029.coqc.log","coqchk_success","logs/V70_BATCH.coqchk.log"
"V70_BOOL_REFLECT_030","bool-reflect","2","kernel_success","483.8","logs/V70_BOOL_REFLECT_030.coqc.log","coqchk_success","logs/V70_BATCH.coqchk.log"
"V70_BOOL_REFLECT_031","bool-reflect","2","kernel_success","512.6","logs/V70_BOOL_REFLECT_031.coqc.log","coqchk_success","logs/V70_BATCH.coqchk.log"
"V70_BOOL_REFLECT_032","bool-reflect","2","kernel_success","456","logs/V70_BOOL_REFLECT_032.coqc.log","coqchk_success","logs/V70_BATCH.coqchk.log"
"V70_BOOL_REFLECT_033","bool-reflect","2","kernel_success","481.2","logs/V70_BOOL_REFLECT_033.coqc.log","coqchk_success","logs/V70_BATCH.coqchk.log"
"V70_BOOL_REFLECT_034","bool-reflect","2","kernel_success","487.6","logs/V70_BOOL_REFLECT_034.coqc.log","coqchk_success","logs/V70_BATCH.coqchk.log"
"V70_BOOL_REFLECT_035","bool-reflect","2","kernel_success","448.2","logs/V70_BOOL_REFLECT_035.coqc.log","coqchk_success","logs/V70_BATCH.coqchk.log"
"V70_BOOL_REFLECT_036","bool-reflect","2","kernel_success","488.9","logs/V70_BOOL_REFLECT_036.coqc.log","coqchk_success","logs/V70_BATCH.coqchk.log"
"V70_BOOL_REFLECT_037","bool-reflect","2","kernel_success","472.2","logs/V70_BOOL_REFLECT_037.coqc.log","coqchk_success","logs/V70_BATCH.coqchk.log"
"V70_BOOL_REFLECT_038","bool-reflect","2","kernel_success","503.8","logs/V70_BOOL_REFLECT_038.coqc.log","coqchk_success","logs/V70_BATCH.coqchk.log"
"V70_BOOL_REFLECT_039","bool-reflect","2","kernel_success","496.8","logs/V70_BOOL_REFLECT_039.coqc.log","coqchk_success","logs/V70_BATCH.coqchk.log"
"V70_BOOL_REFLECT_040","bool-reflect","2","kernel_success","510.9","logs/V70_BOOL_REFLECT_040.coqc.log","coqchk_success","logs/V70_BATCH.coqchk.log"
"V70_BOOL_REFLECT_041","bool-reflect","2","kernel_success","513.9","logs/V70_BOOL_REFLECT_041.coqc.log","coqchk_success","logs/V70_BATCH.coqchk.log"
"V70_BOOL_REFLECT_042","bool-reflect","2","kernel_success","436.8","logs/V70_BOOL_REFLECT_042.coqc.log","coqchk_success","logs/V70_BATCH.coqchk.log"
"V70_BOOL_REFLECT_043","bool-reflect","2","kernel_success","456.6","logs/V70_BOOL_REFLECT_043.coqc.log","coqchk_success","logs/V70_BATCH.coqchk.log"
"V70_BOOL_REFLECT_044","bool-reflect","2","kernel_success","451.6","logs/V70_BOOL_REFLECT_044.coqc.log","coqchk_success","logs/V70_BATCH.coqchk.log"
"V70_BOOL_REFLECT_045","bool-reflect","2","kernel_success","450.3","logs/V70_BOOL_REFLECT_045.coqc.log","coqchk_success","logs/V70_BATCH.coqchk.log"
"V70_BOOL_REFLECT_046","bool-reflect","2","kernel_success","532.5","logs/V70_BOOL_REFLECT_046.coqc.log","coqchk_success","logs/V70_BATCH.coqchk.log"
"V70_BOOL_REFLECT_047","bool-reflect","2","kernel_success","563.5","logs/V70_BOOL_REFLECT_047.coqc.log","coqchk_success","logs/V70_BATCH.coqchk.log"
"V70_BOOL_REFLECT_048","bool-reflect","2","kernel_success","519.5","logs/V70_BOOL_REFLECT_048.coqc.log","coqchk_success","logs/V70_BATCH.coqchk.log"
"V70_BOOL_REFLECT_049","bool-reflect","2","kernel_success","537.3","logs/V70_BOOL_REFLECT_049.coqc.log","coqchk_success","logs/V70_BATCH.coqchk.log"
"V70_BOOL_REFLECT_050","bool-reflect","2","kernel_success","465.4","logs/V70_BOOL_REFLECT_050.coqc.log","coqchk_success","logs/V70_BATCH.coqchk.log"
"V70_BOOL_REFLECT_051","bool-reflect","2","kernel_success","442.7","logs/V70_BOOL_REFLECT_051.coqc.log","coqchk_success","logs/V70_BATCH.coqchk.log"
"V70_BOOL_REFLECT_052","bool-reflect","2","kernel_success","436.4","logs/V70_BOOL_REFLECT_052.coqc.log","coqchk_success","logs/V70_BATCH.coqchk.log"
"V70_BOOL_REFLECT_053","bool-reflect","2","kernel_success","441.4","logs/V70_BOOL_REFLECT_053.coqc.log","coqchk_success","logs/V70_BATCH.coqchk.log"
"V70_BOOL_REFLECT_054","bool-reflect","2","kernel_success","436.5","logs/V70_BOOL_REFLECT_054.coqc.log","coqchk_success","logs/V70_BATCH.coqchk.log"
"V70_BOOL_REFLECT_055","bool-reflect","2","kernel_success","472.6","logs/V70_BOOL_REFLECT_055.coqc.log","coqchk_success","logs/V70_BATCH.coqchk.log"
"V70_BOOL_REFLECT_056","bool-reflect","2","kernel_success","498","logs/V70_BOOL_REFLECT_056.coqc.log","coqchk_success","logs/V70_BATCH.coqchk.log"
"V70_BOOL_REFLECT_057","bool-reflect","2","kernel_success","506.8","logs/V70_BOOL_REFLECT_057.coqc.log","coqchk_success","logs/V70_BATCH.coqchk.log"
"V70_BOOL_REFLECT_058","bool-reflect","2","kernel_success","564.5","logs/V70_BOOL_REFLECT_058.coqc.log","coqchk_success","logs/V70_BATCH.coqchk.log"
"V70_BOOL_REFLECT_059","bool-reflect","2","kernel_success","564.4","logs/V70_BOOL_REFLECT_059.coqc.log","coqchk_success","logs/V70_BATCH.coqchk.log"
"V70_BOOL_REFLECT_060","bool-reflect","2","kernel_success","529.9","logs/V70_BOOL_REFLECT_060.coqc.log","coqchk_success","logs/V70_BATCH.coqchk.log"
"V70_BOOL_REFLECT_061","bool-reflect","2","kernel_success","511.8","logs/V70_BOOL_REFLECT_061.coqc.log","coqchk_success","logs/V70_BATCH.coqchk.log"
"V70_BOOL_REFLECT_062","bool-reflect","2","kernel_success","480.7","logs/V70_BOOL_REFLECT_062.coqc.log","coqchk_success","logs/V70_BATCH.coqchk.log"
"V70_BOOL_REFLECT_063","bool-reflect","2","kernel_success","457.1","logs/V70_BOOL_REFLECT_063.coqc.log","coqchk_success","logs/V70_BATCH.coqchk.log"
"V70_BOOL_REFLECT_064","bool-reflect","2","kernel_success","498.1","logs/V70_BOOL_REFLECT_064.coqc.log","coqchk_success","logs/V70_BATCH.coqchk.log"
"V70_BOOL_REFLECT_065","bool-reflect","2","kernel_success","481","logs/V70_BOOL_REFLECT_065.coqc.log","coqchk_success","logs/V70_BATCH.coqchk.log"
"V70_BOOL_REFLECT_066","bool-reflect","2","kernel_success","519.3","logs/V70_BOOL_REFLECT_066.coqc.log","coqchk_success","logs/V70_BATCH.coqchk.log"
"V70_BOOL_REFLECT_067","bool-reflect","2","kernel_success","528.9","logs/V70_BOOL_REFLECT_067.coqc.log","coqchk_success","logs/V70_BATCH.coqchk.log"
"V70_BOOL_REFLECT_068","bool-reflect","2","kernel_success","593.2","logs/V70_BOOL_REFLECT_068.coqc.log","coqchk_success","logs/V70_BATCH.coqchk.log"
"V70_BOOL_REFLECT_069","bool-reflect","2","kernel_success","554.9","logs/V70_BOOL_REFLECT_069.coqc.log","coqchk_success","logs/V70_BATCH.coqchk.log"
"V70_BOOL_REFLECT_070","bool-reflect","2","kernel_success","529.5","logs/V70_BOOL_REFLECT_070.coqc.log","coqchk_success","logs/V70_BATCH.coqchk.log"
"V70_BOOL_REFLECT_071","bool-reflect","2","kernel_success","481","logs/V70_BOOL_REFLECT_071.coqc.log","coqchk_success","logs/V70_BATCH.coqchk.log"
"V70_BOOL_REFLECT_072","bool-reflect","2","kernel_success","461","logs/V70_BOOL_REFLECT_072.coqc.log","coqchk_success","logs/V70_BATCH.coqchk.log"
"V70_BOOL_REFLECT_073","bool-reflect","2","kernel_success","474","logs/V70_BOOL_REFLECT_073.coqc.log","coqchk_success","logs/V70_BATCH.coqchk.log"
"V70_BOOL_REFLECT_074","bool-reflect","2","kernel_success","494.7","logs/V70_BOOL_REFLECT_074.coqc.log","coqchk_success","logs/V70_BATCH.coqchk.log"
"V70_BOOL_REFLECT_075","bool-reflect","2","kernel_success","451.6","logs/V70_BOOL_REFLECT_075.coqc.log","coqchk_success","logs/V70_BATCH.coqchk.log"
"V70_BOOL_REFLECT_076","bool-reflect","2","kernel_success","517.7","logs/V70_BOOL_REFLECT_076.coqc.log","coqchk_success","logs/V70_BATCH.coqchk.log"
"V70_BOOL_REFLECT_077","bool-reflect","2","kernel_success","478.3","logs/V70_BOOL_REFLECT_077.coqc.log","coqchk_success","logs/V70_BATCH.coqchk.log"
"V70_BOOL_REFLECT_078","bool-reflect","2","kernel_success","536.2","logs/V70_BOOL_REFLECT_078.coqc.log","coqchk_success","logs/V70_BATCH.coqchk.log"
"V70_BOOL_REFLECT_079","bool-reflect","2","kernel_success","513.2","logs/V70_BOOL_REFLECT_079.coqc.log","coqchk_success","logs/V70_BATCH.coqchk.log"
"V70_BOOL_REFLECT_080","bool-reflect","2","kernel_success","517.5","logs/V70_BOOL_REFLECT_080.coqc.log","coqchk_success","logs/V70_BATCH.coqchk.log"
"V70_PAIR_SWAP_001","pair-swap","2","kernel_success","470","logs/V70_PAIR_SWAP_001.coqc.log","coqchk_success","logs/V70_BATCH.coqchk.log"
"V70_PAIR_SWAP_002","pair-swap","2","kernel_success","449.4","logs/V70_PAIR_SWAP_002.coqc.log","coqchk_success","logs/V70_BATCH.coqchk.log"
"V70_PAIR_SWAP_003","pair-swap","2","kernel_success","436.5","logs/V70_PAIR_SWAP_003.coqc.log","coqchk_success","logs/V70_BATCH.coqchk.log"
"V70_PAIR_SWAP_004","pair-swap","2","kernel_success","465.8","logs/V70_PAIR_SWAP_004.coqc.log","coqchk_success","logs/V70_BATCH.coqchk.log"
"V70_PAIR_SWAP_005","pair-swap","2","kernel_success","464.9","logs/V70_PAIR_SWAP_005.coqc.log","coqchk_success","logs/V70_BATCH.coqchk.log"
"V70_PAIR_SWAP_006","pair-swap","2","kernel_success","545.9","logs/V70_PAIR_SWAP_006.coqc.log","coqchk_success","logs/V70_BATCH.coqchk.log"
"V70_PAIR_SWAP_007","pair-swap","2","kernel_success","504.1","logs/V70_PAIR_SWAP_007.coqc.log","coqchk_success","logs/V70_BATCH.coqchk.log"
"V70_PAIR_SWAP_008","pair-swap","2","kernel_success","604.9","logs/V70_PAIR_SWAP_008.coqc.log","coqchk_success","logs/V70_BATCH.coqchk.log"
"V70_PAIR_SWAP_009","pair-swap","2","kernel_success","566","logs/V70_PAIR_SWAP_009.coqc.log","coqchk_success","logs/V70_BATCH.coqchk.log"
"V70_PAIR_SWAP_010","pair-swap","2","kernel_success","500.4","logs/V70_PAIR_SWAP_010.coqc.log","coqchk_success","logs/V70_BATCH.coqchk.log"
"V70_PAIR_SWAP_011","pair-swap","2","kernel_success","548.1","logs/V70_PAIR_SWAP_011.coqc.log","coqchk_success","logs/V70_BATCH.coqchk.log"
"V70_PAIR_SWAP_012","pair-swap","2","kernel_success","505.2","logs/V70_PAIR_SWAP_012.coqc.log","coqchk_success","logs/V70_BATCH.coqchk.log"
"V70_PAIR_SWAP_013","pair-swap","2","kernel_success","539.2","logs/V70_PAIR_SWAP_013.coqc.log","coqchk_success","logs/V70_BATCH.coqchk.log"
"V70_PAIR_SWAP_014","pair-swap","2","kernel_success","501","logs/V70_PAIR_SWAP_014.coqc.log","coqchk_success","logs/V70_BATCH.coqchk.log"
"V70_PAIR_SWAP_015","pair-swap","2","kernel_success","486.5","logs/V70_PAIR_SWAP_015.coqc.log","coqchk_success","logs/V70_BATCH.coqchk.log"
"V70_PAIR_SWAP_016","pair-swap","2","kernel_success","439.8","logs/V70_PAIR_SWAP_016.coqc.log","coqchk_success","logs/V70_BATCH.coqchk.log"
"V70_PAIR_SWAP_017","pair-swap","2","kernel_success","445","logs/V70_PAIR_SWAP_017.coqc.log","coqchk_success","logs/V70_BATCH.coqchk.log"
"V70_PAIR_SWAP_018","pair-swap","2","kernel_success","483","logs/V70_PAIR_SWAP_018.coqc.log","coqchk_success","logs/V70_BATCH.coqchk.log"
"V70_PAIR_SWAP_019","pair-swap","2","kernel_success","523.6","logs/V70_PAIR_SWAP_019.coqc.log","coqchk_success","logs/V70_BATCH.coqchk.log"
"V70_PAIR_SWAP_020","pair-swap","2","kernel_success","501","logs/V70_PAIR_SWAP_020.coqc.log","coqchk_success","logs/V70_BATCH.coqchk.log"
"V70_PAIR_SWAP_021","pair-swap","2","kernel_success","549.3","logs/V70_PAIR_SWAP_021.coqc.log","coqchk_success","logs/V70_BATCH.coqchk.log"
"V70_PAIR_SWAP_022","pair-swap","2","kernel_success","513.6","logs/V70_PAIR_SWAP_022.coqc.log","coqchk_success","logs/V70_BATCH.coqchk.log"
"V70_PAIR_SWAP_023","pair-swap","2","kernel_success","529.5","logs/V70_PAIR_SWAP_023.coqc.log","coqchk_success","logs/V70_BATCH.coqchk.log"
"V70_PAIR_SWAP_024","pair-swap","2","kernel_success","506.4","logs/V70_PAIR_SWAP_024.coqc.log","coqchk_success","logs/V70_BATCH.coqchk.log"
"V70_PAIR_SWAP_025","pair-swap","2","kernel_success","514","logs/V70_PAIR_SWAP_025.coqc.log","coqchk_success","logs/V70_BATCH.coqchk.log"
"V70_PAIR_SWAP_026","pair-swap","2","kernel_success","444.9","logs/V70_PAIR_SWAP_026.coqc.log","coqchk_success","logs/V70_BATCH.coqchk.log"
"V70_PAIR_SWAP_027","pair-swap","2","kernel_success","473.1","logs/V70_PAIR_SWAP_027.coqc.log","coqchk_success","logs/V70_BATCH.coqchk.log"
"V70_PAIR_SWAP_028","pair-swap","2","kernel_success","500.2","logs/V70_PAIR_SWAP_028.coqc.log","coqchk_success","logs/V70_BATCH.coqchk.log"
"V70_PAIR_SWAP_029","pair-swap","2","kernel_success","560.5","logs/V70_PAIR_SWAP_029.coqc.log","coqchk_success","logs/V70_BATCH.coqchk.log"
"V70_PAIR_SWAP_030","pair-swap","2","kernel_success","560.4","logs/V70_PAIR_SWAP_030.coqc.log","coqchk_success","logs/V70_BATCH.coqchk.log"
"V70_PAIR_SWAP_031","pair-swap","2","kernel_success","607.3","logs/V70_PAIR_SWAP_031.coqc.log","coqchk_success","logs/V70_BATCH.coqchk.log"
"V70_PAIR_SWAP_032","pair-swap","2","kernel_success","515.5","logs/V70_PAIR_SWAP_032.coqc.log","coqchk_success","logs/V70_BATCH.coqchk.log"
"V70_PAIR_SWAP_033","pair-swap","2","kernel_success","448.1","logs/V70_PAIR_SWAP_033.coqc.log","coqchk_success","logs/V70_BATCH.coqchk.log"
"V70_PAIR_SWAP_034","pair-swap","2","kernel_success","446.8","logs/V70_PAIR_SWAP_034.coqc.log","coqchk_success","logs/V70_BATCH.coqchk.log"
"V70_PAIR_SWAP_035","pair-swap","2","kernel_success","460.1","logs/V70_PAIR_SWAP_035.coqc.log","coqchk_success","logs/V70_BATCH.coqchk.log"
"V70_PAIR_SWAP_036","pair-swap","2","kernel_success","416.2","logs/V70_PAIR_SWAP_036.coqc.log","coqchk_success","logs/V70_BATCH.coqchk.log"
"V70_PAIR_SWAP_037","pair-swap","2","kernel_success","427.5","logs/V70_PAIR_SWAP_037.coqc.log","coqchk_success","logs/V70_BATCH.coqchk.log"
"V70_PAIR_SWAP_038","pair-swap","2","kernel_success","470.8","logs/V70_PAIR_SWAP_038.coqc.log","coqchk_success","logs/V70_BATCH.coqchk.log"
"V70_PAIR_SWAP_039","pair-swap","2","kernel_success","500.3","logs/V70_PAIR_SWAP_039.coqc.log","coqchk_success","logs/V70_BATCH.coqchk.log"
"V70_PAIR_SWAP_040","pair-swap","2","kernel_success","516.7","logs/V70_PAIR_SWAP_040.coqc.log","coqchk_success","logs/V70_BATCH.coqchk.log"
"V70_PAIR_SWAP_041","pair-swap","2","kernel_success","564.2","logs/V70_PAIR_SWAP_041.coqc.log","coqchk_success","logs/V70_BATCH.coqchk.log"
"V70_PAIR_SWAP_042","pair-swap","2","kernel_success","561.8","logs/V70_PAIR_SWAP_042.coqc.log","coqchk_success","logs/V70_BATCH.coqchk.log"
"V70_PAIR_SWAP_043","pair-swap","2","kernel_success","493.8","logs/V70_PAIR_SWAP_043.coqc.log","coqchk_success","logs/V70_BATCH.coqchk.log"
"V70_PAIR_SWAP_044","pair-swap","2","kernel_success","500.9","logs/V70_PAIR_SWAP_044.coqc.log","coqchk_success","logs/V70_BATCH.coqchk.log"
"V70_PAIR_SWAP_045","pair-swap","2","kernel_success","430.7","logs/V70_PAIR_SWAP_045.coqc.log","coqchk_success","logs/V70_BATCH.coqchk.log"
"V70_PAIR_SWAP_046","pair-swap","2","kernel_success","462.8","logs/V70_PAIR_SWAP_046.coqc.log","coqchk_success","logs/V70_BATCH.coqchk.log"
"V70_PAIR_SWAP_047","pair-swap","2","kernel_success","449.6","logs/V70_PAIR_SWAP_047.coqc.log","coqchk_success","logs/V70_BATCH.coqchk.log"
"V70_PAIR_SWAP_048","pair-swap","2","kernel_success","497.8","logs/V70_PAIR_SWAP_048.coqc.log","coqchk_success","logs/V70_BATCH.coqchk.log"
"V70_PAIR_SWAP_049","pair-swap","2","kernel_success","571","logs/V70_PAIR_SWAP_049.coqc.log","coqchk_success","logs/V70_BATCH.coqchk.log"
"V70_PAIR_SWAP_050","pair-swap","2","kernel_success","546","logs/V70_PAIR_SWAP_050.coqc.log","coqchk_success","logs/V70_BATCH.coqchk.log"
"V70_PAIR_SWAP_051","pair-swap","2","kernel_success","596.6","logs/V70_PAIR_SWAP_051.coqc.log","coqchk_success","logs/V70_BATCH.coqchk.log"
"V70_PAIR_SWAP_052","pair-swap","2","kernel_success","513.3","logs/V70_PAIR_SWAP_052.coqc.log","coqchk_success","logs/V70_BATCH.coqchk.log"
"V70_PAIR_SWAP_053","pair-swap","2","kernel_success","475.6","logs/V70_PAIR_SWAP_053.coqc.log","coqchk_success","logs/V70_BATCH.coqchk.log"
"V70_PAIR_SWAP_054","pair-swap","2","kernel_success","460.9","logs/V70_PAIR_SWAP_054.coqc.log","coqchk_success","logs/V70_BATCH.coqchk.log"
"V70_PAIR_SWAP_055","pair-swap","2","kernel_success","456","logs/V70_PAIR_SWAP_055.coqc.log","coqchk_success","logs/V70_BATCH.coqchk.log"
"V70_PAIR_SWAP_056","pair-swap","2","kernel_success","418.9","logs/V70_PAIR_SWAP_056.coqc.log","coqchk_success","logs/V70_BATCH.coqchk.log"
"V70_PAIR_SWAP_057","pair-swap","2","kernel_success","443.3","logs/V70_PAIR_SWAP_057.coqc.log","coqchk_success","logs/V70_BATCH.coqchk.log"
"V70_PAIR_SWAP_058","pair-swap","2","kernel_success","456.7","logs/V70_PAIR_SWAP_058.coqc.log","coqchk_success","logs/V70_BATCH.coqchk.log"
"V70_PAIR_SWAP_059","pair-swap","2","kernel_success","482.5","logs/V70_PAIR_SWAP_059.coqc.log","coqchk_success","logs/V70_BATCH.coqchk.log"
"V70_PAIR_SWAP_060","pair-swap","2","kernel_success","552.5","logs/V70_PAIR_SWAP_060.coqc.log","coqchk_success","logs/V70_BATCH.coqchk.log"
"V70_PAIR_SWAP_061","pair-swap","2","kernel_success","533.1","logs/V70_PAIR_SWAP_061.coqc.log","coqchk_success","logs/V70_BATCH.coqchk.log"
"V70_PAIR_SWAP_062","pair-swap","2","kernel_success","535.6","logs/V70_PAIR_SWAP_062.coqc.log","coqchk_success","logs/V70_BATCH.coqchk.log"
"V70_PAIR_SWAP_063","pair-swap","2","kernel_success","505.1","logs/V70_PAIR_SWAP_063.coqc.log","coqchk_success","logs/V70_BATCH.coqchk.log"
"V70_PAIR_SWAP_064","pair-swap","2","kernel_success","485.4","logs/V70_PAIR_SWAP_064.coqc.log","coqchk_success","logs/V70_BATCH.coqchk.log"
"V70_PAIR_SWAP_065","pair-swap","2","kernel_success","485","logs/V70_PAIR_SWAP_065.coqc.log","coqchk_success","logs/V70_BATCH.coqchk.log"
"V70_PAIR_SWAP_066","pair-swap","2","kernel_success","454.8","logs/V70_PAIR_SWAP_066.coqc.log","coqchk_success","logs/V70_BATCH.coqchk.log"
"V70_PAIR_SWAP_067","pair-swap","2","kernel_success","510.8","logs/V70_PAIR_SWAP_067.coqc.log","coqchk_success","logs/V70_BATCH.coqchk.log"
"V70_PAIR_SWAP_068","pair-swap","2","kernel_success","421.3","logs/V70_PAIR_SWAP_068.coqc.log","coqchk_success","logs/V70_BATCH.coqchk.log"
"V70_PAIR_SWAP_069","pair-swap","2","kernel_success","439","logs/V70_PAIR_SWAP_069.coqc.log","coqchk_success","logs/V70_BATCH.coqchk.log"
"V70_PAIR_SWAP_070","pair-swap","2","kernel_success","449.2","logs/V70_PAIR_SWAP_070.coqc.log","coqchk_success","logs/V70_BATCH.coqchk.log"
"V70_PAIR_SWAP_071","pair-swap","2","kernel_success","438.2","logs/V70_PAIR_SWAP_071.coqc.log","coqchk_success","logs/V70_BATCH.coqchk.log"
"V70_PAIR_SWAP_072","pair-swap","2","kernel_success","454.3","logs/V70_PAIR_SWAP_072.coqc.log","coqchk_success","logs/V70_BATCH.coqchk.log"
"V70_PAIR_SWAP_073","pair-swap","2","kernel_success","458.5","logs/V70_PAIR_SWAP_073.coqc.log","coqchk_success","logs/V70_BATCH.coqchk.log"
"V70_PAIR_SWAP_074","pair-swap","2","kernel_success","507","logs/V70_PAIR_SWAP_074.coqc.log","coqchk_success","logs/V70_BATCH.coqchk.log"
"V70_PAIR_SWAP_075","pair-swap","2","kernel_success","542.7","logs/V70_PAIR_SWAP_075.coqc.log","coqchk_success","logs/V70_BATCH.coqchk.log"
"V70_PAIR_SWAP_076","pair-swap","2","kernel_success","495.7","logs/V70_PAIR_SWAP_076.coqc.log","coqchk_success","logs/V70_BATCH.coqchk.log"
"V70_PAIR_SWAP_077","pair-swap","2","kernel_success","540","logs/V70_PAIR_SWAP_077.coqc.log","coqchk_success","logs/V70_BATCH.coqchk.log"
"V70_PAIR_SWAP_078","pair-swap","2","kernel_success","481.8","logs/V70_PAIR_SWAP_078.coqc.log","coqchk_success","logs/V70_BATCH.coqchk.log"
"V70_PAIR_SWAP_079","pair-swap","2","kernel_success","457.7","logs/V70_PAIR_SWAP_079.coqc.log","coqchk_success","logs/V70_BATCH.coqchk.log"
"V70_PAIR_SWAP_080","pair-swap","2","kernel_success","461.3","logs/V70_PAIR_SWAP_080.coqc.log","coqchk_success","logs/V70_BATCH.coqchk.log"
"V70_RECORD_TUPLE_001","record-tuple","2","kernel_success","466.6","logs/V70_RECORD_TUPLE_001.coqc.log","coqchk_success","logs/V70_BATCH.coqchk.log"
"V70_RECORD_TUPLE_002","record-tuple","2","kernel_success","466.6","logs/V70_RECORD_TUPLE_002.coqc.log","coqchk_success","logs/V70_BATCH.coqchk.log"
"V70_RECORD_TUPLE_003","record-tuple","2","kernel_success","511.5","logs/V70_RECORD_TUPLE_003.coqc.log","coqchk_success","logs/V70_BATCH.coqchk.log"
"V70_RECORD_TUPLE_004","record-tuple","2","kernel_success","596.8","logs/V70_RECORD_TUPLE_004.coqc.log","coqchk_success","logs/V70_BATCH.coqchk.log"
"V70_RECORD_TUPLE_005","record-tuple","2","kernel_success","566","logs/V70_RECORD_TUPLE_005.coqc.log","coqchk_success","logs/V70_BATCH.coqchk.log"
"V70_RECORD_TUPLE_006","record-tuple","2","kernel_success","600.2","logs/V70_RECORD_TUPLE_006.coqc.log","coqchk_success","logs/V70_BATCH.coqchk.log"
"V70_RECORD_TUPLE_007","record-tuple","2","kernel_success","524.3","logs/V70_RECORD_TUPLE_007.coqc.log","coqchk_success","logs/V70_BATCH.coqchk.log"
"V70_RECORD_TUPLE_008","record-tuple","2","kernel_success","495.7","logs/V70_RECORD_TUPLE_008.coqc.log","coqchk_success","logs/V70_BATCH.coqchk.log"
"V70_RECORD_TUPLE_009","record-tuple","2","kernel_success","492.2","logs/V70_RECORD_TUPLE_009.coqc.log","coqchk_success","logs/V70_BATCH.coqchk.log"
"V70_RECORD_TUPLE_010","record-tuple","2","kernel_success","504.6","logs/V70_RECORD_TUPLE_010.coqc.log","coqchk_success","logs/V70_BATCH.coqchk.log"
"V70_RECORD_TUPLE_011","record-tuple","2","kernel_success","447.8","logs/V70_RECORD_TUPLE_011.coqc.log","coqchk_success","logs/V70_BATCH.coqchk.log"
"V70_RECORD_TUPLE_012","record-tuple","2","kernel_success","474.5","logs/V70_RECORD_TUPLE_012.coqc.log","coqchk_success","logs/V70_BATCH.coqchk.log"
"V70_RECORD_TUPLE_013","record-tuple","2","kernel_success","564.2","logs/V70_RECORD_TUPLE_013.coqc.log","coqchk_success","logs/V70_BATCH.coqchk.log"
"V70_RECORD_TUPLE_014","record-tuple","2","kernel_success","573.8","logs/V70_RECORD_TUPLE_014.coqc.log","coqchk_success","logs/V70_BATCH.coqchk.log"
"V70_RECORD_TUPLE_015","record-tuple","2","kernel_success","541.5","logs/V70_RECORD_TUPLE_015.coqc.log","coqchk_success","logs/V70_BATCH.coqchk.log"
"V70_RECORD_TUPLE_016","record-tuple","2","kernel_success","538","logs/V70_RECORD_TUPLE_016.coqc.log","coqchk_success","logs/V70_BATCH.coqchk.log"
"V70_RECORD_TUPLE_017","record-tuple","2","kernel_success","437.5","logs/V70_RECORD_TUPLE_017.coqc.log","coqchk_success","logs/V70_BATCH.coqchk.log"
"V70_RECORD_TUPLE_018","record-tuple","2","kernel_success","443.3","logs/V70_RECORD_TUPLE_018.coqc.log","coqchk_success","logs/V70_BATCH.coqchk.log"
"V70_RECORD_TUPLE_019","record-tuple","2","kernel_success","408.8","logs/V70_RECORD_TUPLE_019.coqc.log","coqchk_success","logs/V70_BATCH.coqchk.log"
"V70_RECORD_TUPLE_020","record-tuple","2","kernel_success","445.9","logs/V70_RECORD_TUPLE_020.coqc.log","coqchk_success","logs/V70_BATCH.coqchk.log"
"V70_RECORD_TUPLE_021","record-tuple","2","kernel_success","513.5","logs/V70_RECORD_TUPLE_021.coqc.log","coqchk_success","logs/V70_BATCH.coqchk.log"
"V70_RECORD_TUPLE_022","record-tuple","2","kernel_success","498.9","logs/V70_RECORD_TUPLE_022.coqc.log","coqchk_success","logs/V70_BATCH.coqchk.log"
"V70_RECORD_TUPLE_023","record-tuple","2","kernel_success","572.8","logs/V70_RECORD_TUPLE_023.coqc.log","coqchk_success","logs/V70_BATCH.coqchk.log"
"V70_RECORD_TUPLE_024","record-tuple","2","kernel_success","563.5","logs/V70_RECORD_TUPLE_024.coqc.log","coqchk_success","logs/V70_BATCH.coqchk.log"
"V70_RECORD_TUPLE_025","record-tuple","2","kernel_success","547.5","logs/V70_RECORD_TUPLE_025.coqc.log","coqchk_success","logs/V70_BATCH.coqchk.log"
"V70_RECORD_TUPLE_026","record-tuple","2","kernel_success","507.7","logs/V70_RECORD_TUPLE_026.coqc.log","coqchk_success","logs/V70_BATCH.coqchk.log"
"V70_RECORD_TUPLE_027","record-tuple","2","kernel_success","495.3","logs/V70_RECORD_TUPLE_027.coqc.log","coqchk_success","logs/V70_BATCH.coqchk.log"
"V70_RECORD_TUPLE_028","record-tuple","2","kernel_success","477.2","logs/V70_RECORD_TUPLE_028.coqc.log","coqchk_success","logs/V70_BATCH.coqchk.log"
"V70_RECORD_TUPLE_029","record-tuple","2","kernel_success","468.9","logs/V70_RECORD_TUPLE_029.coqc.log","coqchk_success","logs/V70_BATCH.coqchk.log"
"V70_RECORD_TUPLE_030","record-tuple","2","kernel_success","497.6","logs/V70_RECORD_TUPLE_030.coqc.log","coqchk_success","logs/V70_BATCH.coqchk.log"
"V70_RECORD_TUPLE_031","record-tuple","2","kernel_success","468","logs/V70_RECORD_TUPLE_031.coqc.log","coqchk_success","logs/V70_BATCH.coqchk.log"
"V70_RECORD_TUPLE_032","record-tuple","2","kernel_success","508.6","logs/V70_RECORD_TUPLE_032.coqc.log","coqchk_success","logs/V70_BATCH.coqchk.log"
"V70_RECORD_TUPLE_033","record-tuple","2","kernel_success","486.7","logs/V70_RECORD_TUPLE_033.coqc.log","coqchk_success","logs/V70_BATCH.coqchk.log"
"V70_RECORD_TUPLE_034","record-tuple","2","kernel_success","544","logs/V70_RECORD_TUPLE_034.coqc.log","coqchk_success","logs/V70_BATCH.coqchk.log"
"V70_RECORD_TUPLE_035","record-tuple","2","kernel_success","468.5","logs/V70_RECORD_TUPLE_035.coqc.log","coqchk_success","logs/V70_BATCH.coqchk.log"
"V70_RECORD_TUPLE_036","record-tuple","2","kernel_success","480.9","logs/V70_RECORD_TUPLE_036.coqc.log","coqchk_success","logs/V70_BATCH.coqchk.log"
"V70_RECORD_TUPLE_037","record-tuple","2","kernel_success","462.8","logs/V70_RECORD_TUPLE_037.coqc.log","coqchk_success","logs/V70_BATCH.coqchk.log"
"V70_RECORD_TUPLE_038","record-tuple","2","kernel_success","510.4","logs/V70_RECORD_TUPLE_038.coqc.log","coqchk_success","logs/V70_BATCH.coqchk.log"
"V70_RECORD_TUPLE_039","record-tuple","2","kernel_success","549.7","logs/V70_RECORD_TUPLE_039.coqc.log","coqchk_success","logs/V70_BATCH.coqchk.log"
"V70_RECORD_TUPLE_040","record-tuple","2","kernel_success","509.2","logs/V70_RECORD_TUPLE_040.coqc.log","coqchk_success","logs/V70_BATCH.coqchk.log"
"V70_RECORD_TUPLE_041","record-tuple","2","kernel_success","531.6","logs/V70_RECORD_TUPLE_041.coqc.log","coqchk_success","logs/V70_BATCH.coqchk.log"
"V70_RECORD_TUPLE_042","record-tuple","2","kernel_success","482","logs/V70_RECORD_TUPLE_042.coqc.log","coqchk_success","logs/V70_BATCH.coqchk.log"
"V70_RECORD_TUPLE_043","record-tuple","2","kernel_success","525","logs/V70_RECORD_TUPLE_043.coqc.log","coqchk_success","logs/V70_BATCH.coqchk.log"
"V70_RECORD_TUPLE_044","record-tuple","2","kernel_success","498.5","logs/V70_RECORD_TUPLE_044.coqc.log","coqchk_success","logs/V70_BATCH.coqchk.log"
"V70_RECORD_TUPLE_045","record-tuple","2","kernel_success","495.6","logs/V70_RECORD_TUPLE_045.coqc.log","coqchk_success","logs/V70_BATCH.coqchk.log"
"V70_RECORD_TUPLE_046","record-tuple","2","kernel_success","597.4","logs/V70_RECORD_TUPLE_046.coqc.log","coqchk_success","logs/V70_BATCH.coqchk.log"
"V70_RECORD_TUPLE_047","record-tuple","2","kernel_success","594.5","logs/V70_RECORD_TUPLE_047.coqc.log","coqchk_success","logs/V70_BATCH.coqchk.log"
"V70_RECORD_TUPLE_048","record-tuple","2","kernel_success","667.3","logs/V70_RECORD_TUPLE_048.coqc.log","coqchk_success","logs/V70_BATCH.coqchk.log"
"V70_RECORD_TUPLE_049","record-tuple","2","kernel_success","544.1","logs/V70_RECORD_TUPLE_049.coqc.log","coqchk_success","logs/V70_BATCH.coqchk.log"
"V70_RECORD_TUPLE_050","record-tuple","2","kernel_success","491.9","logs/V70_RECORD_TUPLE_050.coqc.log","coqchk_success","logs/V70_BATCH.coqchk.log"
"V70_RECORD_TUPLE_051","record-tuple","2","kernel_success","427.5","logs/V70_RECORD_TUPLE_051.coqc.log","coqchk_success","logs/V70_BATCH.coqchk.log"
"V70_RECORD_TUPLE_052","record-tuple","2","kernel_success","449.4","logs/V70_RECORD_TUPLE_052.coqc.log","coqchk_success","logs/V70_BATCH.coqchk.log"
"V70_RECORD_TUPLE_053","record-tuple","2","kernel_success","425.7","logs/V70_RECORD_TUPLE_053.coqc.log","coqchk_success","logs/V70_BATCH.coqchk.log"
"V70_RECORD_TUPLE_054","record-tuple","2","kernel_success","464.9","logs/V70_RECORD_TUPLE_054.coqc.log","coqchk_success","logs/V70_BATCH.coqchk.log"
"V70_RECORD_TUPLE_055","record-tuple","2","kernel_success","482.3","logs/V70_RECORD_TUPLE_055.coqc.log","coqchk_success","logs/V70_BATCH.coqchk.log"
"V70_RECORD_TUPLE_056","record-tuple","2","kernel_success","559.1","logs/V70_RECORD_TUPLE_056.coqc.log","coqchk_success","logs/V70_BATCH.coqchk.log"
"V70_RECORD_TUPLE_057","record-tuple","2","kernel_success","589.5","logs/V70_RECORD_TUPLE_057.coqc.log","coqchk_success","logs/V70_BATCH.coqchk.log"
"V70_RECORD_TUPLE_058","record-tuple","2","kernel_success","634.3","logs/V70_RECORD_TUPLE_058.coqc.log","coqchk_success","logs/V70_BATCH.coqchk.log"
"V70_RECORD_TUPLE_059","record-tuple","2","kernel_success","600.3","logs/V70_RECORD_TUPLE_059.coqc.log","coqchk_success","logs/V70_BATCH.coqchk.log"
"V70_RECORD_TUPLE_060","record-tuple","2","kernel_success","553.7","logs/V70_RECORD_TUPLE_060.coqc.log","coqchk_success","logs/V70_BATCH.coqchk.log"
"V70_RECORD_TUPLE_061","record-tuple","2","kernel_success","529.5","logs/V70_RECORD_TUPLE_061.coqc.log","coqchk_success","logs/V70_BATCH.coqchk.log"
"V70_RECORD_TUPLE_062","record-tuple","2","kernel_success","495.1","logs/V70_RECORD_TUPLE_062.coqc.log","coqchk_success","logs/V70_BATCH.coqchk.log"
"V70_RECORD_TUPLE_063","record-tuple","2","kernel_success","473.6","logs/V70_RECORD_TUPLE_063.coqc.log","coqchk_success","logs/V70_BATCH.coqchk.log"
"V70_RECORD_TUPLE_064","record-tuple","2","kernel_success","495.3","logs/V70_RECORD_TUPLE_064.coqc.log","coqchk_success","logs/V70_BATCH.coqchk.log"
"V70_RECORD_TUPLE_065","record-tuple","2","kernel_success","530.3","logs/V70_RECORD_TUPLE_065.coqc.log","coqchk_success","logs/V70_BATCH.coqchk.log"
"V70_RECORD_TUPLE_066","record-tuple","2","kernel_success","619.1","logs/V70_RECORD_TUPLE_066.coqc.log","coqchk_success","logs/V70_BATCH.coqchk.log"
"V70_RECORD_TUPLE_067","record-tuple","2","kernel_success","592.7","logs/V70_RECORD_TUPLE_067.coqc.log","coqchk_success","logs/V70_BATCH.coqchk.log"
"V70_RECORD_TUPLE_068","record-tuple","2","kernel_success","573.4","logs/V70_RECORD_TUPLE_068.coqc.log","coqchk_success","logs/V70_BATCH.coqchk.log"
"V70_RECORD_TUPLE_069","record-tuple","2","kernel_success","478.3","logs/V70_RECORD_TUPLE_069.coqc.log","coqchk_success","logs/V70_BATCH.coqchk.log"
"V70_RECORD_TUPLE_070","record-tuple","2","kernel_success","476","logs/V70_RECORD_TUPLE_070.coqc.log","coqchk_success","logs/V70_BATCH.coqchk.log"
"V70_RECORD_TUPLE_071","record-tuple","2","kernel_success","436.3","logs/V70_RECORD_TUPLE_071.coqc.log","coqchk_success","logs/V70_BATCH.coqchk.log"
"V70_RECORD_TUPLE_072","record-tuple","2","kernel_success","451.2","logs/V70_RECORD_TUPLE_072.coqc.log","coqchk_success","logs/V70_BATCH.coqchk.log"
"V70_RECORD_TUPLE_073","record-tuple","2","kernel_success","455.5","logs/V70_RECORD_TUPLE_073.coqc.log","coqchk_success","logs/V70_BATCH.coqchk.log"
"V70_RECORD_TUPLE_074","record-tuple","2","kernel_success","471.1","logs/V70_RECORD_TUPLE_074.coqc.log","coqchk_success","logs/V70_BATCH.coqchk.log"
"V70_RECORD_TUPLE_075","record-tuple","2","kernel_success","520.1","logs/V70_RECORD_TUPLE_075.coqc.log","coqchk_success","logs/V70_BATCH.coqchk.log"
"V70_RECORD_TUPLE_076","record-tuple","2","kernel_success","631","logs/V70_RECORD_TUPLE_076.coqc.log","coqchk_success","logs/V70_BATCH.coqchk.log"
"V70_RECORD_TUPLE_077","record-tuple","2","kernel_success","548.1","logs/V70_RECORD_TUPLE_077.coqc.log","coqchk_success","logs/V70_BATCH.coqchk.log"
"V70_RECORD_TUPLE_078","record-tuple","2","kernel_success","585.3","logs/V70_RECORD_TUPLE_078.coqc.log","coqchk_success","logs/V70_BATCH.coqchk.log"
"V70_RECORD_TUPLE_079","record-tuple","2","kernel_success","483.4","logs/V70_RECORD_TUPLE_079.coqc.log","coqchk_success","logs/V70_BATCH.coqchk.log"
"V70_RECORD_TUPLE_080","record-tuple","2","kernel_success","427.5","logs/V70_RECORD_TUPLE_080.coqc.log","coqchk_success","logs/V70_BATCH.coqchk.log"
"V70_ASSOC_LIST_001","assoc-list","2","kernel_success","482.1","logs/V70_ASSOC_LIST_001.coqc.log","coqchk_success","logs/V70_BATCH.coqchk.log"
"V70_ASSOC_LIST_002","assoc-list","2","kernel_success","451.3","logs/V70_ASSOC_LIST_002.coqc.log","coqchk_success","logs/V70_BATCH.coqchk.log"
"V70_ASSOC_LIST_003","assoc-list","2","kernel_success","475.8","logs/V70_ASSOC_LIST_003.coqc.log","coqchk_success","logs/V70_BATCH.coqchk.log"
"V70_ASSOC_LIST_004","assoc-list","2","kernel_success","528.5","logs/V70_ASSOC_LIST_004.coqc.log","coqchk_success","logs/V70_BATCH.coqchk.log"
"V70_ASSOC_LIST_005","assoc-list","2","kernel_success","577","logs/V70_ASSOC_LIST_005.coqc.log","coqchk_success","logs/V70_BATCH.coqchk.log"
"V70_ASSOC_LIST_006","assoc-list","2","kernel_success","565.4","logs/V70_ASSOC_LIST_006.coqc.log","coqchk_success","logs/V70_BATCH.coqchk.log"
"V70_ASSOC_LIST_007","assoc-list","2","kernel_success","586.6","logs/V70_ASSOC_LIST_007.coqc.log","coqchk_success","logs/V70_BATCH.coqchk.log"
"V70_ASSOC_LIST_008","assoc-list","2","kernel_success","539.1","logs/V70_ASSOC_LIST_008.coqc.log","coqchk_success","logs/V70_BATCH.coqchk.log"
"V70_ASSOC_LIST_009","assoc-list","2","kernel_success","487.8","logs/V70_ASSOC_LIST_009.coqc.log","coqchk_success","logs/V70_BATCH.coqchk.log"
"V70_ASSOC_LIST_010","assoc-list","2","kernel_success","456.7","logs/V70_ASSOC_LIST_010.coqc.log","coqchk_success","logs/V70_BATCH.coqchk.log"
"V70_ASSOC_LIST_011","assoc-list","2","kernel_success","473.4","logs/V70_ASSOC_LIST_011.coqc.log","coqchk_success","logs/V70_BATCH.coqchk.log"
"V70_ASSOC_LIST_012","assoc-list","2","kernel_success","473.2","logs/V70_ASSOC_LIST_012.coqc.log","coqchk_success","logs/V70_BATCH.coqchk.log"
"V70_ASSOC_LIST_013","assoc-list","2","kernel_success","527.5","logs/V70_ASSOC_LIST_013.coqc.log","coqchk_success","logs/V70_BATCH.coqchk.log"
"V70_ASSOC_LIST_014","assoc-list","2","kernel_success","530.5","logs/V70_ASSOC_LIST_014.coqc.log","coqchk_success","logs/V70_BATCH.coqchk.log"
"V70_ASSOC_LIST_015","assoc-list","2","kernel_success","577.2","logs/V70_ASSOC_LIST_015.coqc.log","coqchk_success","logs/V70_BATCH.coqchk.log"
"V70_ASSOC_LIST_016","assoc-list","2","kernel_success","517","logs/V70_ASSOC_LIST_016.coqc.log","coqchk_success","logs/V70_BATCH.coqchk.log"
"V70_ASSOC_LIST_017","assoc-list","2","kernel_success","486.3","logs/V70_ASSOC_LIST_017.coqc.log","coqchk_success","logs/V70_BATCH.coqchk.log"
"V70_ASSOC_LIST_018","assoc-list","2","kernel_success","526.8","logs/V70_ASSOC_LIST_018.coqc.log","coqchk_success","logs/V70_BATCH.coqchk.log"
"V70_ASSOC_LIST_019","assoc-list","2","kernel_success","484.2","logs/V70_ASSOC_LIST_019.coqc.log","coqchk_success","logs/V70_BATCH.coqchk.log"
"V70_ASSOC_LIST_020","assoc-list","2","kernel_success","508.2","logs/V70_ASSOC_LIST_020.coqc.log","coqchk_success","logs/V70_BATCH.coqchk.log"
"V70_ASSOC_LIST_021","assoc-list","2","kernel_success","492.6","logs/V70_ASSOC_LIST_021.coqc.log","coqchk_success","logs/V70_BATCH.coqchk.log"
"V70_ASSOC_LIST_022","assoc-list","2","kernel_success","477.6","logs/V70_ASSOC_LIST_022.coqc.log","coqchk_success","logs/V70_BATCH.coqchk.log"
"V70_ASSOC_LIST_023","assoc-list","2","kernel_success","491.5","logs/V70_ASSOC_LIST_023.coqc.log","coqchk_success","logs/V70_BATCH.coqchk.log"
"V70_ASSOC_LIST_024","assoc-list","2","kernel_success","523.9","logs/V70_ASSOC_LIST_024.coqc.log","coqchk_success","logs/V70_BATCH.coqchk.log"
"V70_ASSOC_LIST_025","assoc-list","2","kernel_success","549.4","logs/V70_ASSOC_LIST_025.coqc.log","coqchk_success","logs/V70_BATCH.coqchk.log"
"V70_ASSOC_LIST_026","assoc-list","2","kernel_success","549.4","logs/V70_ASSOC_LIST_026.coqc.log","coqchk_success","logs/V70_BATCH.coqchk.log"
"V70_ASSOC_LIST_027","assoc-list","2","kernel_success","551.9","logs/V70_ASSOC_LIST_027.coqc.log","coqchk_success","logs/V70_BATCH.coqchk.log"
"V70_ASSOC_LIST_028","assoc-list","2","kernel_success","577.6","logs/V70_ASSOC_LIST_028.coqc.log","coqchk_success","logs/V70_BATCH.coqchk.log"
"V70_ASSOC_LIST_029","assoc-list","2","kernel_success","538.1","logs/V70_ASSOC_LIST_029.coqc.log","coqchk_success","logs/V70_BATCH.coqchk.log"
"V70_ASSOC_LIST_030","assoc-list","2","kernel_success","498.1","logs/V70_ASSOC_LIST_030.coqc.log","coqchk_success","logs/V70_BATCH.coqchk.log"
"V70_ASSOC_LIST_031","assoc-list","2","kernel_success","452.3","logs/V70_ASSOC_LIST_031.coqc.log","coqchk_success","logs/V70_BATCH.coqchk.log"
"V70_ASSOC_LIST_032","assoc-list","2","kernel_success","419.5","logs/V70_ASSOC_LIST_032.coqc.log","coqchk_success","logs/V70_BATCH.coqchk.log"
"V70_ASSOC_LIST_033","assoc-list","2","kernel_success","388.9","logs/V70_ASSOC_LIST_033.coqc.log","coqchk_success","logs/V70_BATCH.coqchk.log"
"V70_ASSOC_LIST_034","assoc-list","2","kernel_success","422.7","logs/V70_ASSOC_LIST_034.coqc.log","coqchk_success","logs/V70_BATCH.coqchk.log"
"V70_ASSOC_LIST_035","assoc-list","2","kernel_success","459.1","logs/V70_ASSOC_LIST_035.coqc.log","coqchk_success","logs/V70_BATCH.coqchk.log"
"V70_ASSOC_LIST_036","assoc-list","2","kernel_success","497.7","logs/V70_ASSOC_LIST_036.coqc.log","coqchk_success","logs/V70_BATCH.coqchk.log"
"V70_ASSOC_LIST_037","assoc-list","2","kernel_success","577.7","logs/V70_ASSOC_LIST_037.coqc.log","coqchk_success","logs/V70_BATCH.coqchk.log"
"V70_ASSOC_LIST_038","assoc-list","2","kernel_success","553.2","logs/V70_ASSOC_LIST_038.coqc.log","coqchk_success","logs/V70_BATCH.coqchk.log"
"V70_ASSOC_LIST_039","assoc-list","2","kernel_success","595.8","logs/V70_ASSOC_LIST_039.coqc.log","coqchk_success","logs/V70_BATCH.coqchk.log"
"V70_ASSOC_LIST_040","assoc-list","2","kernel_success","538.9","logs/V70_ASSOC_LIST_040.coqc.log","coqchk_success","logs/V70_BATCH.coqchk.log"
"V70_ASSOC_LIST_041","assoc-list","2","kernel_success","513.3","logs/V70_ASSOC_LIST_041.coqc.log","coqchk_success","logs/V70_BATCH.coqchk.log"
"V70_ASSOC_LIST_042","assoc-list","2","kernel_success","493.2","logs/V70_ASSOC_LIST_042.coqc.log","coqchk_success","logs/V70_BATCH.coqchk.log"
"V70_ASSOC_LIST_043","assoc-list","2","kernel_success","438.3","logs/V70_ASSOC_LIST_043.coqc.log","coqchk_success","logs/V70_BATCH.coqchk.log"
"V70_ASSOC_LIST_044","assoc-list","2","kernel_success","512.8","logs/V70_ASSOC_LIST_044.coqc.log","coqchk_success","logs/V70_BATCH.coqchk.log"
"V70_ASSOC_LIST_045","assoc-list","2","kernel_success","543.8","logs/V70_ASSOC_LIST_045.coqc.log","coqchk_success","logs/V70_BATCH.coqchk.log"
"V70_ASSOC_LIST_046","assoc-list","2","kernel_success","579.2","logs/V70_ASSOC_LIST_046.coqc.log","coqchk_success","logs/V70_BATCH.coqchk.log"
"V70_ASSOC_LIST_047","assoc-list","2","kernel_success","597.1","logs/V70_ASSOC_LIST_047.coqc.log","coqchk_success","logs/V70_BATCH.coqchk.log"
"V70_ASSOC_LIST_048","assoc-list","2","kernel_success","546.7","logs/V70_ASSOC_LIST_048.coqc.log","coqchk_success","logs/V70_BATCH.coqchk.log"
"V70_ASSOC_LIST_049","assoc-list","2","kernel_success","517.9","logs/V70_ASSOC_LIST_049.coqc.log","coqchk_success","logs/V70_BATCH.coqchk.log"
"V70_ASSOC_LIST_050","assoc-list","2","kernel_success","481.8","logs/V70_ASSOC_LIST_050.coqc.log","coqchk_success","logs/V70_BATCH.coqchk.log"
"V70_ASSOC_LIST_051","assoc-list","2","kernel_success","500.3","logs/V70_ASSOC_LIST_051.coqc.log","coqchk_success","logs/V70_BATCH.coqchk.log"
"V70_ASSOC_LIST_052","assoc-list","2","kernel_success","424.5","logs/V70_ASSOC_LIST_052.coqc.log","coqchk_success","logs/V70_BATCH.coqchk.log"
"V70_ASSOC_LIST_053","assoc-list","2","kernel_success","462.3","logs/V70_ASSOC_LIST_053.coqc.log","coqchk_success","logs/V70_BATCH.coqchk.log"
"V70_ASSOC_LIST_054","assoc-list","2","kernel_success","462.7","logs/V70_ASSOC_LIST_054.coqc.log","coqchk_success","logs/V70_BATCH.coqchk.log"
"V70_ASSOC_LIST_055","assoc-list","2","kernel_success","516.2","logs/V70_ASSOC_LIST_055.coqc.log","coqchk_success","logs/V70_BATCH.coqchk.log"
"V70_ASSOC_LIST_056","assoc-list","2","kernel_success","694.3","logs/V70_ASSOC_LIST_056.coqc.log","coqchk_success","logs/V70_BATCH.coqchk.log"
"V70_ASSOC_LIST_057","assoc-list","2","kernel_success","668.9","logs/V70_ASSOC_LIST_057.coqc.log","coqchk_success","logs/V70_BATCH.coqchk.log"
"V70_ASSOC_LIST_058","assoc-list","2","kernel_success","652.5","logs/V70_ASSOC_LIST_058.coqc.log","coqchk_success","logs/V70_BATCH.coqchk.log"
"V70_ASSOC_LIST_059","assoc-list","2","kernel_success","608.8","logs/V70_ASSOC_LIST_059.coqc.log","coqchk_success","logs/V70_BATCH.coqchk.log"
"V70_ASSOC_LIST_060","assoc-list","2","kernel_success","559.8","logs/V70_ASSOC_LIST_060.coqc.log","coqchk_success","logs/V70_BATCH.coqchk.log"
"V70_ASSOC_LIST_061","assoc-list","2","kernel_success","611.6","logs/V70_ASSOC_LIST_061.coqc.log","coqchk_success","logs/V70_BATCH.coqchk.log"
"V70_ASSOC_LIST_062","assoc-list","2","kernel_success","619.3","logs/V70_ASSOC_LIST_062.coqc.log","coqchk_success","logs/V70_BATCH.coqchk.log"
"V70_ASSOC_LIST_063","assoc-list","2","kernel_success","674.1","logs/V70_ASSOC_LIST_063.coqc.log","coqchk_success","logs/V70_BATCH.coqchk.log"
"V70_ASSOC_LIST_064","assoc-list","2","kernel_success","654.5","logs/V70_ASSOC_LIST_064.coqc.log","coqchk_success","logs/V70_BATCH.coqchk.log"
"V70_ASSOC_LIST_065","assoc-list","2","kernel_success","718.6","logs/V70_ASSOC_LIST_065.coqc.log","coqchk_success","logs/V70_BATCH.coqchk.log"
"V70_ASSOC_LIST_066","assoc-list","2","kernel_success","689","logs/V70_ASSOC_LIST_066.coqc.log","coqchk_success","logs/V70_BATCH.coqchk.log"
"V70_ASSOC_LIST_067","assoc-list","2","kernel_success","505.6","logs/V70_ASSOC_LIST_067.coqc.log","coqchk_success","logs/V70_BATCH.coqchk.log"
"V70_ASSOC_LIST_068","assoc-list","2","kernel_success","519.2","logs/V70_ASSOC_LIST_068.coqc.log","coqchk_success","logs/V70_BATCH.coqchk.log"
"V70_ASSOC_LIST_069","assoc-list","2","kernel_success","536.9","logs/V70_ASSOC_LIST_069.coqc.log","coqchk_success","logs/V70_BATCH.coqchk.log"
"V70_ASSOC_LIST_070","assoc-list","2","kernel_success","496.3","logs/V70_ASSOC_LIST_070.coqc.log","coqchk_success","logs/V70_BATCH.coqchk.log"
"V70_ASSOC_LIST_071","assoc-list","2","kernel_success","499.7","logs/V70_ASSOC_LIST_071.coqc.log","coqchk_success","logs/V70_BATCH.coqchk.log"
"V70_ASSOC_LIST_072","assoc-list","2","kernel_success","509.3","logs/V70_ASSOC_LIST_072.coqc.log","coqchk_success","logs/V70_BATCH.coqchk.log"
"V70_ASSOC_LIST_073","assoc-list","2","kernel_success","577.1","logs/V70_ASSOC_LIST_073.coqc.log","coqchk_success","logs/V70_BATCH.coqchk.log"
"V70_ASSOC_LIST_074","assoc-list","2","kernel_success","529.9","logs/V70_ASSOC_LIST_074.coqc.log","coqchk_success","logs/V70_BATCH.coqchk.log"
"V70_ASSOC_LIST_075","assoc-list","2","kernel_success","504.8","logs/V70_ASSOC_LIST_075.coqc.log","coqchk_success","logs/V70_BATCH.coqchk.log"
"V70_ASSOC_LIST_076","assoc-list","2","kernel_success","555.9","logs/V70_ASSOC_LIST_076.coqc.log","coqchk_success","logs/V70_BATCH.coqchk.log"
"V70_ASSOC_LIST_077","assoc-list","2","kernel_success","514.4","logs/V70_ASSOC_LIST_077.coqc.log","coqchk_success","logs/V70_BATCH.coqchk.log"
"V70_ASSOC_LIST_078","assoc-list","2","kernel_success","502.3","logs/V70_ASSOC_LIST_078.coqc.log","coqchk_success","logs/V70_BATCH.coqchk.log"
"V70_ASSOC_LIST_079","assoc-list","2","kernel_success","517.2","logs/V70_ASSOC_LIST_079.coqc.log","coqchk_success","logs/V70_BATCH.coqchk.log"
"V70_ASSOC_LIST_080","assoc-list","2","kernel_success","465.3","logs/V70_ASSOC_LIST_080.coqc.log","coqchk_success","logs/V70_BATCH.coqchk.log"
"V70_TREE_MIRROR_001","tree-mirror","2","kernel_success","470.4","logs/V70_TREE_MIRROR_001.coqc.log","coqchk_success","logs/V70_BATCH.coqchk.log"
"V70_TREE_MIRROR_002","tree-mirror","2","kernel_success","502.4","logs/V70_TREE_MIRROR_002.coqc.log","coqchk_success","logs/V70_BATCH.coqchk.log"
"V70_TREE_MIRROR_003","tree-mirror","2","kernel_success","506.5","logs/V70_TREE_MIRROR_003.coqc.log","coqchk_success","logs/V70_BATCH.coqchk.log"
"V70_TREE_MIRROR_004","tree-mirror","2","kernel_success","560","logs/V70_TREE_MIRROR_004.coqc.log","coqchk_success","logs/V70_BATCH.coqchk.log"
"V70_TREE_MIRROR_005","tree-mirror","2","kernel_success","573.1","logs/V70_TREE_MIRROR_005.coqc.log","coqchk_success","logs/V70_BATCH.coqchk.log"
"V70_TREE_MIRROR_006","tree-mirror","2","kernel_success","603.2","logs/V70_TREE_MIRROR_006.coqc.log","coqchk_success","logs/V70_BATCH.coqchk.log"
"V70_TREE_MIRROR_007","tree-mirror","2","kernel_success","488.2","logs/V70_TREE_MIRROR_007.coqc.log","coqchk_success","logs/V70_BATCH.coqchk.log"
"V70_TREE_MIRROR_008","tree-mirror","2","kernel_success","505.6","logs/V70_TREE_MIRROR_008.coqc.log","coqchk_success","logs/V70_BATCH.coqchk.log"
"V70_TREE_MIRROR_009","tree-mirror","2","kernel_success","450.3","logs/V70_TREE_MIRROR_009.coqc.log","coqchk_success","logs/V70_BATCH.coqchk.log"
"V70_TREE_MIRROR_010","tree-mirror","2","kernel_success","419.5","logs/V70_TREE_MIRROR_010.coqc.log","coqchk_success","logs/V70_BATCH.coqchk.log"
"V70_TREE_MIRROR_011","tree-mirror","2","kernel_success","450.6","logs/V70_TREE_MIRROR_011.coqc.log","coqchk_success","logs/V70_BATCH.coqchk.log"
"V70_TREE_MIRROR_012","tree-mirror","2","kernel_success","480.1","logs/V70_TREE_MIRROR_012.coqc.log","coqchk_success","logs/V70_BATCH.coqchk.log"
"V70_TREE_MIRROR_013","tree-mirror","2","kernel_success","506.1","logs/V70_TREE_MIRROR_013.coqc.log","coqchk_success","logs/V70_BATCH.coqchk.log"
"V70_TREE_MIRROR_014","tree-mirror","2","kernel_success","608.7","logs/V70_TREE_MIRROR_014.coqc.log","coqchk_success","logs/V70_BATCH.coqchk.log"
"V70_TREE_MIRROR_015","tree-mirror","2","kernel_success","560.2","logs/V70_TREE_MIRROR_015.coqc.log","coqchk_success","logs/V70_BATCH.coqchk.log"
"V70_TREE_MIRROR_016","tree-mirror","2","kernel_success","615.2","logs/V70_TREE_MIRROR_016.coqc.log","coqchk_success","logs/V70_BATCH.coqchk.log"
"V70_TREE_MIRROR_017","tree-mirror","2","kernel_success","514.4","logs/V70_TREE_MIRROR_017.coqc.log","coqchk_success","logs/V70_BATCH.coqchk.log"
"V70_TREE_MIRROR_018","tree-mirror","2","kernel_success","518.1","logs/V70_TREE_MIRROR_018.coqc.log","coqchk_success","logs/V70_BATCH.coqchk.log"
"V70_TREE_MIRROR_019","tree-mirror","2","kernel_success","500.2","logs/V70_TREE_MIRROR_019.coqc.log","coqchk_success","logs/V70_BATCH.coqchk.log"
"V70_TREE_MIRROR_020","tree-mirror","2","kernel_success","494.8","logs/V70_TREE_MIRROR_020.coqc.log","coqchk_success","logs/V70_BATCH.coqchk.log"
"V70_TREE_MIRROR_021","tree-mirror","2","kernel_success","485.4","logs/V70_TREE_MIRROR_021.coqc.log","coqchk_success","logs/V70_BATCH.coqchk.log"
"V70_TREE_MIRROR_022","tree-mirror","2","kernel_success","515.7","logs/V70_TREE_MIRROR_022.coqc.log","coqchk_success","logs/V70_BATCH.coqchk.log"
"V70_TREE_MIRROR_023","tree-mirror","2","kernel_success","581.8","logs/V70_TREE_MIRROR_023.coqc.log","coqchk_success","logs/V70_BATCH.coqchk.log"
"V70_TREE_MIRROR_024","tree-mirror","2","kernel_success","579.2","logs/V70_TREE_MIRROR_024.coqc.log","coqchk_success","logs/V70_BATCH.coqchk.log"
"V70_TREE_MIRROR_025","tree-mirror","2","kernel_success","558.1","logs/V70_TREE_MIRROR_025.coqc.log","coqchk_success","logs/V70_BATCH.coqchk.log"
"V70_TREE_MIRROR_026","tree-mirror","2","kernel_success","533.9","logs/V70_TREE_MIRROR_026.coqc.log","coqchk_success","logs/V70_BATCH.coqchk.log"
"V70_TREE_MIRROR_027","tree-mirror","2","kernel_success","519.8","logs/V70_TREE_MIRROR_027.coqc.log","coqchk_success","logs/V70_BATCH.coqchk.log"
"V70_TREE_MIRROR_028","tree-mirror","2","kernel_success","479.4","logs/V70_TREE_MIRROR_028.coqc.log","coqchk_success","logs/V70_BATCH.coqchk.log"
"V70_TREE_MIRROR_029","tree-mirror","2","kernel_success","469.8","logs/V70_TREE_MIRROR_029.coqc.log","coqchk_success","logs/V70_BATCH.coqchk.log"
"V70_TREE_MIRROR_030","tree-mirror","2","kernel_success","453","logs/V70_TREE_MIRROR_030.coqc.log","coqchk_success","logs/V70_BATCH.coqchk.log"
"V70_TREE_MIRROR_031","tree-mirror","2","kernel_success","524.7","logs/V70_TREE_MIRROR_031.coqc.log","coqchk_success","logs/V70_BATCH.coqchk.log"
"V70_TREE_MIRROR_032","tree-mirror","2","kernel_success","484.2","logs/V70_TREE_MIRROR_032.coqc.log","coqchk_success","logs/V70_BATCH.coqchk.log"
"V70_TREE_MIRROR_033","tree-mirror","2","kernel_success","584.3","logs/V70_TREE_MIRROR_033.coqc.log","coqchk_success","logs/V70_BATCH.coqchk.log"
"V70_TREE_MIRROR_034","tree-mirror","2","kernel_success","564.3","logs/V70_TREE_MIRROR_034.coqc.log","coqchk_success","logs/V70_BATCH.coqchk.log"
"V70_TREE_MIRROR_035","tree-mirror","2","kernel_success","537.7","logs/V70_TREE_MIRROR_035.coqc.log","coqchk_success","logs/V70_BATCH.coqchk.log"
"V70_TREE_MIRROR_036","tree-mirror","2","kernel_success","533.2","logs/V70_TREE_MIRROR_036.coqc.log","coqchk_success","logs/V70_BATCH.coqchk.log"
"V70_TREE_MIRROR_037","tree-mirror","2","kernel_success","461.2","logs/V70_TREE_MIRROR_037.coqc.log","coqchk_success","logs/V70_BATCH.coqchk.log"
"V70_TREE_MIRROR_038","tree-mirror","2","kernel_success","501.9","logs/V70_TREE_MIRROR_038.coqc.log","coqchk_success","logs/V70_BATCH.coqchk.log"
"V70_TREE_MIRROR_039","tree-mirror","2","kernel_success","529.7","logs/V70_TREE_MIRROR_039.coqc.log","coqchk_success","logs/V70_BATCH.coqchk.log"
"V70_TREE_MIRROR_040","tree-mirror","2","kernel_success","490.6","logs/V70_TREE_MIRROR_040.coqc.log","coqchk_success","logs/V70_BATCH.coqchk.log"
"V70_TREE_MIRROR_041","tree-mirror","2","kernel_success","493.7","logs/V70_TREE_MIRROR_041.coqc.log","coqchk_success","logs/V70_BATCH.coqchk.log"
"V70_TREE_MIRROR_042","tree-mirror","2","kernel_success","481.3","logs/V70_TREE_MIRROR_042.coqc.log","coqchk_success","logs/V70_BATCH.coqchk.log"
"V70_TREE_MIRROR_043","tree-mirror","2","kernel_success","486.6","logs/V70_TREE_MIRROR_043.coqc.log","coqchk_success","logs/V70_BATCH.coqchk.log"
"V70_TREE_MIRROR_044","tree-mirror","2","kernel_success","497.8","logs/V70_TREE_MIRROR_044.coqc.log","coqchk_success","logs/V70_BATCH.coqchk.log"
"V70_TREE_MIRROR_045","tree-mirror","2","kernel_success","468.5","logs/V70_TREE_MIRROR_045.coqc.log","coqchk_success","logs/V70_BATCH.coqchk.log"
"V70_TREE_MIRROR_046","tree-mirror","2","kernel_success","460.8","logs/V70_TREE_MIRROR_046.coqc.log","coqchk_success","logs/V70_BATCH.coqchk.log"
"V70_TREE_MIRROR_047","tree-mirror","2","kernel_success","436.2","logs/V70_TREE_MIRROR_047.coqc.log","coqchk_success","logs/V70_BATCH.coqchk.log"
"V70_TREE_MIRROR_048","tree-mirror","2","kernel_success","450.8","logs/V70_TREE_MIRROR_048.coqc.log","coqchk_success","logs/V70_BATCH.coqchk.log"
"V70_TREE_MIRROR_049","tree-mirror","2","kernel_success","474.1","logs/V70_TREE_MIRROR_049.coqc.log","coqchk_success","logs/V70_BATCH.coqchk.log"
"V70_TREE_MIRROR_050","tree-mirror","2","kernel_success","450","logs/V70_TREE_MIRROR_050.coqc.log","coqchk_success","logs/V70_BATCH.coqchk.log"
"V70_TREE_MIRROR_051","tree-mirror","2","kernel_success","551.4","logs/V70_TREE_MIRROR_051.coqc.log","coqchk_success","logs/V70_BATCH.coqchk.log"
"V70_TREE_MIRROR_052","tree-mirror","2","kernel_success","484.6","logs/V70_TREE_MIRROR_052.coqc.log","coqchk_success","logs/V70_BATCH.coqchk.log"
"V70_TREE_MIRROR_053","tree-mirror","2","kernel_success","510.8","logs/V70_TREE_MIRROR_053.coqc.log","coqchk_success","logs/V70_BATCH.coqchk.log"
"V70_TREE_MIRROR_054","tree-mirror","2","kernel_success","496","logs/V70_TREE_MIRROR_054.coqc.log","coqchk_success","logs/V70_BATCH.coqchk.log"
"V70_TREE_MIRROR_055","tree-mirror","2","kernel_success","536.5","logs/V70_TREE_MIRROR_055.coqc.log","coqchk_success","logs/V70_BATCH.coqchk.log"
"V70_TREE_MIRROR_056","tree-mirror","2","kernel_success","520.7","logs/V70_TREE_MIRROR_056.coqc.log","coqchk_success","logs/V70_BATCH.coqchk.log"
"V70_TREE_MIRROR_057","tree-mirror","2","kernel_success","534.2","logs/V70_TREE_MIRROR_057.coqc.log","coqchk_success","logs/V70_BATCH.coqchk.log"
"V70_TREE_MIRROR_058","tree-mirror","2","kernel_success","589.3","logs/V70_TREE_MIRROR_058.coqc.log","coqchk_success","logs/V70_BATCH.coqchk.log"
"V70_TREE_MIRROR_059","tree-mirror","2","kernel_success","517.5","logs/V70_TREE_MIRROR_059.coqc.log","coqchk_success","logs/V70_BATCH.coqchk.log"
"V70_TREE_MIRROR_060","tree-mirror","2","kernel_success","501.1","logs/V70_TREE_MIRROR_060.coqc.log","coqchk_success","logs/V70_BATCH.coqchk.log"
"V70_TREE_MIRROR_061","tree-mirror","2","kernel_success","406.2","logs/V70_TREE_MIRROR_061.coqc.log","coqchk_success","logs/V70_BATCH.coqchk.log"
"V70_TREE_MIRROR_062","tree-mirror","2","kernel_success","435.5","logs/V70_TREE_MIRROR_062.coqc.log","coqchk_success","logs/V70_BATCH.coqchk.log"
"V70_TREE_MIRROR_063","tree-mirror","2","kernel_success","473.4","logs/V70_TREE_MIRROR_063.coqc.log","coqchk_success","logs/V70_BATCH.coqchk.log"
"V70_TREE_MIRROR_064","tree-mirror","2","kernel_success","501.4","logs/V70_TREE_MIRROR_064.coqc.log","coqchk_success","logs/V70_BATCH.coqchk.log"
"V70_TREE_MIRROR_065","tree-mirror","2","kernel_success","559","logs/V70_TREE_MIRROR_065.coqc.log","coqchk_success","logs/V70_BATCH.coqchk.log"
"V70_TREE_MIRROR_066","tree-mirror","2","kernel_success","543.6","logs/V70_TREE_MIRROR_066.coqc.log","coqchk_success","logs/V70_BATCH.coqchk.log"
"V70_TREE_MIRROR_067","tree-mirror","2","kernel_success","596.1","logs/V70_TREE_MIRROR_067.coqc.log","coqchk_success","logs/V70_BATCH.coqchk.log"
"V70_TREE_MIRROR_068","tree-mirror","2","kernel_success","517.2","logs/V70_TREE_MIRROR_068.coqc.log","coqchk_success","logs/V70_BATCH.coqchk.log"
"V70_TREE_MIRROR_069","tree-mirror","2","kernel_success","498.9","logs/V70_TREE_MIRROR_069.coqc.log","coqchk_success","logs/V70_BATCH.coqchk.log"
"V70_TREE_MIRROR_070","tree-mirror","2","kernel_success","464.9","logs/V70_TREE_MIRROR_070.coqc.log","coqchk_success","logs/V70_BATCH.coqchk.log"
"V70_TREE_MIRROR_071","tree-mirror","2","kernel_success","437.5","logs/V70_TREE_MIRROR_071.coqc.log","coqchk_success","logs/V70_BATCH.coqchk.log"
"V70_TREE_MIRROR_072","tree-mirror","2","kernel_success","461.8","logs/V70_TREE_MIRROR_072.coqc.log","coqchk_success","logs/V70_BATCH.coqchk.log"
"V70_TREE_MIRROR_073","tree-mirror","2","kernel_success","491.2","logs/V70_TREE_MIRROR_073.coqc.log","coqchk_success","logs/V70_BATCH.coqchk.log"
"V70_TREE_MIRROR_074","tree-mirror","2","kernel_success","570","logs/V70_TREE_MIRROR_074.coqc.log","coqchk_success","logs/V70_BATCH.coqchk.log"
"V70_TREE_MIRROR_075","tree-mirror","2","kernel_success","537.4","logs/V70_TREE_MIRROR_075.coqc.log","coqchk_success","logs/V70_BATCH.coqchk.log"
"V70_TREE_MIRROR_076","tree-mirror","2","kernel_success","600.1","logs/V70_TREE_MIRROR_076.coqc.log","coqchk_success","logs/V70_BATCH.coqchk.log"
"V70_TREE_MIRROR_077","tree-mirror","2","kernel_success","597.9","logs/V70_TREE_MIRROR_077.coqc.log","coqchk_success","logs/V70_BATCH.coqchk.log"
"V70_TREE_MIRROR_078","tree-mirror","2","kernel_success","489.3","logs/V70_TREE_MIRROR_078.coqc.log","coqchk_success","logs/V70_BATCH.coqchk.log"
"V70_TREE_MIRROR_079","tree-mirror","2","kernel_success","483.9","logs/V70_TREE_MIRROR_079.coqc.log","coqchk_success","logs/V70_BATCH.coqchk.log"
"V70_TREE_MIRROR_080","tree-mirror","2","kernel_success","454.9","logs/V70_TREE_MIRROR_080.coqc.log","coqchk_success","logs/V70_BATCH.coqchk.log"
