"size","module","category","file","coqc_status","coqc_ms","coqc_log"
"120","V59_N120_EQ_001","eq","generated_coq/n120/V59_N120_EQ_001.v","kernel_success","558","logs/V59_N120_EQ_001.coqc.log"
"120","V59_N120_SECTION_002","section","generated_coq/n120/V59_N120_SECTION_002.v","kernel_success","541.9","logs/V59_N120_SECTION_002.coqc.log"
"120","V59_N120_RETRACTION_003","retraction","generated_coq/n120/V59_N120_RETRACTION_003.v","kernel_success","440.9","logs/V59_N120_RETRACTION_003.coqc.log"
"120","V59_N120_LOGICAL_004","logical","generated_coq/n120/V59_N120_LOGICAL_004.v","kernel_success","443.5","logs/V59_N120_LOGICAL_004.coqc.log"
"120","V59_N120_PRODUCT_005","product","generated_coq/n120/V59_N120_PRODUCT_005.v","kernel_success","401.2","logs/V59_N120_PRODUCT_005.coqc.log"
"120","V59_N120_EQ_006","eq","generated_coq/n120/V59_N120_EQ_006.v","kernel_success","526.3","logs/V59_N120_EQ_006.coqc.log"
"120","V59_N120_SECTION_007","section","generated_coq/n120/V59_N120_SECTION_007.v","kernel_success","621.4","logs/V59_N120_SECTION_007.coqc.log"
"120","V59_N120_RETRACTION_008","retraction","generated_coq/n120/V59_N120_RETRACTION_008.v","kernel_success","608","logs/V59_N120_RETRACTION_008.coqc.log"
"120","V59_N120_LOGICAL_009","logical","generated_coq/n120/V59_N120_LOGICAL_009.v","kernel_success","752.2","logs/V59_N120_LOGICAL_009.coqc.log"
"120","V59_N120_PRODUCT_010","product","generated_coq/n120/V59_N120_PRODUCT_010.v","kernel_success","798.3","logs/V59_N120_PRODUCT_010.coqc.log"
"120","V59_N120_EQ_011","eq","generated_coq/n120/V59_N120_EQ_011.v","kernel_success","500.9","logs/V59_N120_EQ_011.coqc.log"
"120","V59_N120_SECTION_012","section","generated_coq/n120/V59_N120_SECTION_012.v","kernel_success","691.9","logs/V59_N120_SECTION_012.coqc.log"
"120","V59_N120_RETRACTION_013","retraction","generated_coq/n120/V59_N120_RETRACTION_013.v","kernel_success","492.7","logs/V59_N120_RETRACTION_013.coqc.log"
"120","V59_N120_LOGICAL_014","logical","generated_coq/n120/V59_N120_LOGICAL_014.v","kernel_success","500","logs/V59_N120_LOGICAL_014.coqc.log"
"120","V59_N120_PRODUCT_015","product","generated_coq/n120/V59_N120_PRODUCT_015.v","kernel_success","377","logs/V59_N120_PRODUCT_015.coqc.log"
"120","V59_N120_EQ_016","eq","generated_coq/n120/V59_N120_EQ_016.v","kernel_success","383.8","logs/V59_N120_EQ_016.coqc.log"
"120","V59_N120_SECTION_017","section","generated_coq/n120/V59_N120_SECTION_017.v","kernel_success","433.9","logs/V59_N120_SECTION_017.coqc.log"
"120","V59_N120_RETRACTION_018","retraction","generated_coq/n120/V59_N120_RETRACTION_018.v","kernel_success","429.4","logs/V59_N120_RETRACTION_018.coqc.log"
"120","V59_N120_LOGICAL_019","logical","generated_coq/n120/V59_N120_LOGICAL_019.v","kernel_success","477.6","logs/V59_N120_LOGICAL_019.coqc.log"
"120","V59_N120_PRODUCT_020","product","generated_coq/n120/V59_N120_PRODUCT_020.v","kernel_success","517","logs/V59_N120_PRODUCT_020.coqc.log"
"120","V59_N120_EQ_021","eq","generated_coq/n120/V59_N120_EQ_021.v","kernel_success","467.9","logs/V59_N120_EQ_021.coqc.log"
"120","V59_N120_SECTION_022","section","generated_coq/n120/V59_N120_SECTION_022.v","kernel_success","590.9","logs/V59_N120_SECTION_022.coqc.log"
"120","V59_N120_RETRACTION_023","retraction","generated_coq/n120/V59_N120_RETRACTION_023.v","kernel_success","590.9","logs/V59_N120_RETRACTION_023.coqc.log"
"120","V59_N120_LOGICAL_024","logical","generated_coq/n120/V59_N120_LOGICAL_024.v","kernel_success","495.1","logs/V59_N120_LOGICAL_024.coqc.log"
"120","V59_N120_PRODUCT_025","product","generated_coq/n120/V59_N120_PRODUCT_025.v","kernel_success","443.3","logs/V59_N120_PRODUCT_025.coqc.log"
"120","V59_N120_EQ_026","eq","generated_coq/n120/V59_N120_EQ_026.v","kernel_success","358.9","logs/V59_N120_EQ_026.coqc.log"
"120","V59_N120_SECTION_027","section","generated_coq/n120/V59_N120_SECTION_027.v","kernel_success","295.4","logs/V59_N120_SECTION_027.coqc.log"
"120","V59_N120_RETRACTION_028","retraction","generated_coq/n120/V59_N120_RETRACTION_028.v","kernel_success","269.8","logs/V59_N120_RETRACTION_028.coqc.log"
"120","V59_N120_LOGICAL_029","logical","generated_coq/n120/V59_N120_LOGICAL_029.v","kernel_success","337.4","logs/V59_N120_LOGICAL_029.coqc.log"
"120","V59_N120_PRODUCT_030","product","generated_coq/n120/V59_N120_PRODUCT_030.v","kernel_success","350.6","logs/V59_N120_PRODUCT_030.coqc.log"
"120","V59_N120_EQ_031","eq","generated_coq/n120/V59_N120_EQ_031.v","kernel_success","399.3","logs/V59_N120_EQ_031.coqc.log"
"120","V59_N120_SECTION_032","section","generated_coq/n120/V59_N120_SECTION_032.v","kernel_success","393.8","logs/V59_N120_SECTION_032.coqc.log"
"120","V59_N120_RETRACTION_033","retraction","generated_coq/n120/V59_N120_RETRACTION_033.v","kernel_success","402.6","logs/V59_N120_RETRACTION_033.coqc.log"
"120","V59_N120_LOGICAL_034","logical","generated_coq/n120/V59_N120_LOGICAL_034.v","kernel_success","429.5","logs/V59_N120_LOGICAL_034.coqc.log"
"120","V59_N120_PRODUCT_035","product","generated_coq/n120/V59_N120_PRODUCT_035.v","kernel_success","480.1","logs/V59_N120_PRODUCT_035.coqc.log"
"120","V59_N120_EQ_036","eq","generated_coq/n120/V59_N120_EQ_036.v","kernel_success","364.7","logs/V59_N120_EQ_036.coqc.log"
"120","V59_N120_SECTION_037","section","generated_coq/n120/V59_N120_SECTION_037.v","kernel_success","324.9","logs/V59_N120_SECTION_037.coqc.log"
"120","V59_N120_RETRACTION_038","retraction","generated_coq/n120/V59_N120_RETRACTION_038.v","kernel_success","287.4","logs/V59_N120_RETRACTION_038.coqc.log"
"120","V59_N120_LOGICAL_039","logical","generated_coq/n120/V59_N120_LOGICAL_039.v","kernel_success","312.4","logs/V59_N120_LOGICAL_039.coqc.log"
"120","V59_N120_PRODUCT_040","product","generated_coq/n120/V59_N120_PRODUCT_040.v","kernel_success","296.5","logs/V59_N120_PRODUCT_040.coqc.log"
"120","V59_N120_EQ_041","eq","generated_coq/n120/V59_N120_EQ_041.v","kernel_success","287","logs/V59_N120_EQ_041.coqc.log"
"120","V59_N120_SECTION_042","section","generated_coq/n120/V59_N120_SECTION_042.v","kernel_success","340.9","logs/V59_N120_SECTION_042.coqc.log"
"120","V59_N120_RETRACTION_043","retraction","generated_coq/n120/V59_N120_RETRACTION_043.v","kernel_success","377.3","logs/V59_N120_RETRACTION_043.coqc.log"
"120","V59_N120_LOGICAL_044","logical","generated_coq/n120/V59_N120_LOGICAL_044.v","kernel_success","434.4","logs/V59_N120_LOGICAL_044.coqc.log"
"120","V59_N120_PRODUCT_045","product","generated_coq/n120/V59_N120_PRODUCT_045.v","kernel_success","472","logs/V59_N120_PRODUCT_045.coqc.log"
"120","V59_N120_EQ_046","eq","generated_coq/n120/V59_N120_EQ_046.v","kernel_success","462.7","logs/V59_N120_EQ_046.coqc.log"
"120","V59_N120_SECTION_047","section","generated_coq/n120/V59_N120_SECTION_047.v","kernel_success","460.2","logs/V59_N120_SECTION_047.coqc.log"
"120","V59_N120_RETRACTION_048","retraction","generated_coq/n120/V59_N120_RETRACTION_048.v","kernel_success","460.8","logs/V59_N120_RETRACTION_048.coqc.log"
"120","V59_N120_LOGICAL_049","logical","generated_coq/n120/V59_N120_LOGICAL_049.v","kernel_success","370.8","logs/V59_N120_LOGICAL_049.coqc.log"
"120","V59_N120_PRODUCT_050","product","generated_coq/n120/V59_N120_PRODUCT_050.v","kernel_success","319.8","logs/V59_N120_PRODUCT_050.coqc.log"
"120","V59_N120_EQ_051","eq","generated_coq/n120/V59_N120_EQ_051.v","kernel_success","296","logs/V59_N120_EQ_051.coqc.log"
"120","V59_N120_SECTION_052","section","generated_coq/n120/V59_N120_SECTION_052.v","kernel_success","351.8","logs/V59_N120_SECTION_052.coqc.log"
"120","V59_N120_RETRACTION_053","retraction","generated_coq/n120/V59_N120_RETRACTION_053.v","kernel_success","471.3","logs/V59_N120_RETRACTION_053.coqc.log"
"120","V59_N120_LOGICAL_054","logical","generated_coq/n120/V59_N120_LOGICAL_054.v","kernel_success","414.4","logs/V59_N120_LOGICAL_054.coqc.log"
"120","V59_N120_PRODUCT_055","product","generated_coq/n120/V59_N120_PRODUCT_055.v","kernel_success","604.6","logs/V59_N120_PRODUCT_055.coqc.log"
"120","V59_N120_EQ_056","eq","generated_coq/n120/V59_N120_EQ_056.v","kernel_success","504","logs/V59_N120_EQ_056.coqc.log"
"120","V59_N120_SECTION_057","section","generated_coq/n120/V59_N120_SECTION_057.v","kernel_success","490.1","logs/V59_N120_SECTION_057.coqc.log"
"120","V59_N120_RETRACTION_058","retraction","generated_coq/n120/V59_N120_RETRACTION_058.v","kernel_success","527.9","logs/V59_N120_RETRACTION_058.coqc.log"
"120","V59_N120_LOGICAL_059","logical","generated_coq/n120/V59_N120_LOGICAL_059.v","kernel_success","524.5","logs/V59_N120_LOGICAL_059.coqc.log"
"120","V59_N120_PRODUCT_060","product","generated_coq/n120/V59_N120_PRODUCT_060.v","kernel_success","523.7","logs/V59_N120_PRODUCT_060.coqc.log"
"120","V59_N120_EQ_061","eq","generated_coq/n120/V59_N120_EQ_061.v","kernel_success","568.2","logs/V59_N120_EQ_061.coqc.log"
"120","V59_N120_SECTION_062","section","generated_coq/n120/V59_N120_SECTION_062.v","kernel_success","599.8","logs/V59_N120_SECTION_062.coqc.log"
"120","V59_N120_RETRACTION_063","retraction","generated_coq/n120/V59_N120_RETRACTION_063.v","kernel_success","523.1","logs/V59_N120_RETRACTION_063.coqc.log"
"120","V59_N120_LOGICAL_064","logical","generated_coq/n120/V59_N120_LOGICAL_064.v","kernel_success","587.7","logs/V59_N120_LOGICAL_064.coqc.log"
"120","V59_N120_PRODUCT_065","product","generated_coq/n120/V59_N120_PRODUCT_065.v","kernel_success","501.7","logs/V59_N120_PRODUCT_065.coqc.log"
"120","V59_N120_EQ_066","eq","generated_coq/n120/V59_N120_EQ_066.v","kernel_success","480.9","logs/V59_N120_EQ_066.coqc.log"
"120","V59_N120_SECTION_067","section","generated_coq/n120/V59_N120_SECTION_067.v","kernel_success","514.1","logs/V59_N120_SECTION_067.coqc.log"
"120","V59_N120_RETRACTION_068","retraction","generated_coq/n120/V59_N120_RETRACTION_068.v","kernel_success","482.5","logs/V59_N120_RETRACTION_068.coqc.log"
"120","V59_N120_LOGICAL_069","logical","generated_coq/n120/V59_N120_LOGICAL_069.v","kernel_success","531.4","logs/V59_N120_LOGICAL_069.coqc.log"
"120","V59_N120_PRODUCT_070","product","generated_coq/n120/V59_N120_PRODUCT_070.v","kernel_success","453.8","logs/V59_N120_PRODUCT_070.coqc.log"
"120","V59_N120_EQ_071","eq","generated_coq/n120/V59_N120_EQ_071.v","kernel_success","520.9","logs/V59_N120_EQ_071.coqc.log"
"120","V59_N120_SECTION_072","section","generated_coq/n120/V59_N120_SECTION_072.v","kernel_success","504.4","logs/V59_N120_SECTION_072.coqc.log"
"120","V59_N120_RETRACTION_073","retraction","generated_coq/n120/V59_N120_RETRACTION_073.v","kernel_success","445.4","logs/V59_N120_RETRACTION_073.coqc.log"
"120","V59_N120_LOGICAL_074","logical","generated_coq/n120/V59_N120_LOGICAL_074.v","kernel_success","439.9","logs/V59_N120_LOGICAL_074.coqc.log"
"120","V59_N120_PRODUCT_075","product","generated_coq/n120/V59_N120_PRODUCT_075.v","kernel_success","454.8","logs/V59_N120_PRODUCT_075.coqc.log"
"120","V59_N120_EQ_076","eq","generated_coq/n120/V59_N120_EQ_076.v","kernel_success","474.5","logs/V59_N120_EQ_076.coqc.log"
"120","V59_N120_SECTION_077","section","generated_coq/n120/V59_N120_SECTION_077.v","kernel_success","465.5","logs/V59_N120_SECTION_077.coqc.log"
"120","V59_N120_RETRACTION_078","retraction","generated_coq/n120/V59_N120_RETRACTION_078.v","kernel_success","524.6","logs/V59_N120_RETRACTION_078.coqc.log"
"120","V59_N120_LOGICAL_079","logical","generated_coq/n120/V59_N120_LOGICAL_079.v","kernel_success","623.8","logs/V59_N120_LOGICAL_079.coqc.log"
"120","V59_N120_PRODUCT_080","product","generated_coq/n120/V59_N120_PRODUCT_080.v","kernel_success","642.1","logs/V59_N120_PRODUCT_080.coqc.log"
"120","V59_N120_EQ_081","eq","generated_coq/n120/V59_N120_EQ_081.v","kernel_success","909.6","logs/V59_N120_EQ_081.coqc.log"
"120","V59_N120_SECTION_082","section","generated_coq/n120/V59_N120_SECTION_082.v","kernel_success","812.5","logs/V59_N120_SECTION_082.coqc.log"
"120","V59_N120_RETRACTION_083","retraction","generated_coq/n120/V59_N120_RETRACTION_083.v","kernel_success","602.7","logs/V59_N120_RETRACTION_083.coqc.log"
"120","V59_N120_LOGICAL_084","logical","generated_coq/n120/V59_N120_LOGICAL_084.v","kernel_success","649.9","logs/V59_N120_LOGICAL_084.coqc.log"
"120","V59_N120_PRODUCT_085","product","generated_coq/n120/V59_N120_PRODUCT_085.v","kernel_success","586.4","logs/V59_N120_PRODUCT_085.coqc.log"
"120","V59_N120_EQ_086","eq","generated_coq/n120/V59_N120_EQ_086.v","kernel_success","568.3","logs/V59_N120_EQ_086.coqc.log"
"120","V59_N120_SECTION_087","section","generated_coq/n120/V59_N120_SECTION_087.v","kernel_success","524.2","logs/V59_N120_SECTION_087.coqc.log"
"120","V59_N120_RETRACTION_088","retraction","generated_coq/n120/V59_N120_RETRACTION_088.v","kernel_success","523.2","logs/V59_N120_RETRACTION_088.coqc.log"
"120","V59_N120_LOGICAL_089","logical","generated_coq/n120/V59_N120_LOGICAL_089.v","kernel_success","509.2","logs/V59_N120_LOGICAL_089.coqc.log"
"120","V59_N120_PRODUCT_090","product","generated_coq/n120/V59_N120_PRODUCT_090.v","kernel_success","598.9","logs/V59_N120_PRODUCT_090.coqc.log"
"120","V59_N120_EQ_091","eq","generated_coq/n120/V59_N120_EQ_091.v","kernel_success","540.8","logs/V59_N120_EQ_091.coqc.log"
"120","V59_N120_SECTION_092","section","generated_coq/n120/V59_N120_SECTION_092.v","kernel_success","504.4","logs/V59_N120_SECTION_092.coqc.log"
"120","V59_N120_RETRACTION_093","retraction","generated_coq/n120/V59_N120_RETRACTION_093.v","kernel_success","456.9","logs/V59_N120_RETRACTION_093.coqc.log"
"120","V59_N120_LOGICAL_094","logical","generated_coq/n120/V59_N120_LOGICAL_094.v","kernel_success","429.7","logs/V59_N120_LOGICAL_094.coqc.log"
"120","V59_N120_PRODUCT_095","product","generated_coq/n120/V59_N120_PRODUCT_095.v","kernel_success","420","logs/V59_N120_PRODUCT_095.coqc.log"
"120","V59_N120_EQ_096","eq","generated_coq/n120/V59_N120_EQ_096.v","kernel_success","469.6","logs/V59_N120_EQ_096.coqc.log"
"120","V59_N120_SECTION_097","section","generated_coq/n120/V59_N120_SECTION_097.v","kernel_success","464.4","logs/V59_N120_SECTION_097.coqc.log"
"120","V59_N120_RETRACTION_098","retraction","generated_coq/n120/V59_N120_RETRACTION_098.v","kernel_success","473.2","logs/V59_N120_RETRACTION_098.coqc.log"
"120","V59_N120_LOGICAL_099","logical","generated_coq/n120/V59_N120_LOGICAL_099.v","kernel_success","485.9","logs/V59_N120_LOGICAL_099.coqc.log"
"120","V59_N120_PRODUCT_100","product","generated_coq/n120/V59_N120_PRODUCT_100.v","kernel_success","489.9","logs/V59_N120_PRODUCT_100.coqc.log"
"120","V59_N120_EQ_101","eq","generated_coq/n120/V59_N120_EQ_101.v","kernel_success","462.5","logs/V59_N120_EQ_101.coqc.log"
"120","V59_N120_SECTION_102","section","generated_coq/n120/V59_N120_SECTION_102.v","kernel_success","475.1","logs/V59_N120_SECTION_102.coqc.log"
"120","V59_N120_RETRACTION_103","retraction","generated_coq/n120/V59_N120_RETRACTION_103.v","kernel_success","545","logs/V59_N120_RETRACTION_103.coqc.log"
"120","V59_N120_LOGICAL_104","logical","generated_coq/n120/V59_N120_LOGICAL_104.v","kernel_success","503.9","logs/V59_N120_LOGICAL_104.coqc.log"
"120","V59_N120_PRODUCT_105","product","generated_coq/n120/V59_N120_PRODUCT_105.v","kernel_success","498.8","logs/V59_N120_PRODUCT_105.coqc.log"
"120","V59_N120_EQ_106","eq","generated_coq/n120/V59_N120_EQ_106.v","kernel_success","465.4","logs/V59_N120_EQ_106.coqc.log"
"120","V59_N120_SECTION_107","section","generated_coq/n120/V59_N120_SECTION_107.v","kernel_success","462.2","logs/V59_N120_SECTION_107.coqc.log"
"120","V59_N120_RETRACTION_108","retraction","generated_coq/n120/V59_N120_RETRACTION_108.v","kernel_success","464.3","logs/V59_N120_RETRACTION_108.coqc.log"
"120","V59_N120_LOGICAL_109","logical","generated_coq/n120/V59_N120_LOGICAL_109.v","kernel_success","476.7","logs/V59_N120_LOGICAL_109.coqc.log"
"120","V59_N120_PRODUCT_110","product","generated_coq/n120/V59_N120_PRODUCT_110.v","kernel_success","479","logs/V59_N120_PRODUCT_110.coqc.log"
"120","V59_N120_EQ_111","eq","generated_coq/n120/V59_N120_EQ_111.v","kernel_success","452.4","logs/V59_N120_EQ_111.coqc.log"
"120","V59_N120_SECTION_112","section","generated_coq/n120/V59_N120_SECTION_112.v","kernel_success","474.1","logs/V59_N120_SECTION_112.coqc.log"
"120","V59_N120_RETRACTION_113","retraction","generated_coq/n120/V59_N120_RETRACTION_113.v","kernel_success","454.4","logs/V59_N120_RETRACTION_113.coqc.log"
"120","V59_N120_LOGICAL_114","logical","generated_coq/n120/V59_N120_LOGICAL_114.v","kernel_success","439.2","logs/V59_N120_LOGICAL_114.coqc.log"
"120","V59_N120_PRODUCT_115","product","generated_coq/n120/V59_N120_PRODUCT_115.v","kernel_success","431.9","logs/V59_N120_PRODUCT_115.coqc.log"
"120","V59_N120_EQ_116","eq","generated_coq/n120/V59_N120_EQ_116.v","kernel_success","454.9","logs/V59_N120_EQ_116.coqc.log"
"120","V59_N120_SECTION_117","section","generated_coq/n120/V59_N120_SECTION_117.v","kernel_success","453.4","logs/V59_N120_SECTION_117.coqc.log"
"120","V59_N120_RETRACTION_118","retraction","generated_coq/n120/V59_N120_RETRACTION_118.v","kernel_success","488","logs/V59_N120_RETRACTION_118.coqc.log"
"120","V59_N120_LOGICAL_119","logical","generated_coq/n120/V59_N120_LOGICAL_119.v","kernel_success","427.2","logs/V59_N120_LOGICAL_119.coqc.log"
"120","V59_N120_PRODUCT_120","product","generated_coq/n120/V59_N120_PRODUCT_120.v","kernel_success","476","logs/V59_N120_PRODUCT_120.coqc.log"
"240","V59_N240_EQ_001","eq","generated_coq/n240/V59_N240_EQ_001.v","kernel_success","530.8","logs/V59_N240_EQ_001.coqc.log"
"240","V59_N240_SECTION_002","section","generated_coq/n240/V59_N240_SECTION_002.v","kernel_success","467.6","logs/V59_N240_SECTION_002.coqc.log"
"240","V59_N240_RETRACTION_003","retraction","generated_coq/n240/V59_N240_RETRACTION_003.v","kernel_success","421.4","logs/V59_N240_RETRACTION_003.coqc.log"
"240","V59_N240_LOGICAL_004","logical","generated_coq/n240/V59_N240_LOGICAL_004.v","kernel_success","444.3","logs/V59_N240_LOGICAL_004.coqc.log"
"240","V59_N240_PRODUCT_005","product","generated_coq/n240/V59_N240_PRODUCT_005.v","kernel_success","473.7","logs/V59_N240_PRODUCT_005.coqc.log"
"240","V59_N240_EQ_006","eq","generated_coq/n240/V59_N240_EQ_006.v","kernel_success","463.9","logs/V59_N240_EQ_006.coqc.log"
"240","V59_N240_SECTION_007","section","generated_coq/n240/V59_N240_SECTION_007.v","kernel_success","513.8","logs/V59_N240_SECTION_007.coqc.log"
"240","V59_N240_RETRACTION_008","retraction","generated_coq/n240/V59_N240_RETRACTION_008.v","kernel_success","460","logs/V59_N240_RETRACTION_008.coqc.log"
"240","V59_N240_LOGICAL_009","logical","generated_coq/n240/V59_N240_LOGICAL_009.v","kernel_success","481.6","logs/V59_N240_LOGICAL_009.coqc.log"
"240","V59_N240_PRODUCT_010","product","generated_coq/n240/V59_N240_PRODUCT_010.v","kernel_success","450.1","logs/V59_N240_PRODUCT_010.coqc.log"
"240","V59_N240_EQ_011","eq","generated_coq/n240/V59_N240_EQ_011.v","kernel_success","503.8","logs/V59_N240_EQ_011.coqc.log"
"240","V59_N240_SECTION_012","section","generated_coq/n240/V59_N240_SECTION_012.v","kernel_success","441.9","logs/V59_N240_SECTION_012.coqc.log"
"240","V59_N240_RETRACTION_013","retraction","generated_coq/n240/V59_N240_RETRACTION_013.v","kernel_success","377.8","logs/V59_N240_RETRACTION_013.coqc.log"
"240","V59_N240_LOGICAL_014","logical","generated_coq/n240/V59_N240_LOGICAL_014.v","kernel_success","368.9","logs/V59_N240_LOGICAL_014.coqc.log"
"240","V59_N240_PRODUCT_015","product","generated_coq/n240/V59_N240_PRODUCT_015.v","kernel_success","333.5","logs/V59_N240_PRODUCT_015.coqc.log"
"240","V59_N240_EQ_016","eq","generated_coq/n240/V59_N240_EQ_016.v","kernel_success","329.9","logs/V59_N240_EQ_016.coqc.log"
"240","V59_N240_SECTION_017","section","generated_coq/n240/V59_N240_SECTION_017.v","kernel_success","340.6","logs/V59_N240_SECTION_017.coqc.log"
"240","V59_N240_RETRACTION_018","retraction","generated_coq/n240/V59_N240_RETRACTION_018.v","kernel_success","333.3","logs/V59_N240_RETRACTION_018.coqc.log"
"240","V59_N240_LOGICAL_019","logical","generated_coq/n240/V59_N240_LOGICAL_019.v","kernel_success","418.1","logs/V59_N240_LOGICAL_019.coqc.log"
"240","V59_N240_PRODUCT_020","product","generated_coq/n240/V59_N240_PRODUCT_020.v","kernel_success","426.9","logs/V59_N240_PRODUCT_020.coqc.log"
"240","V59_N240_EQ_021","eq","generated_coq/n240/V59_N240_EQ_021.v","kernel_success","480.8","logs/V59_N240_EQ_021.coqc.log"
"240","V59_N240_SECTION_022","section","generated_coq/n240/V59_N240_SECTION_022.v","kernel_success","459.1","logs/V59_N240_SECTION_022.coqc.log"
"240","V59_N240_RETRACTION_023","retraction","generated_coq/n240/V59_N240_RETRACTION_023.v","kernel_success","522.4","logs/V59_N240_RETRACTION_023.coqc.log"
"240","V59_N240_LOGICAL_024","logical","generated_coq/n240/V59_N240_LOGICAL_024.v","kernel_success","569.7","logs/V59_N240_LOGICAL_024.coqc.log"
"240","V59_N240_PRODUCT_025","product","generated_coq/n240/V59_N240_PRODUCT_025.v","kernel_success","585.9","logs/V59_N240_PRODUCT_025.coqc.log"
"240","V59_N240_EQ_026","eq","generated_coq/n240/V59_N240_EQ_026.v","kernel_success","484.9","logs/V59_N240_EQ_026.coqc.log"
"240","V59_N240_SECTION_027","section","generated_coq/n240/V59_N240_SECTION_027.v","kernel_success","543.4","logs/V59_N240_SECTION_027.coqc.log"
"240","V59_N240_RETRACTION_028","retraction","generated_coq/n240/V59_N240_RETRACTION_028.v","kernel_success","457.8","logs/V59_N240_RETRACTION_028.coqc.log"
"240","V59_N240_LOGICAL_029","logical","generated_coq/n240/V59_N240_LOGICAL_029.v","kernel_success","447.5","logs/V59_N240_LOGICAL_029.coqc.log"
"240","V59_N240_PRODUCT_030","product","generated_coq/n240/V59_N240_PRODUCT_030.v","kernel_success","438.4","logs/V59_N240_PRODUCT_030.coqc.log"
"240","V59_N240_EQ_031","eq","generated_coq/n240/V59_N240_EQ_031.v","kernel_success","535.1","logs/V59_N240_EQ_031.coqc.log"
"240","V59_N240_SECTION_032","section","generated_coq/n240/V59_N240_SECTION_032.v","kernel_success","480.9","logs/V59_N240_SECTION_032.coqc.log"
"240","V59_N240_RETRACTION_033","retraction","generated_coq/n240/V59_N240_RETRACTION_033.v","kernel_success","470.7","logs/V59_N240_RETRACTION_033.coqc.log"
"240","V59_N240_LOGICAL_034","logical","generated_coq/n240/V59_N240_LOGICAL_034.v","kernel_success","534.4","logs/V59_N240_LOGICAL_034.coqc.log"
"240","V59_N240_PRODUCT_035","product","generated_coq/n240/V59_N240_PRODUCT_035.v","kernel_success","502.6","logs/V59_N240_PRODUCT_035.coqc.log"
"240","V59_N240_EQ_036","eq","generated_coq/n240/V59_N240_EQ_036.v","kernel_success","474.6","logs/V59_N240_EQ_036.coqc.log"
"240","V59_N240_SECTION_037","section","generated_coq/n240/V59_N240_SECTION_037.v","kernel_success","470.7","logs/V59_N240_SECTION_037.coqc.log"
"240","V59_N240_RETRACTION_038","retraction","generated_coq/n240/V59_N240_RETRACTION_038.v","kernel_success","481.4","logs/V59_N240_RETRACTION_038.coqc.log"
"240","V59_N240_LOGICAL_039","logical","generated_coq/n240/V59_N240_LOGICAL_039.v","kernel_success","467.2","logs/V59_N240_LOGICAL_039.coqc.log"
"240","V59_N240_PRODUCT_040","product","generated_coq/n240/V59_N240_PRODUCT_040.v","kernel_success","411.9","logs/V59_N240_PRODUCT_040.coqc.log"
"240","V59_N240_EQ_041","eq","generated_coq/n240/V59_N240_EQ_041.v","kernel_success","384.1","logs/V59_N240_EQ_041.coqc.log"
"240","V59_N240_SECTION_042","section","generated_coq/n240/V59_N240_SECTION_042.v","kernel_success","451.8","logs/V59_N240_SECTION_042.coqc.log"
"240","V59_N240_RETRACTION_043","retraction","generated_coq/n240/V59_N240_RETRACTION_043.v","kernel_success","516.5","logs/V59_N240_RETRACTION_043.coqc.log"
"240","V59_N240_LOGICAL_044","logical","generated_coq/n240/V59_N240_LOGICAL_044.v","kernel_success","496.2","logs/V59_N240_LOGICAL_044.coqc.log"
"240","V59_N240_PRODUCT_045","product","generated_coq/n240/V59_N240_PRODUCT_045.v","kernel_success","512.2","logs/V59_N240_PRODUCT_045.coqc.log"
"240","V59_N240_EQ_046","eq","generated_coq/n240/V59_N240_EQ_046.v","kernel_success","583.6","logs/V59_N240_EQ_046.coqc.log"
"240","V59_N240_SECTION_047","section","generated_coq/n240/V59_N240_SECTION_047.v","kernel_success","517.8","logs/V59_N240_SECTION_047.coqc.log"
"240","V59_N240_RETRACTION_048","retraction","generated_coq/n240/V59_N240_RETRACTION_048.v","kernel_success","477.3","logs/V59_N240_RETRACTION_048.coqc.log"
"240","V59_N240_LOGICAL_049","logical","generated_coq/n240/V59_N240_LOGICAL_049.v","kernel_success","491.3","logs/V59_N240_LOGICAL_049.coqc.log"
"240","V59_N240_PRODUCT_050","product","generated_coq/n240/V59_N240_PRODUCT_050.v","kernel_success","582.4","logs/V59_N240_PRODUCT_050.coqc.log"
"240","V59_N240_EQ_051","eq","generated_coq/n240/V59_N240_EQ_051.v","kernel_success","555.8","logs/V59_N240_EQ_051.coqc.log"
"240","V59_N240_SECTION_052","section","generated_coq/n240/V59_N240_SECTION_052.v","kernel_success","532.2","logs/V59_N240_SECTION_052.coqc.log"
"240","V59_N240_RETRACTION_053","retraction","generated_coq/n240/V59_N240_RETRACTION_053.v","kernel_success","540.8","logs/V59_N240_RETRACTION_053.coqc.log"
"240","V59_N240_LOGICAL_054","logical","generated_coq/n240/V59_N240_LOGICAL_054.v","kernel_success","510.9","logs/V59_N240_LOGICAL_054.coqc.log"
"240","V59_N240_PRODUCT_055","product","generated_coq/n240/V59_N240_PRODUCT_055.v","kernel_success","473.6","logs/V59_N240_PRODUCT_055.coqc.log"
"240","V59_N240_EQ_056","eq","generated_coq/n240/V59_N240_EQ_056.v","kernel_success","438.2","logs/V59_N240_EQ_056.coqc.log"
"240","V59_N240_SECTION_057","section","generated_coq/n240/V59_N240_SECTION_057.v","kernel_success","500.2","logs/V59_N240_SECTION_057.coqc.log"
"240","V59_N240_RETRACTION_058","retraction","generated_coq/n240/V59_N240_RETRACTION_058.v","kernel_success","440.7","logs/V59_N240_RETRACTION_058.coqc.log"
"240","V59_N240_LOGICAL_059","logical","generated_coq/n240/V59_N240_LOGICAL_059.v","kernel_success","394.3","logs/V59_N240_LOGICAL_059.coqc.log"
"240","V59_N240_PRODUCT_060","product","generated_coq/n240/V59_N240_PRODUCT_060.v","kernel_success","453.5","logs/V59_N240_PRODUCT_060.coqc.log"
"240","V59_N240_EQ_061","eq","generated_coq/n240/V59_N240_EQ_061.v","kernel_success","455.9","logs/V59_N240_EQ_061.coqc.log"
"240","V59_N240_SECTION_062","section","generated_coq/n240/V59_N240_SECTION_062.v","kernel_success","517.8","logs/V59_N240_SECTION_062.coqc.log"
"240","V59_N240_RETRACTION_063","retraction","generated_coq/n240/V59_N240_RETRACTION_063.v","kernel_success","513.1","logs/V59_N240_RETRACTION_063.coqc.log"
"240","V59_N240_LOGICAL_064","logical","generated_coq/n240/V59_N240_LOGICAL_064.v","kernel_success","549","logs/V59_N240_LOGICAL_064.coqc.log"
"240","V59_N240_PRODUCT_065","product","generated_coq/n240/V59_N240_PRODUCT_065.v","kernel_success","470.3","logs/V59_N240_PRODUCT_065.coqc.log"
"240","V59_N240_EQ_066","eq","generated_coq/n240/V59_N240_EQ_066.v","kernel_success","518.4","logs/V59_N240_EQ_066.coqc.log"
"240","V59_N240_SECTION_067","section","generated_coq/n240/V59_N240_SECTION_067.v","kernel_success","486.8","logs/V59_N240_SECTION_067.coqc.log"
"240","V59_N240_RETRACTION_068","retraction","generated_coq/n240/V59_N240_RETRACTION_068.v","kernel_success","473.2","logs/V59_N240_RETRACTION_068.coqc.log"
"240","V59_N240_LOGICAL_069","logical","generated_coq/n240/V59_N240_LOGICAL_069.v","kernel_success","475.2","logs/V59_N240_LOGICAL_069.coqc.log"
"240","V59_N240_PRODUCT_070","product","generated_coq/n240/V59_N240_PRODUCT_070.v","kernel_success","452.8","logs/V59_N240_PRODUCT_070.coqc.log"
"240","V59_N240_EQ_071","eq","generated_coq/n240/V59_N240_EQ_071.v","kernel_success","431.5","logs/V59_N240_EQ_071.coqc.log"
"240","V59_N240_SECTION_072","section","generated_coq/n240/V59_N240_SECTION_072.v","kernel_success","522.2","logs/V59_N240_SECTION_072.coqc.log"
"240","V59_N240_RETRACTION_073","retraction","generated_coq/n240/V59_N240_RETRACTION_073.v","kernel_success","471.5","logs/V59_N240_RETRACTION_073.coqc.log"
"240","V59_N240_LOGICAL_074","logical","generated_coq/n240/V59_N240_LOGICAL_074.v","kernel_success","544.8","logs/V59_N240_LOGICAL_074.coqc.log"
"240","V59_N240_PRODUCT_075","product","generated_coq/n240/V59_N240_PRODUCT_075.v","kernel_success","517.3","logs/V59_N240_PRODUCT_075.coqc.log"
"240","V59_N240_EQ_076","eq","generated_coq/n240/V59_N240_EQ_076.v","kernel_success","570.8","logs/V59_N240_EQ_076.coqc.log"
"240","V59_N240_SECTION_077","section","generated_coq/n240/V59_N240_SECTION_077.v","kernel_success","504.6","logs/V59_N240_SECTION_077.coqc.log"
"240","V59_N240_RETRACTION_078","retraction","generated_coq/n240/V59_N240_RETRACTION_078.v","kernel_success","475.3","logs/V59_N240_RETRACTION_078.coqc.log"
"240","V59_N240_LOGICAL_079","logical","generated_coq/n240/V59_N240_LOGICAL_079.v","kernel_success","439.2","logs/V59_N240_LOGICAL_079.coqc.log"
"240","V59_N240_PRODUCT_080","product","generated_coq/n240/V59_N240_PRODUCT_080.v","kernel_success","438.1","logs/V59_N240_PRODUCT_080.coqc.log"
"240","V59_N240_EQ_081","eq","generated_coq/n240/V59_N240_EQ_081.v","kernel_success","438","logs/V59_N240_EQ_081.coqc.log"
"240","V59_N240_SECTION_082","section","generated_coq/n240/V59_N240_SECTION_082.v","kernel_success","461.4","logs/V59_N240_SECTION_082.coqc.log"
"240","V59_N240_RETRACTION_083","retraction","generated_coq/n240/V59_N240_RETRACTION_083.v","kernel_success","435.3","logs/V59_N240_RETRACTION_083.coqc.log"
"240","V59_N240_LOGICAL_084","logical","generated_coq/n240/V59_N240_LOGICAL_084.v","kernel_success","451.9","logs/V59_N240_LOGICAL_084.coqc.log"
"240","V59_N240_PRODUCT_085","product","generated_coq/n240/V59_N240_PRODUCT_085.v","kernel_success","457.8","logs/V59_N240_PRODUCT_085.coqc.log"
"240","V59_N240_EQ_086","eq","generated_coq/n240/V59_N240_EQ_086.v","kernel_success","456.2","logs/V59_N240_EQ_086.coqc.log"
"240","V59_N240_SECTION_087","section","generated_coq/n240/V59_N240_SECTION_087.v","kernel_success","518.9","logs/V59_N240_SECTION_087.coqc.log"
"240","V59_N240_RETRACTION_088","retraction","generated_coq/n240/V59_N240_RETRACTION_088.v","kernel_success","483","logs/V59_N240_RETRACTION_088.coqc.log"
"240","V59_N240_LOGICAL_089","logical","generated_coq/n240/V59_N240_LOGICAL_089.v","kernel_success","428.1","logs/V59_N240_LOGICAL_089.coqc.log"
"240","V59_N240_PRODUCT_090","product","generated_coq/n240/V59_N240_PRODUCT_090.v","kernel_success","430.3","logs/V59_N240_PRODUCT_090.coqc.log"
"240","V59_N240_EQ_091","eq","generated_coq/n240/V59_N240_EQ_091.v","kernel_success","519.7","logs/V59_N240_EQ_091.coqc.log"
"240","V59_N240_SECTION_092","section","generated_coq/n240/V59_N240_SECTION_092.v","kernel_success","498.7","logs/V59_N240_SECTION_092.coqc.log"
"240","V59_N240_RETRACTION_093","retraction","generated_coq/n240/V59_N240_RETRACTION_093.v","kernel_success","562.9","logs/V59_N240_RETRACTION_093.coqc.log"
"240","V59_N240_LOGICAL_094","logical","generated_coq/n240/V59_N240_LOGICAL_094.v","kernel_success","425.1","logs/V59_N240_LOGICAL_094.coqc.log"
"240","V59_N240_PRODUCT_095","product","generated_coq/n240/V59_N240_PRODUCT_095.v","kernel_success","498.4","logs/V59_N240_PRODUCT_095.coqc.log"
"240","V59_N240_EQ_096","eq","generated_coq/n240/V59_N240_EQ_096.v","kernel_success","471.1","logs/V59_N240_EQ_096.coqc.log"
"240","V59_N240_SECTION_097","section","generated_coq/n240/V59_N240_SECTION_097.v","kernel_success","451.5","logs/V59_N240_SECTION_097.coqc.log"
"240","V59_N240_RETRACTION_098","retraction","generated_coq/n240/V59_N240_RETRACTION_098.v","kernel_success","431.7","logs/V59_N240_RETRACTION_098.coqc.log"
"240","V59_N240_LOGICAL_099","logical","generated_coq/n240/V59_N240_LOGICAL_099.v","kernel_success","449.3","logs/V59_N240_LOGICAL_099.coqc.log"
"240","V59_N240_PRODUCT_100","product","generated_coq/n240/V59_N240_PRODUCT_100.v","kernel_success","396.5","logs/V59_N240_PRODUCT_100.coqc.log"
"240","V59_N240_EQ_101","eq","generated_coq/n240/V59_N240_EQ_101.v","kernel_success","371","logs/V59_N240_EQ_101.coqc.log"
"240","V59_N240_SECTION_102","section","generated_coq/n240/V59_N240_SECTION_102.v","kernel_success","371.2","logs/V59_N240_SECTION_102.coqc.log"
"240","V59_N240_RETRACTION_103","retraction","generated_coq/n240/V59_N240_RETRACTION_103.v","kernel_success","473.9","logs/V59_N240_RETRACTION_103.coqc.log"
"240","V59_N240_LOGICAL_104","logical","generated_coq/n240/V59_N240_LOGICAL_104.v","kernel_success","411.9","logs/V59_N240_LOGICAL_104.coqc.log"
"240","V59_N240_PRODUCT_105","product","generated_coq/n240/V59_N240_PRODUCT_105.v","kernel_success","424.1","logs/V59_N240_PRODUCT_105.coqc.log"
"240","V59_N240_EQ_106","eq","generated_coq/n240/V59_N240_EQ_106.v","kernel_success","523.5","logs/V59_N240_EQ_106.coqc.log"
"240","V59_N240_SECTION_107","section","generated_coq/n240/V59_N240_SECTION_107.v","kernel_success","494.5","logs/V59_N240_SECTION_107.coqc.log"
"240","V59_N240_RETRACTION_108","retraction","generated_coq/n240/V59_N240_RETRACTION_108.v","kernel_success","513","logs/V59_N240_RETRACTION_108.coqc.log"
"240","V59_N240_LOGICAL_109","logical","generated_coq/n240/V59_N240_LOGICAL_109.v","kernel_success","529.5","logs/V59_N240_LOGICAL_109.coqc.log"
"240","V59_N240_PRODUCT_110","product","generated_coq/n240/V59_N240_PRODUCT_110.v","kernel_success","511.3","logs/V59_N240_PRODUCT_110.coqc.log"
"240","V59_N240_EQ_111","eq","generated_coq/n240/V59_N240_EQ_111.v","kernel_success","510.6","logs/V59_N240_EQ_111.coqc.log"
"240","V59_N240_SECTION_112","section","generated_coq/n240/V59_N240_SECTION_112.v","kernel_success","516.4","logs/V59_N240_SECTION_112.coqc.log"
"240","V59_N240_RETRACTION_113","retraction","generated_coq/n240/V59_N240_RETRACTION_113.v","kernel_success","486.5","logs/V59_N240_RETRACTION_113.coqc.log"
"240","V59_N240_LOGICAL_114","logical","generated_coq/n240/V59_N240_LOGICAL_114.v","kernel_success","615.6","logs/V59_N240_LOGICAL_114.coqc.log"
"240","V59_N240_PRODUCT_115","product","generated_coq/n240/V59_N240_PRODUCT_115.v","kernel_success","596.3","logs/V59_N240_PRODUCT_115.coqc.log"
"240","V59_N240_EQ_116","eq","generated_coq/n240/V59_N240_EQ_116.v","kernel_success","530.1","logs/V59_N240_EQ_116.coqc.log"
"240","V59_N240_SECTION_117","section","generated_coq/n240/V59_N240_SECTION_117.v","kernel_success","685.6","logs/V59_N240_SECTION_117.coqc.log"
"240","V59_N240_RETRACTION_118","retraction","generated_coq/n240/V59_N240_RETRACTION_118.v","kernel_success","552.8","logs/V59_N240_RETRACTION_118.coqc.log"
"240","V59_N240_LOGICAL_119","logical","generated_coq/n240/V59_N240_LOGICAL_119.v","kernel_success","608.1","logs/V59_N240_LOGICAL_119.coqc.log"
"240","V59_N240_PRODUCT_120","product","generated_coq/n240/V59_N240_PRODUCT_120.v","kernel_success","539.7","logs/V59_N240_PRODUCT_120.coqc.log"
"240","V59_N240_EQ_121","eq","generated_coq/n240/V59_N240_EQ_121.v","kernel_success","464.2","logs/V59_N240_EQ_121.coqc.log"
"240","V59_N240_SECTION_122","section","generated_coq/n240/V59_N240_SECTION_122.v","kernel_success","366","logs/V59_N240_SECTION_122.coqc.log"
"240","V59_N240_RETRACTION_123","retraction","generated_coq/n240/V59_N240_RETRACTION_123.v","kernel_success","380.3","logs/V59_N240_RETRACTION_123.coqc.log"
"240","V59_N240_LOGICAL_124","logical","generated_coq/n240/V59_N240_LOGICAL_124.v","kernel_success","409.2","logs/V59_N240_LOGICAL_124.coqc.log"
"240","V59_N240_PRODUCT_125","product","generated_coq/n240/V59_N240_PRODUCT_125.v","kernel_success","459.4","logs/V59_N240_PRODUCT_125.coqc.log"
"240","V59_N240_EQ_126","eq","generated_coq/n240/V59_N240_EQ_126.v","kernel_success","430.8","logs/V59_N240_EQ_126.coqc.log"
"240","V59_N240_SECTION_127","section","generated_coq/n240/V59_N240_SECTION_127.v","kernel_success","432.6","logs/V59_N240_SECTION_127.coqc.log"
"240","V59_N240_RETRACTION_128","retraction","generated_coq/n240/V59_N240_RETRACTION_128.v","kernel_success","409.7","logs/V59_N240_RETRACTION_128.coqc.log"
"240","V59_N240_LOGICAL_129","logical","generated_coq/n240/V59_N240_LOGICAL_129.v","kernel_success","467.4","logs/V59_N240_LOGICAL_129.coqc.log"
"240","V59_N240_PRODUCT_130","product","generated_coq/n240/V59_N240_PRODUCT_130.v","kernel_success","520","logs/V59_N240_PRODUCT_130.coqc.log"
"240","V59_N240_EQ_131","eq","generated_coq/n240/V59_N240_EQ_131.v","kernel_success","557.8","logs/V59_N240_EQ_131.coqc.log"
"240","V59_N240_SECTION_132","section","generated_coq/n240/V59_N240_SECTION_132.v","kernel_success","817.9","logs/V59_N240_SECTION_132.coqc.log"
"240","V59_N240_RETRACTION_133","retraction","generated_coq/n240/V59_N240_RETRACTION_133.v","kernel_success","573.8","logs/V59_N240_RETRACTION_133.coqc.log"
"240","V59_N240_LOGICAL_134","logical","generated_coq/n240/V59_N240_LOGICAL_134.v","kernel_success","1026.1","logs/V59_N240_LOGICAL_134.coqc.log"
"240","V59_N240_PRODUCT_135","product","generated_coq/n240/V59_N240_PRODUCT_135.v","kernel_success","718.2","logs/V59_N240_PRODUCT_135.coqc.log"
"240","V59_N240_EQ_136","eq","generated_coq/n240/V59_N240_EQ_136.v","kernel_success","748.4","logs/V59_N240_EQ_136.coqc.log"
"240","V59_N240_SECTION_137","section","generated_coq/n240/V59_N240_SECTION_137.v","kernel_success","602.3","logs/V59_N240_SECTION_137.coqc.log"
"240","V59_N240_RETRACTION_138","retraction","generated_coq/n240/V59_N240_RETRACTION_138.v","kernel_success","528.3","logs/V59_N240_RETRACTION_138.coqc.log"
"240","V59_N240_LOGICAL_139","logical","generated_coq/n240/V59_N240_LOGICAL_139.v","kernel_success","458.1","logs/V59_N240_LOGICAL_139.coqc.log"
"240","V59_N240_PRODUCT_140","product","generated_coq/n240/V59_N240_PRODUCT_140.v","kernel_success","414.5","logs/V59_N240_PRODUCT_140.coqc.log"
"240","V59_N240_EQ_141","eq","generated_coq/n240/V59_N240_EQ_141.v","kernel_success","402.2","logs/V59_N240_EQ_141.coqc.log"
"240","V59_N240_SECTION_142","section","generated_coq/n240/V59_N240_SECTION_142.v","kernel_success","417","logs/V59_N240_SECTION_142.coqc.log"
"240","V59_N240_RETRACTION_143","retraction","generated_coq/n240/V59_N240_RETRACTION_143.v","kernel_success","390.1","logs/V59_N240_RETRACTION_143.coqc.log"
"240","V59_N240_LOGICAL_144","logical","generated_coq/n240/V59_N240_LOGICAL_144.v","kernel_success","430.7","logs/V59_N240_LOGICAL_144.coqc.log"
"240","V59_N240_PRODUCT_145","product","generated_coq/n240/V59_N240_PRODUCT_145.v","kernel_success","476.1","logs/V59_N240_PRODUCT_145.coqc.log"
"240","V59_N240_EQ_146","eq","generated_coq/n240/V59_N240_EQ_146.v","kernel_success","451.5","logs/V59_N240_EQ_146.coqc.log"
"240","V59_N240_SECTION_147","section","generated_coq/n240/V59_N240_SECTION_147.v","kernel_success","511.2","logs/V59_N240_SECTION_147.coqc.log"
"240","V59_N240_RETRACTION_148","retraction","generated_coq/n240/V59_N240_RETRACTION_148.v","kernel_success","572.7","logs/V59_N240_RETRACTION_148.coqc.log"
"240","V59_N240_LOGICAL_149","logical","generated_coq/n240/V59_N240_LOGICAL_149.v","kernel_success","494.2","logs/V59_N240_LOGICAL_149.coqc.log"
"240","V59_N240_PRODUCT_150","product","generated_coq/n240/V59_N240_PRODUCT_150.v","kernel_success","535.3","logs/V59_N240_PRODUCT_150.coqc.log"
"240","V59_N240_EQ_151","eq","generated_coq/n240/V59_N240_EQ_151.v","kernel_success","512.4","logs/V59_N240_EQ_151.coqc.log"
"240","V59_N240_SECTION_152","section","generated_coq/n240/V59_N240_SECTION_152.v","kernel_success","513","logs/V59_N240_SECTION_152.coqc.log"
"240","V59_N240_RETRACTION_153","retraction","generated_coq/n240/V59_N240_RETRACTION_153.v","kernel_success","698.6","logs/V59_N240_RETRACTION_153.coqc.log"
"240","V59_N240_LOGICAL_154","logical","generated_coq/n240/V59_N240_LOGICAL_154.v","kernel_success","779.8","logs/V59_N240_LOGICAL_154.coqc.log"
"240","V59_N240_PRODUCT_155","product","generated_coq/n240/V59_N240_PRODUCT_155.v","kernel_success","787.6","logs/V59_N240_PRODUCT_155.coqc.log"
"240","V59_N240_EQ_156","eq","generated_coq/n240/V59_N240_EQ_156.v","kernel_success","838.5","logs/V59_N240_EQ_156.coqc.log"
"240","V59_N240_SECTION_157","section","generated_coq/n240/V59_N240_SECTION_157.v","kernel_success","1186.7","logs/V59_N240_SECTION_157.coqc.log"
"240","V59_N240_RETRACTION_158","retraction","generated_coq/n240/V59_N240_RETRACTION_158.v","kernel_success","762.1","logs/V59_N240_RETRACTION_158.coqc.log"
"240","V59_N240_LOGICAL_159","logical","generated_coq/n240/V59_N240_LOGICAL_159.v","kernel_success","717.4","logs/V59_N240_LOGICAL_159.coqc.log"
"240","V59_N240_PRODUCT_160","product","generated_coq/n240/V59_N240_PRODUCT_160.v","kernel_success","871","logs/V59_N240_PRODUCT_160.coqc.log"
"240","V59_N240_EQ_161","eq","generated_coq/n240/V59_N240_EQ_161.v","kernel_success","725.1","logs/V59_N240_EQ_161.coqc.log"
"240","V59_N240_SECTION_162","section","generated_coq/n240/V59_N240_SECTION_162.v","kernel_success","1017.1","logs/V59_N240_SECTION_162.coqc.log"
"240","V59_N240_RETRACTION_163","retraction","generated_coq/n240/V59_N240_RETRACTION_163.v","kernel_success","1052.5","logs/V59_N240_RETRACTION_163.coqc.log"
"240","V59_N240_LOGICAL_164","logical","generated_coq/n240/V59_N240_LOGICAL_164.v","kernel_success","1013.1","logs/V59_N240_LOGICAL_164.coqc.log"
"240","V59_N240_PRODUCT_165","product","generated_coq/n240/V59_N240_PRODUCT_165.v","kernel_success","599.7","logs/V59_N240_PRODUCT_165.coqc.log"
"240","V59_N240_EQ_166","eq","generated_coq/n240/V59_N240_EQ_166.v","kernel_success","569.7","logs/V59_N240_EQ_166.coqc.log"
"240","V59_N240_SECTION_167","section","generated_coq/n240/V59_N240_SECTION_167.v","kernel_success","552.3","logs/V59_N240_SECTION_167.coqc.log"
"240","V59_N240_RETRACTION_168","retraction","generated_coq/n240/V59_N240_RETRACTION_168.v","kernel_success","509.6","logs/V59_N240_RETRACTION_168.coqc.log"
"240","V59_N240_LOGICAL_169","logical","generated_coq/n240/V59_N240_LOGICAL_169.v","kernel_success","526.5","logs/V59_N240_LOGICAL_169.coqc.log"
"240","V59_N240_PRODUCT_170","product","generated_coq/n240/V59_N240_PRODUCT_170.v","kernel_success","473.3","logs/V59_N240_PRODUCT_170.coqc.log"
"240","V59_N240_EQ_171","eq","generated_coq/n240/V59_N240_EQ_171.v","kernel_success","488.8","logs/V59_N240_EQ_171.coqc.log"
"240","V59_N240_SECTION_172","section","generated_coq/n240/V59_N240_SECTION_172.v","kernel_success","440.9","logs/V59_N240_SECTION_172.coqc.log"
"240","V59_N240_RETRACTION_173","retraction","generated_coq/n240/V59_N240_RETRACTION_173.v","kernel_success","424.5","logs/V59_N240_RETRACTION_173.coqc.log"
"240","V59_N240_LOGICAL_174","logical","generated_coq/n240/V59_N240_LOGICAL_174.v","kernel_success","377.2","logs/V59_N240_LOGICAL_174.coqc.log"
"240","V59_N240_PRODUCT_175","product","generated_coq/n240/V59_N240_PRODUCT_175.v","kernel_success","365.7","logs/V59_N240_PRODUCT_175.coqc.log"
"240","V59_N240_EQ_176","eq","generated_coq/n240/V59_N240_EQ_176.v","kernel_success","421.9","logs/V59_N240_EQ_176.coqc.log"
"240","V59_N240_SECTION_177","section","generated_coq/n240/V59_N240_SECTION_177.v","kernel_success","397.3","logs/V59_N240_SECTION_177.coqc.log"
"240","V59_N240_RETRACTION_178","retraction","generated_coq/n240/V59_N240_RETRACTION_178.v","kernel_success","440","logs/V59_N240_RETRACTION_178.coqc.log"
"240","V59_N240_LOGICAL_179","logical","generated_coq/n240/V59_N240_LOGICAL_179.v","kernel_success","470.4","logs/V59_N240_LOGICAL_179.coqc.log"
"240","V59_N240_PRODUCT_180","product","generated_coq/n240/V59_N240_PRODUCT_180.v","kernel_success","477.3","logs/V59_N240_PRODUCT_180.coqc.log"
"240","V59_N240_EQ_181","eq","generated_coq/n240/V59_N240_EQ_181.v","kernel_success","470.8","logs/V59_N240_EQ_181.coqc.log"
"240","V59_N240_SECTION_182","section","generated_coq/n240/V59_N240_SECTION_182.v","kernel_success","510.7","logs/V59_N240_SECTION_182.coqc.log"
"240","V59_N240_RETRACTION_183","retraction","generated_coq/n240/V59_N240_RETRACTION_183.v","kernel_success","453.5","logs/V59_N240_RETRACTION_183.coqc.log"
"240","V59_N240_LOGICAL_184","logical","generated_coq/n240/V59_N240_LOGICAL_184.v","kernel_success","456.9","logs/V59_N240_LOGICAL_184.coqc.log"
"240","V59_N240_PRODUCT_185","product","generated_coq/n240/V59_N240_PRODUCT_185.v","kernel_success","408.4","logs/V59_N240_PRODUCT_185.coqc.log"
"240","V59_N240_EQ_186","eq","generated_coq/n240/V59_N240_EQ_186.v","kernel_success","437.1","logs/V59_N240_EQ_186.coqc.log"
"240","V59_N240_SECTION_187","section","generated_coq/n240/V59_N240_SECTION_187.v","kernel_success","403.9","logs/V59_N240_SECTION_187.coqc.log"
"240","V59_N240_RETRACTION_188","retraction","generated_coq/n240/V59_N240_RETRACTION_188.v","kernel_success","402","logs/V59_N240_RETRACTION_188.coqc.log"
"240","V59_N240_LOGICAL_189","logical","generated_coq/n240/V59_N240_LOGICAL_189.v","kernel_success","469.4","logs/V59_N240_LOGICAL_189.coqc.log"
"240","V59_N240_PRODUCT_190","product","generated_coq/n240/V59_N240_PRODUCT_190.v","kernel_success","465.8","logs/V59_N240_PRODUCT_190.coqc.log"
"240","V59_N240_EQ_191","eq","generated_coq/n240/V59_N240_EQ_191.v","kernel_success","502.1","logs/V59_N240_EQ_191.coqc.log"
"240","V59_N240_SECTION_192","section","generated_coq/n240/V59_N240_SECTION_192.v","kernel_success","478.4","logs/V59_N240_SECTION_192.coqc.log"
"240","V59_N240_RETRACTION_193","retraction","generated_coq/n240/V59_N240_RETRACTION_193.v","kernel_success","466.3","logs/V59_N240_RETRACTION_193.coqc.log"
"240","V59_N240_LOGICAL_194","logical","generated_coq/n240/V59_N240_LOGICAL_194.v","kernel_success","460.9","logs/V59_N240_LOGICAL_194.coqc.log"
"240","V59_N240_PRODUCT_195","product","generated_coq/n240/V59_N240_PRODUCT_195.v","kernel_success","404.7","logs/V59_N240_PRODUCT_195.coqc.log"
"240","V59_N240_EQ_196","eq","generated_coq/n240/V59_N240_EQ_196.v","kernel_success","374.6","logs/V59_N240_EQ_196.coqc.log"
"240","V59_N240_SECTION_197","section","generated_coq/n240/V59_N240_SECTION_197.v","kernel_success","399","logs/V59_N240_SECTION_197.coqc.log"
"240","V59_N240_RETRACTION_198","retraction","generated_coq/n240/V59_N240_RETRACTION_198.v","kernel_success","390.5","logs/V59_N240_RETRACTION_198.coqc.log"
"240","V59_N240_LOGICAL_199","logical","generated_coq/n240/V59_N240_LOGICAL_199.v","kernel_success","449.6","logs/V59_N240_LOGICAL_199.coqc.log"
"240","V59_N240_PRODUCT_200","product","generated_coq/n240/V59_N240_PRODUCT_200.v","kernel_success","487.9","logs/V59_N240_PRODUCT_200.coqc.log"
"240","V59_N240_EQ_201","eq","generated_coq/n240/V59_N240_EQ_201.v","kernel_success","573.2","logs/V59_N240_EQ_201.coqc.log"
"240","V59_N240_SECTION_202","section","generated_coq/n240/V59_N240_SECTION_202.v","kernel_success","570.9","logs/V59_N240_SECTION_202.coqc.log"
"240","V59_N240_RETRACTION_203","retraction","generated_coq/n240/V59_N240_RETRACTION_203.v","kernel_success","659.5","logs/V59_N240_RETRACTION_203.coqc.log"
"240","V59_N240_LOGICAL_204","logical","generated_coq/n240/V59_N240_LOGICAL_204.v","kernel_success","521.5","logs/V59_N240_LOGICAL_204.coqc.log"
"240","V59_N240_PRODUCT_205","product","generated_coq/n240/V59_N240_PRODUCT_205.v","kernel_success","493.3","logs/V59_N240_PRODUCT_205.coqc.log"
"240","V59_N240_EQ_206","eq","generated_coq/n240/V59_N240_EQ_206.v","kernel_success","449.6","logs/V59_N240_EQ_206.coqc.log"
"240","V59_N240_SECTION_207","section","generated_coq/n240/V59_N240_SECTION_207.v","kernel_success","469.5","logs/V59_N240_SECTION_207.coqc.log"
"240","V59_N240_RETRACTION_208","retraction","generated_coq/n240/V59_N240_RETRACTION_208.v","kernel_success","375.2","logs/V59_N240_RETRACTION_208.coqc.log"
"240","V59_N240_LOGICAL_209","logical","generated_coq/n240/V59_N240_LOGICAL_209.v","kernel_success","436.7","logs/V59_N240_LOGICAL_209.coqc.log"
"240","V59_N240_PRODUCT_210","product","generated_coq/n240/V59_N240_PRODUCT_210.v","kernel_success","405.3","logs/V59_N240_PRODUCT_210.coqc.log"
"240","V59_N240_EQ_211","eq","generated_coq/n240/V59_N240_EQ_211.v","kernel_success","585.3","logs/V59_N240_EQ_211.coqc.log"
"240","V59_N240_SECTION_212","section","generated_coq/n240/V59_N240_SECTION_212.v","kernel_success","648.4","logs/V59_N240_SECTION_212.coqc.log"
"240","V59_N240_RETRACTION_213","retraction","generated_coq/n240/V59_N240_RETRACTION_213.v","kernel_success","938.1","logs/V59_N240_RETRACTION_213.coqc.log"
"240","V59_N240_LOGICAL_214","logical","generated_coq/n240/V59_N240_LOGICAL_214.v","kernel_success","907.7","logs/V59_N240_LOGICAL_214.coqc.log"
"240","V59_N240_PRODUCT_215","product","generated_coq/n240/V59_N240_PRODUCT_215.v","kernel_success","698.5","logs/V59_N240_PRODUCT_215.coqc.log"
"240","V59_N240_EQ_216","eq","generated_coq/n240/V59_N240_EQ_216.v","kernel_success","696.1","logs/V59_N240_EQ_216.coqc.log"
"240","V59_N240_SECTION_217","section","generated_coq/n240/V59_N240_SECTION_217.v","kernel_success","518.3","logs/V59_N240_SECTION_217.coqc.log"
"240","V59_N240_RETRACTION_218","retraction","generated_coq/n240/V59_N240_RETRACTION_218.v","kernel_success","591.9","logs/V59_N240_RETRACTION_218.coqc.log"
"240","V59_N240_LOGICAL_219","logical","generated_coq/n240/V59_N240_LOGICAL_219.v","kernel_success","582.8","logs/V59_N240_LOGICAL_219.coqc.log"
"240","V59_N240_PRODUCT_220","product","generated_coq/n240/V59_N240_PRODUCT_220.v","kernel_success","482.5","logs/V59_N240_PRODUCT_220.coqc.log"
"240","V59_N240_EQ_221","eq","generated_coq/n240/V59_N240_EQ_221.v","kernel_success","576.9","logs/V59_N240_EQ_221.coqc.log"
"240","V59_N240_SECTION_222","section","generated_coq/n240/V59_N240_SECTION_222.v","kernel_success","598.2","logs/V59_N240_SECTION_222.coqc.log"
"240","V59_N240_RETRACTION_223","retraction","generated_coq/n240/V59_N240_RETRACTION_223.v","kernel_success","530.1","logs/V59_N240_RETRACTION_223.coqc.log"
"240","V59_N240_LOGICAL_224","logical","generated_coq/n240/V59_N240_LOGICAL_224.v","kernel_success","581","logs/V59_N240_LOGICAL_224.coqc.log"
"240","V59_N240_PRODUCT_225","product","generated_coq/n240/V59_N240_PRODUCT_225.v","kernel_success","538.8","logs/V59_N240_PRODUCT_225.coqc.log"
"240","V59_N240_EQ_226","eq","generated_coq/n240/V59_N240_EQ_226.v","kernel_success","526.9","logs/V59_N240_EQ_226.coqc.log"
"240","V59_N240_SECTION_227","section","generated_coq/n240/V59_N240_SECTION_227.v","kernel_success","495.3","logs/V59_N240_SECTION_227.coqc.log"
"240","V59_N240_RETRACTION_228","retraction","generated_coq/n240/V59_N240_RETRACTION_228.v","kernel_success","486.1","logs/V59_N240_RETRACTION_228.coqc.log"
"240","V59_N240_LOGICAL_229","logical","generated_coq/n240/V59_N240_LOGICAL_229.v","kernel_success","465.2","logs/V59_N240_LOGICAL_229.coqc.log"
"240","V59_N240_PRODUCT_230","product","generated_coq/n240/V59_N240_PRODUCT_230.v","kernel_success","438","logs/V59_N240_PRODUCT_230.coqc.log"
"240","V59_N240_EQ_231","eq","generated_coq/n240/V59_N240_EQ_231.v","kernel_success","438.6","logs/V59_N240_EQ_231.coqc.log"
"240","V59_N240_SECTION_232","section","generated_coq/n240/V59_N240_SECTION_232.v","kernel_success","422.2","logs/V59_N240_SECTION_232.coqc.log"
"240","V59_N240_RETRACTION_233","retraction","generated_coq/n240/V59_N240_RETRACTION_233.v","kernel_success","406.3","logs/V59_N240_RETRACTION_233.coqc.log"
"240","V59_N240_LOGICAL_234","logical","generated_coq/n240/V59_N240_LOGICAL_234.v","kernel_success","433.8","logs/V59_N240_LOGICAL_234.coqc.log"
"240","V59_N240_PRODUCT_235","product","generated_coq/n240/V59_N240_PRODUCT_235.v","kernel_success","429.8","logs/V59_N240_PRODUCT_235.coqc.log"
"240","V59_N240_EQ_236","eq","generated_coq/n240/V59_N240_EQ_236.v","kernel_success","377.1","logs/V59_N240_EQ_236.coqc.log"
"240","V59_N240_SECTION_237","section","generated_coq/n240/V59_N240_SECTION_237.v","kernel_success","431.4","logs/V59_N240_SECTION_237.coqc.log"
"240","V59_N240_RETRACTION_238","retraction","generated_coq/n240/V59_N240_RETRACTION_238.v","kernel_success","566.5","logs/V59_N240_RETRACTION_238.coqc.log"
"240","V59_N240_LOGICAL_239","logical","generated_coq/n240/V59_N240_LOGICAL_239.v","kernel_success","583.1","logs/V59_N240_LOGICAL_239.coqc.log"
"240","V59_N240_PRODUCT_240","product","generated_coq/n240/V59_N240_PRODUCT_240.v","kernel_success","969.7","logs/V59_N240_PRODUCT_240.coqc.log"
"480","V59_N480_EQ_001","eq","generated_coq/n480/V59_N480_EQ_001.v","kernel_success","477.1","logs/V59_N480_EQ_001.coqc.log"
"480","V59_N480_SECTION_002","section","generated_coq/n480/V59_N480_SECTION_002.v","kernel_success","455.4","logs/V59_N480_SECTION_002.coqc.log"
"480","V59_N480_RETRACTION_003","retraction","generated_coq/n480/V59_N480_RETRACTION_003.v","kernel_success","423.1","logs/V59_N480_RETRACTION_003.coqc.log"
"480","V59_N480_LOGICAL_004","logical","generated_coq/n480/V59_N480_LOGICAL_004.v","kernel_success","409.4","logs/V59_N480_LOGICAL_004.coqc.log"
"480","V59_N480_PRODUCT_005","product","generated_coq/n480/V59_N480_PRODUCT_005.v","kernel_success","384","logs/V59_N480_PRODUCT_005.coqc.log"
"480","V59_N480_EQ_006","eq","generated_coq/n480/V59_N480_EQ_006.v","kernel_success","384.3","logs/V59_N480_EQ_006.coqc.log"
"480","V59_N480_SECTION_007","section","generated_coq/n480/V59_N480_SECTION_007.v","kernel_success","432.7","logs/V59_N480_SECTION_007.coqc.log"
"480","V59_N480_RETRACTION_008","retraction","generated_coq/n480/V59_N480_RETRACTION_008.v","kernel_success","450.2","logs/V59_N480_RETRACTION_008.coqc.log"
"480","V59_N480_LOGICAL_009","logical","generated_coq/n480/V59_N480_LOGICAL_009.v","kernel_success","512","logs/V59_N480_LOGICAL_009.coqc.log"
"480","V59_N480_PRODUCT_010","product","generated_coq/n480/V59_N480_PRODUCT_010.v","kernel_success","728.2","logs/V59_N480_PRODUCT_010.coqc.log"
"480","V59_N480_EQ_011","eq","generated_coq/n480/V59_N480_EQ_011.v","kernel_success","1440.8","logs/V59_N480_EQ_011.coqc.log"
"480","V59_N480_SECTION_012","section","generated_coq/n480/V59_N480_SECTION_012.v","kernel_success","1790.7","logs/V59_N480_SECTION_012.coqc.log"
"480","V59_N480_RETRACTION_013","retraction","generated_coq/n480/V59_N480_RETRACTION_013.v","kernel_success","1669.1","logs/V59_N480_RETRACTION_013.coqc.log"
"480","V59_N480_LOGICAL_014","logical","generated_coq/n480/V59_N480_LOGICAL_014.v","kernel_success","784.9","logs/V59_N480_LOGICAL_014.coqc.log"
"480","V59_N480_PRODUCT_015","product","generated_coq/n480/V59_N480_PRODUCT_015.v","kernel_success","569.4","logs/V59_N480_PRODUCT_015.coqc.log"
"480","V59_N480_EQ_016","eq","generated_coq/n480/V59_N480_EQ_016.v","kernel_success","538.5","logs/V59_N480_EQ_016.coqc.log"
"480","V59_N480_SECTION_017","section","generated_coq/n480/V59_N480_SECTION_017.v","kernel_success","502.7","logs/V59_N480_SECTION_017.coqc.log"
"480","V59_N480_RETRACTION_018","retraction","generated_coq/n480/V59_N480_RETRACTION_018.v","kernel_success","426","logs/V59_N480_RETRACTION_018.coqc.log"
"480","V59_N480_LOGICAL_019","logical","generated_coq/n480/V59_N480_LOGICAL_019.v","kernel_success","419.7","logs/V59_N480_LOGICAL_019.coqc.log"
"480","V59_N480_PRODUCT_020","product","generated_coq/n480/V59_N480_PRODUCT_020.v","kernel_success","365.4","logs/V59_N480_PRODUCT_020.coqc.log"
"480","V59_N480_EQ_021","eq","generated_coq/n480/V59_N480_EQ_021.v","kernel_success","394.1","logs/V59_N480_EQ_021.coqc.log"
"480","V59_N480_SECTION_022","section","generated_coq/n480/V59_N480_SECTION_022.v","kernel_success","468","logs/V59_N480_SECTION_022.coqc.log"
"480","V59_N480_RETRACTION_023","retraction","generated_coq/n480/V59_N480_RETRACTION_023.v","kernel_success","449.1","logs/V59_N480_RETRACTION_023.coqc.log"
"480","V59_N480_LOGICAL_024","logical","generated_coq/n480/V59_N480_LOGICAL_024.v","kernel_success","468.5","logs/V59_N480_LOGICAL_024.coqc.log"
"480","V59_N480_PRODUCT_025","product","generated_coq/n480/V59_N480_PRODUCT_025.v","kernel_success","507.6","logs/V59_N480_PRODUCT_025.coqc.log"
"480","V59_N480_EQ_026","eq","generated_coq/n480/V59_N480_EQ_026.v","kernel_success","476.7","logs/V59_N480_EQ_026.coqc.log"
"480","V59_N480_SECTION_027","section","generated_coq/n480/V59_N480_SECTION_027.v","kernel_success","470.7","logs/V59_N480_SECTION_027.coqc.log"
"480","V59_N480_RETRACTION_028","retraction","generated_coq/n480/V59_N480_RETRACTION_028.v","kernel_success","408.8","logs/V59_N480_RETRACTION_028.coqc.log"
"480","V59_N480_LOGICAL_029","logical","generated_coq/n480/V59_N480_LOGICAL_029.v","kernel_success","456.3","logs/V59_N480_LOGICAL_029.coqc.log"
"480","V59_N480_PRODUCT_030","product","generated_coq/n480/V59_N480_PRODUCT_030.v","kernel_success","517.8","logs/V59_N480_PRODUCT_030.coqc.log"
"480","V59_N480_EQ_031","eq","generated_coq/n480/V59_N480_EQ_031.v","kernel_success","495.6","logs/V59_N480_EQ_031.coqc.log"
"480","V59_N480_SECTION_032","section","generated_coq/n480/V59_N480_SECTION_032.v","kernel_success","672.2","logs/V59_N480_SECTION_032.coqc.log"
"480","V59_N480_RETRACTION_033","retraction","generated_coq/n480/V59_N480_RETRACTION_033.v","kernel_success","706.1","logs/V59_N480_RETRACTION_033.coqc.log"
"480","V59_N480_LOGICAL_034","logical","generated_coq/n480/V59_N480_LOGICAL_034.v","kernel_success","594.9","logs/V59_N480_LOGICAL_034.coqc.log"
"480","V59_N480_PRODUCT_035","product","generated_coq/n480/V59_N480_PRODUCT_035.v","kernel_success","600.3","logs/V59_N480_PRODUCT_035.coqc.log"
"480","V59_N480_EQ_036","eq","generated_coq/n480/V59_N480_EQ_036.v","kernel_success","532.1","logs/V59_N480_EQ_036.coqc.log"
"480","V59_N480_SECTION_037","section","generated_coq/n480/V59_N480_SECTION_037.v","kernel_success","603.3","logs/V59_N480_SECTION_037.coqc.log"
"480","V59_N480_RETRACTION_038","retraction","generated_coq/n480/V59_N480_RETRACTION_038.v","kernel_success","500.8","logs/V59_N480_RETRACTION_038.coqc.log"
"480","V59_N480_LOGICAL_039","logical","generated_coq/n480/V59_N480_LOGICAL_039.v","kernel_success","440.3","logs/V59_N480_LOGICAL_039.coqc.log"
"480","V59_N480_PRODUCT_040","product","generated_coq/n480/V59_N480_PRODUCT_040.v","kernel_success","483.6","logs/V59_N480_PRODUCT_040.coqc.log"
"480","V59_N480_EQ_041","eq","generated_coq/n480/V59_N480_EQ_041.v","kernel_success","394.9","logs/V59_N480_EQ_041.coqc.log"
"480","V59_N480_SECTION_042","section","generated_coq/n480/V59_N480_SECTION_042.v","kernel_success","458.3","logs/V59_N480_SECTION_042.coqc.log"
"480","V59_N480_RETRACTION_043","retraction","generated_coq/n480/V59_N480_RETRACTION_043.v","kernel_success","476.4","logs/V59_N480_RETRACTION_043.coqc.log"
"480","V59_N480_LOGICAL_044","logical","generated_coq/n480/V59_N480_LOGICAL_044.v","kernel_success","496.5","logs/V59_N480_LOGICAL_044.coqc.log"
"480","V59_N480_PRODUCT_045","product","generated_coq/n480/V59_N480_PRODUCT_045.v","kernel_success","488.1","logs/V59_N480_PRODUCT_045.coqc.log"
"480","V59_N480_EQ_046","eq","generated_coq/n480/V59_N480_EQ_046.v","kernel_success","503.5","logs/V59_N480_EQ_046.coqc.log"
"480","V59_N480_SECTION_047","section","generated_coq/n480/V59_N480_SECTION_047.v","kernel_success","499.4","logs/V59_N480_SECTION_047.coqc.log"
"480","V59_N480_RETRACTION_048","retraction","generated_coq/n480/V59_N480_RETRACTION_048.v","kernel_success","447.7","logs/V59_N480_RETRACTION_048.coqc.log"
"480","V59_N480_LOGICAL_049","logical","generated_coq/n480/V59_N480_LOGICAL_049.v","kernel_success","462.6","logs/V59_N480_LOGICAL_049.coqc.log"
"480","V59_N480_PRODUCT_050","product","generated_coq/n480/V59_N480_PRODUCT_050.v","kernel_success","421.2","logs/V59_N480_PRODUCT_050.coqc.log"
"480","V59_N480_EQ_051","eq","generated_coq/n480/V59_N480_EQ_051.v","kernel_success","425","logs/V59_N480_EQ_051.coqc.log"
"480","V59_N480_SECTION_052","section","generated_coq/n480/V59_N480_SECTION_052.v","kernel_success","362.3","logs/V59_N480_SECTION_052.coqc.log"
"480","V59_N480_RETRACTION_053","retraction","generated_coq/n480/V59_N480_RETRACTION_053.v","kernel_success","441.4","logs/V59_N480_RETRACTION_053.coqc.log"
"480","V59_N480_LOGICAL_054","logical","generated_coq/n480/V59_N480_LOGICAL_054.v","kernel_success","459.9","logs/V59_N480_LOGICAL_054.coqc.log"
"480","V59_N480_PRODUCT_055","product","generated_coq/n480/V59_N480_PRODUCT_055.v","kernel_success","524.6","logs/V59_N480_PRODUCT_055.coqc.log"
"480","V59_N480_EQ_056","eq","generated_coq/n480/V59_N480_EQ_056.v","kernel_success","483.6","logs/V59_N480_EQ_056.coqc.log"
"480","V59_N480_SECTION_057","section","generated_coq/n480/V59_N480_SECTION_057.v","kernel_success","477.4","logs/V59_N480_SECTION_057.coqc.log"
"480","V59_N480_RETRACTION_058","retraction","generated_coq/n480/V59_N480_RETRACTION_058.v","kernel_success","547.2","logs/V59_N480_RETRACTION_058.coqc.log"
"480","V59_N480_LOGICAL_059","logical","generated_coq/n480/V59_N480_LOGICAL_059.v","kernel_success","455.4","logs/V59_N480_LOGICAL_059.coqc.log"
"480","V59_N480_PRODUCT_060","product","generated_coq/n480/V59_N480_PRODUCT_060.v","kernel_success","465.9","logs/V59_N480_PRODUCT_060.coqc.log"
"480","V59_N480_EQ_061","eq","generated_coq/n480/V59_N480_EQ_061.v","kernel_success","413.7","logs/V59_N480_EQ_061.coqc.log"
"480","V59_N480_SECTION_062","section","generated_coq/n480/V59_N480_SECTION_062.v","kernel_success","447.7","logs/V59_N480_SECTION_062.coqc.log"
"480","V59_N480_RETRACTION_063","retraction","generated_coq/n480/V59_N480_RETRACTION_063.v","kernel_success","382.5","logs/V59_N480_RETRACTION_063.coqc.log"
"480","V59_N480_LOGICAL_064","logical","generated_coq/n480/V59_N480_LOGICAL_064.v","kernel_success","411.1","logs/V59_N480_LOGICAL_064.coqc.log"
"480","V59_N480_PRODUCT_065","product","generated_coq/n480/V59_N480_PRODUCT_065.v","kernel_success","443.8","logs/V59_N480_PRODUCT_065.coqc.log"
"480","V59_N480_EQ_066","eq","generated_coq/n480/V59_N480_EQ_066.v","kernel_success","495.6","logs/V59_N480_EQ_066.coqc.log"
"480","V59_N480_SECTION_067","section","generated_coq/n480/V59_N480_SECTION_067.v","kernel_success","594.5","logs/V59_N480_SECTION_067.coqc.log"
"480","V59_N480_RETRACTION_068","retraction","generated_coq/n480/V59_N480_RETRACTION_068.v","kernel_success","535.7","logs/V59_N480_RETRACTION_068.coqc.log"
"480","V59_N480_LOGICAL_069","logical","generated_coq/n480/V59_N480_LOGICAL_069.v","kernel_success","716.9","logs/V59_N480_LOGICAL_069.coqc.log"
"480","V59_N480_PRODUCT_070","product","generated_coq/n480/V59_N480_PRODUCT_070.v","kernel_success","592.7","logs/V59_N480_PRODUCT_070.coqc.log"
"480","V59_N480_EQ_071","eq","generated_coq/n480/V59_N480_EQ_071.v","kernel_success","523.9","logs/V59_N480_EQ_071.coqc.log"
"480","V59_N480_SECTION_072","section","generated_coq/n480/V59_N480_SECTION_072.v","kernel_success","522.5","logs/V59_N480_SECTION_072.coqc.log"
"480","V59_N480_RETRACTION_073","retraction","generated_coq/n480/V59_N480_RETRACTION_073.v","kernel_success","523.4","logs/V59_N480_RETRACTION_073.coqc.log"
"480","V59_N480_LOGICAL_074","logical","generated_coq/n480/V59_N480_LOGICAL_074.v","kernel_success","430.9","logs/V59_N480_LOGICAL_074.coqc.log"
"480","V59_N480_PRODUCT_075","product","generated_coq/n480/V59_N480_PRODUCT_075.v","kernel_success","429.7","logs/V59_N480_PRODUCT_075.coqc.log"
"480","V59_N480_EQ_076","eq","generated_coq/n480/V59_N480_EQ_076.v","kernel_success","451.6","logs/V59_N480_EQ_076.coqc.log"
"480","V59_N480_SECTION_077","section","generated_coq/n480/V59_N480_SECTION_077.v","kernel_success","446.9","logs/V59_N480_SECTION_077.coqc.log"
"480","V59_N480_RETRACTION_078","retraction","generated_coq/n480/V59_N480_RETRACTION_078.v","kernel_success","435.8","logs/V59_N480_RETRACTION_078.coqc.log"
"480","V59_N480_LOGICAL_079","logical","generated_coq/n480/V59_N480_LOGICAL_079.v","kernel_success","433.7","logs/V59_N480_LOGICAL_079.coqc.log"
"480","V59_N480_PRODUCT_080","product","generated_coq/n480/V59_N480_PRODUCT_080.v","kernel_success","413.7","logs/V59_N480_PRODUCT_080.coqc.log"
"480","V59_N480_EQ_081","eq","generated_coq/n480/V59_N480_EQ_081.v","kernel_success","411.9","logs/V59_N480_EQ_081.coqc.log"
"480","V59_N480_SECTION_082","section","generated_coq/n480/V59_N480_SECTION_082.v","kernel_success","377.7","logs/V59_N480_SECTION_082.coqc.log"
"480","V59_N480_RETRACTION_083","retraction","generated_coq/n480/V59_N480_RETRACTION_083.v","kernel_success","408.8","logs/V59_N480_RETRACTION_083.coqc.log"
"480","V59_N480_LOGICAL_084","logical","generated_coq/n480/V59_N480_LOGICAL_084.v","kernel_success","390.9","logs/V59_N480_LOGICAL_084.coqc.log"
"480","V59_N480_PRODUCT_085","product","generated_coq/n480/V59_N480_PRODUCT_085.v","kernel_success","429","logs/V59_N480_PRODUCT_085.coqc.log"
"480","V59_N480_EQ_086","eq","generated_coq/n480/V59_N480_EQ_086.v","kernel_success","453.8","logs/V59_N480_EQ_086.coqc.log"
"480","V59_N480_SECTION_087","section","generated_coq/n480/V59_N480_SECTION_087.v","kernel_success","471.1","logs/V59_N480_SECTION_087.coqc.log"
"480","V59_N480_RETRACTION_088","retraction","generated_coq/n480/V59_N480_RETRACTION_088.v","kernel_success","495.3","logs/V59_N480_RETRACTION_088.coqc.log"
"480","V59_N480_LOGICAL_089","logical","generated_coq/n480/V59_N480_LOGICAL_089.v","kernel_success","554.4","logs/V59_N480_LOGICAL_089.coqc.log"
"480","V59_N480_PRODUCT_090","product","generated_coq/n480/V59_N480_PRODUCT_090.v","kernel_success","498.6","logs/V59_N480_PRODUCT_090.coqc.log"
"480","V59_N480_EQ_091","eq","generated_coq/n480/V59_N480_EQ_091.v","kernel_success","501.5","logs/V59_N480_EQ_091.coqc.log"
"480","V59_N480_SECTION_092","section","generated_coq/n480/V59_N480_SECTION_092.v","kernel_success","480.1","logs/V59_N480_SECTION_092.coqc.log"
"480","V59_N480_RETRACTION_093","retraction","generated_coq/n480/V59_N480_RETRACTION_093.v","kernel_success","469.1","logs/V59_N480_RETRACTION_093.coqc.log"
"480","V59_N480_LOGICAL_094","logical","generated_coq/n480/V59_N480_LOGICAL_094.v","kernel_success","467.6","logs/V59_N480_LOGICAL_094.coqc.log"
"480","V59_N480_PRODUCT_095","product","generated_coq/n480/V59_N480_PRODUCT_095.v","kernel_success","562","logs/V59_N480_PRODUCT_095.coqc.log"
"480","V59_N480_EQ_096","eq","generated_coq/n480/V59_N480_EQ_096.v","kernel_success","548.9","logs/V59_N480_EQ_096.coqc.log"
"480","V59_N480_SECTION_097","section","generated_coq/n480/V59_N480_SECTION_097.v","kernel_success","619.7","logs/V59_N480_SECTION_097.coqc.log"
"480","V59_N480_RETRACTION_098","retraction","generated_coq/n480/V59_N480_RETRACTION_098.v","kernel_success","552.7","logs/V59_N480_RETRACTION_098.coqc.log"
"480","V59_N480_LOGICAL_099","logical","generated_coq/n480/V59_N480_LOGICAL_099.v","kernel_success","581.7","logs/V59_N480_LOGICAL_099.coqc.log"
"480","V59_N480_PRODUCT_100","product","generated_coq/n480/V59_N480_PRODUCT_100.v","kernel_success","535","logs/V59_N480_PRODUCT_100.coqc.log"
"480","V59_N480_EQ_101","eq","generated_coq/n480/V59_N480_EQ_101.v","kernel_success","578.6","logs/V59_N480_EQ_101.coqc.log"
"480","V59_N480_SECTION_102","section","generated_coq/n480/V59_N480_SECTION_102.v","kernel_success","496.9","logs/V59_N480_SECTION_102.coqc.log"
"480","V59_N480_RETRACTION_103","retraction","generated_coq/n480/V59_N480_RETRACTION_103.v","kernel_success","481","logs/V59_N480_RETRACTION_103.coqc.log"
"480","V59_N480_LOGICAL_104","logical","generated_coq/n480/V59_N480_LOGICAL_104.v","kernel_success","464.7","logs/V59_N480_LOGICAL_104.coqc.log"
"480","V59_N480_PRODUCT_105","product","generated_coq/n480/V59_N480_PRODUCT_105.v","kernel_success","499.9","logs/V59_N480_PRODUCT_105.coqc.log"
"480","V59_N480_EQ_106","eq","generated_coq/n480/V59_N480_EQ_106.v","kernel_success","429.1","logs/V59_N480_EQ_106.coqc.log"
"480","V59_N480_SECTION_107","section","generated_coq/n480/V59_N480_SECTION_107.v","kernel_success","466.5","logs/V59_N480_SECTION_107.coqc.log"
"480","V59_N480_RETRACTION_108","retraction","generated_coq/n480/V59_N480_RETRACTION_108.v","kernel_success","507.6","logs/V59_N480_RETRACTION_108.coqc.log"
"480","V59_N480_LOGICAL_109","logical","generated_coq/n480/V59_N480_LOGICAL_109.v","kernel_success","501.8","logs/V59_N480_LOGICAL_109.coqc.log"
"480","V59_N480_PRODUCT_110","product","generated_coq/n480/V59_N480_PRODUCT_110.v","kernel_success","512.8","logs/V59_N480_PRODUCT_110.coqc.log"
"480","V59_N480_EQ_111","eq","generated_coq/n480/V59_N480_EQ_111.v","kernel_success","557.4","logs/V59_N480_EQ_111.coqc.log"
"480","V59_N480_SECTION_112","section","generated_coq/n480/V59_N480_SECTION_112.v","kernel_success","492.1","logs/V59_N480_SECTION_112.coqc.log"
"480","V59_N480_RETRACTION_113","retraction","generated_coq/n480/V59_N480_RETRACTION_113.v","kernel_success","475.5","logs/V59_N480_RETRACTION_113.coqc.log"
"480","V59_N480_LOGICAL_114","logical","generated_coq/n480/V59_N480_LOGICAL_114.v","kernel_success","428","logs/V59_N480_LOGICAL_114.coqc.log"
"480","V59_N480_PRODUCT_115","product","generated_coq/n480/V59_N480_PRODUCT_115.v","kernel_success","433.5","logs/V59_N480_PRODUCT_115.coqc.log"
"480","V59_N480_EQ_116","eq","generated_coq/n480/V59_N480_EQ_116.v","kernel_success","529.2","logs/V59_N480_EQ_116.coqc.log"
"480","V59_N480_SECTION_117","section","generated_coq/n480/V59_N480_SECTION_117.v","kernel_success","653","logs/V59_N480_SECTION_117.coqc.log"
"480","V59_N480_RETRACTION_118","retraction","generated_coq/n480/V59_N480_RETRACTION_118.v","kernel_success","518.1","logs/V59_N480_RETRACTION_118.coqc.log"
"480","V59_N480_LOGICAL_119","logical","generated_coq/n480/V59_N480_LOGICAL_119.v","kernel_success","864.5","logs/V59_N480_LOGICAL_119.coqc.log"
"480","V59_N480_PRODUCT_120","product","generated_coq/n480/V59_N480_PRODUCT_120.v","kernel_success","623.6","logs/V59_N480_PRODUCT_120.coqc.log"
"480","V59_N480_EQ_121","eq","generated_coq/n480/V59_N480_EQ_121.v","kernel_success","567.8","logs/V59_N480_EQ_121.coqc.log"
"480","V59_N480_SECTION_122","section","generated_coq/n480/V59_N480_SECTION_122.v","kernel_success","504.4","logs/V59_N480_SECTION_122.coqc.log"
"480","V59_N480_RETRACTION_123","retraction","generated_coq/n480/V59_N480_RETRACTION_123.v","kernel_success","468.1","logs/V59_N480_RETRACTION_123.coqc.log"
"480","V59_N480_LOGICAL_124","logical","generated_coq/n480/V59_N480_LOGICAL_124.v","kernel_success","448.8","logs/V59_N480_LOGICAL_124.coqc.log"
"480","V59_N480_PRODUCT_125","product","generated_coq/n480/V59_N480_PRODUCT_125.v","kernel_success","446.6","logs/V59_N480_PRODUCT_125.coqc.log"
"480","V59_N480_EQ_126","eq","generated_coq/n480/V59_N480_EQ_126.v","kernel_success","481.1","logs/V59_N480_EQ_126.coqc.log"
"480","V59_N480_SECTION_127","section","generated_coq/n480/V59_N480_SECTION_127.v","kernel_success","478","logs/V59_N480_SECTION_127.coqc.log"
"480","V59_N480_RETRACTION_128","retraction","generated_coq/n480/V59_N480_RETRACTION_128.v","kernel_success","549.9","logs/V59_N480_RETRACTION_128.coqc.log"
"480","V59_N480_LOGICAL_129","logical","generated_coq/n480/V59_N480_LOGICAL_129.v","kernel_success","517.4","logs/V59_N480_LOGICAL_129.coqc.log"
"480","V59_N480_PRODUCT_130","product","generated_coq/n480/V59_N480_PRODUCT_130.v","kernel_success","539.9","logs/V59_N480_PRODUCT_130.coqc.log"
"480","V59_N480_EQ_131","eq","generated_coq/n480/V59_N480_EQ_131.v","kernel_success","452.6","logs/V59_N480_EQ_131.coqc.log"
"480","V59_N480_SECTION_132","section","generated_coq/n480/V59_N480_SECTION_132.v","kernel_success","498.9","logs/V59_N480_SECTION_132.coqc.log"
"480","V59_N480_RETRACTION_133","retraction","generated_coq/n480/V59_N480_RETRACTION_133.v","kernel_success","457.5","logs/V59_N480_RETRACTION_133.coqc.log"
"480","V59_N480_LOGICAL_134","logical","generated_coq/n480/V59_N480_LOGICAL_134.v","kernel_success","431.3","logs/V59_N480_LOGICAL_134.coqc.log"
"480","V59_N480_PRODUCT_135","product","generated_coq/n480/V59_N480_PRODUCT_135.v","kernel_success","439.4","logs/V59_N480_PRODUCT_135.coqc.log"
"480","V59_N480_EQ_136","eq","generated_coq/n480/V59_N480_EQ_136.v","kernel_success","402.8","logs/V59_N480_EQ_136.coqc.log"
"480","V59_N480_SECTION_137","section","generated_coq/n480/V59_N480_SECTION_137.v","kernel_success","460.5","logs/V59_N480_SECTION_137.coqc.log"
"480","V59_N480_RETRACTION_138","retraction","generated_coq/n480/V59_N480_RETRACTION_138.v","kernel_success","451.9","logs/V59_N480_RETRACTION_138.coqc.log"
"480","V59_N480_LOGICAL_139","logical","generated_coq/n480/V59_N480_LOGICAL_139.v","kernel_success","479.8","logs/V59_N480_LOGICAL_139.coqc.log"
"480","V59_N480_PRODUCT_140","product","generated_coq/n480/V59_N480_PRODUCT_140.v","kernel_success","455","logs/V59_N480_PRODUCT_140.coqc.log"
"480","V59_N480_EQ_141","eq","generated_coq/n480/V59_N480_EQ_141.v","kernel_success","510.5","logs/V59_N480_EQ_141.coqc.log"
"480","V59_N480_SECTION_142","section","generated_coq/n480/V59_N480_SECTION_142.v","kernel_success","456.1","logs/V59_N480_SECTION_142.coqc.log"
"480","V59_N480_RETRACTION_143","retraction","generated_coq/n480/V59_N480_RETRACTION_143.v","kernel_success","424.9","logs/V59_N480_RETRACTION_143.coqc.log"
"480","V59_N480_LOGICAL_144","logical","generated_coq/n480/V59_N480_LOGICAL_144.v","kernel_success","442.6","logs/V59_N480_LOGICAL_144.coqc.log"
"480","V59_N480_PRODUCT_145","product","generated_coq/n480/V59_N480_PRODUCT_145.v","kernel_success","442.5","logs/V59_N480_PRODUCT_145.coqc.log"
"480","V59_N480_EQ_146","eq","generated_coq/n480/V59_N480_EQ_146.v","kernel_success","457.6","logs/V59_N480_EQ_146.coqc.log"
"480","V59_N480_SECTION_147","section","generated_coq/n480/V59_N480_SECTION_147.v","kernel_success","456.2","logs/V59_N480_SECTION_147.coqc.log"
"480","V59_N480_RETRACTION_148","retraction","generated_coq/n480/V59_N480_RETRACTION_148.v","kernel_success","477.6","logs/V59_N480_RETRACTION_148.coqc.log"
"480","V59_N480_LOGICAL_149","logical","generated_coq/n480/V59_N480_LOGICAL_149.v","kernel_success","569.5","logs/V59_N480_LOGICAL_149.coqc.log"
"480","V59_N480_PRODUCT_150","product","generated_coq/n480/V59_N480_PRODUCT_150.v","kernel_success","522.1","logs/V59_N480_PRODUCT_150.coqc.log"
"480","V59_N480_EQ_151","eq","generated_coq/n480/V59_N480_EQ_151.v","kernel_success","531","logs/V59_N480_EQ_151.coqc.log"
"480","V59_N480_SECTION_152","section","generated_coq/n480/V59_N480_SECTION_152.v","kernel_success","563.8","logs/V59_N480_SECTION_152.coqc.log"
"480","V59_N480_RETRACTION_153","retraction","generated_coq/n480/V59_N480_RETRACTION_153.v","kernel_success","498","logs/V59_N480_RETRACTION_153.coqc.log"
"480","V59_N480_LOGICAL_154","logical","generated_coq/n480/V59_N480_LOGICAL_154.v","kernel_success","484.9","logs/V59_N480_LOGICAL_154.coqc.log"
"480","V59_N480_PRODUCT_155","product","generated_coq/n480/V59_N480_PRODUCT_155.v","kernel_success","445.7","logs/V59_N480_PRODUCT_155.coqc.log"
"480","V59_N480_EQ_156","eq","generated_coq/n480/V59_N480_EQ_156.v","kernel_success","415.4","logs/V59_N480_EQ_156.coqc.log"
"480","V59_N480_SECTION_157","section","generated_coq/n480/V59_N480_SECTION_157.v","kernel_success","386.1","logs/V59_N480_SECTION_157.coqc.log"
"480","V59_N480_RETRACTION_158","retraction","generated_coq/n480/V59_N480_RETRACTION_158.v","kernel_success","426.7","logs/V59_N480_RETRACTION_158.coqc.log"
"480","V59_N480_LOGICAL_159","logical","generated_coq/n480/V59_N480_LOGICAL_159.v","kernel_success","462.8","logs/V59_N480_LOGICAL_159.coqc.log"
"480","V59_N480_PRODUCT_160","product","generated_coq/n480/V59_N480_PRODUCT_160.v","kernel_success","470.5","logs/V59_N480_PRODUCT_160.coqc.log"
"480","V59_N480_EQ_161","eq","generated_coq/n480/V59_N480_EQ_161.v","kernel_success","493","logs/V59_N480_EQ_161.coqc.log"
"480","V59_N480_SECTION_162","section","generated_coq/n480/V59_N480_SECTION_162.v","kernel_success","476.1","logs/V59_N480_SECTION_162.coqc.log"
"480","V59_N480_RETRACTION_163","retraction","generated_coq/n480/V59_N480_RETRACTION_163.v","kernel_success","460.5","logs/V59_N480_RETRACTION_163.coqc.log"
"480","V59_N480_LOGICAL_164","logical","generated_coq/n480/V59_N480_LOGICAL_164.v","kernel_success","456.9","logs/V59_N480_LOGICAL_164.coqc.log"
"480","V59_N480_PRODUCT_165","product","generated_coq/n480/V59_N480_PRODUCT_165.v","kernel_success","443.1","logs/V59_N480_PRODUCT_165.coqc.log"
"480","V59_N480_EQ_166","eq","generated_coq/n480/V59_N480_EQ_166.v","kernel_success","416.8","logs/V59_N480_EQ_166.coqc.log"
"480","V59_N480_SECTION_167","section","generated_coq/n480/V59_N480_SECTION_167.v","kernel_success","413.7","logs/V59_N480_SECTION_167.coqc.log"
"480","V59_N480_RETRACTION_168","retraction","generated_coq/n480/V59_N480_RETRACTION_168.v","kernel_success","436.2","logs/V59_N480_RETRACTION_168.coqc.log"
"480","V59_N480_LOGICAL_169","logical","generated_coq/n480/V59_N480_LOGICAL_169.v","kernel_success","449.2","logs/V59_N480_LOGICAL_169.coqc.log"
"480","V59_N480_PRODUCT_170","product","generated_coq/n480/V59_N480_PRODUCT_170.v","kernel_success","553.4","logs/V59_N480_PRODUCT_170.coqc.log"
"480","V59_N480_EQ_171","eq","generated_coq/n480/V59_N480_EQ_171.v","kernel_success","548.7","logs/V59_N480_EQ_171.coqc.log"
"480","V59_N480_SECTION_172","section","generated_coq/n480/V59_N480_SECTION_172.v","kernel_success","683.4","logs/V59_N480_SECTION_172.coqc.log"
"480","V59_N480_RETRACTION_173","retraction","generated_coq/n480/V59_N480_RETRACTION_173.v","kernel_success","944","logs/V59_N480_RETRACTION_173.coqc.log"
"480","V59_N480_LOGICAL_174","logical","generated_coq/n480/V59_N480_LOGICAL_174.v","kernel_success","932.8","logs/V59_N480_LOGICAL_174.coqc.log"
"480","V59_N480_PRODUCT_175","product","generated_coq/n480/V59_N480_PRODUCT_175.v","kernel_success","1051.9","logs/V59_N480_PRODUCT_175.coqc.log"
"480","V59_N480_EQ_176","eq","generated_coq/n480/V59_N480_EQ_176.v","kernel_success","1014.8","logs/V59_N480_EQ_176.coqc.log"
"480","V59_N480_SECTION_177","section","generated_coq/n480/V59_N480_SECTION_177.v","kernel_success","687.7","logs/V59_N480_SECTION_177.coqc.log"
"480","V59_N480_RETRACTION_178","retraction","generated_coq/n480/V59_N480_RETRACTION_178.v","kernel_success","728.3","logs/V59_N480_RETRACTION_178.coqc.log"
"480","V59_N480_LOGICAL_179","logical","generated_coq/n480/V59_N480_LOGICAL_179.v","kernel_success","679.8","logs/V59_N480_LOGICAL_179.coqc.log"
"480","V59_N480_PRODUCT_180","product","generated_coq/n480/V59_N480_PRODUCT_180.v","kernel_success","846.8","logs/V59_N480_PRODUCT_180.coqc.log"
"480","V59_N480_EQ_181","eq","generated_coq/n480/V59_N480_EQ_181.v","kernel_success","535.3","logs/V59_N480_EQ_181.coqc.log"
"480","V59_N480_SECTION_182","section","generated_coq/n480/V59_N480_SECTION_182.v","kernel_success","580.1","logs/V59_N480_SECTION_182.coqc.log"
"480","V59_N480_RETRACTION_183","retraction","generated_coq/n480/V59_N480_RETRACTION_183.v","kernel_success","702.9","logs/V59_N480_RETRACTION_183.coqc.log"
"480","V59_N480_LOGICAL_184","logical","generated_coq/n480/V59_N480_LOGICAL_184.v","kernel_success","605.6","logs/V59_N480_LOGICAL_184.coqc.log"
"480","V59_N480_PRODUCT_185","product","generated_coq/n480/V59_N480_PRODUCT_185.v","kernel_success","661.4","logs/V59_N480_PRODUCT_185.coqc.log"
"480","V59_N480_EQ_186","eq","generated_coq/n480/V59_N480_EQ_186.v","kernel_success","581.2","logs/V59_N480_EQ_186.coqc.log"
"480","V59_N480_SECTION_187","section","generated_coq/n480/V59_N480_SECTION_187.v","kernel_success","534.6","logs/V59_N480_SECTION_187.coqc.log"
"480","V59_N480_RETRACTION_188","retraction","generated_coq/n480/V59_N480_RETRACTION_188.v","kernel_success","557.5","logs/V59_N480_RETRACTION_188.coqc.log"
"480","V59_N480_LOGICAL_189","logical","generated_coq/n480/V59_N480_LOGICAL_189.v","kernel_success","503.7","logs/V59_N480_LOGICAL_189.coqc.log"
"480","V59_N480_PRODUCT_190","product","generated_coq/n480/V59_N480_PRODUCT_190.v","kernel_success","497.8","logs/V59_N480_PRODUCT_190.coqc.log"
"480","V59_N480_EQ_191","eq","generated_coq/n480/V59_N480_EQ_191.v","kernel_success","436.9","logs/V59_N480_EQ_191.coqc.log"
"480","V59_N480_SECTION_192","section","generated_coq/n480/V59_N480_SECTION_192.v","kernel_success","471.1","logs/V59_N480_SECTION_192.coqc.log"
"480","V59_N480_RETRACTION_193","retraction","generated_coq/n480/V59_N480_RETRACTION_193.v","kernel_success","532.7","logs/V59_N480_RETRACTION_193.coqc.log"
"480","V59_N480_LOGICAL_194","logical","generated_coq/n480/V59_N480_LOGICAL_194.v","kernel_success","531.4","logs/V59_N480_LOGICAL_194.coqc.log"
"480","V59_N480_PRODUCT_195","product","generated_coq/n480/V59_N480_PRODUCT_195.v","kernel_success","546.3","logs/V59_N480_PRODUCT_195.coqc.log"
"480","V59_N480_EQ_196","eq","generated_coq/n480/V59_N480_EQ_196.v","kernel_success","524.6","logs/V59_N480_EQ_196.coqc.log"
"480","V59_N480_SECTION_197","section","generated_coq/n480/V59_N480_SECTION_197.v","kernel_success","530","logs/V59_N480_SECTION_197.coqc.log"
"480","V59_N480_RETRACTION_198","retraction","generated_coq/n480/V59_N480_RETRACTION_198.v","kernel_success","501.6","logs/V59_N480_RETRACTION_198.coqc.log"
"480","V59_N480_LOGICAL_199","logical","generated_coq/n480/V59_N480_LOGICAL_199.v","kernel_success","432.6","logs/V59_N480_LOGICAL_199.coqc.log"
"480","V59_N480_PRODUCT_200","product","generated_coq/n480/V59_N480_PRODUCT_200.v","kernel_success","489.2","logs/V59_N480_PRODUCT_200.coqc.log"
"480","V59_N480_EQ_201","eq","generated_coq/n480/V59_N480_EQ_201.v","kernel_success","460","logs/V59_N480_EQ_201.coqc.log"
"480","V59_N480_SECTION_202","section","generated_coq/n480/V59_N480_SECTION_202.v","kernel_success","483","logs/V59_N480_SECTION_202.coqc.log"
"480","V59_N480_RETRACTION_203","retraction","generated_coq/n480/V59_N480_RETRACTION_203.v","kernel_success","512.9","logs/V59_N480_RETRACTION_203.coqc.log"
"480","V59_N480_LOGICAL_204","logical","generated_coq/n480/V59_N480_LOGICAL_204.v","kernel_success","537.5","logs/V59_N480_LOGICAL_204.coqc.log"
"480","V59_N480_PRODUCT_205","product","generated_coq/n480/V59_N480_PRODUCT_205.v","kernel_success","579.4","logs/V59_N480_PRODUCT_205.coqc.log"
"480","V59_N480_EQ_206","eq","generated_coq/n480/V59_N480_EQ_206.v","kernel_success","565.9","logs/V59_N480_EQ_206.coqc.log"
"480","V59_N480_SECTION_207","section","generated_coq/n480/V59_N480_SECTION_207.v","kernel_success","529.2","logs/V59_N480_SECTION_207.coqc.log"
"480","V59_N480_RETRACTION_208","retraction","generated_coq/n480/V59_N480_RETRACTION_208.v","kernel_success","521","logs/V59_N480_RETRACTION_208.coqc.log"
"480","V59_N480_LOGICAL_209","logical","generated_coq/n480/V59_N480_LOGICAL_209.v","kernel_success","529.1","logs/V59_N480_LOGICAL_209.coqc.log"
"480","V59_N480_PRODUCT_210","product","generated_coq/n480/V59_N480_PRODUCT_210.v","kernel_success","607.8","logs/V59_N480_PRODUCT_210.coqc.log"
"480","V59_N480_EQ_211","eq","generated_coq/n480/V59_N480_EQ_211.v","kernel_success","647.3","logs/V59_N480_EQ_211.coqc.log"
"480","V59_N480_SECTION_212","section","generated_coq/n480/V59_N480_SECTION_212.v","kernel_success","727.8","logs/V59_N480_SECTION_212.coqc.log"
"480","V59_N480_RETRACTION_213","retraction","generated_coq/n480/V59_N480_RETRACTION_213.v","kernel_success","606.3","logs/V59_N480_RETRACTION_213.coqc.log"
"480","V59_N480_LOGICAL_214","logical","generated_coq/n480/V59_N480_LOGICAL_214.v","kernel_success","624.9","logs/V59_N480_LOGICAL_214.coqc.log"
"480","V59_N480_PRODUCT_215","product","generated_coq/n480/V59_N480_PRODUCT_215.v","kernel_success","535.5","logs/V59_N480_PRODUCT_215.coqc.log"
"480","V59_N480_EQ_216","eq","generated_coq/n480/V59_N480_EQ_216.v","kernel_success","524.8","logs/V59_N480_EQ_216.coqc.log"
"480","V59_N480_SECTION_217","section","generated_coq/n480/V59_N480_SECTION_217.v","kernel_success","473.3","logs/V59_N480_SECTION_217.coqc.log"
"480","V59_N480_RETRACTION_218","retraction","generated_coq/n480/V59_N480_RETRACTION_218.v","kernel_success","482.2","logs/V59_N480_RETRACTION_218.coqc.log"
"480","V59_N480_LOGICAL_219","logical","generated_coq/n480/V59_N480_LOGICAL_219.v","kernel_success","481.5","logs/V59_N480_LOGICAL_219.coqc.log"
"480","V59_N480_PRODUCT_220","product","generated_coq/n480/V59_N480_PRODUCT_220.v","kernel_success","602.8","logs/V59_N480_PRODUCT_220.coqc.log"
"480","V59_N480_EQ_221","eq","generated_coq/n480/V59_N480_EQ_221.v","kernel_success","564.1","logs/V59_N480_EQ_221.coqc.log"
"480","V59_N480_SECTION_222","section","generated_coq/n480/V59_N480_SECTION_222.v","kernel_success","868","logs/V59_N480_SECTION_222.coqc.log"
"480","V59_N480_RETRACTION_223","retraction","generated_coq/n480/V59_N480_RETRACTION_223.v","kernel_success","1001.8","logs/V59_N480_RETRACTION_223.coqc.log"
"480","V59_N480_LOGICAL_224","logical","generated_coq/n480/V59_N480_LOGICAL_224.v","kernel_success","747.6","logs/V59_N480_LOGICAL_224.coqc.log"
"480","V59_N480_PRODUCT_225","product","generated_coq/n480/V59_N480_PRODUCT_225.v","kernel_success","554.8","logs/V59_N480_PRODUCT_225.coqc.log"
"480","V59_N480_EQ_226","eq","generated_coq/n480/V59_N480_EQ_226.v","kernel_success","571.5","logs/V59_N480_EQ_226.coqc.log"
"480","V59_N480_SECTION_227","section","generated_coq/n480/V59_N480_SECTION_227.v","kernel_success","949.6","logs/V59_N480_SECTION_227.coqc.log"
"480","V59_N480_RETRACTION_228","retraction","generated_coq/n480/V59_N480_RETRACTION_228.v","kernel_success","537.9","logs/V59_N480_RETRACTION_228.coqc.log"
"480","V59_N480_LOGICAL_229","logical","generated_coq/n480/V59_N480_LOGICAL_229.v","kernel_success","825.4","logs/V59_N480_LOGICAL_229.coqc.log"
"480","V59_N480_PRODUCT_230","product","generated_coq/n480/V59_N480_PRODUCT_230.v","kernel_success","698.3","logs/V59_N480_PRODUCT_230.coqc.log"
"480","V59_N480_EQ_231","eq","generated_coq/n480/V59_N480_EQ_231.v","kernel_success","759.3","logs/V59_N480_EQ_231.coqc.log"
"480","V59_N480_SECTION_232","section","generated_coq/n480/V59_N480_SECTION_232.v","kernel_success","609.7","logs/V59_N480_SECTION_232.coqc.log"
"480","V59_N480_RETRACTION_233","retraction","generated_coq/n480/V59_N480_RETRACTION_233.v","kernel_success","531.3","logs/V59_N480_RETRACTION_233.coqc.log"
"480","V59_N480_LOGICAL_234","logical","generated_coq/n480/V59_N480_LOGICAL_234.v","kernel_success","507.1","logs/V59_N480_LOGICAL_234.coqc.log"
"480","V59_N480_PRODUCT_235","product","generated_coq/n480/V59_N480_PRODUCT_235.v","kernel_success","462.5","logs/V59_N480_PRODUCT_235.coqc.log"
"480","V59_N480_EQ_236","eq","generated_coq/n480/V59_N480_EQ_236.v","kernel_success","451.9","logs/V59_N480_EQ_236.coqc.log"
"480","V59_N480_SECTION_237","section","generated_coq/n480/V59_N480_SECTION_237.v","kernel_success","474.2","logs/V59_N480_SECTION_237.coqc.log"
"480","V59_N480_RETRACTION_238","retraction","generated_coq/n480/V59_N480_RETRACTION_238.v","kernel_success","484","logs/V59_N480_RETRACTION_238.coqc.log"
"480","V59_N480_LOGICAL_239","logical","generated_coq/n480/V59_N480_LOGICAL_239.v","kernel_success","446.6","logs/V59_N480_LOGICAL_239.coqc.log"
"480","V59_N480_PRODUCT_240","product","generated_coq/n480/V59_N480_PRODUCT_240.v","kernel_success","460.9","logs/V59_N480_PRODUCT_240.coqc.log"
"480","V59_N480_EQ_241","eq","generated_coq/n480/V59_N480_EQ_241.v","kernel_success","459.2","logs/V59_N480_EQ_241.coqc.log"
"480","V59_N480_SECTION_242","section","generated_coq/n480/V59_N480_SECTION_242.v","kernel_success","391","logs/V59_N480_SECTION_242.coqc.log"
"480","V59_N480_RETRACTION_243","retraction","generated_coq/n480/V59_N480_RETRACTION_243.v","kernel_success","427.8","logs/V59_N480_RETRACTION_243.coqc.log"
"480","V59_N480_LOGICAL_244","logical","generated_coq/n480/V59_N480_LOGICAL_244.v","kernel_success","412","logs/V59_N480_LOGICAL_244.coqc.log"
"480","V59_N480_PRODUCT_245","product","generated_coq/n480/V59_N480_PRODUCT_245.v","kernel_success","391.6","logs/V59_N480_PRODUCT_245.coqc.log"
"480","V59_N480_EQ_246","eq","generated_coq/n480/V59_N480_EQ_246.v","kernel_success","440.8","logs/V59_N480_EQ_246.coqc.log"
"480","V59_N480_SECTION_247","section","generated_coq/n480/V59_N480_SECTION_247.v","kernel_success","461.8","logs/V59_N480_SECTION_247.coqc.log"
"480","V59_N480_RETRACTION_248","retraction","generated_coq/n480/V59_N480_RETRACTION_248.v","kernel_success","475.9","logs/V59_N480_RETRACTION_248.coqc.log"
"480","V59_N480_LOGICAL_249","logical","generated_coq/n480/V59_N480_LOGICAL_249.v","kernel_success","466.3","logs/V59_N480_LOGICAL_249.coqc.log"
"480","V59_N480_PRODUCT_250","product","generated_coq/n480/V59_N480_PRODUCT_250.v","kernel_success","471.4","logs/V59_N480_PRODUCT_250.coqc.log"
"480","V59_N480_EQ_251","eq","generated_coq/n480/V59_N480_EQ_251.v","kernel_success","503.5","logs/V59_N480_EQ_251.coqc.log"
"480","V59_N480_SECTION_252","section","generated_coq/n480/V59_N480_SECTION_252.v","kernel_success","492.9","logs/V59_N480_SECTION_252.coqc.log"
"480","V59_N480_RETRACTION_253","retraction","generated_coq/n480/V59_N480_RETRACTION_253.v","kernel_success","420.6","logs/V59_N480_RETRACTION_253.coqc.log"
"480","V59_N480_LOGICAL_254","logical","generated_coq/n480/V59_N480_LOGICAL_254.v","kernel_success","465.2","logs/V59_N480_LOGICAL_254.coqc.log"
"480","V59_N480_PRODUCT_255","product","generated_coq/n480/V59_N480_PRODUCT_255.v","kernel_success","406","logs/V59_N480_PRODUCT_255.coqc.log"
"480","V59_N480_EQ_256","eq","generated_coq/n480/V59_N480_EQ_256.v","kernel_success","385.7","logs/V59_N480_EQ_256.coqc.log"
"480","V59_N480_SECTION_257","section","generated_coq/n480/V59_N480_SECTION_257.v","kernel_success","440.8","logs/V59_N480_SECTION_257.coqc.log"
"480","V59_N480_RETRACTION_258","retraction","generated_coq/n480/V59_N480_RETRACTION_258.v","kernel_success","393.4","logs/V59_N480_RETRACTION_258.coqc.log"
"480","V59_N480_LOGICAL_259","logical","generated_coq/n480/V59_N480_LOGICAL_259.v","kernel_success","439","logs/V59_N480_LOGICAL_259.coqc.log"
"480","V59_N480_PRODUCT_260","product","generated_coq/n480/V59_N480_PRODUCT_260.v","kernel_success","475.3","logs/V59_N480_PRODUCT_260.coqc.log"
"480","V59_N480_EQ_261","eq","generated_coq/n480/V59_N480_EQ_261.v","kernel_success","601.8","logs/V59_N480_EQ_261.coqc.log"
"480","V59_N480_SECTION_262","section","generated_coq/n480/V59_N480_SECTION_262.v","kernel_success","874.2","logs/V59_N480_SECTION_262.coqc.log"
"480","V59_N480_RETRACTION_263","retraction","generated_coq/n480/V59_N480_RETRACTION_263.v","kernel_success","1880.3","logs/V59_N480_RETRACTION_263.coqc.log"
"480","V59_N480_LOGICAL_264","logical","generated_coq/n480/V59_N480_LOGICAL_264.v","kernel_success","2145.4","logs/V59_N480_LOGICAL_264.coqc.log"
"480","V59_N480_PRODUCT_265","product","generated_coq/n480/V59_N480_PRODUCT_265.v","kernel_success","1304.6","logs/V59_N480_PRODUCT_265.coqc.log"
"480","V59_N480_EQ_266","eq","generated_coq/n480/V59_N480_EQ_266.v","kernel_success","729.3","logs/V59_N480_EQ_266.coqc.log"
"480","V59_N480_SECTION_267","section","generated_coq/n480/V59_N480_SECTION_267.v","kernel_success","822.8","logs/V59_N480_SECTION_267.coqc.log"
"480","V59_N480_RETRACTION_268","retraction","generated_coq/n480/V59_N480_RETRACTION_268.v","kernel_success","567.8","logs/V59_N480_RETRACTION_268.coqc.log"
"480","V59_N480_LOGICAL_269","logical","generated_coq/n480/V59_N480_LOGICAL_269.v","kernel_success","515.7","logs/V59_N480_LOGICAL_269.coqc.log"
"480","V59_N480_PRODUCT_270","product","generated_coq/n480/V59_N480_PRODUCT_270.v","kernel_success","476.9","logs/V59_N480_PRODUCT_270.coqc.log"
"480","V59_N480_EQ_271","eq","generated_coq/n480/V59_N480_EQ_271.v","kernel_success","447.6","logs/V59_N480_EQ_271.coqc.log"
"480","V59_N480_SECTION_272","section","generated_coq/n480/V59_N480_SECTION_272.v","kernel_success","504.7","logs/V59_N480_SECTION_272.coqc.log"
"480","V59_N480_RETRACTION_273","retraction","generated_coq/n480/V59_N480_RETRACTION_273.v","kernel_success","477.2","logs/V59_N480_RETRACTION_273.coqc.log"
"480","V59_N480_LOGICAL_274","logical","generated_coq/n480/V59_N480_LOGICAL_274.v","kernel_success","507.6","logs/V59_N480_LOGICAL_274.coqc.log"
"480","V59_N480_PRODUCT_275","product","generated_coq/n480/V59_N480_PRODUCT_275.v","kernel_success","452","logs/V59_N480_PRODUCT_275.coqc.log"
"480","V59_N480_EQ_276","eq","generated_coq/n480/V59_N480_EQ_276.v","kernel_success","432.2","logs/V59_N480_EQ_276.coqc.log"
"480","V59_N480_SECTION_277","section","generated_coq/n480/V59_N480_SECTION_277.v","kernel_success","415.7","logs/V59_N480_SECTION_277.coqc.log"
"480","V59_N480_RETRACTION_278","retraction","generated_coq/n480/V59_N480_RETRACTION_278.v","kernel_success","406.6","logs/V59_N480_RETRACTION_278.coqc.log"
"480","V59_N480_LOGICAL_279","logical","generated_coq/n480/V59_N480_LOGICAL_279.v","kernel_success","392.7","logs/V59_N480_LOGICAL_279.coqc.log"
"480","V59_N480_PRODUCT_280","product","generated_coq/n480/V59_N480_PRODUCT_280.v","kernel_success","385.2","logs/V59_N480_PRODUCT_280.coqc.log"
"480","V59_N480_EQ_281","eq","generated_coq/n480/V59_N480_EQ_281.v","kernel_success","427.2","logs/V59_N480_EQ_281.coqc.log"
"480","V59_N480_SECTION_282","section","generated_coq/n480/V59_N480_SECTION_282.v","kernel_success","475","logs/V59_N480_SECTION_282.coqc.log"
"480","V59_N480_RETRACTION_283","retraction","generated_coq/n480/V59_N480_RETRACTION_283.v","kernel_success","494.9","logs/V59_N480_RETRACTION_283.coqc.log"
"480","V59_N480_LOGICAL_284","logical","generated_coq/n480/V59_N480_LOGICAL_284.v","kernel_success","514.6","logs/V59_N480_LOGICAL_284.coqc.log"
"480","V59_N480_PRODUCT_285","product","generated_coq/n480/V59_N480_PRODUCT_285.v","kernel_success","621.1","logs/V59_N480_PRODUCT_285.coqc.log"
"480","V59_N480_EQ_286","eq","generated_coq/n480/V59_N480_EQ_286.v","kernel_success","607.8","logs/V59_N480_EQ_286.coqc.log"
"480","V59_N480_SECTION_287","section","generated_coq/n480/V59_N480_SECTION_287.v","kernel_success","525.1","logs/V59_N480_SECTION_287.coqc.log"
"480","V59_N480_RETRACTION_288","retraction","generated_coq/n480/V59_N480_RETRACTION_288.v","kernel_success","546.7","logs/V59_N480_RETRACTION_288.coqc.log"
"480","V59_N480_LOGICAL_289","logical","generated_coq/n480/V59_N480_LOGICAL_289.v","kernel_success","495.3","logs/V59_N480_LOGICAL_289.coqc.log"
"480","V59_N480_PRODUCT_290","product","generated_coq/n480/V59_N480_PRODUCT_290.v","kernel_success","531.5","logs/V59_N480_PRODUCT_290.coqc.log"
"480","V59_N480_EQ_291","eq","generated_coq/n480/V59_N480_EQ_291.v","kernel_success","454.1","logs/V59_N480_EQ_291.coqc.log"
"480","V59_N480_SECTION_292","section","generated_coq/n480/V59_N480_SECTION_292.v","kernel_success","460.7","logs/V59_N480_SECTION_292.coqc.log"
"480","V59_N480_RETRACTION_293","retraction","generated_coq/n480/V59_N480_RETRACTION_293.v","kernel_success","505.6","logs/V59_N480_RETRACTION_293.coqc.log"
"480","V59_N480_LOGICAL_294","logical","generated_coq/n480/V59_N480_LOGICAL_294.v","kernel_success","543.5","logs/V59_N480_LOGICAL_294.coqc.log"
"480","V59_N480_PRODUCT_295","product","generated_coq/n480/V59_N480_PRODUCT_295.v","kernel_success","1007.8","logs/V59_N480_PRODUCT_295.coqc.log"
"480","V59_N480_EQ_296","eq","generated_coq/n480/V59_N480_EQ_296.v","kernel_success","838.9","logs/V59_N480_EQ_296.coqc.log"
"480","V59_N480_SECTION_297","section","generated_coq/n480/V59_N480_SECTION_297.v","kernel_success","1293.8","logs/V59_N480_SECTION_297.coqc.log"
"480","V59_N480_RETRACTION_298","retraction","generated_coq/n480/V59_N480_RETRACTION_298.v","kernel_success","781.4","logs/V59_N480_RETRACTION_298.coqc.log"
"480","V59_N480_LOGICAL_299","logical","generated_coq/n480/V59_N480_LOGICAL_299.v","kernel_success","1383.4","logs/V59_N480_LOGICAL_299.coqc.log"
"480","V59_N480_PRODUCT_300","product","generated_coq/n480/V59_N480_PRODUCT_300.v","kernel_success","1419.3","logs/V59_N480_PRODUCT_300.coqc.log"
"480","V59_N480_EQ_301","eq","generated_coq/n480/V59_N480_EQ_301.v","kernel_success","2075.2","logs/V59_N480_EQ_301.coqc.log"
"480","V59_N480_SECTION_302","section","generated_coq/n480/V59_N480_SECTION_302.v","kernel_success","1172.2","logs/V59_N480_SECTION_302.coqc.log"
"480","V59_N480_RETRACTION_303","retraction","generated_coq/n480/V59_N480_RETRACTION_303.v","kernel_success","639","logs/V59_N480_RETRACTION_303.coqc.log"
"480","V59_N480_LOGICAL_304","logical","generated_coq/n480/V59_N480_LOGICAL_304.v","kernel_success","512.3","logs/V59_N480_LOGICAL_304.coqc.log"
"480","V59_N480_PRODUCT_305","product","generated_coq/n480/V59_N480_PRODUCT_305.v","kernel_success","590.4","logs/V59_N480_PRODUCT_305.coqc.log"
"480","V59_N480_EQ_306","eq","generated_coq/n480/V59_N480_EQ_306.v","kernel_success","504.4","logs/V59_N480_EQ_306.coqc.log"
"480","V59_N480_SECTION_307","section","generated_coq/n480/V59_N480_SECTION_307.v","kernel_success","497.3","logs/V59_N480_SECTION_307.coqc.log"
"480","V59_N480_RETRACTION_308","retraction","generated_coq/n480/V59_N480_RETRACTION_308.v","kernel_success","472.2","logs/V59_N480_RETRACTION_308.coqc.log"
"480","V59_N480_LOGICAL_309","logical","generated_coq/n480/V59_N480_LOGICAL_309.v","kernel_success","496.5","logs/V59_N480_LOGICAL_309.coqc.log"
"480","V59_N480_PRODUCT_310","product","generated_coq/n480/V59_N480_PRODUCT_310.v","kernel_success","419.3","logs/V59_N480_PRODUCT_310.coqc.log"
"480","V59_N480_EQ_311","eq","generated_coq/n480/V59_N480_EQ_311.v","kernel_success","437.9","logs/V59_N480_EQ_311.coqc.log"
"480","V59_N480_SECTION_312","section","generated_coq/n480/V59_N480_SECTION_312.v","kernel_success","466.6","logs/V59_N480_SECTION_312.coqc.log"
"480","V59_N480_RETRACTION_313","retraction","generated_coq/n480/V59_N480_RETRACTION_313.v","kernel_success","471.7","logs/V59_N480_RETRACTION_313.coqc.log"
"480","V59_N480_LOGICAL_314","logical","generated_coq/n480/V59_N480_LOGICAL_314.v","kernel_success","539.3","logs/V59_N480_LOGICAL_314.coqc.log"
"480","V59_N480_PRODUCT_315","product","generated_coq/n480/V59_N480_PRODUCT_315.v","kernel_success","481.3","logs/V59_N480_PRODUCT_315.coqc.log"
"480","V59_N480_EQ_316","eq","generated_coq/n480/V59_N480_EQ_316.v","kernel_success","469","logs/V59_N480_EQ_316.coqc.log"
"480","V59_N480_SECTION_317","section","generated_coq/n480/V59_N480_SECTION_317.v","kernel_success","439.8","logs/V59_N480_SECTION_317.coqc.log"
"480","V59_N480_RETRACTION_318","retraction","generated_coq/n480/V59_N480_RETRACTION_318.v","kernel_success","455","logs/V59_N480_RETRACTION_318.coqc.log"
"480","V59_N480_LOGICAL_319","logical","generated_coq/n480/V59_N480_LOGICAL_319.v","kernel_success","385.9","logs/V59_N480_LOGICAL_319.coqc.log"
"480","V59_N480_PRODUCT_320","product","generated_coq/n480/V59_N480_PRODUCT_320.v","kernel_success","395.7","logs/V59_N480_PRODUCT_320.coqc.log"
"480","V59_N480_EQ_321","eq","generated_coq/n480/V59_N480_EQ_321.v","kernel_success","392.8","logs/V59_N480_EQ_321.coqc.log"
"480","V59_N480_SECTION_322","section","generated_coq/n480/V59_N480_SECTION_322.v","kernel_success","484.6","logs/V59_N480_SECTION_322.coqc.log"
"480","V59_N480_RETRACTION_323","retraction","generated_coq/n480/V59_N480_RETRACTION_323.v","kernel_success","459","logs/V59_N480_RETRACTION_323.coqc.log"
"480","V59_N480_LOGICAL_324","logical","generated_coq/n480/V59_N480_LOGICAL_324.v","kernel_success","483.3","logs/V59_N480_LOGICAL_324.coqc.log"
"480","V59_N480_PRODUCT_325","product","generated_coq/n480/V59_N480_PRODUCT_325.v","kernel_success","559","logs/V59_N480_PRODUCT_325.coqc.log"
"480","V59_N480_EQ_326","eq","generated_coq/n480/V59_N480_EQ_326.v","kernel_success","529.6","logs/V59_N480_EQ_326.coqc.log"
"480","V59_N480_SECTION_327","section","generated_coq/n480/V59_N480_SECTION_327.v","kernel_success","505.7","logs/V59_N480_SECTION_327.coqc.log"
"480","V59_N480_RETRACTION_328","retraction","generated_coq/n480/V59_N480_RETRACTION_328.v","kernel_success","483.9","logs/V59_N480_RETRACTION_328.coqc.log"
"480","V59_N480_LOGICAL_329","logical","generated_coq/n480/V59_N480_LOGICAL_329.v","kernel_success","424.2","logs/V59_N480_LOGICAL_329.coqc.log"
"480","V59_N480_PRODUCT_330","product","generated_coq/n480/V59_N480_PRODUCT_330.v","kernel_success","423.2","logs/V59_N480_PRODUCT_330.coqc.log"
"480","V59_N480_EQ_331","eq","generated_coq/n480/V59_N480_EQ_331.v","kernel_success","446.4","logs/V59_N480_EQ_331.coqc.log"
"480","V59_N480_SECTION_332","section","generated_coq/n480/V59_N480_SECTION_332.v","kernel_success","414.1","logs/V59_N480_SECTION_332.coqc.log"
"480","V59_N480_RETRACTION_333","retraction","generated_coq/n480/V59_N480_RETRACTION_333.v","kernel_success","467.9","logs/V59_N480_RETRACTION_333.coqc.log"
"480","V59_N480_LOGICAL_334","logical","generated_coq/n480/V59_N480_LOGICAL_334.v","kernel_success","478.9","logs/V59_N480_LOGICAL_334.coqc.log"
"480","V59_N480_PRODUCT_335","product","generated_coq/n480/V59_N480_PRODUCT_335.v","kernel_success","509","logs/V59_N480_PRODUCT_335.coqc.log"
"480","V59_N480_EQ_336","eq","generated_coq/n480/V59_N480_EQ_336.v","kernel_success","555.9","logs/V59_N480_EQ_336.coqc.log"
"480","V59_N480_SECTION_337","section","generated_coq/n480/V59_N480_SECTION_337.v","kernel_success","614.3","logs/V59_N480_SECTION_337.coqc.log"
"480","V59_N480_RETRACTION_338","retraction","generated_coq/n480/V59_N480_RETRACTION_338.v","kernel_success","523","logs/V59_N480_RETRACTION_338.coqc.log"
"480","V59_N480_LOGICAL_339","logical","generated_coq/n480/V59_N480_LOGICAL_339.v","kernel_success","548.1","logs/V59_N480_LOGICAL_339.coqc.log"
"480","V59_N480_PRODUCT_340","product","generated_coq/n480/V59_N480_PRODUCT_340.v","kernel_success","533.3","logs/V59_N480_PRODUCT_340.coqc.log"
"480","V59_N480_EQ_341","eq","generated_coq/n480/V59_N480_EQ_341.v","kernel_success","480.2","logs/V59_N480_EQ_341.coqc.log"
"480","V59_N480_SECTION_342","section","generated_coq/n480/V59_N480_SECTION_342.v","kernel_success","484.7","logs/V59_N480_SECTION_342.coqc.log"
"480","V59_N480_RETRACTION_343","retraction","generated_coq/n480/V59_N480_RETRACTION_343.v","kernel_success","535.8","logs/V59_N480_RETRACTION_343.coqc.log"
"480","V59_N480_LOGICAL_344","logical","generated_coq/n480/V59_N480_LOGICAL_344.v","kernel_success","521.3","logs/V59_N480_LOGICAL_344.coqc.log"
"480","V59_N480_PRODUCT_345","product","generated_coq/n480/V59_N480_PRODUCT_345.v","kernel_success","611.3","logs/V59_N480_PRODUCT_345.coqc.log"
"480","V59_N480_EQ_346","eq","generated_coq/n480/V59_N480_EQ_346.v","kernel_success","586.9","logs/V59_N480_EQ_346.coqc.log"
"480","V59_N480_SECTION_347","section","generated_coq/n480/V59_N480_SECTION_347.v","kernel_success","513.4","logs/V59_N480_SECTION_347.coqc.log"
"480","V59_N480_RETRACTION_348","retraction","generated_coq/n480/V59_N480_RETRACTION_348.v","kernel_success","530.9","logs/V59_N480_RETRACTION_348.coqc.log"
"480","V59_N480_LOGICAL_349","logical","generated_coq/n480/V59_N480_LOGICAL_349.v","kernel_success","657","logs/V59_N480_LOGICAL_349.coqc.log"
"480","V59_N480_PRODUCT_350","product","generated_coq/n480/V59_N480_PRODUCT_350.v","kernel_success","521.6","logs/V59_N480_PRODUCT_350.coqc.log"
"480","V59_N480_EQ_351","eq","generated_coq/n480/V59_N480_EQ_351.v","kernel_success","522.7","logs/V59_N480_EQ_351.coqc.log"
"480","V59_N480_SECTION_352","section","generated_coq/n480/V59_N480_SECTION_352.v","kernel_success","604.7","logs/V59_N480_SECTION_352.coqc.log"
"480","V59_N480_RETRACTION_353","retraction","generated_coq/n480/V59_N480_RETRACTION_353.v","kernel_success","752.8","logs/V59_N480_RETRACTION_353.coqc.log"
"480","V59_N480_LOGICAL_354","logical","generated_coq/n480/V59_N480_LOGICAL_354.v","kernel_success","575","logs/V59_N480_LOGICAL_354.coqc.log"
"480","V59_N480_PRODUCT_355","product","generated_coq/n480/V59_N480_PRODUCT_355.v","kernel_success","666.3","logs/V59_N480_PRODUCT_355.coqc.log"
"480","V59_N480_EQ_356","eq","generated_coq/n480/V59_N480_EQ_356.v","kernel_success","548","logs/V59_N480_EQ_356.coqc.log"
"480","V59_N480_SECTION_357","section","generated_coq/n480/V59_N480_SECTION_357.v","kernel_success","524.6","logs/V59_N480_SECTION_357.coqc.log"
"480","V59_N480_RETRACTION_358","retraction","generated_coq/n480/V59_N480_RETRACTION_358.v","kernel_success","497.1","logs/V59_N480_RETRACTION_358.coqc.log"
"480","V59_N480_LOGICAL_359","logical","generated_coq/n480/V59_N480_LOGICAL_359.v","kernel_success","454.7","logs/V59_N480_LOGICAL_359.coqc.log"
"480","V59_N480_PRODUCT_360","product","generated_coq/n480/V59_N480_PRODUCT_360.v","kernel_success","463.4","logs/V59_N480_PRODUCT_360.coqc.log"
"480","V59_N480_EQ_361","eq","generated_coq/n480/V59_N480_EQ_361.v","kernel_success","430.7","logs/V59_N480_EQ_361.coqc.log"
"480","V59_N480_SECTION_362","section","generated_coq/n480/V59_N480_SECTION_362.v","kernel_success","436.4","logs/V59_N480_SECTION_362.coqc.log"
"480","V59_N480_RETRACTION_363","retraction","generated_coq/n480/V59_N480_RETRACTION_363.v","kernel_success","449.1","logs/V59_N480_RETRACTION_363.coqc.log"
"480","V59_N480_LOGICAL_364","logical","generated_coq/n480/V59_N480_LOGICAL_364.v","kernel_success","525.7","logs/V59_N480_LOGICAL_364.coqc.log"
"480","V59_N480_PRODUCT_365","product","generated_coq/n480/V59_N480_PRODUCT_365.v","kernel_success","467.8","logs/V59_N480_PRODUCT_365.coqc.log"
"480","V59_N480_EQ_366","eq","generated_coq/n480/V59_N480_EQ_366.v","kernel_success","508.6","logs/V59_N480_EQ_366.coqc.log"
"480","V59_N480_SECTION_367","section","generated_coq/n480/V59_N480_SECTION_367.v","kernel_success","493.1","logs/V59_N480_SECTION_367.coqc.log"
"480","V59_N480_RETRACTION_368","retraction","generated_coq/n480/V59_N480_RETRACTION_368.v","kernel_success","446.7","logs/V59_N480_RETRACTION_368.coqc.log"
"480","V59_N480_LOGICAL_369","logical","generated_coq/n480/V59_N480_LOGICAL_369.v","kernel_success","447.5","logs/V59_N480_LOGICAL_369.coqc.log"
"480","V59_N480_PRODUCT_370","product","generated_coq/n480/V59_N480_PRODUCT_370.v","kernel_success","421","logs/V59_N480_PRODUCT_370.coqc.log"
"480","V59_N480_EQ_371","eq","generated_coq/n480/V59_N480_EQ_371.v","kernel_success","496.9","logs/V59_N480_EQ_371.coqc.log"
"480","V59_N480_SECTION_372","section","generated_coq/n480/V59_N480_SECTION_372.v","kernel_success","459.7","logs/V59_N480_SECTION_372.coqc.log"
"480","V59_N480_RETRACTION_373","retraction","generated_coq/n480/V59_N480_RETRACTION_373.v","kernel_success","486.8","logs/V59_N480_RETRACTION_373.coqc.log"
"480","V59_N480_LOGICAL_374","logical","generated_coq/n480/V59_N480_LOGICAL_374.v","kernel_success","517.7","logs/V59_N480_LOGICAL_374.coqc.log"
"480","V59_N480_PRODUCT_375","product","generated_coq/n480/V59_N480_PRODUCT_375.v","kernel_success","666.4","logs/V59_N480_PRODUCT_375.coqc.log"
"480","V59_N480_EQ_376","eq","generated_coq/n480/V59_N480_EQ_376.v","kernel_success","503.3","logs/V59_N480_EQ_376.coqc.log"
"480","V59_N480_SECTION_377","section","generated_coq/n480/V59_N480_SECTION_377.v","kernel_success","535.6","logs/V59_N480_SECTION_377.coqc.log"
"480","V59_N480_RETRACTION_378","retraction","generated_coq/n480/V59_N480_RETRACTION_378.v","kernel_success","441.8","logs/V59_N480_RETRACTION_378.coqc.log"
"480","V59_N480_LOGICAL_379","logical","generated_coq/n480/V59_N480_LOGICAL_379.v","kernel_success","431.6","logs/V59_N480_LOGICAL_379.coqc.log"
"480","V59_N480_PRODUCT_380","product","generated_coq/n480/V59_N480_PRODUCT_380.v","kernel_success","418.7","logs/V59_N480_PRODUCT_380.coqc.log"
"480","V59_N480_EQ_381","eq","generated_coq/n480/V59_N480_EQ_381.v","kernel_success","495.5","logs/V59_N480_EQ_381.coqc.log"
"480","V59_N480_SECTION_382","section","generated_coq/n480/V59_N480_SECTION_382.v","kernel_success","426.7","logs/V59_N480_SECTION_382.coqc.log"
"480","V59_N480_RETRACTION_383","retraction","generated_coq/n480/V59_N480_RETRACTION_383.v","kernel_success","523","logs/V59_N480_RETRACTION_383.coqc.log"
"480","V59_N480_LOGICAL_384","logical","generated_coq/n480/V59_N480_LOGICAL_384.v","kernel_success","499.2","logs/V59_N480_LOGICAL_384.coqc.log"
"480","V59_N480_PRODUCT_385","product","generated_coq/n480/V59_N480_PRODUCT_385.v","kernel_success","616.4","logs/V59_N480_PRODUCT_385.coqc.log"
"480","V59_N480_EQ_386","eq","generated_coq/n480/V59_N480_EQ_386.v","kernel_success","512.5","logs/V59_N480_EQ_386.coqc.log"
"480","V59_N480_SECTION_387","section","generated_coq/n480/V59_N480_SECTION_387.v","kernel_success","556.4","logs/V59_N480_SECTION_387.coqc.log"
"480","V59_N480_RETRACTION_388","retraction","generated_coq/n480/V59_N480_RETRACTION_388.v","kernel_success","529.6","logs/V59_N480_RETRACTION_388.coqc.log"
"480","V59_N480_LOGICAL_389","logical","generated_coq/n480/V59_N480_LOGICAL_389.v","kernel_success","523.9","logs/V59_N480_LOGICAL_389.coqc.log"
"480","V59_N480_PRODUCT_390","product","generated_coq/n480/V59_N480_PRODUCT_390.v","kernel_success","530.3","logs/V59_N480_PRODUCT_390.coqc.log"
"480","V59_N480_EQ_391","eq","generated_coq/n480/V59_N480_EQ_391.v","kernel_success","452.3","logs/V59_N480_EQ_391.coqc.log"
"480","V59_N480_SECTION_392","section","generated_coq/n480/V59_N480_SECTION_392.v","kernel_success","444","logs/V59_N480_SECTION_392.coqc.log"
"480","V59_N480_RETRACTION_393","retraction","generated_coq/n480/V59_N480_RETRACTION_393.v","kernel_success","479.3","logs/V59_N480_RETRACTION_393.coqc.log"
"480","V59_N480_LOGICAL_394","logical","generated_coq/n480/V59_N480_LOGICAL_394.v","kernel_success","482.1","logs/V59_N480_LOGICAL_394.coqc.log"
"480","V59_N480_PRODUCT_395","product","generated_coq/n480/V59_N480_PRODUCT_395.v","kernel_success","522.5","logs/V59_N480_PRODUCT_395.coqc.log"
"480","V59_N480_EQ_396","eq","generated_coq/n480/V59_N480_EQ_396.v","kernel_success","533.1","logs/V59_N480_EQ_396.coqc.log"
"480","V59_N480_SECTION_397","section","generated_coq/n480/V59_N480_SECTION_397.v","kernel_success","532","logs/V59_N480_SECTION_397.coqc.log"
"480","V59_N480_RETRACTION_398","retraction","generated_coq/n480/V59_N480_RETRACTION_398.v","kernel_success","486.9","logs/V59_N480_RETRACTION_398.coqc.log"
"480","V59_N480_LOGICAL_399","logical","generated_coq/n480/V59_N480_LOGICAL_399.v","kernel_success","494.2","logs/V59_N480_LOGICAL_399.coqc.log"
"480","V59_N480_PRODUCT_400","product","generated_coq/n480/V59_N480_PRODUCT_400.v","kernel_success","432.4","logs/V59_N480_PRODUCT_400.coqc.log"
"480","V59_N480_EQ_401","eq","generated_coq/n480/V59_N480_EQ_401.v","kernel_success","436.4","logs/V59_N480_EQ_401.coqc.log"
"480","V59_N480_SECTION_402","section","generated_coq/n480/V59_N480_SECTION_402.v","kernel_success","411.1","logs/V59_N480_SECTION_402.coqc.log"
"480","V59_N480_RETRACTION_403","retraction","generated_coq/n480/V59_N480_RETRACTION_403.v","kernel_success","481.8","logs/V59_N480_RETRACTION_403.coqc.log"
"480","V59_N480_LOGICAL_404","logical","generated_coq/n480/V59_N480_LOGICAL_404.v","kernel_success","494.5","logs/V59_N480_LOGICAL_404.coqc.log"
"480","V59_N480_PRODUCT_405","product","generated_coq/n480/V59_N480_PRODUCT_405.v","kernel_success","620.2","logs/V59_N480_PRODUCT_405.coqc.log"
"480","V59_N480_EQ_406","eq","generated_coq/n480/V59_N480_EQ_406.v","kernel_success","572.3","logs/V59_N480_EQ_406.coqc.log"
"480","V59_N480_SECTION_407","section","generated_coq/n480/V59_N480_SECTION_407.v","kernel_success","837.7","logs/V59_N480_SECTION_407.coqc.log"
"480","V59_N480_RETRACTION_408","retraction","generated_coq/n480/V59_N480_RETRACTION_408.v","kernel_success","599.6","logs/V59_N480_RETRACTION_408.coqc.log"
"480","V59_N480_LOGICAL_409","logical","generated_coq/n480/V59_N480_LOGICAL_409.v","kernel_success","586.9","logs/V59_N480_LOGICAL_409.coqc.log"
"480","V59_N480_PRODUCT_410","product","generated_coq/n480/V59_N480_PRODUCT_410.v","kernel_success","549","logs/V59_N480_PRODUCT_410.coqc.log"
"480","V59_N480_EQ_411","eq","generated_coq/n480/V59_N480_EQ_411.v","kernel_success","527.3","logs/V59_N480_EQ_411.coqc.log"
"480","V59_N480_SECTION_412","section","generated_coq/n480/V59_N480_SECTION_412.v","kernel_success","500","logs/V59_N480_SECTION_412.coqc.log"
"480","V59_N480_RETRACTION_413","retraction","generated_coq/n480/V59_N480_RETRACTION_413.v","kernel_success","535.8","logs/V59_N480_RETRACTION_413.coqc.log"
"480","V59_N480_LOGICAL_414","logical","generated_coq/n480/V59_N480_LOGICAL_414.v","kernel_success","557.8","logs/V59_N480_LOGICAL_414.coqc.log"
"480","V59_N480_PRODUCT_415","product","generated_coq/n480/V59_N480_PRODUCT_415.v","kernel_success","553.5","logs/V59_N480_PRODUCT_415.coqc.log"
"480","V59_N480_EQ_416","eq","generated_coq/n480/V59_N480_EQ_416.v","kernel_success","532.4","logs/V59_N480_EQ_416.coqc.log"
"480","V59_N480_SECTION_417","section","generated_coq/n480/V59_N480_SECTION_417.v","kernel_success","526.9","logs/V59_N480_SECTION_417.coqc.log"
"480","V59_N480_RETRACTION_418","retraction","generated_coq/n480/V59_N480_RETRACTION_418.v","kernel_success","504.6","logs/V59_N480_RETRACTION_418.coqc.log"
"480","V59_N480_LOGICAL_419","logical","generated_coq/n480/V59_N480_LOGICAL_419.v","kernel_success","510.7","logs/V59_N480_LOGICAL_419.coqc.log"
"480","V59_N480_PRODUCT_420","product","generated_coq/n480/V59_N480_PRODUCT_420.v","kernel_success","467.2","logs/V59_N480_PRODUCT_420.coqc.log"
"480","V59_N480_EQ_421","eq","generated_coq/n480/V59_N480_EQ_421.v","kernel_success","530.9","logs/V59_N480_EQ_421.coqc.log"
"480","V59_N480_SECTION_422","section","generated_coq/n480/V59_N480_SECTION_422.v","kernel_success","498.2","logs/V59_N480_SECTION_422.coqc.log"
"480","V59_N480_RETRACTION_423","retraction","generated_coq/n480/V59_N480_RETRACTION_423.v","kernel_success","619.1","logs/V59_N480_RETRACTION_423.coqc.log"
"480","V59_N480_LOGICAL_424","logical","generated_coq/n480/V59_N480_LOGICAL_424.v","kernel_success","533.3","logs/V59_N480_LOGICAL_424.coqc.log"
"480","V59_N480_PRODUCT_425","product","generated_coq/n480/V59_N480_PRODUCT_425.v","kernel_success","570.4","logs/V59_N480_PRODUCT_425.coqc.log"
"480","V59_N480_EQ_426","eq","generated_coq/n480/V59_N480_EQ_426.v","kernel_success","514.5","logs/V59_N480_EQ_426.coqc.log"
"480","V59_N480_SECTION_427","section","generated_coq/n480/V59_N480_SECTION_427.v","kernel_success","513.5","logs/V59_N480_SECTION_427.coqc.log"
"480","V59_N480_RETRACTION_428","retraction","generated_coq/n480/V59_N480_RETRACTION_428.v","kernel_success","563.3","logs/V59_N480_RETRACTION_428.coqc.log"
"480","V59_N480_LOGICAL_429","logical","generated_coq/n480/V59_N480_LOGICAL_429.v","kernel_success","453.6","logs/V59_N480_LOGICAL_429.coqc.log"
"480","V59_N480_PRODUCT_430","product","generated_coq/n480/V59_N480_PRODUCT_430.v","kernel_success","453.3","logs/V59_N480_PRODUCT_430.coqc.log"
"480","V59_N480_EQ_431","eq","generated_coq/n480/V59_N480_EQ_431.v","kernel_success","427.2","logs/V59_N480_EQ_431.coqc.log"
"480","V59_N480_SECTION_432","section","generated_coq/n480/V59_N480_SECTION_432.v","kernel_success","481.6","logs/V59_N480_SECTION_432.coqc.log"
"480","V59_N480_RETRACTION_433","retraction","generated_coq/n480/V59_N480_RETRACTION_433.v","kernel_success","458.2","logs/V59_N480_RETRACTION_433.coqc.log"
"480","V59_N480_LOGICAL_434","logical","generated_coq/n480/V59_N480_LOGICAL_434.v","kernel_success","550","logs/V59_N480_LOGICAL_434.coqc.log"
"480","V59_N480_PRODUCT_435","product","generated_coq/n480/V59_N480_PRODUCT_435.v","kernel_success","522.2","logs/V59_N480_PRODUCT_435.coqc.log"
"480","V59_N480_EQ_436","eq","generated_coq/n480/V59_N480_EQ_436.v","kernel_success","602.2","logs/V59_N480_EQ_436.coqc.log"
"480","V59_N480_SECTION_437","section","generated_coq/n480/V59_N480_SECTION_437.v","kernel_success","506.6","logs/V59_N480_SECTION_437.coqc.log"
"480","V59_N480_RETRACTION_438","retraction","generated_coq/n480/V59_N480_RETRACTION_438.v","kernel_success","529.9","logs/V59_N480_RETRACTION_438.coqc.log"
"480","V59_N480_LOGICAL_439","logical","generated_coq/n480/V59_N480_LOGICAL_439.v","kernel_success","516.7","logs/V59_N480_LOGICAL_439.coqc.log"
"480","V59_N480_PRODUCT_440","product","generated_coq/n480/V59_N480_PRODUCT_440.v","kernel_success","540.5","logs/V59_N480_PRODUCT_440.coqc.log"
"480","V59_N480_EQ_441","eq","generated_coq/n480/V59_N480_EQ_441.v","kernel_success","535.1","logs/V59_N480_EQ_441.coqc.log"
"480","V59_N480_SECTION_442","section","generated_coq/n480/V59_N480_SECTION_442.v","kernel_success","508.1","logs/V59_N480_SECTION_442.coqc.log"
"480","V59_N480_RETRACTION_443","retraction","generated_coq/n480/V59_N480_RETRACTION_443.v","kernel_success","571.1","logs/V59_N480_RETRACTION_443.coqc.log"
"480","V59_N480_LOGICAL_444","logical","generated_coq/n480/V59_N480_LOGICAL_444.v","kernel_success","557.8","logs/V59_N480_LOGICAL_444.coqc.log"
"480","V59_N480_PRODUCT_445","product","generated_coq/n480/V59_N480_PRODUCT_445.v","kernel_success","662.6","logs/V59_N480_PRODUCT_445.coqc.log"
"480","V59_N480_EQ_446","eq","generated_coq/n480/V59_N480_EQ_446.v","kernel_success","638.9","logs/V59_N480_EQ_446.coqc.log"
"480","V59_N480_SECTION_447","section","generated_coq/n480/V59_N480_SECTION_447.v","kernel_success","605","logs/V59_N480_SECTION_447.coqc.log"
"480","V59_N480_RETRACTION_448","retraction","generated_coq/n480/V59_N480_RETRACTION_448.v","kernel_success","643.3","logs/V59_N480_RETRACTION_448.coqc.log"
"480","V59_N480_LOGICAL_449","logical","generated_coq/n480/V59_N480_LOGICAL_449.v","kernel_success","568.8","logs/V59_N480_LOGICAL_449.coqc.log"
"480","V59_N480_PRODUCT_450","product","generated_coq/n480/V59_N480_PRODUCT_450.v","kernel_success","491.9","logs/V59_N480_PRODUCT_450.coqc.log"
"480","V59_N480_EQ_451","eq","generated_coq/n480/V59_N480_EQ_451.v","kernel_success","501.7","logs/V59_N480_EQ_451.coqc.log"
"480","V59_N480_SECTION_452","section","generated_coq/n480/V59_N480_SECTION_452.v","kernel_success","499.4","logs/V59_N480_SECTION_452.coqc.log"
"480","V59_N480_RETRACTION_453","retraction","generated_coq/n480/V59_N480_RETRACTION_453.v","kernel_success","501.3","logs/V59_N480_RETRACTION_453.coqc.log"
"480","V59_N480_LOGICAL_454","logical","generated_coq/n480/V59_N480_LOGICAL_454.v","kernel_success","471.7","logs/V59_N480_LOGICAL_454.coqc.log"
"480","V59_N480_PRODUCT_455","product","generated_coq/n480/V59_N480_PRODUCT_455.v","kernel_success","534.2","logs/V59_N480_PRODUCT_455.coqc.log"
"480","V59_N480_EQ_456","eq","generated_coq/n480/V59_N480_EQ_456.v","kernel_success","489.6","logs/V59_N480_EQ_456.coqc.log"
"480","V59_N480_SECTION_457","section","generated_coq/n480/V59_N480_SECTION_457.v","kernel_success","483.8","logs/V59_N480_SECTION_457.coqc.log"
"480","V59_N480_RETRACTION_458","retraction","generated_coq/n480/V59_N480_RETRACTION_458.v","kernel_success","499.2","logs/V59_N480_RETRACTION_458.coqc.log"
"480","V59_N480_LOGICAL_459","logical","generated_coq/n480/V59_N480_LOGICAL_459.v","kernel_success","487.4","logs/V59_N480_LOGICAL_459.coqc.log"
"480","V59_N480_PRODUCT_460","product","generated_coq/n480/V59_N480_PRODUCT_460.v","kernel_success","534.5","logs/V59_N480_PRODUCT_460.coqc.log"
"480","V59_N480_EQ_461","eq","generated_coq/n480/V59_N480_EQ_461.v","kernel_success","537.3","logs/V59_N480_EQ_461.coqc.log"
"480","V59_N480_SECTION_462","section","generated_coq/n480/V59_N480_SECTION_462.v","kernel_success","552.3","logs/V59_N480_SECTION_462.coqc.log"
"480","V59_N480_RETRACTION_463","retraction","generated_coq/n480/V59_N480_RETRACTION_463.v","kernel_success","573","logs/V59_N480_RETRACTION_463.coqc.log"
"480","V59_N480_LOGICAL_464","logical","generated_coq/n480/V59_N480_LOGICAL_464.v","kernel_success","558.2","logs/V59_N480_LOGICAL_464.coqc.log"
"480","V59_N480_PRODUCT_465","product","generated_coq/n480/V59_N480_PRODUCT_465.v","kernel_success","598.7","logs/V59_N480_PRODUCT_465.coqc.log"
"480","V59_N480_EQ_466","eq","generated_coq/n480/V59_N480_EQ_466.v","kernel_success","556.6","logs/V59_N480_EQ_466.coqc.log"
"480","V59_N480_SECTION_467","section","generated_coq/n480/V59_N480_SECTION_467.v","kernel_success","510.7","logs/V59_N480_SECTION_467.coqc.log"
"480","V59_N480_RETRACTION_468","retraction","generated_coq/n480/V59_N480_RETRACTION_468.v","kernel_success","511.7","logs/V59_N480_RETRACTION_468.coqc.log"
"480","V59_N480_LOGICAL_469","logical","generated_coq/n480/V59_N480_LOGICAL_469.v","kernel_success","624.2","logs/V59_N480_LOGICAL_469.coqc.log"
"480","V59_N480_PRODUCT_470","product","generated_coq/n480/V59_N480_PRODUCT_470.v","kernel_success","478.5","logs/V59_N480_PRODUCT_470.coqc.log"
"480","V59_N480_EQ_471","eq","generated_coq/n480/V59_N480_EQ_471.v","kernel_success","495.3","logs/V59_N480_EQ_471.coqc.log"
"480","V59_N480_SECTION_472","section","generated_coq/n480/V59_N480_SECTION_472.v","kernel_success","474.3","logs/V59_N480_SECTION_472.coqc.log"
"480","V59_N480_RETRACTION_473","retraction","generated_coq/n480/V59_N480_RETRACTION_473.v","kernel_success","534.6","logs/V59_N480_RETRACTION_473.coqc.log"
"480","V59_N480_LOGICAL_474","logical","generated_coq/n480/V59_N480_LOGICAL_474.v","kernel_success","511.3","logs/V59_N480_LOGICAL_474.coqc.log"
"480","V59_N480_PRODUCT_475","product","generated_coq/n480/V59_N480_PRODUCT_475.v","kernel_success","565.5","logs/V59_N480_PRODUCT_475.coqc.log"
"480","V59_N480_EQ_476","eq","generated_coq/n480/V59_N480_EQ_476.v","kernel_success","519.5","logs/V59_N480_EQ_476.coqc.log"
"480","V59_N480_SECTION_477","section","generated_coq/n480/V59_N480_SECTION_477.v","kernel_success","488.8","logs/V59_N480_SECTION_477.coqc.log"
"480","V59_N480_RETRACTION_478","retraction","generated_coq/n480/V59_N480_RETRACTION_478.v","kernel_success","507.3","logs/V59_N480_RETRACTION_478.coqc.log"
"480","V59_N480_LOGICAL_479","logical","generated_coq/n480/V59_N480_LOGICAL_479.v","kernel_success","504.7","logs/V59_N480_LOGICAL_479.coqc.log"
"480","V59_N480_PRODUCT_480","product","generated_coq/n480/V59_N480_PRODUCT_480.v","kernel_success","472.8","logs/V59_N480_PRODUCT_480.coqc.log"
